Year,Month,Day,Weekend?,Hour,Collision Type,Injury Type,Primary Factor,Reported_Location,Latitude,Longitude
2015,7,5,Weekday,1500,2-Car,No injury/unknown,LEFT OF CENTER,E CARDINAL GLEN & S WALNUT STREET,0.0,0.0
2015,7,1,Weekend,200,1-Car,No injury/unknown,RAN OFF ROAD RIGHT,LEMON & VERNAL,39.17754605,-86.5596216
2015,7,6,Weekend,2200,1-Car,No injury/unknown,OTHER TELEMATICS IN USE,E BRESSINGHAM & S CHEEKWOOD,39.1504898,-86.49929009
2015,7,6,Weekend,2300,2-Car,Incapacitating,DISREGARD SIGNAL/REG SIGN,BLOOMFIELD & LIBERTY,,
2015,7,7,Weekend,2300,2-Car,No injury/unknown,OTHER (DRIVER) - EXPLAIN IN NARRATIVE,GARRISON CHAPEL & SR45W,39.111024,-86.638304
2015,7,7,Weekend,900,2-Car,No injury/unknown,,SOUTH COLLEGE,39.16439438,-86.53450775
2015,7,7,Weekend,1600,Pedestrian,Non-incapacitating,OTHER (DRIVER) - EXPLAIN IN NARRATIVE,S WEIMER & W TAPP,39.24219879,-86.56199008
2015,7,7,Weekend,1200,2-Car,No injury/unknown,LEFT OF CENTER,WALDRIP CREEK,39.061184,-86.414416
2015,7,7,Weekend,1400,2-Car,No injury/unknown,UNSAFE SPEED,SOUTH OLD STATE ROAD 37,39.138688,-86.465968
2015,7,6,Weekday,1700,2-Car,Non-incapacitating,FOLLOWING TOO CLOSELY,DODDS & ROGERS,,
2015,7,2,Weekday,700,2-Car,No injury/unknown,FAILURE TO YIELD RIGHT OF WAY,10TH & GRANT,39.171696,-86.529696
2015,7,2,Weekday,1100,2-Car,No injury/unknown,FAILURE TO YIELD RIGHT OF WAY,ACUFF & SR37,39.20824,-86.554704
2015,7,2,Weekday,1200,2-Car,No injury/unknown,FOLLOWING TOO CLOSELY,STRONG & W ALLEN,0.0,0.0
2015,7,2,Weekday,1500,2-Car,No injury/unknown,FAILURE TO YIELD RIGHT OF WAY,WALNUT ST & WINSLOW,0.0,0.0
2015,7,1,Weekend,1700,2-Car,No injury/unknown,UNSAFE BACKING,E LAW,39.17297448,-86.51331469
2015,7,6,Weekday,1300,2-Car,No injury/unknown,OTHER (DRIVER) - EXPLAIN IN NARRATIVE,HARMONY,,
2015,7,2,Weekday,1400,2-Car,No injury/unknown,UNSAFE LANE MOVEMENT,SMITH & SR46W,39.210144,-86.5832
2015,7,2,Weekday,1000,2-Car,No injury/unknown,FAILURE TO YIELD RIGHT OF WAY,S WALNUT & W GRIMES,39.15344,-86.5336
2015,7,3,Weekday,800,Pedestrian,No injury/unknown,FAILURE TO YIELD RIGHT OF WAY,COLLEGE & KIRKWOOD,39.16664,-86.5348
2015,7,3,Weekday,900,1-Car,No injury/unknown,SPEED TOO FAST FOR WEATHER CONDITIONS,ALLEN & PATTERSON,,
2015,7,3,Weekday,1000,2-Car,Non-incapacitating,FOLLOWING TOO CLOSELY,2ND & LINCOLN,,
2015,7,3,Weekday,1000,2-Car,No injury/unknown,SPEED TOO FAST FOR WEATHER CONDITIONS,3RD & INDIANA,39.164448,-86.5268
2015,7,3,Weekday,1400,2-Car,No injury/unknown,OTHER (DRIVER) - EXPLAIN IN NARRATIVE,STATE ROAD 45,39.125312,-86.610496
2015,7,3,Weekday,1600,2-Car,Non-incapacitating,DISREGARD SIGNAL/REG SIGN,GRIMES & HENDERSON,39.153392,-86.527008
2015,7,2,Weekday,1400,2-Car,No injury/unknown,RAN OFF ROAD RIGHT,SR446 & SWARTZ RIDGE,39.13200737,-86.44917875
2015,7,3,Weekday,1700,2-Car,Incapacitating,FOLLOWING TOO CLOSELY,FORREST PARK & SR46W,,
2015,7,3,Weekday,1600,1-Car,No injury/unknown,RAN OFF ROAD RIGHT,FLUCKMILL & VICTOR,39.073952,-86.570896
2015,7,3,Weekday,1700,1-Car,No injury/unknown,RAN OFF ROAD RIGHT,SR37 & WAYPORT,39.26357309,-86.52265961
2015,7,4,Weekday,400,1-Car,No injury/unknown,ANIMAL/OBJECT IN ROADWAY,S ISON & SR45W,0.0,0.0
2015,7,3,Weekday,800,2-Car,No injury/unknown,DISREGARD SIGNAL/REG SIGN,ALLEN & FAIRVIEW,39.15584,-86.540992
2015,7,5,Weekday,1400,2-Car,No injury/unknown,OTHER (DRIVER) - EXPLAIN IN NARRATIVE,RHORER & SARE,,
2015,7,4,Weekday,1000,2-Car,Non-incapacitating,IMPROPER TURNING,INDIANA & KIRKWOOD,39.16685967,-86.52690237
2015,7,3,Weekday,1000,2-Car,No injury/unknown,LEFT OF CENTER,BOLTINGHOUSE & OLD STATE ROAD 37,39.23374261,-86.48390241
2015,7,4,Weekday,1100,Bus,No injury/unknown,FOLLOWING TOO CLOSELY,E 2ND & SO COLLEGE MALL,0.0,0.0
2015,7,4,Weekday,1000,2-Car,Incapacitating,LEFT OF CENTER,CLUBHOUSE & KINSER,,
2015,7,4,Weekday,1300,2-Car,No injury/unknown,SPEED TOO FAST FOR WEATHER CONDITIONS,W 3RD & WYNNEDALE,0.0,0.0
2015,7,6,Weekday,1600,1-Car,Incapacitating,RAN OFF ROAD RIGHT,S ROCKPORT & W POPCORN,0.0,0.0
2015,7,1,Weekend,1600,2-Car,No injury/unknown,UNSAFE BACKING,S OLD STATE ROAD 37,39.137088,-86.53056
2015,7,4,Weekday,1500,2-Car,Non-incapacitating,FOLLOWING TOO CLOSELY,S LANDMARK & W BLOOMFIELD,0.0,0.0
2015,7,4,Weekday,1600,1-Car,No injury/unknown,UNSAFE BACKING,MAXWELL & SHORT,39.143888,-86.515008
2015,7,4,Weekday,2100,1-Car,No injury/unknown,UNSAFE SPEED,11TH & ADAMS,39.173344,-86.549792
2015,7,3,Weekday,1800,2-Car,No injury/unknown,UNSAFE BACKING,E 6TH,39.167712,-86.529696
2015,7,5,Weekday,1100,2-Car,No injury/unknown,OTHER (DRIVER) - EXPLAIN IN NARRATIVE,SR4546E & WALNUT,39.186368,-86.5344
2015,7,6,Weekday,700,1-Car,Incapacitating,IMPROPER LANE USAGE,W ST RD 45,39.125312,-86.610496
2015,7,5,Weekday,1500,2-Car,No injury/unknown,DISREGARD SIGNAL/REG SIGN,FEE & LAW,39.174048,-86.518896
2015,7,5,Weekday,1700,2-Car,No injury/unknown,LEFT OF CENTER,SR45W & W AIRPORT,39.13630023,-86.59458237
2015,7,5,Weekday,1200,2-Car,No injury/unknown,FAILURE TO YIELD RIGHT OF WAY,N ADAMS & W KIRKWOOD,39.166816,-86.549488
2015,7,5,Weekday,700,2-Car,No injury/unknown,UNSAFE BACKING,N MORTON,39.16786971,-86.536
2015,7,6,Weekday,1100,2-Car,No injury/unknown,SPEED TOO FAST FOR WEATHER CONDITIONS,SMITH,,
2015,7,6,Weekday,1000,2-Car,No injury/unknown,FAILURE TO YIELD RIGHT OF WAY,ROUNDABOUT W TAPP & S ADAMS,0.0,0.0
2015,7,6,Weekday,1100,2-Car,No injury/unknown,FAILURE TO YIELD RIGHT OF WAY,N WALNUT & SR4546,39.18689778,-86.53421346
2015,7,4,Weekday,1600,2-Car,No injury/unknown,FOLLOWING TOO CLOSELY,WALNUT & WINSLOW,,
2015,7,5,Weekday,1200,2-Car,No injury/unknown,UNSAFE LANE MOVEMENT,JEFFERSON & THIRD,39.164304,-86.506992
2015,7,5,Weekday,1900,2-Car,Non-incapacitating,FOLLOWING TOO CLOSELY,S WALNUT & W 3RD,39.16464,-86.5336
2015,7,6,Weekday,1300,2-Car,Incapacitating,DRIVER DISTRACTED - EXPLAIN IN NARRATIVE,BLOOMFIELD & PATTERSON,,
2015,7,6,Weekend,2000,1-Car,No injury/unknown,FAILURE TO YIELD RIGHT OF WAY,11TH & N WALNUT,39.173248,-86.533488
2015,7,6,Weekday,1100,2-Car,No injury/unknown,DISREGARD SIGNAL/REG SIGN,2ND & COLLEGE MALL,,
2015,7,6,Weekday,1200,2-Car,No injury/unknown,FOLLOWING TOO CLOSELY,17TH & LISMORE,,
2015,7,7,Weekend,400,1-Car,No injury/unknown,RAN OFF ROAD RIGHT,SR45E,39.18636,-86.533048
2015,7,7,Weekend,300,1-Car,No injury/unknown,OTHER (DRIVER) - EXPLAIN IN NARRATIVE,11TH,39.173344,-86.549792
2015,7,6,Weekday,1200,2-Car,No injury/unknown,FOLLOWING TOO CLOSELY,CORY & THIRD,,
2015,7,7,Weekend,1000,2-Car,No injury/unknown,IMPROPER TURNING,3RD & BALLANTINE,,
2015,7,7,Weekend,1100,2-Car,No injury/unknown,IMPROPER LANE USAGE,3RD & HAWTHORNE,,
2015,7,7,Weekend,1000,2-Car,Incapacitating,FOLLOWING TOO CLOSELY,PETE ELLIS,,
2015,7,6,Weekday,1600,2-Car,No injury/unknown,UNSAFE LANE MOVEMENT,VERMILYA & WALNUT,,
2015,7,6,Weekday,1700,2-Car,Non-incapacitating,FOLLOWING TOO CLOSELY,SALE & SR46W,39.23384,-86.624704
2015,7,7,Weekend,300,2-Car,No injury/unknown,UNSAFE BACKING,N COLLEGE,39.17609371,-86.534736
2015,7,7,Weekend,1000,2-Car,No injury/unknown,FAILURE TO YIELD RIGHT OF WAY,3RD & LIBERTY,,
2015,7,7,Weekend,1400,2-Car,Non-incapacitating,IMPROPER LANE USAGE,FAIRFAX & MCCORMICK,,
2015,7,6,Weekday,1400,2-Car,No injury/unknown,FOLLOWING TOO CLOSELY,E RHORER & S OLD 37,0.0,0.0
2015,7,6,Weekday,1800,2-Car,No injury/unknown,FAILURE TO YIELD RIGHT OF WAY,CANADA & SARE,,
2015,7,7,Weekend,2100,Moped/Motorcycle,Incapacitating,FAILURE TO YIELD RIGHT OF WAY,SR46W & UNION VALLEY,39.215152,-86.5928
2015,7,7,Weekend,2300,1-Car,No injury/unknown,ANIMAL/OBJECT IN ROADWAY,SR37S & WEST SMITHVILLE,39.16424,-86.480688
2015,7,3,Weekday,0,1-Car,No injury/unknown,SPEED TOO FAST FOR WEATHER CONDITIONS,4625 W GIFFORD & S ENDWRIGHT,39.151344,-86.5964
2015,7,1,Weekend,1000,2-Car,No injury/unknown,UNSAFE LANE MOVEMENT,E 6TH & N WALNUT,39.167648,-86.533584
2015,7,1,Weekend,1300,2-Car,No injury/unknown,DISREGARD SIGNAL/REG SIGN,MOORES & S SARE,39.150448,-86.4992
2015,7,5,Weekday,2000,2-Car,No injury/unknown,UNSAFE BACKING,E 17TH,39.179008,-86.525888
2015,7,1,Weekend,1400,2-Car,No injury/unknown,UNSAFE LANE MOVEMENT,E 3RD & S HAWTHORNE,0.0,0.0
2015,7,3,Weekday,900,2-Car,No injury/unknown,FAILURE TO YIELD RIGHT OF WAY,CURRY & SR45W,39.13972791,-86.58896743
2015,7,2,Weekday,900,2-Car,No injury/unknown,UNSAFE BACKING,S COVEY,39.14663118,-86.516192
2015,7,2,Weekday,900,2-Car,No injury/unknown,DISREGARD SIGNAL/REG SIGN,LEONARD SPRINGS & SR45W,,
2015,6,7,Weekend,1300,2-Car,No injury/unknown,FAILURE TO YIELD RIGHT OF WAY,PAYNETOWN RD & SR446N,0.0,0.0
2015,7,2,Weekday,1300,1-Car,No injury/unknown,RAN OFF ROAD RIGHT,HINDS & SR45W,39.09859974,-86.6527848
2015,7,6,Weekday,1500,2-Car,No injury/unknown,,E 10TH & SR4546,39.176848,-86.478192
2015,7,2,Weekday,1400,2-Car,Non-incapacitating,IMPROPER PASSING,ALLEN & TIMOTHY,,
2015,7,1,Weekend,1700,2-Car,No injury/unknown,OTHER (VEHICLE) - EXPLAIN IN NARRATIVE,E THIRD,0.0,0.0
2015,7,6,Weekday,1800,1-Car,No injury/unknown,OVERCORRECTING/OVERSTEERING,SMITHVILLE & ZIKES,39.07066347,-86.52928133
2015,7,7,Weekend,1500,2-Car,No injury/unknown,UNSAFE LANE MOVEMENT,CURRY & VERNAL,39.17637195,-86.58311948
2015,7,7,Weekend,1700,1-Car,Non-incapacitating,ANIMAL/OBJECT IN ROADWAY,FOX HOLLOW & SR37N,39.29244879,-86.51773545
2015,7,2,Weekday,1300,1-Car,No injury/unknown,SPEED TOO FAST FOR WEATHER CONDITIONS,N BROWN COUNTY LINE & SR46,0.0,0.0
2015,7,7,Weekend,1700,2-Car,No injury/unknown,UNSAFE BACKING,E EMPIRE MILL,39.08576764,-86.534887
2015,7,2,Weekday,1600,2-Car,No injury/unknown,FOLLOWING TOO CLOSELY,S FAIRFAX & S WALNUT STREET,0.0,0.0
2015,7,6,Weekend,1900,2-Car,Incapacitating,FAILURE TO YIELD RIGHT OF WAY,17 & JACKSON,39.179024,-86.539616
2015,6,4,Weekday,1500,3+ Cars,Incapacitating,IMPROPER TURNING,6TH & COLLEGE,39.167648,-86.534784
2015,7,2,Weekday,2100,2-Car,No injury/unknown,FAILURE TO YIELD RIGHT OF WAY,2ND & WALNUT,39.16144,-86.5336
2015,7,7,Weekend,2000,2-Car,No injury/unknown,FOLLOWING TOO CLOSELY,E PINE GROVE & SR446S,39.116464,-86.428672
2015,7,2,Weekday,2000,2-Car,No injury/unknown,OTHER (DRIVER) - EXPLAIN IN NARRATIVE,S OLD 37,0.0,0.0
2015,7,2,Weekday,2300,1-Car,Incapacitating,RAN OFF ROAD RIGHT,E SMITHVILLE & ZIKES,39.071344,-86.5252
2015,7,3,Weekday,300,2-Car,Non-incapacitating,HEADLIGHT DEFECTIVE OR NOT ON,3RD & LIBERTY,,
2015,7,2,Weekday,800,2-Car,Incapacitating,DRIVER ILLNESS,BLOOMFIELD & S LANDMARK,0.0,0.0
2015,7,3,Weekday,700,2-Car,No injury/unknown,DRIVER ASLEEP OR FATIGUED,AIRPORT & SR45,39.136848,-86.593792
2015,7,3,Weekday,1100,2-Car,No injury/unknown,UNSAFE BACKING,N GATES,0.0,0.0
2015,7,3,Weekday,1100,2-Car,Non-incapacitating,FAILURE TO YIELD RIGHT OF WAY,S HENDERSON & WINSLOW,39.136144,-86.5268
2015,7,2,Weekday,1500,2-Car,No injury/unknown,FOLLOWING TOO CLOSELY,SR37S & SR45W,39.148144,-86.572992
2015,7,3,Weekday,1300,2-Car,No injury/unknown,UNSAFE BACKING,SOUTH LIBERTY,39.189248,-86.531472
2015,7,3,Weekday,1900,2-Car,Incapacitating,UNSAFE BACKING,S WALNUT,39.13493114,-86.52778394
2015,7,7,Weekend,2100,2-Car,No injury/unknown,UNSAFE SPEED,DUNLAP & SR45,39.119344,-86.618896
2015,7,3,Weekday,2300,Moped/Motorcycle,Incapacitating,RAN OFF ROAD RIGHT,2ND & FAIRFAX,39.07984143,-86.51372277
2015,7,4,Weekday,1300,2-Car,No injury/unknown,IMPROPER LANE USAGE,E 6TH & N DUNN,39.167728,-86.528208
2015,7,3,Weekday,1600,2-Car,No injury/unknown,FAILURE TO YIELD RIGHT OF WAY,S FAIRFAX & SMITHVILLE,39.071152,-86.503088
2015,7,4,Weekday,1600,2-Car,No injury/unknown,FAILURE TO YIELD RIGHT OF WAY,11TH & 800 BLK N COLLEGE,39.17378131,-86.534752
2015,7,4,Weekday,1700,2-Car,No injury/unknown,IMPROPER PASSING,COLLEGE MALL & MOORES,39.150448,-86.498
2015,7,4,Weekday,1700,2-Car,No injury/unknown,IMPROPER LANE USAGE,3RD & INDIANA,39.164448,-86.5268
2015,7,4,Weekday,1400,2-Car,No injury/unknown,UNSAFE BACKING,N LINTEL,0.0,0.0
2015,7,4,Weekday,1700,2-Car,No injury/unknown,FOLLOWING TOO CLOSELY,CURRY & GIFFORD,39.15717057,-86.58271305
2015,7,5,Weekday,1300,2-Car,No injury/unknown,IMPROPER TURNING,LIBERTY,39.145152,-86.5776
2015,7,2,Weekday,1500,2-Car,No injury/unknown,IMPROPER PASSING,E SOUTHSHORE & N RICHARDSON,0.0,0.0
2015,7,5,Weekday,1300,2-Car,No injury/unknown,OTHER (VEHICLE) - EXPLAIN IN NARRATIVE,N COLLEGE,39.17030106,-86.53477192
2015,7,5,Weekday,1700,1-Car,No injury/unknown,RAN OFF ROAD RIGHT,BLUE SKY & FORREST PARK,,
2015,7,5,Weekday,2100,2-Car,Incapacitating,LEFT OF CENTER,SOUTHERN & WALNUT,,
2015,7,5,Weekday,2200,1-Car,No injury/unknown,IMPROPER LANE USAGE,3RD & COLLEGE,39.16464,-86.534816
2015,7,6,Weekday,0,1-Car,No injury/unknown,RAN OFF ROAD RIGHT,S HIGH,0.0,0.0
2015,7,6,Weekday,700,3+ Cars,Non-incapacitating,FOLLOWING TOO CLOSELY,S WALNUT & W GRIMES,39.15344,-86.5336
2015,7,6,Weekday,600,1-Car,No injury/unknown,ANIMAL/OBJECT IN ROADWAY,SR37S & TAPP,39.13978646,-86.57292991
2015,7,6,Weekday,900,2-Car,No injury/unknown,,S WALNUT,39.16273306,-86.5336
2015,7,6,Weekday,1100,2-Car,No injury/unknown,UNSAFE BACKING,E 10TH,39.17157747,-86.51808392
2015,7,6,Weekday,800,3+ Cars,Non-incapacitating,DRIVER ILLNESS,KINSER & SR4546W,39.186544,-86.537888
2015,7,6,Weekday,1300,2-Car,Incapacitating,OTHER (DRIVER) - EXPLAIN IN NARRATIVE,S LEONARD SPRINGS,39.142048,-86.582592
2015,7,6,Weekday,1300,2-Car,No injury/unknown,DISREGARD SIGNAL/REG SIGN,1ST & ROGERS,39.17664,-86.538496
2015,7,6,Weekday,1500,Bus,No injury/unknown,UNSAFE SPEED,BURKS & WALNUT,,
2015,7,6,Weekday,1600,2-Car,Incapacitating,DISREGARD SIGNAL/REG SIGN,GRIMES & HENDERSON,39.153392,-86.527008
2015,7,6,Weekday,1700,2-Car,No injury/unknown,IMPROPER TURNING,1ST & COLLEGE,39.15944,-86.53488
2015,7,6,Weekend,2000,2-Car,No injury/unknown,FOLLOWING TOO CLOSELY,N MADISON & W 17TH,39.178992,-86.537792
2015,6,5,Weekday,1200,1-Car,No injury/unknown,RAN OFF ROAD RIGHT,LODGE & ROCKPORT,39.07904,-86.594
2015,7,6,Weekday,1400,1-Car,No injury/unknown,RAN OFF ROAD RIGHT,HARRELL & RHORER,39.12181389,-86.50054649
2015,4,7,Weekend,700,1-Car,No injury/unknown,LEFT OF CENTER,GORE & OLD SR 37 S,38.76915985,-86.54174007
2015,7,7,Weekend,900,2-Car,No injury/unknown,LEFT OF CENTER,11TH & VERNAL,39.173344,-86.555104
2015,7,6,Weekday,1800,2-Car,No injury/unknown,FOLLOWING TOO CLOSELY,3RD & SR37N,39.164752,-86.573104
2015,7,6,Weekend,2100,2-Car,No injury/unknown,UNSAFE BACKING,E 7TH & N FORREST,0.0,0.0
2015,7,7,Weekend,1600,Moped/Motorcycle,Non-incapacitating,FOLLOWING TOO CLOSELY,E GENTRY & SR446S,39.15744,-86.471456
2015,7,7,Weekend,2100,2-Car,No injury/unknown,UNSAFE LANE MOVEMENT,3RD & SWAIN,,
2015,7,7,Weekend,2100,2-Car,No injury/unknown,IMPROPER LANE USAGE,ST RD 45 46,39.186352,-86.531696
2015,7,7,Weekend,2300,1-Car,No injury/unknown,OTHER (ENVIRONMENTAL) - EXPLAIN IN NARR,SR446S,39.148464,-86.471256
2015,7,7,Weekend,1200,2-Car,No injury/unknown,UNSAFE BACKING,WEST WHITEHALL CROSSING,0.0,0.0
2015,7,7,Weekend,0,2-Car,No injury/unknown,UNSAFE LANE MOVEMENT,DODDS & MADISON,,
2015,7,1,Weekend,1800,2-Car,No injury/unknown,DISREGARD SIGNAL/REG SIGN,NORTH COLLEGE & WEST 7TH,39.168656,-86.534784
2015,7,1,Weekend,1500,2-Car,No injury/unknown,,SOUTH WALNUT,39.16084114,-86.5336
2015,7,5,Weekday,1900,2-Car,No injury/unknown,FAILURE TO YIELD RIGHT OF WAY,W ST RD 45,39.125312,-86.610496
2015,7,1,Weekday,2100,2-Car,No injury/unknown,IMPROPER TURNING,E 3RD & S SWAIN,39.16425012,-86.51525996
2015,7,1,Weekend,1200,2-Car,Non-incapacitating,FOLLOWING TOO CLOSELY,CURRY & SR45,39.142048,-86.582592
2015,7,2,Weekday,500,2-Car,Non-incapacitating,FAILURE TO YIELD RIGHT OF WAY,ROGERS & WILSON,39.15146934,-86.538592
2015,7,2,Weekday,900,2-Car,No injury/unknown,UNSAFE BACKING,S LIBERTY,39.145264,-86.577616
2015,7,1,Weekday,1900,2-Car,No injury/unknown,IMPROPER LANE USAGE,N WALNUT & W 7TH,39.16864,-86.533568
2015,7,2,Weekday,1400,2-Car,No injury/unknown,IMPROPER PASSING,ORCHARD & WALNUT,38.01932812,-87.635098
2015,7,1,Weekend,1800,2-Car,No injury/unknown,UNSAFE BACKING,MORTON,39.16776686,-86.536
2015,7,2,Weekday,1700,Pedestrian,Incapacitating,DRIVER DISTRACTED - EXPLAIN IN NARRATIVE,S SARE,39.150448,-86.4992
2015,7,3,Weekday,400,1-Car,No injury/unknown,OTHER (DRIVER) - EXPLAIN IN NARRATIVE,GORDON,39.121648,-86.539088
2015,7,2,Weekday,600,2-Car,No injury/unknown,DISREGARD SIGNAL/REG SIGN,FULLERTON & SR37,39.122352,-86.5712
2015,7,6,Weekday,1500,1-Car,Incapacitating,OVERCORRECTING/OVERSTEERING,COUNTY LINE & SR46W,39.28084491,-86.68138599
2015,7,2,Weekday,1500,2-Car,No injury/unknown,UNSAFE BACKING,W SR 45,39.125312,-86.610496
2015,7,6,Weekday,1700,2-Car,No injury/unknown,FOLLOWING TOO CLOSELY,SR37S & W FULLERTON,39.17502644,-86.57353973
2015,7,3,Weekday,1400,2-Car,Non-incapacitating,FOLLOWING TOO CLOSELY,2ND & ROGERS,39.16151347,-86.53832754
2015,7,3,Weekday,1300,2-Car,No injury/unknown,FAILURE TO YIELD RIGHT OF WAY,COX & SR45E,39.22185242,-86.44175194
2015,7,3,Weekday,1400,1-Car,No injury/unknown,IMPROPER TURNING,S COLLEGE,39.16115717,-86.53485253
2015,7,3,Weekday,400,1-Car,Non-incapacitating,SPEED TOO FAST FOR WEATHER CONDITIONS,E SAMPLE,39.26616,-86.522752
2015,7,4,Weekday,500,2-Car,Incapacitating,FAILURE TO YIELD RIGHT OF WAY,E WINSLOW & S WALNUT ST,39.136144,-86.528688
2015,7,3,Weekday,1200,2-Car,No injury/unknown,UNSAFE BACKING,NORTH DANIELS,39.16671172,-86.59908838
2015,7,4,Weekday,1100,2-Car,No injury/unknown,OTHER (DRIVER) - EXPLAIN IN NARRATIVE,WALNUT,39.107344,-86.5264
2015,7,4,Weekday,1100,2-Car,No injury/unknown,FOLLOWING TOO CLOSELY,DUNCAN & SR45W,39.13467187,-86.59671551
2015,7,4,Weekday,1400,2-Car,No injury/unknown,FOLLOWING TOO CLOSELY,DANIELS & SR 48,0.0,0.0
2015,7,3,Weekday,1500,2-Car,No injury/unknown,FAILURE TO YIELD RIGHT OF WAY,E 3RD & S PETE ELLIS,39.16424,-86.495088
2015,7,3,Weekday,1700,2-Car,No injury/unknown,FAILURE TO YIELD RIGHT OF WAY,E 3RD & S LINCOLN,39.16464,-86.531024
2015,7,4,Weekday,1500,2-Car,No injury/unknown,DISREGARD SIGNAL/REG SIGN,N ROGERS & W KIRKWOOD,39.166672,-86.538608
2015,7,4,Weekday,1200,2-Car,Incapacitating,DISREGARD SIGNAL/REG SIGN,CURRY & SR45W,39.142048,-86.582592
2015,7,4,Weekday,1900,2-Car,Non-incapacitating,FAILURE TO YIELD RIGHT OF WAY,GATES & WEST THIRD,39.16459009,-86.57619975
2015,7,5,Weekday,1700,2-Car,No injury/unknown,UNSAFE BACKING,S OLD STATE ROAD 37,39.137088,-86.53056
2015,7,3,Weekday,2000,2-Car,No injury/unknown,FAILURE TO YIELD RIGHT OF WAY,S MCDOUGAL & W HENNESSEY,39.12593007,-86.55359007
2015,7,4,Weekday,1400,2-Car,No injury/unknown,FOLLOWING TOO CLOSELY,BIRCH & SR45W,39.08812773,-86.66905971
2015,7,2,Weekday,2100,1-Car,No injury/unknown,ANIMAL/OBJECT IN ROADWAY,S ROCKPORT & W MAY,39.093344,-86.5868
2015,7,4,Weekday,1700,3+ Cars,No injury/unknown,FOLLOWING TOO CLOSELY,S LIBERTY & W 3RD,39.00599354,-86.57913006
2015,7,4,Weekday,400,1-Car,No injury/unknown,ANIMAL/OBJECT IN ROADWAY,CHAMBERS & SR37N,39.30298816,-86.51723076
2015,7,5,Weekday,1000,1-Car,No injury/unknown,OTHER (DRIVER) - EXPLAIN IN NARRATIVE,S WALNUT,39.13493114,-86.52778394
2015,7,5,Weekday,1200,2-Car,No injury/unknown,UNSAFE BACKING,4TH & INDIANA,39.165648,-86.526848
2015,7,5,Weekday,900,2-Car,Incapacitating,DISREGARD SIGNAL/REG SIGN,N WALNUT & W 17TH,39.178944,-86.533392
2015,7,5,Weekday,1200,2-Car,No injury/unknown,FAILURE TO YIELD RIGHT OF WAY,BLOOMFIELD & SR37N,39.1475296,-86.57295227
2015,7,5,Weekday,800,2-Car,Non-incapacitating,FAILURE TO YIELD RIGHT OF WAY,SALE & SR46W,39.23384,-86.624704
2015,7,5,Weekday,1400,3+ Cars,Non-incapacitating,FOLLOWING TOO CLOSELY,3RD & BRYAN,39.16432,-86.50824
2015,7,5,Weekday,1300,1-Car,No injury/unknown,UNSAFE BACKING,FRIENDSHIP & SR46,39.14868611,-86.40731288
2015,7,5,Weekday,1600,2-Car,No injury/unknown,FAILURE TO YIELD RIGHT OF WAY,15TH & WALNUT,39.176848,-86.533424
2015,7,5,Weekday,1400,2-Car,No injury/unknown,FOLLOWING TOO CLOSELY,CURRY & DOYLE,39.158352,-86.582752
2015,7,5,Weekday,1500,1-Car,No injury/unknown,RAN OFF ROAD RIGHT,WALCOTT & WOODYARD,39.20446369,-86.60413314
2015,7,5,Weekday,2000,1-Car,No injury/unknown,RAN OFF ROAD RIGHT,GATES & JONATHAN,39.1846236,-86.57641969
2015,7,5,Weekday,1300,1-Car,No injury/unknown,ROADWAY SURFACE CONDITION,ROCKEAST & S ROCKPORT,39.14135716,-86.61335974
2015,7,5,Weekday,2000,2-Car,No injury/unknown,BRAKE FAILURE OR DEFECTIVE,N WILLIS,39.180048,-86.544
2015,7,5,Weekday,2300,1-Car,No injury/unknown,RAN OFF ROAD RIGHT,770 CURRY & DOYLE,39.158352,-86.582752
2015,7,6,Weekday,900,1-Car,No injury/unknown,BRAKE FAILURE OR DEFECTIVE,S WALUNT,39.16441345,-86.53406524
2015,7,6,Weekday,800,1-Car,No injury/unknown,RAN OFF ROAD RIGHT,SR46 & STINESVILLE,39.26727358,-86.66617449
2015,7,6,Weekday,1000,2-Car,No injury/unknown,UNSAFE BACKING,WEST SR45,39.125312,-86.610496
2015,7,6,Weekend,2100,2-Car,Incapacitating,FAILURE TO YIELD RIGHT OF WAY,N FEE & US4546S,39.186032,-86.51984
2015,7,7,Weekend,0,2-Car,No injury/unknown,FAILURE TO YIELD RIGHT OF WAY,OLD STATE ROAD 37 & WALNUT,39.20704,-86.534704
2015,7,6,Weekday,1200,2-Car,No injury/unknown,OTHER (DRIVER) - EXPLAIN IN NARRATIVE,EASTNTHIRD & SR46E,0.0,0.0
2015,7,5,Weekday,1300,2-Car,Non-incapacitating,FAILURE TO YIELD RIGHT OF WAY,DILLMAN & FAIRFAX,39.09261033,-86.51702016
2015,7,7,Weekend,1200,2-Car,No injury/unknown,OTHER (DRIVER) - EXPLAIN IN NARRATIVE,EAST THIRD & PARK RIDGE,39.16424,-86.476096
2015,7,6,Weekend,1900,3+ Cars,Incapacitating,FOLLOWING TOO CLOSELY,S PATTERSON & W 3RD,39.16344009,-86.55128002
2015,7,6,Weekday,1800,2-Car,No injury/unknown,FOLLOWING TOO CLOSELY,STONEYBROOK & W ARLINGTON,0.0,0.0
2015,7,7,Weekend,1800,2-Car,No injury/unknown,UNSAFE BACKING,WALNUT,39.165648,-86.5336
2015,7,7,Weekend,1600,Pedestrian,Non-incapacitating,UNSAFE BACKING,EAST 3RD,39.16464,-86.569392
2015,7,6,Weekday,1400,1-Car,No injury/unknown,RAN OFF ROAD RIGHT,CAVE & SR48W,39.16333196,-86.63013687