Year,Month,Day,Weekend?,Hour,Collision Type,Injury Type,Primary Factor,Reported_Location,Latitude,Longitude
2015,7,7,Weekend,1600,2-Car,No injury/unknown,FAILURE TO YIELD RIGHT OF WAY,SMITH & SR46W,39.210144,-86.5832
2015,7,7,Weekend,1800,Moped/Motorcycle,Incapacitating,FAILURE TO YIELD RIGHT OF WAY,E GRIMES & S WALNUT,39.15344,-86.5336
2015,7,7,Weekend,1700,2-Car,No injury/unknown,FAILURE TO YIELD RIGHT OF WAY,GATES,0.0,0.0
2015,7,1,Weekend,300,1-Car,Non-incapacitating,RAN OFF ROAD RIGHT,3581 MAPLE GROVE & UNION VALLEY,39.24471489,-86.58926817
2015,7,5,Weekday,700,2-Car,No injury/unknown,UNSAFE BACKING,SR45W,39.125312,-86.610496
2015,7,6,Weekday,1000,1-Car,No injury/unknown,ANIMAL/OBJECT IN ROADWAY,AIRLINE & HANDY,0.0,0.0
2015,7,7,Weekend,700,1-Car,No injury/unknown,OTHER (ENVIRONMENTAL) - EXPLAIN IN NARR,STRAIN RIDGE & TIERNEY,0.0,0.0
2015,7,7,Weekend,900,2-Car,No injury/unknown,UNSAFE SPEED,SR37 & STONE BELT,39.30711293,-86.5282669
2015,7,1,Weekend,100,2-Car,No injury/unknown,UNSAFE BACKING,N GATES,39.16803807,-86.57621853
2015,7,1,Weekend,1600,1-Car,No injury/unknown,,S WALNUT,39.15556865,-86.5336
2015,7,1,Weekday,1900,2-Car,Incapacitating,LEFT OF CENTER,N OLD STATE ROAD 37 & N WALNUT,39.20704,-86.534704
2015,7,1,Weekday,2200,2-Car,No injury/unknown,CELL PHONE USAGE,2ND & WASHINGTON,39.16144,-86.5324
2015,7,7,Weekend,300,1-Car,No injury/unknown,ANIMAL/OBJECT IN ROADWAY,LOVE & SR46W,39.21749588,-86.59948776
2015,7,7,Weekend,2100,2-Car,No injury/unknown,UNSAFE BACKING,N WALNUT,39.18198955,-86.53374367
2015,7,4,Weekday,0,2-Car,No injury/unknown,UNSAFE BACKING,WEST 2ND,39.1614452,-86.53978943
2015,7,2,Weekday,1200,1-Car,No injury/unknown,IMPROPER PASSING,N JACKSON & W 17TH,39.179024,-86.539616
2015,7,2,Weekday,1400,2-Car,No injury/unknown,FAILURE TO YIELD RIGHT OF WAY,LONGVIEW & PETE ELLIS,39.166944,-86.495056
2015,7,2,Weekday,1200,2-Car,No injury/unknown,,N KINSER,39.20304,-86.547392
2015,7,2,Weekday,1600,3+ Cars,No injury/unknown,OTHER (DRIVER) - EXPLAIN IN NARRATIVE,3RD & CURRY,39.16463589,-86.58291865
2015,7,2,Weekday,1400,1-Car,Incapacitating,RAN OFF ROAD RIGHT,HARTSTRAIGHT & SR46W,0.0,0.0
2015,7,2,Weekday,1800,2-Car,No injury/unknown,FOLLOWING TOO CLOSELY,SR37 & TAPP,39.13704,-86.572896
2015,7,2,Weekday,800,1-Car,Incapacitating,OTHER (VEHICLE) - EXPLAIN IN NARRATIVE,KERR CREEK,39.16664,-86.462496
2015,7,5,Weekday,2100,3+ Cars,No injury/unknown,FOLLOWING TOO CLOSELY,COUNTRY CLUB & S ROGERS,39.13304,-86.5384
2015,7,6,Weekday,1000,2-Car,No injury/unknown,FAILURE TO YIELD RIGHT OF WAY,SMITH & SR46W,39.210144,-86.5832
2015,7,6,Weekday,1100,2-Car,No injury/unknown,IMPROPER PASSING,PARK & TURTLE BACK CREEK,39.22079514,-86.61991976
2015,7,2,Weekday,1400,1-Car,No injury/unknown,SPEED TOO FAST FOR WEATHER CONDITIONS,OLD SR37S,0.0,0.0
2015,7,3,Weekday,1700,2-Car,No injury/unknown,UNSAFE LANE MOVEMENT,3RD & HAWTHORN,0.0,0.0
2015,7,3,Weekday,1800,2-Car,No injury/unknown,FOLLOWING TOO CLOSELY,3RD & FRANKLIN,39.16464161,-86.56943706
2015,7,2,Weekday,2000,1-Car,Non-incapacitating,RAN OFF ROAD RIGHT,N THOMAS & W VERNAL,39.18904,-86.630096
2015,7,3,Weekday,2200,2-Car,Incapacitating,IMPROPER TURNING,GORDON & OLD SR 37,39.121552,-86.531296
2015,7,4,Weekday,900,2-Car,No injury/unknown,SPEED TOO FAST FOR WEATHER CONDITIONS,3RD & YANCY,39.16454774,-86.56949951
2015,7,4,Weekday,800,2-Car,No injury/unknown,UNSAFE BACKING,W THIRD,0.0,0.0
2015,7,4,Weekday,900,1-Car,No injury/unknown,RAN OFF ROAD RIGHT,HENDERSON & WINSLOW,39.13603999,-86.52687996
2015,7,4,Weekday,1500,2-Car,No injury/unknown,UNSAFE BACKING,W 2ND,0.0,0.0
2015,7,4,Weekday,1600,3+ Cars,Incapacitating,FOLLOWING TOO CLOSELY,N WALNUT,39.250688,-86.529744
2015,7,7,Weekend,2000,1-Car,No injury/unknown,ANIMAL/OBJECT IN ROADWAY,E WILL SOWDERS & S FAIRFAX,0.0,0.0
2015,7,4,Weekday,1500,2-Car,No injury/unknown,FOLLOWING TOO CLOSELY,SR37 & THAT,39.11570265,-86.56477235
2015,7,1,Weekend,900,2-Car,No injury/unknown,UNSAFE BACKING,NORTH JORDAN,39.16756821,-86.51656341
2015,7,3,Weekday,1300,2-Car,No injury/unknown,DRIVER DISTRACTED - EXPLAIN IN NARRATIVE,DUNCAN & SR45W,39.13485593,-86.59645375
2015,7,5,Weekday,600,2-Car,Incapacitating,IMPROPER TURNING,N COLLEGE & W 10TH,39.171744,-86.534768
2015,7,5,Weekday,1500,2-Car,No injury/unknown,DRIVER DISTRACTED - EXPLAIN IN NARRATIVE,FOX HOLLOW & SR37,39.28585088,-86.52030912
2015,7,5,Weekday,1500,2-Car,No injury/unknown,UNSAFE BACKING,MELVILLE & ROCK CREEK,39.17512626,-86.50022014
2015,7,5,Weekday,2300,3+ Cars,No injury/unknown,OVERCORRECTING/OVERSTEERING,10TH & N DUNN,39.17168,-86.528256
2015,7,2,Weekday,800,2-Car,Incapacitating,UNSAFE SPEED,10TH & SR46,0.0,0.0
2015,7,6,Weekday,700,2-Car,No injury/unknown,FOLLOWING TOO CLOSELY,ALLEN & ROGERS,39.15559072,-86.53873702
2015,7,5,Weekday,1300,2-Car,No injury/unknown,OTHER (DRIVER) - EXPLAIN IN NARRATIVE,10TH & 45 46,39.17153031,-86.5023124
2015,7,6,Weekday,800,2-Car,No injury/unknown,FOLLOWING TOO CLOSELY,N OLD ST RD 37 & N WALNUT,39.18336019,-86.53415009
2015,8,4,Weekday,1300,2-Car,No injury/unknown,FAILURE TO YIELD RIGHT OF WAY,COLLEGE MALL & COVENANTER,0.0,0.0
2015,8,5,Weekday,900,2-Car,No injury/unknown,FOLLOWING TOO CLOSELY,HARTSTRAIT & SR46W,0.0,0.0
2015,8,3,Weekday,1200,2-Car,No injury/unknown,UNSAFE BACKING,CURRY,39.15783428,-86.58258341
2015,8,4,Weekday,700,2-Car,Non-incapacitating,FAILURE TO YIELD RIGHT OF WAY,LOUDEN & RATLIFF,39.21657228,-86.63986124
2015,8,5,Weekday,800,2-Car,Incapacitating,FAILURE TO YIELD RIGHT OF WAY,BERNICE & FAIRFAX,39.06714022,-86.50289389
2015,8,4,Weekday,1300,2-Car,No injury/unknown,UNSAFE LANE MOVEMENT,SOUTH OLD STATE ROAD 37,39.138688,-86.465968
2015,8,5,Weekday,1500,2-Car,No injury/unknown,OVERCORRECTING/OVERSTEERING,17TH & SR46W,39.18300777,-86.51149532
2015,8,5,Weekday,1500,2-Car,Non-incapacitating,FAILURE TO YIELD RIGHT OF WAY,S ADAMS & WOODHILL,39.15703967,-86.55060008
2015,8,5,Weekday,1600,1-Car,Incapacitating,OTHER (VEHICLE) - EXPLAIN IN NARRATIVE,S ROGERS,39.15933159,-86.538592
2015,8,5,Weekday,1700,3+ Cars,Incapacitating,LEFT OF CENTER,DUNN & SR37N,0.0,0.0
2015,7,6,Weekend,1900,2-Car,Incapacitating,UNSAFE SPEED,S FAIRFAX ROAD,39.06371689,-86.49869537
2015,8,5,Weekday,1700,2-Car,Incapacitating,LEFT OF CENTER,1285 LIBERTY & ENTRANCE TO MENARDS,0.0,0.0
2015,8,4,Weekday,1800,1-Car,Non-incapacitating,RAN OFF ROAD RIGHT,S BLAIKELEE & W MAY,0.0,0.0
2015,8,5,Weekday,1400,1-Car,No injury/unknown,RAN OFF ROAD RIGHT,S COUNTY LINE & W REEVES,39.24172799,-86.68410713
2015,8,5,Weekday,1600,1-Car,No injury/unknown,RAN OFF ROAD RIGHT,S CURRY & W GLEN OAKS,39.14464,-86.582592
2015,8,5,Weekday,1700,2-Car,No injury/unknown,FOLLOWING TOO CLOSELY,E MORNING BROOK LANE & S STRAIN RIDGE,0.0,0.0
2015,8,4,Weekday,1300,1-Car,No injury/unknown,RAN OFF ROAD RIGHT,ANDERSON & SHILO,39.2805071,-86.46300057
2015,8,5,Weekday,1600,Bus,No injury/unknown,LEFT OF CENTER,CORTLAND & S OLD ST RD 37,0.0,0.0
2015,8,5,Weekday,1600,1-Car,No injury/unknown,RAN OFF ROAD RIGHT,CONSTITUTION & S LIBERTY,0.0,0.0
2015,8,5,Weekday,2200,1-Car,No injury/unknown,SPEED TOO FAST FOR WEATHER CONDITIONS,GOURLEY & SR37N,39.23940996,-86.551651
2015,8,5,Weekday,1300,3+ Cars,No injury/unknown,PEDESTRIAN ACTION,E 3RD & PETE ELLIS,39.16424,-86.495088
2015,8,5,Weekday,2000,2-Car,No injury/unknown,UNSAFE BACKING,E GOODNIGHT & E STRATUM,0.0,0.0
2015,8,6,Weekday,800,Cyclist,Incapacitating,WRONG WAY ON ONE WAY,E HILLSIDE,39.170848,-86.503696
2015,8,6,Weekday,700,2-Car,Non-incapacitating,DISREGARD SIGNAL/REG SIGN,THIRD & WASHINGTON,39.16460015,-86.53235971
2015,8,6,Weekday,900,2-Car,No injury/unknown,OTHER (DRIVER) - EXPLAIN IN NARRATIVE,WEST 3RD,39.16464373,-86.58722028
2015,8,6,Weekday,1100,2-Car,No injury/unknown,OTHER (DRIVER) - EXPLAIN IN NARRATIVE,SO WOODSCREST,0.0,0.0
2015,8,6,Weekday,1500,2-Car,No injury/unknown,UNSAFE BACKING,W BLOOMFIELD,39.15998862,-86.55307876
2015,8,6,Weekday,1600,2-Car,No injury/unknown,FOLLOWING TOO CLOSELY,E 10TH & UNION,39.171472,-86.509376
2015,8,6,Weekday,1700,2-Car,No injury/unknown,UNSAFE BACKING,JOHN HINKLE,39.16934431,-86.49170279
2015,8,6,Weekday,1300,2-Car,No injury/unknown,UNSAFE BACKING,S ROGERS,39.16061486,-86.538592
2015,8,7,Weekend,300,3+ Cars,Non-incapacitating,RAN OFF ROAD RIGHT,1ST & FAIRFAX,39.079552,-86.513392
2015,8,7,Weekend,2300,1-Car,No injury/unknown,RAN OFF ROAD RIGHT,2ND & FAIRFAX,39.082144,-86.515488
2015,8,5,Weekday,600,2-Car,Incapacitating,DISREGARD SIGNAL/REG SIGN,SR37S & TAPP,39.13704,-86.572896
2015,8,1,Weekend,300,1-Car,No injury/unknown,RAN OFF ROAD RIGHT,SMITH PIKE & WOODYARD,39.29645022,-86.58307661
2015,8,1,Weekend,500,1-Car,No injury/unknown,RAN OFF ROAD RIGHT,MEADOWBROOK & PARK,39.165344,-86.484128
2015,8,1,Weekend,1000,3+ Cars,Incapacitating,FOLLOWING TOO CLOSELY,E SOUTHERN OAKS & S SARE,39.17414154,-86.50045731
2015,8,6,Weekday,1600,2-Car,No injury/unknown,OTHER LIGHTS DEFECTIVE,N LOESCH & W VERNAL,39.17920008,-86.59107425
2015,8,1,Weekend,0,2-Car,No injury/unknown,UNSAFE BACKING,E 6TH & N WASHINGTON,39.167664,-86.5324
2015,8,7,Weekend,2000,1-Car,No injury/unknown,UNSAFE BACKING,SR446S,39.135648,-86.462248
2015,8,1,Weekend,300,1-Car,No injury/unknown,RAN OFF ROAD RIGHT,SR37S,39.08384,-86.540768
2015,8,2,Weekday,100,1-Car,Non-incapacitating,ANIMAL/OBJECT IN ROADWAY,SR37S & WEST CHURCH,39.21290864,-86.53874969
2015,8,2,Weekday,700,Bus,No injury/unknown,OTHER (DRIVER) - EXPLAIN IN NARRATIVE,SR37 & SR45W,39.148144,-86.572992
2015,8,2,Weekday,1200,2-Car,No injury/unknown,DRIVER DISTRACTED - EXPLAIN IN NARRATIVE,S VICTOR,39.10649041,-86.55034722
2015,8,2,Weekday,1600,2-Car,No injury/unknown,FOLLOWING TOO CLOSELY,S COLLEGE & W 2ND,39.16144,-86.534848
2015,8,2,Weekday,1700,2-Car,Non-incapacitating,FOLLOWING TOO CLOSELY,3RD & COLLEGE,39.16464,-86.534816
2015,8,2,Weekday,1700,2-Car,No injury/unknown,UNSAFE BACKING,E 3RD,39.16423674,-86.49805388
2015,8,2,Weekday,1700,2-Car,No injury/unknown,FAILURE TO YIELD RIGHT OF WAY,COFFEY & SMITH,0.0,0.0
2015,8,2,Weekday,1700,2-Car,No injury/unknown,FOLLOWING TOO CLOSELY,S COLLEGE & W 4TH,39.165664,-86.5348
2015,8,2,Weekday,1900,2-Car,No injury/unknown,DRIVER DISTRACTED - EXPLAIN IN NARRATIVE,OUTBACK & SR46W,39.2125206,-86.59179687
2015,8,2,Weekday,2000,2-Car,Non-incapacitating,FOLLOWING TOO CLOSELY,LIBERTY & WEST 3RD STREET,39.1381741,-86.57913006
2015,8,7,Weekend,1100,2-Car,No injury/unknown,FAILURE TO YIELD RIGHT OF WAY,SR46W & UNIONVALLY,0.0,0.0
2015,8,2,Weekday,600,Moped/Motorcycle,No injury/unknown,ANIMAL/OBJECT IN ROADWAY,FAIRFAX & SCOTT,39.0583653,-86.498432
2015,7,4,Weekday,1300,2-Car,No injury/unknown,FAILURE TO YIELD RIGHT OF WAY,GRANT & SR46W,39.23836136,-86.62767791
2015,8,3,Weekday,1100,2-Car,No injury/unknown,IMPROPER TURNING,E 2ND,39.16144,-86.53076506
2015,8,2,Weekday,1800,1-Car,Non-incapacitating,RAN OFF ROAD RIGHT,E SAMPLE & N OLD STATE ROAD 37,39.25864,-86.5012
2015,8,6,Weekday,1600,2-Car,Incapacitating,FAILURE TO YIELD RIGHT OF WAY,SOUTH KNIGHTRIDGE & SR446S,39.14420245,-86.46687098
2015,8,3,Weekday,1500,2-Car,No injury/unknown,FAILURE TO YIELD RIGHT OF WAY,SOUTH LEONARD SPRINGS & WEST STATE 45,39.142048,-86.582592
2015,8,3,Weekday,1700,3+ Cars,Non-incapacitating,FOLLOWING TOO CLOSELY,BLOOMFIELD,0.0,0.0
2015,8,2,Weekday,1900,1-Car,No injury/unknown,RAN OFF ROAD RIGHT,N PRAIRIE GREEN & SR45E,39.17421898,-86.4755783
2015,8,3,Weekday,2000,1-Car,No injury/unknown,RAN OFF ROAD RIGHT,W REBA & W WOODHAVEN,39.126048,-86.574192
2015,8,3,Weekday,1700,2-Car,No injury/unknown,FOLLOWING TOO CLOSELY,NORTH COLLEGE & WEST 10TH,39.171744,-86.534768
2015,7,6,Weekday,1700,2-Car,No injury/unknown,FOLLOWING TOO CLOSELY,PARK & TEMPERANCE,39.22935002,-86.61848008
2015,8,2,Weekday,2000,1-Car,No injury/unknown,RAN OFF ROAD RIGHT,GREENE COUNTY LINE & SR45W,39.10462952,-86.68258058
2015,8,3,Weekday,1000,2-Car,No injury/unknown,LEFT OF CENTER,BROOKWOOD & RIDGEWOOD,39.212016,-86.59872
2015,8,4,Weekday,800,1-Car,No injury/unknown,RAN OFF ROAD RIGHT,SR37N & VERNAL,39.17285105,-86.56762445
2015,8,4,Weekday,1200,2-Car,No injury/unknown,OTHER (DRIVER) - EXPLAIN IN NARRATIVE,N SMITH,39.172048,-86.4816
2015,8,4,Weekday,800,1-Car,No injury/unknown,UNSAFE BACKING,7TH & WOODLAWN,39.16864,-86.523392
2015,8,4,Weekday,1800,2-Car,No injury/unknown,IMPROPER LANE USAGE,S LEONARD SPRINGS,0.0,0.0
2015,8,4,Weekday,1900,2-Car,No injury/unknown,FAILURE TO YIELD RIGHT OF WAY,COLLEGE MALL & E 2ND,0.0,0.0
2015,8,4,Weekday,1800,Bus,Non-incapacitating,FAILURE TO YIELD RIGHT OF WAY,CHAFFIN CHAPEL & SR46W,39.2620697,-86.65039825
2015,8,4,Weekday,1200,2-Car,No injury/unknown,OTHER (DRIVER) - EXPLAIN IN NARRATIVE,LIBERTY & SR45W,39.16043091,-86.57913927
2015,8,5,Weekday,1100,2-Car,Non-incapacitating,DRIVER DISTRACTED - EXPLAIN IN NARRATIVE,CLARIZZ & EAST THIRD,39.16424,-86.4908
2015,7,6,Weekday,1200,2-Car,No injury/unknown,UNSAFE BACKING,1020 E KIRKWOOD (GARAGE) & SOUTH HAWTHORNE,0.0,0.0
2015,8,4,Weekday,1300,2-Car,No injury/unknown,FAILURE TO YIELD RIGHT OF WAY,LYNWEST & N UNION VALLEY,39.21584,-86.5928
2015,8,5,Weekday,1400,2-Car,No injury/unknown,FAILURE TO YIELD RIGHT OF WAY,SALE & SR46W,39.23384,-86.624704
2015,8,5,Weekday,1800,2-Car,No injury/unknown,IMPROPER PASSING,W 3RD,39.16460954,-86.58341825
2015,8,5,Weekday,1700,2-Car,No injury/unknown,FOLLOWING TOO CLOSELY,CURRY & WEST 3RD,0.0,0.0
2015,8,5,Weekday,1900,2-Car,No injury/unknown,DISREGARD SIGNAL/REG SIGN,OLD SR 37 & W CHURCH LANE,39.107248,-86.531392
2015,8,5,Weekday,1700,2-Car,Incapacitating,FOLLOWING TOO CLOSELY,SOUTH CURRY & WEST 3RD,39.16463971,-86.58290271
2015,8,7,Weekend,2300,2-Car,No injury/unknown,UNSAFE BACKING,WOODHAVEN & YELLOWSTONE,39.128048,-86.577664
2015,8,7,Weekend,700,2-Car,Incapacitating,LEFT OF CENTER,OLD ST 37 & W HOBART,39.01368968,-86.5409537
2015,8,6,Weekday,1000,2-Car,No injury/unknown,OTHER (DRIVER) - EXPLAIN IN NARRATIVE,1725 E THIRD (CIRCLE) & 3RD,0.0,0.0
2015,8,6,Weekday,1300,2-Car,Incapacitating,DISREGARD SIGNAL/REG SIGN,1ST & HENDERSON,39.15932022,-86.52714014
2015,8,6,Weekday,1400,2-Car,No injury/unknown,FAILURE TO YIELD RIGHT OF WAY,JACOB & S GATES,39.16562006,-86.57599993
2015,8,6,Weekday,1500,2-Car,No injury/unknown,FAILURE TO YIELD RIGHT OF WAY,GRAHAM & HENDERSON,39.13943969,-86.52692019
2015,8,7,Weekend,0,1-Car,Non-incapacitating,ANIMAL/OBJECT IN ROADWAY,N WOODALL & W WOODLAND,39.28072,-86.583408
2015,8,6,Weekday,900,2-Car,No injury/unknown,OTHER (DRIVER) - EXPLAIN IN NARRATIVE,7TH & INDIANA,39.16864,-86.526944
2015,8,6,Weekday,500,2-Car,Incapacitating,FAILURE TO YIELD RIGHT OF WAY,GATES & SR48W,39.16458572,-86.57619213
2015,8,7,Weekend,900,2-Car,No injury/unknown,UNSAFE BACKING,FAIRVIEW & KIRKWOOD,39.16649801,-86.5408
2015,8,7,Weekend,1000,2-Car,No injury/unknown,DISREGARD SIGNAL/REG SIGN,3RD & INDIANA,39.164448,-86.5268
2015,8,7,Weekend,1500,2-Car,No injury/unknown,IMPROPER TURNING,14TH & NORTH WALNUT,39.175952,-86.53344
2015,8,7,Weekend,1500,Bus,No injury/unknown,UNSAFE BACKING,EAST 7TH,39.1684337,-86.52330391
2015,8,7,Weekend,2100,2-Car,No injury/unknown,IMPROPER TURNING,E 3RD,39.16424,-86.49425989
2015,8,1,Weekend,100,1-Car,Non-incapacitating,RAN OFF ROAD RIGHT,DRISCOLL & S WALNUT,39.1524598,-86.53370015
2015,8,6,Weekday,1700,2-Car,Non-incapacitating,DRIVER DISTRACTED - EXPLAIN IN NARRATIVE,SR37S & W TAPP,39.13704,-86.572896
2015,8,6,Weekend,2100,2-Car,No injury/unknown,UNSAFE SPEED,N CURRY & SR46W,39.19377136,-86.5711975
2015,8,3,Weekday,1300,2-Car,No injury/unknown,FAILURE TO YIELD RIGHT OF WAY,SR37N & WHISNAND,39.23262822,-86.53192901
2015,8,1,Weekend,900,2-Car,No injury/unknown,IMPROPER LANE USAGE,E 2ND & PARK,39.16144,-86.523952
2015,8,1,Weekend,1200,2-Car,Incapacitating,FOLLOWING TOO CLOSELY,7TH & SR46E,39.167648,-86.500096
2015,8,6,Weekday,1400,2-Car,No injury/unknown,UNSAFE BACKING,3RD,39.164728,-86.57239
2015,8,1,Weekend,1200,2-Car,No injury/unknown,DRIVER DISTRACTED - EXPLAIN IN NARRATIVE,GORDON & OLD STATE ROAD 37,39.121552,-86.531296
2015,8,1,Weekend,1200,2-Car,No injury/unknown,FOLLOWING TOO CLOSELY,DUNN & SR46W,39.186352,-86.528496
2015,8,1,Weekend,1400,2-Car,No injury/unknown,SPEED TOO FAST FOR WEATHER CONDITIONS,7TH & JORDAN,39.168944,-86.516016
2015,8,1,Weekend,1200,1-Car,Non-incapacitating,RAN OFF ROAD RIGHT,RATLIFF & THOMAS,38.8975569,-86.63040988
2015,8,7,Weekend,600,1-Car,No injury/unknown,OVERCORRECTING/OVERSTEERING,CLEAR CREEK & ROGERS,0.0,0.0
2015,8,1,Weekend,1300,1-Car,No injury/unknown,SPEED TOO FAST FOR WEATHER CONDITIONS,LANAM & RUSSELL,39.1946999,-86.48918741
2015,8,1,Weekend,1400,1-Car,Non-incapacitating,SPEED TOO FAST FOR WEATHER CONDITIONS,COUNTY LINE & SR45W,0.0,0.0
2015,8,7,Weekend,2000,2-Car,No injury/unknown,FOLLOWING TOO CLOSELY,3RD & N WALNUT,39.16464,-86.5336
2015,8,1,Weekend,1700,2-Car,No injury/unknown,FAILURE TO YIELD RIGHT OF WAY,10TH & GRANT,39.171696,-86.529696
2015,8,1,Weekday,1900,2-Car,Non-incapacitating,FAILURE TO YIELD RIGHT OF WAY,EAST 10TH & PETE ELLIS,39.171504,-86.495312
2015,8,1,Weekend,1700,2-Car,No injury/unknown,FAILURE TO YIELD RIGHT OF WAY,3RD & WALNUT,39.16464,-86.5336
2015,8,1,Weekend,1300,2-Car,Non-incapacitating,FOLLOWING TOO CLOSELY,3RD & HIGH,39.164352,-86.508288
2015,8,1,Weekday,1900,1-Car,No injury/unknown,RAN OFF ROAD RIGHT,8TH & ROGERS,39.169584,-86.538576
2015,8,1,Weekday,2100,2-Car,No injury/unknown,FOLLOWING TOO CLOSELY,FRITZ & N WALNUT,39.191248,-86.532896
2015,8,1,Weekday,2100,3+ Cars,Incapacitating,FAILURE TO YIELD RIGHT OF WAY,SR37S & TAPP,39.13704,-86.572896
2015,8,1,Weekend,1300,2-Car,No injury/unknown,FOLLOWING TOO CLOSELY,10TH & SR46E,39.171648,-86.502096
2015,8,2,Weekday,800,2-Car,No injury/unknown,OTHER (VEHICLE) - EXPLAIN IN NARRATIVE,E 3RD,39.16424,-86.49224392
2015,8,2,Weekday,1000,2-Car,Non-incapacitating,FAILURE TO YIELD RIGHT OF WAY,6TH & ROGERS,39.16768,-86.538592
2015,8,2,Weekday,900,1-Car,No injury/unknown,RAN OFF ROAD RIGHT,S COLLEGE,39.16115717,-86.53485253
2015,8,2,Weekday,1100,2-Car,No injury/unknown,OTHER (DRIVER) - EXPLAIN IN NARRATIVE,SR37N & W VERNAL,39.176544,-86.5624
2015,8,2,Weekday,1500,3+ Cars,Non-incapacitating,FOLLOWING TOO CLOSELY,S CORY & W 3RD,39.164544,-86.560096
2015,8,7,Weekend,1300,2-Car,No injury/unknown,OVERCORRECTING/OVERSTEERING,N MORTON,39.16786971,-86.536
2015,8,2,Weekday,1600,2-Car,Non-incapacitating,FAILURE TO YIELD RIGHT OF WAY,17TH & ARLINGTON PARK,39.17911023,-86.5540903
2015,8,2,Weekday,1700,2-Car,Non-incapacitating,FOLLOWING TOO CLOSELY,BLOOMFIELD & OAKDALE,39.1487068,-86.57121991
2015,8,2,Weekday,300,1-Car,No injury/unknown,RAN OFF ROAD RIGHT,JOHN YOUNG & SHILO,39.26518382,-86.43351561
2015,8,2,Weekday,1900,2-Car,Incapacitating,LEFT OF CENTER,MERRITT & SR446S,0.0,0.0
2015,8,2,Weekday,2200,3+ Cars,No injury/unknown,IMPROPER TURNING,EAST 3RD & SOUTH BALLANTINE,39.16427024,-86.51912972
2015,8,6,Weekday,900,2-Car,No injury/unknown,OTHER (DRIVER) - EXPLAIN IN NARRATIVE,3RD & WALNUT,39.16464,-86.5336
2015,8,2,Weekday,900,2-Car,No injury/unknown,OTHER (DRIVER) - EXPLAIN IN NARRATIVE,WEST 2ND,0.0,0.0
2015,8,5,Weekday,800,2-Car,No injury/unknown,DISREGARD SIGNAL/REG SIGN,HARTSTRAIT & VERNAL,39.18676995,-86.6112703
2015,8,5,Weekday,1100,2-Car,No injury/unknown,FAILURE TO YIELD RIGHT OF WAY,SIMPSON CHAPEL & SR37N,39.280496,-86.522864
2015,8,3,Weekday,1600,2-Car,No injury/unknown,FOLLOWING TOO CLOSELY,CONSTITUTION & LIBERTY,39.149552,-86.575936
2015,8,2,Weekday,500,2-Car,No injury/unknown,FOLLOWING TOO CLOSELY,ISON & SR45W,39.10810089,-86.63700103
2015,8,4,Weekday,0,1-Car,No injury/unknown,RAN OFF ROAD RIGHT,PINEHURST & SOUTHER PINES,39.13851969,-86.54742971
2015,8,4,Weekday,1300,2-Car,No injury/unknown,IMPROPER TURNING,E KIRKWOOD,39.16678078,-86.52203053
2015,8,4,Weekday,1300,2-Car,No injury/unknown,UNSAFE LANE MOVEMENT,SWAIN & THIRD,0.0,0.0
2015,8,2,Weekday,1500,2-Car,No injury/unknown,SPEED TOO FAST FOR WEATHER CONDITIONS,SR37S & W FULLERTON,39.122352,-86.5712
2015,8,4,Weekday,1500,1-Car,No injury/unknown,UNSAFE BACKING,E 7TH,39.168144,-86.510992
2015,8,4,Weekday,1300,2-Car,Non-incapacitating,UNSAFE LANE MOVEMENT,N WALNUT & W 14TH,39.175952,-86.53344
2015,8,4,Weekday,1600,2-Car,No injury/unknown,UNSAFE BACKING,E 13TH,39.17521746,-86.52061527
2015,8,4,Weekday,1600,2-Car,No injury/unknown,FAILURE TO YIELD RIGHT OF WAY,7TH & UNION,39.16816257,-86.51001745
2015,8,3,Weekday,2000,2-Car,No injury/unknown,UNSAFE BACKING,E VARSITY,0.0,0.0
2015,8,4,Weekday,1900,2-Car,No injury/unknown,UNSAFE SPEED,10TH & SR4546,39.176848,-86.478192
2015,8,4,Weekday,2000,2-Car,No injury/unknown,UNSAFE BACKING,EAST 7TH,39.168752,-86.5436
2015,8,4,Weekday,1900,2-Car,No injury/unknown,FAILURE TO YIELD RIGHT OF WAY,ATWATER & INDIANA,39.16323021,-86.52783013
2015,8,4,Weekday,1700,2-Car,Non-incapacitating,FAILURE TO YIELD RIGHT OF WAY,PROFILE & SR48W,39.1647376,-86.5925978
2015,8,4,Weekday,1400,2-Car,Non-incapacitating,FOLLOWING TOO CLOSELY,SR37 & WEST 3RD,39.164752,-86.573104
2015,8,4,Weekday,2300,2-Car,Non-incapacitating,OTHER (DRIVER) - EXPLAIN IN NARRATIVE,S WALNUT,39.16037061,-86.5336
2015,8,3,Weekday,2000,Moped/Motorcycle,Non-incapacitating,RAN OFF ROAD RIGHT,FAIRFAX & THIRD,39.1858669,-86.51451028
2015,8,4,Weekday,1200,2-Car,No injury/unknown,FAILURE TO YIELD RIGHT OF WAY,13TH & WALNUT,39.175232,-86.520976
2015,8,5,Weekday,600,3+ Cars,Incapacitating,LEFT OF CENTER,SR46W & W FLATWOOD,39.25254059,-86.67625151
2015,8,4,Weekday,1300,2-Car,No injury/unknown,UNSAFE BACKING,N MORTON & W 7TH,39.168672,-86.536
2015,8,5,Weekday,1100,2-Car,No injury/unknown,OTHER (DRIVER) - EXPLAIN IN NARRATIVE,SR37 & SR45W,39.148144,-86.572992