Year,Month,Day,Weekend?,Hour,Collision Type,Injury Type,Primary Factor,Reported_Location,Latitude,Longitude
2014,11,3,Weekday,2200,2-Car,No injury/unknown,FAILURE TO YIELD RIGHT OF WAY,S CURRY,39.17606857,-86.58310629
2014,4,3,Weekday,1700,2-Car,No injury/unknown,UNSAFE BACKING,N JORDAN AVE,39.17606521,-86.51339983
2014,9,7,Weekend,1400,1-Car,No injury/unknown,UNSAFE BACKING,N ROGERS ST,39.17605029,-86.53850971
2014,3,1,Weekend,1700,2-Car,No injury/unknown,SPEED TOO FAST FOR WEATHER CONDITIONS,LINDBERG DR & W14TH,39.176048,-86.552592
2014,1,5,Weekday,1100,3+ Cars,Non-incapacitating,FAILURE TO YIELD RIGHT OF WAY,14TH & INDIANA AVE,39.17602723,-86.52711617
2014,8,4,Weekday,1400,2-Car,No injury/unknown,DISREGARD SIGNAL/REG SIGN,N WOODBURN & W 14 ST,39.176016,-86.53608
2014,1,1,Weekend,400,Moped/Motorcycle,No injury/unknown,IMPROPER TURNING,14TH ST,39.17600327,-86.53063151
2014,4,2,Weekday,1500,2-Car,No injury/unknown,FAILURE TO YIELD RIGHT OF WAY,14TH ST & LINCOLN,39.17600218,-86.53071959
2014,12,6,Weekday,1600,2-Car,No injury/unknown,IMPROPER LANE USAGE,E 14TH & N LINCOLN,39.176,-86.530896
2014,12,3,Weekday,200,2-Car,No injury/unknown,OTHER (DRIVER) - EXPLAIN IN NARRATIVE,14TH & LINCOLN,39.176,-86.530896
2014,7,2,Weekday,1700,2-Car,No injury/unknown,SPEED TOO FAST FOR WEATHER CONDITIONS,SR37N & VERNAL,39.17599001,-86.56318363
2014,12,4,Weekday,1200,2-Car,No injury/unknown,FOLLOWING TOO CLOSELY,SR37N & VERNAL,39.17599001,-86.56318363
2014,1,7,Weekend,1700,2-Car,No injury/unknown,FAILURE TO YIELD RIGHT OF WAY,14TH ST & N COLLEGE,39.175984,-86.534736
2014,2,5,Weekday,1600,2-Car,No injury/unknown,FAILURE TO YIELD RIGHT OF WAY,14TH & COLLEGE AVE,39.175984,-86.534736
2014,2,1,Weekend,1600,2-Car,No injury/unknown,UNSAFE BACKING,N COLLEGE AVE,39.175984,-86.534736
2014,2,6,Weekday,1500,2-Car,No injury/unknown,FAILURE TO YIELD RIGHT OF WAY,14TH ST & NORTH COLLEGE,39.175984,-86.534736
2014,3,6,Weekday,900,2-Car,No injury/unknown,UNSAFE BACKING,N COLLEGE AVE,39.175984,-86.534736
2014,4,5,Weekday,1300,2-Car,No injury/unknown,OTHER (DRIVER) - EXPLAIN IN NARRATIVE,N COLLEGE AVE,39.175984,-86.534736
2014,1,3,Weekday,800,2-Car,No injury/unknown,SPEED TOO FAST FOR WEATHER CONDITIONS,14TH & WALNUT ST,39.175952,-86.53344
2014,1,6,Weekday,1500,2-Car,No injury/unknown,UNSAFE LANE MOVEMENT,14TH & N WALNUT ST,39.175952,-86.53344
2014,2,7,Weekend,0,2-Car,Non-incapacitating,FAILURE TO YIELD RIGHT OF WAY,14TH & N WALNUT ST,39.175952,-86.53344
2014,2,7,Weekend,1800,2-Car,No injury/unknown,FAILURE TO YIELD RIGHT OF WAY,N WALNUT ST & W 14TH,39.175952,-86.53344
2014,5,2,Weekday,700,Cyclist,Non-incapacitating,FAILURE TO YIELD RIGHT OF WAY,14TH & WALNUT ST,39.175952,-86.53344
2014,4,6,Weekday,1400,2-Car,Non-incapacitating,UNSAFE LANE MOVEMENT,14TH & WALNUT ST,39.175952,-86.53344
2014,7,6,Weekday,800,2-Car,No injury/unknown,IMPROPER TURNING,N WALNUT ST & W 14TH,39.175952,-86.53344
2014,10,4,Weekday,1200,2-Car,Non-incapacitating,IMPROPER LANE USAGE,14TH & WALNUT,39.175952,-86.53344
2014,10,1,Weekend,1000,2-Car,No injury/unknown,IMPROPER TURNING,N WALNUT & W 14TH,39.175952,-86.53344
2014,11,6,Weekday,1100,2-Car,Non-incapacitating,IMPROPER TURNING,14TH & WALNUT,39.175952,-86.53344
2014,12,6,Weekday,1100,2-Car,No injury/unknown,UNSAFE BACKING,14TH & WALNUT,39.175952,-86.53344
2014,3,2,Weekday,800,2-Car,No injury/unknown,,14TH & LINBERGH AVE,39.1759003,-86.55255004
2014,4,7,Weekend,300,3+ Cars,No injury/unknown,OTHER (DRIVER) - EXPLAIN IN NARRATIVE,N UNION & N UNION ST,39.17579639,-86.5099962
2014,12,7,Weekend,800,2-Car,No injury/unknown,ROADWAY SURFACE CONDITION,14TH & MADISON,39.17577334,-86.537696
2014,2,3,Weekday,1000,2-Car,No injury/unknown,IMPROPER TURNING,N SUNRISE GREETING CT,39.17567062,-86.57728577
2014,4,5,Weekday,2300,1-Car,No injury/unknown,UNSAFE BACKING,INDUSTRIAL PARK DR,39.17562866,-86.56706237
2014,11,2,Weekday,1800,2-Car,No injury/unknown,UNSAFE SPEED,SR37 & VERNAL,39.17562068,-86.56370604
2014,2,2,Weekday,700,2-Car,No injury/unknown,FOLLOWING TOO CLOSELY,EAST UNIVERSITY & SR45N,39.17557144,-86.50099182
2014,2,6,Weekday,900,2-Car,No injury/unknown,,E BROWNSTONE DR,39.17555237,-86.53058624
2014,3,7,Weekend,400,2-Car,No injury/unknown,,EAST BROWNSTONE DR,39.17555237,-86.53058624
2014,11,6,Weekday,1300,2-Car,No injury/unknown,LEFT OF CENTER,13TH & DUNN,39.175552,-86.528192
2014,2,7,Weekend,800,2-Car,No injury/unknown,FAILURE TO YIELD RIGHT OF WAY,100 N DANIELS WAY & SR48W,39.17551264,-86.59904479
2014,1,7,Weekend,1400,2-Car,No injury/unknown,FAILURE TO YIELD RIGHT OF WAY,13TH & INDIANA AVE,39.175504,-86.527104
2014,3,6,Weekday,500,2-Car,No injury/unknown,,13TH & NORTH INDIANA AVE,39.175504,-86.527104
2014,12,4,Weekday,900,2-Car,No injury/unknown,FAILURE TO YIELD RIGHT OF WAY,E 13TH & N INDIANA,39.175504,-86.527104
2014,4,5,Weekday,1200,2-Car,No injury/unknown,OTHER (DRIVER) - EXPLAIN IN NARRATIVE,13TH ST & FESS,39.17542019,-86.52540133
2014,1,4,Weekday,1000,1-Car,Non-incapacitating,RAN OFF ROAD RIGHT,N WALNUT ST,39.17541322,-86.53345078
2014,1,1,Weekend,1700,1-Car,No injury/unknown,RAN OFF ROAD RIGHT,BUSINESS 37 N HWY & OLD STATE  37 N,39.17537215,-86.53484009
2014,4,7,Weekend,1700,2-Car,No injury/unknown,IMPROPER TURNING,FEE LN & FOSTER CIRCLE,39.17535614,-86.5190317
2014,2,2,Weekday,1400,2-Car,No injury/unknown,UNSAFE BACKING,THIRTEENTH & WOODLAWN AVE,39.17535349,-86.52355953
2014,11,5,Weekday,1200,2-Car,No injury/unknown,LEFT OF CENTER,EAST 13TH & WOODLAWN,39.175344,-86.523488
2014,3,7,Weekend,300,2-Car,No injury/unknown,IMPROPER TURNING,E 13TH ST,39.175296,-86.522416
2014,5,3,Weekday,800,2-Car,No injury/unknown,FAILURE TO YIELD RIGHT OF WAY,RUSSELL RD,39.17527603,-86.48120966
2014,10,2,Weekday,1200,2-Car,No injury/unknown,UNSAFE BACKING,S COLLEGE MALL,39.17525388,-86.53475004
2014,2,1,Weekend,1500,2-Car,Non-incapacitating,TRAFFIC CONTROL INOPERATIVE/MISSING/OBSC,INDIANA AVE & THIRTEENTH,39.17524746,-86.52701896
2014,7,5,Weekday,800,2-Car,No injury/unknown,UNSAFE BACKING,NORTH FEE LN,39.17524114,-86.51896409
2014,8,2,Weekday,2300,2-Car,No injury/unknown,OTHER (DRIVER) - EXPLAIN IN NARRATIVE,NORTH FEE LN,39.17524114,-86.51896409
2014,5,3,Weekday,1000,2-Car,No injury/unknown,IMPROPER TURNING,13TH & WALNUT GRV,39.175232,-86.520976
2014,11,3,Weekday,600,2-Car,No injury/unknown,FAILURE TO YIELD RIGHT OF WAY,13TH & WALNUT GROVE,39.175232,-86.520976
2014,2,3,Weekday,1600,Bus,No injury/unknown,UNSAFE LANE MOVEMENT,NORTH ILLINOIS ST & WEST 13TH,39.175152,-86.55152
2014,10,6,Weekday,1800,2-Car,No injury/unknown,UNSAFE BACKING,N ILLINOIS ST & W 13TH,39.175152,-86.55152
2014,9,3,Weekday,1400,2-Car,No injury/unknown,IMPROPER TURNING,13TH & JACKSON ST,39.175152,-86.53976
2014,6,5,Weekday,1300,2-Car,No injury/unknown,UNSAFE BACKING,N FEE LN,39.175152,-86.518992
2014,8,5,Weekday,1500,2-Car,No injury/unknown,UNSAFE BACKING,N FEE LN,39.175152,-86.518992
2014,12,2,Weekday,300,1-Car,No injury/unknown,RAN OFF ROAD RIGHT,E 10TH,39.175152,-86.4812
2014,8,2,Weekday,1100,1-Car,No injury/unknown,DRIVER DISTRACTED - EXPLAIN IN NARRATIVE,INDIANA AVE & THIRTEENTH,39.17507496,-86.52701385
2014,8,7,Weekend,1500,3+ Cars,No injury/unknown,UNSAFE SPEED,SR37N & VERNAL,39.17506668,-86.56448965
2014,8,3,Weekday,1500,2-Car,No injury/unknown,FOLLOWING TOO CLOSELY,N CRESCENT & W VERNAL PIKE,39.17504,-86.556496
2014,4,4,Weekday,800,Bus,No injury/unknown,FOLLOWING TOO CLOSELY,N BLAIR & W 14TH ST,39.17504,-86.543792
2014,2,3,Weekday,1600,2-Car,No injury/unknown,FOLLOWING TOO CLOSELY,SR37 & SR45,39.17492206,-86.56444722
2014,8,1,Weekend,1400,3+ Cars,Non-incapacitating,FAILURE TO YIELD RIGHT OF WAY,JORDAN AVE & LAW,39.17476808,-86.51466999
2014,1,4,Weekday,1000,2-Car,Non-incapacitating,IMPROPER LANE USAGE,14TH & COLLEGE AVE,39.17461081,-86.534752
2014,3,5,Weekday,1400,3+ Cars,No injury/unknown,UNSAFE SPEED,SR37N & VERNAL,39.17458591,-86.56491925
2014,9,2,Weekday,1200,2-Car,No injury/unknown,UNSAFE BACKING,E 12TH ST & N WASHINGTO,39.17438015,-86.53229138
2014,4,3,Weekday,900,2-Car,No injury/unknown,FAILURE TO YIELD RIGHT OF WAY,E 12TH ST & WASHINGTON,39.174368,-86.5324
2014,5,3,Weekday,1800,Cyclist,Non-incapacitating,FAILURE TO YIELD RIGHT OF WAY,E 12TH ST & N INDIANA,39.174368,-86.527088
2014,11,4,Weekday,1100,Moped/Motorcycle,Non-incapacitating,FAILURE TO YIELD RIGHT OF WAY,12TH & INDIANA,39.174368,-86.527088
2014,11,4,Weekday,900,2-Car,No injury/unknown,FAILURE TO YIELD RIGHT OF WAY,12TH & INDIANA,39.174368,-86.527088
2014,8,5,Weekday,1600,2-Car,No injury/unknown,UNSAFE BACKING,INDIANA & TWELVETH ST,39.17436283,-86.52699273
2014,3,6,Weekday,1800,Moped/Motorcycle,Incapacitating,RAN OFF ROAD RIGHT,12TH & NORTH OOLITIC DR,39.174352,-86.5536
2014,3,1,Weekend,300,1-Car,No injury/unknown,ROADWAY SURFACE CONDITION,N LINDBERGH & W 12TH ST,39.174352,-86.552592
2014,8,3,Weekday,1800,Moped/Motorcycle,Non-incapacitating,DISREGARD SIGNAL/REG SIGN,N LINDBERGH DR & W 12TH,39.174352,-86.552592
2014,11,2,Weekday,2100,2-Car,No injury/unknown,UNSAFE BACKING,W 12TH,39.174352,-86.552592
2014,1,1,Weekend,800,2-Car,No injury/unknown,UNSAFE BACKING,N SUMMIT ST & W 12TH,39.174352,-86.548
2014,3,1,Weekend,1700,2-Car,No injury/unknown,FAILURE TO YIELD RIGHT OF WAY,N MONROE ST & W 12TH,39.174352,-86.547104
2014,2,3,Weekday,1000,2-Car,No injury/unknown,WRONG WAY ON ONE WAY,E 12TH & N WALNUT ST,39.174352,-86.533472
2014,5,6,Weekday,300,Cyclist,Non-incapacitating,FAILURE TO YIELD RIGHT OF WAY,12TH & N WALNUT ST,39.174352,-86.533472
2014,12,6,Weekday,1200,2-Car,No injury/unknown,FOLLOWING TOO CLOSELY,JORDAN & LAW,39.17428336,-86.51500043
2014,12,6,Weekday,1400,2-Car,No injury/unknown,,MAPLE & WEST 12TH,39.17416,-86.542032
2014,9,5,Weekday,800,Cyclist,Non-incapacitating,FAILURE TO YIELD RIGHT OF WAY,FEE LN & LAW,39.174048,-86.518896
2014,12,5,Weekday,1400,Bus,No injury/unknown,OTHER (DRIVER) - EXPLAIN IN NARRATIVE,FEE & LAW,39.174048,-86.518896
2014,5,6,Weekday,1700,2-Car,No injury/unknown,SPEED TOO FAST FOR WEATHER CONDITIONS,FEE & LAW LN,39.1739436,-86.51820314
2014,10,4,Weekday,1200,2-Car,No injury/unknown,,E 14TH & SR46,39.17379261,-86.5007414
2014,7,3,Weekday,1700,2-Car,No injury/unknown,FOLLOWING TOO CLOSELY,SR37N & VERNAL,39.17377399,-86.56631801
2014,9,4,Weekday,1900,2-Car,No injury/unknown,OTHER (DRIVER) - EXPLAIN IN NARRATIVE,E LAW LN & N FOSTER,39.17374496,-86.5174614
2014,7,4,Weekday,700,2-Car,No injury/unknown,UNSAFE BACKING,NORTH WALNUT GRV,39.17363048,-86.52095496
2014,1,3,Weekday,1500,Pedestrian,Non-incapacitating,PEDESTRIAN ACTION,E LAW LN & FEE,39.17360135,-86.51666031
2014,3,7,Weekend,100,2-Car,No injury/unknown,,N WASHINGTON ST,39.17357257,-86.5324
2014,1,6,Weekday,100,2-Car,No injury/unknown,VIEW OBSTRUCTED,JORDAN AVE & LAW,39.173552,-86.515488
2014,4,5,Weekday,1400,2-Car,No injury/unknown,FAILURE TO YIELD RIGHT OF WAY,JORDAN AVE & LAW,39.173552,-86.515488
2014,10,5,Weekday,100,2-Car,No injury/unknown,UNSAFE BACKING,E LAW & N JORDAN,39.173552,-86.515488
2014,8,4,Weekday,1500,2-Car,No injury/unknown,SPEED TOO FAST FOR WEATHER CONDITIONS,SR45 & SR46,39.17344351,-86.5032716
2014,9,2,Weekday,900,2-Car,No injury/unknown,UNSAFE BACKING,E 11TH & N WASHINGTON ST,39.17344,-86.5324
2014,3,6,Weekday,200,2-Car,No injury/unknown,OTHER (DRIVER) - EXPLAIN IN NARRATIVE,11TH ST & LINCOLN,39.17344,-86.530992
2014,3,4,Weekday,2300,2-Car,No injury/unknown,OTHER (DRIVER) - EXPLAIN IN NARRATIVE,N GRANT ST,39.17344,-86.529696
2014,11,2,Weekday,800,2-Car,No injury/unknown,FAILURE TO YIELD RIGHT OF WAY,DUNN & E 11TH,39.17344,-86.528288
2014,8,2,Weekday,1000,2-Car,Non-incapacitating,WRONG WAY ON ONE WAY,11TH & INDIANA AVE,39.17344,-86.527056
2014,3,4,Weekday,1200,2-Car,No injury/unknown,FAILURE TO YIELD RIGHT OF WAY,11TH ST & PARK,39.17344,-86.524672
2014,5,6,Weekday,1700,2-Car,No injury/unknown,FOLLOWING TOO CLOSELY,S COLLEGE AVE & SMITH,39.17342398,-86.53494
2014,2,1,Weekend,0,2-Car,No injury/unknown,SPEED TOO FAST FOR WEATHER CONDITIONS,JORDAN AVE & LAW,39.17341527,-86.51550441
2014,11,4,Weekday,1100,1-Car,No injury/unknown,,N MAPLE & W 11TH,39.173408,-86.542
2014,3,2,Weekday,1500,Pedestrian,Non-incapacitating,DRIVER DISTRACTED - EXPLAIN IN NARRATIVE,1200 BLK W 11TH ST & ADAMS,39.173344,-86.54802772
2014,6,1,Weekday,2000,2-Car,No injury/unknown,FAILURE TO YIELD RIGHT OF WAY,11TH ST & MONROE,39.173344,-86.54745686
2014,3,1,Weekend,800,1-Car,No injury/unknown,UNSAFE SPEED,11TH & VERNAL PIKE,39.173344,-86.555104
2014,8,2,Weekday,1500,Cyclist,Non-incapacitating,FOLLOWING TOO CLOSELY,N LINDBERGH & W 11TH ST,39.173344,-86.552592
2014,7,3,Weekday,1000,2-Car,No injury/unknown,UNSAFE BACKING,NORTH ALEXANDER & WEST 11TH ST,39.173344,-86.549296
2014,8,6,Weekend,2100,2-Car,No injury/unknown,UNSAFE BACKING,W 11TH ST,39.173344,-86.54734825
2014,12,5,Weekday,1800,Bus,No injury/unknown,FAILURE TO YIELD RIGHT OF WAY,ELEVENTH & WOODLAWN,39.1732988,-86.52353958
2014,10,3,Weekday,1500,2-Car,Non-incapacitating,FOLLOWING TOO CLOSELY,11TH & FEE,39.1732908,-86.51898623
2014,5,6,Weekday,1700,2-Car,Non-incapacitating,FAILURE TO YIELD RIGHT OF WAY,11TH ST & N MORTON,39.17326972,-86.53605982
2014,7,5,Weekday,1400,2-Car,No injury/unknown,IMPROPER TURNING,11TH & N WALNUT ST,39.173248,-86.533488
2014,10,3,Weekday,1300,Bus,No injury/unknown,FOLLOWING TOO CLOSELY,N WALNUT & W 11TH,39.173248,-86.533488
2014,12,2,Weekday,1900,1-Car,No injury/unknown,IMPROPER LANE USAGE,11TH & WALNUT,39.173248,-86.533488
2014,5,4,Weekday,1300,2-Car,No injury/unknown,UNSAFE BACKING,11TH ST & WALNUT,39.17324465,-86.53375261
2014,1,5,Weekday,1800,Pedestrian,Non-incapacitating,FAILURE TO YIELD RIGHT OF WAY,11TH & COLLEGE AVE,39.173232,-86.534752
2014,6,3,Weekday,1500,2-Car,No injury/unknown,DISREGARD SIGNAL/REG SIGN,N COLLEGE AVE & W 11TH,39.173232,-86.534752
2014,8,6,Weekday,1600,3+ Cars,No injury/unknown,FOLLOWING TOO CLOSELY,S COLLEGE AVE & W 11TH,39.173232,-86.534752
2014,9,6,Weekday,1500,2-Car,No injury/unknown,VIEW OBSTRUCTED,11TH & COLLEGE AVE,39.173232,-86.534752
2014,10,3,Weekday,2200,3+ Cars,No injury/unknown,SPEED TOO FAST FOR WEATHER CONDITIONS,N COLLEGE AVE & W 11TH,39.173232,-86.534752
2014,12,1,Weekday,2100,2-Car,No injury/unknown,OTHER (DRIVER) - EXPLAIN IN NARRATIVE,N COLLEGE,39.173232,-86.534752
2014,9,4,Weekday,1400,Bus,Non-incapacitating,DISREGARD SIGNAL/REG SIGN,11TH ST & MORTON,39.173216,-86.536
2014,9,6,Weekend,2000,2-Car,No injury/unknown,FAILURE TO YIELD RIGHT OF WAY,11TH ST & MORTON,39.173216,-86.536
2014,10,6,Weekend,2100,2-Car,No injury/unknown,FAILURE TO YIELD RIGHT OF WAY,N MORTON & W 11TH ST,39.173216,-86.536
2014,10,7,Weekend,1600,2-Car,No injury/unknown,FAILURE TO YIELD RIGHT OF WAY,11TH & MORTON,39.173216,-86.536
2014,5,2,Weekday,2100,3+ Cars,No injury/unknown,OTHER (DRIVER) - EXPLAIN IN NARRATIVE,N WOODBRIDGE DR,39.17319998,-86.49275287
2014,7,3,Weekday,1200,Cyclist,No injury/unknown,DISREGARD SIGNAL/REG SIGN,11TH & ROGERS ST,39.173184,-86.538528
2014,7,4,Weekday,1100,Cyclist,Non-incapacitating,RAN OFF ROAD RIGHT,N ROGERS ST & W 11TH,39.173184,-86.538528
2014,11,3,Weekday,1500,Bus,No injury/unknown,LEFT OF CENTER,11TH & ROGERS,39.173184,-86.538528
2014,11,5,Weekday,700,2-Car,Non-incapacitating,FAILURE TO YIELD RIGHT OF WAY,N ROGERS & W 11TH,39.173184,-86.538528
2014,11,3,Weekday,1900,2-Car,Incapacitating,IMPROPER TURNING,11TH & ROGERS,39.173184,-86.538528
2014,2,7,Weekend,1600,1-Car,Non-incapacitating,RAN OFF ROAD RIGHT,N FAIRVIEW ST ST & W 11TH,39.173152,-86.5408
2014,2,7,Weekend,1600,1-Car,Non-incapacitating,RAN OFF ROAD RIGHT,N FAIRVIEW & W 11TH ST,39.173152,-86.5408
2014,2,7,Weekend,1600,2-Car,Non-incapacitating,RAN OFF ROAD RIGHT,N FAIRVIEW & W 11TH ST,39.173152,-86.5408
2014,10,3,Weekday,900,Bus,No injury/unknown,FAILURE TO YIELD RIGHT OF WAY,N FAIRVIEW & W 11TH,39.173152,-86.5408
2014,9,6,Weekday,1600,3+ Cars,Non-incapacitating,FOLLOWING TOO CLOSELY,10TH & SR46S,39.17314781,-86.50297321
2014,3,5,Weekday,1600,2-Car,No injury/unknown,UNSAFE BACKING,EAST LAW LN,39.17302832,-86.51339918
2014,7,2,Weekday,1000,2-Car,No injury/unknown,UNSAFE BACKING,LAW LN,39.17302832,-86.51339918
2014,9,3,Weekday,1400,2-Car,No injury/unknown,UNSAFE BACKING,LAW LN,39.17302832,-86.51339918
2014,5,5,Weekday,1100,Cyclist,No injury/unknown,FAILURE TO YIELD RIGHT OF WAY,11TH & COLLEGE AVE,39.17302602,-86.53475422
2014,1,1,Weekday,1900,1-Car,No injury/unknown,RAN OFF ROAD RIGHT,11TH & WALNUT ST,39.1729734,-86.53349523
2014,8,4,Weekday,2000,2-Car,No injury/unknown,UNSAFE BACKING,NORTH FORREST AVE,39.17291755,-86.5224431
2014,10,3,Weekday,1700,2-Car,No injury/unknown,UNSAFE SPEED,SR37 & VERNAL,39.17286022,-86.56731864
2014,9,6,Weekday,1600,2-Car,No injury/unknown,FOLLOWING TOO CLOSELY,SR37N & VERNAL,39.17285105,-86.56762445
2014,7,5,Weekday,0,2-Car,No injury/unknown,UNSAFE BACKING,N FEE LN,39.17281455,-86.51879273
2014,8,1,Weekend,1500,2-Car,No injury/unknown,UNSAFE BACKING,N FEE LN,39.17281455,-86.51879273
2014,9,3,Weekday,1800,2-Car,No injury/unknown,UNSAFE BACKING,N FEE LN,39.17281455,-86.51879273
2014,2,6,Weekday,1500,2-Car,No injury/unknown,FAILURE TO YIELD RIGHT OF WAY,10TH ST & SMITH,39.172752,-86.482288
2014,2,2,Weekday,1500,2-Car,No injury/unknown,FOLLOWING TOO CLOSELY,10TH & SMITH RD,39.172752,-86.482288
2014,5,7,Weekend,1700,2-Car,No injury/unknown,FAILURE TO YIELD RIGHT OF WAY,10TH ST & SMITH,39.172752,-86.482288
2014,6,5,Weekday,1700,2-Car,Non-incapacitating,FOLLOWING TOO CLOSELY,E 10TH & N SMITH RD,39.172752,-86.482288
2014,9,4,Weekday,1800,2-Car,No injury/unknown,FOLLOWING TOO CLOSELY,10TH & SMITH RD,39.172752,-86.482288
2014,10,4,Weekday,300,1-Car,No injury/unknown,DISREGARD SIGNAL/REG SIGN,10TH ST & SMITH,39.172752,-86.482288
2014,11,5,Weekday,2000,2-Car,No injury/unknown,FAILURE TO YIELD RIGHT OF WAY,E 10TH & SMITH,39.172752,-86.482288
2014,3,1,Weekend,300,1-Car,No injury/unknown,RAN OFF ROAD RIGHT,W VERNAL PIKE,39.172704,-86.655888
2014,10,5,Weekday,900,1-Car,No injury/unknown,RAN OFF ROAD RIGHT,W VERNAL PIKE,39.172704,-86.655888
2014,7,4,Weekday,1300,1-Car,No injury/unknown,OTHER (VEHICLE) - EXPLAIN IN NARRATIVE,NORTH WALNUT GROVE AVE,39.17265013,-86.52094356
2014,8,5,Weekday,1500,2-Car,No injury/unknown,,NORTH WALNUT GRV,39.17265013,-86.52094356
2014,9,4,Weekday,1300,2-Car,Non-incapacitating,UNSAFE SPEED,10TH & SR46E,39.17264788,-86.5026808
2014,9,6,Weekday,1200,2-Car,No injury/unknown,WRONG WAY ON ONE WAY,COTTAGE GROVE AVE & GRANT,39.17264,-86.529696
2014,9,3,Weekday,1600,2-Car,No injury/unknown,FAILURE TO YIELD RIGHT OF WAY,COTTAGE GROVE & DUNN ST,39.17264,-86.528272
2014,2,7,Weekend,2200,2-Car,No injury/unknown,,E COTTAGE GROVE AVE & N INDIANA,39.17264,-86.52704
2014,12,4,Weekday,1200,2-Car,No injury/unknown,FAILURE TO YIELD RIGHT OF WAY,E COTTAGE GROVE & N INDIANA,39.17264,-86.52704
2014,4,2,Weekday,1700,1-Car,No injury/unknown,RAN OFF ROAD RIGHT,COTTAGE GROVE AVE & PARK,39.17264,-86.52464
2014,10,4,Weekday,1800,2-Car,No injury/unknown,FAILURE TO YIELD RIGHT OF WAY,COTTAGE GROVE & PARK AVE,39.17264,-86.52464
2014,1,6,Weekday,1500,2-Car,No injury/unknown,FAILURE TO YIELD RIGHT OF WAY,COTTAGE GROVE & WOODLAWN AVE,39.17264,-86.523584
2014,2,4,Weekday,1800,2-Car,No injury/unknown,FAILURE TO YIELD RIGHT OF WAY,COTTAGE GROVE & WOODLAWN AVE,39.17264,-86.523584
2014,11,2,Weekday,900,2-Car,No injury/unknown,DISREGARD SIGNAL/REG SIGN,E COTTAGE GROVE & N WOODLAWN,39.17264,-86.523584
2014,8,7,Weekend,1300,2-Car,No injury/unknown,SPEED TOO FAST FOR WEATHER CONDITIONS,SR46 & UNIONVILLE,39.17259918,-86.50282808
2014,12,5,Weekday,1000,2-Car,No injury/unknown,UNSAFE BACKING,WHITEHALL CROSSING,39.17259598,-86.57152557
2014,9,5,Weekday,1400,2-Car,No injury/unknown,IMPROPER TURNING,W WHITEHALL CROSSING DR,39.17259598,-86.57152557
2014,5,5,Weekday,1700,2-Car,No injury/unknown,FAILURE TO YIELD RIGHT OF WAY,COTTAGE GROVE ST & PARK,39.17253545,-86.52467126
2014,11,1,Weekend,1600,2-Car,No injury/unknown,UNSAFE BACKING,NORTH FEE,39.17250261,-86.51898354
2014,1,5,Weekday,1800,2-Car,No injury/unknown,IMPROPER LANE USAGE,NORTH FEE LN,39.17250261,-86.51898354
2014,2,6,Weekday,1200,1-Car,No injury/unknown,UNSAFE LANE MOVEMENT,NORTH FEE LN,39.17250261,-86.51898354
2014,3,6,Weekday,1700,2-Car,No injury/unknown,UNSAFE BACKING,NORTH UNION ST,39.17247444,-86.50959178
2014,2,6,Weekday,1600,2-Car,No injury/unknown,SPEED TOO FAST FOR WEATHER CONDITIONS,11TH & COLLEGE AVE,39.17240806,-86.53476086
2014,9,3,Weekday,1600,2-Car,No injury/unknown,UNSAFE BACKING,RANGE & SR45,39.17239897,-86.4967649
2014,10,4,Weekday,1200,2-Car,No injury/unknown,UNSAFE SPEED,10TH & SR46S,39.17239791,-86.5025346
2014,2,6,Weekday,1600,2-Car,No injury/unknown,LEFT OF CENTER,10TH ST & SMITH,39.17237698,-86.48280365
2014,4,5,Weekday,1300,Pedestrian,Non-incapacitating,OTHER (DRIVER) - EXPLAIN IN NARRATIVE,COTTAGE GROVE AVE & SUMMIT,39.172336,-86.548192
2014,2,7,Weekend,200,2-Car,No injury/unknown,LEFT OF CENTER,BARRINGTON DR,39.17226188,-86.48843452
2014,2,5,Weekday,1700,1-Car,No injury/unknown,VIEW OBSTRUCTED,NORTH UNION ST,39.172144,-86.509392
2014,7,4,Weekday,1500,2-Car,No injury/unknown,UNSAFE BACKING,N UNION CT,39.172144,-86.509392
2014,12,4,Weekday,1800,1-Car,No injury/unknown,UNSAFE BACKING,N UNION,39.172144,-86.509392
2014,12,4,Weekday,1400,2-Car,No injury/unknown,UNSAFE BACKING,N UNION,39.172144,-86.509392
2014,3,6,Weekday,1000,1-Car,No injury/unknown,UNSAFE BACKING,NORTH RANGE RD,39.17209692,-86.4954552
2014,9,6,Weekend,2200,2-Car,No injury/unknown,UNSAFE BACKING,SMITH RD,39.172048,-86.4816
2014,4,1,Weekend,300,1-Car,No injury/unknown,ANIMAL/OBJECT IN ROADWAY,PARK RIDGE RD & WILTSHIRE,39.172048,-86.4732