Year,Month,Day,Weekend?,Hour,Collision Type,Injury Type,Primary Factor,Reported_Location,Latitude,Longitude
2014,11,6,Weekday,1000,2-Car,No injury/unknown,UNSAFE BACKING,N WALNUT,39.17091135,-86.5335311
2014,4,3,Weekday,700,1-Car,No injury/unknown,IMPROPER TURNING,S COLLEGE AVE,39.17088686,-86.534768
2014,9,4,Weekday,1600,2-Car,Non-incapacitating,FOLLOWING TOO CLOSELY,S COLLEGE AVE,39.17088686,-86.534768
2014,11,3,Weekday,1700,2-Car,No injury/unknown,UNSAFE BACKING,S COLLEGE,39.17088686,-86.534768
2014,9,6,Weekday,600,Pedestrian,Non-incapacitating,FAILURE TO YIELD RIGHT OF WAY,S WALNUT ST,39.1707889,-86.53353274
2014,3,7,Weekend,1400,2-Car,No injury/unknown,LEFT OF CENTER,10TH & JORDAN AVE,39.17073106,-86.51581866
2014,3,1,Weekend,1400,2-Car,No injury/unknown,FAILURE TO YIELD RIGHT OF WAY,JOHN HINKLE & PETE ELLIS DR,39.17072,-86.4956
2014,4,2,Weekday,1900,Bus,No injury/unknown,FOLLOWING TOO CLOSELY,JOHN HINKLE & N PETE ELLIS DR,39.17072,-86.4956
2014,4,2,Weekday,1000,2-Car,No injury/unknown,FAILURE TO YIELD RIGHT OF WAY,JOHN HINKLE & PETE ELLIS DR,39.17072,-86.4956
2014,5,5,Weekday,900,Bus,No injury/unknown,UNSAFE BACKING,PETE ELLIS DR,39.17072,-86.4956
2014,8,4,Weekday,1200,1-Car,No injury/unknown,UNSAFE BACKING,SOUTH WALNUT ST,39.17071543,-86.53353371
2014,8,3,Weekday,200,2-Car,No injury/unknown,UNSAFE BACKING,N WASHINGTON ST,39.17071314,-86.5324
2014,8,2,Weekday,1500,1-Car,No injury/unknown,DRIVER DISTRACTED - EXPLAIN IN NARRATIVE,E JOHN HINKLE PL,39.17069457,-86.49478104
2014,3,6,Weekend,1900,Moped/Motorcycle,Non-incapacitating,UNSAFE LANE MOVEMENT,9TH & COLLEGE AVE,39.17068133,-86.534768
2014,4,4,Weekday,1500,Cyclist,Non-incapacitating,UNSAFE SPEED,10TH & UNION ST,39.17064813,-86.50936
2014,5,3,Weekday,800,2-Car,No injury/unknown,FAILURE TO YIELD RIGHT OF WAY,E JOHN HINKLE PL,39.17064462,-86.4931729
2014,5,3,Weekday,800,2-Car,No injury/unknown,FAILURE TO YIELD RIGHT OF WAY,E JOHN HINKLE PL,39.17064462,-86.4931729
2014,7,5,Weekday,1400,1-Car,No injury/unknown,OTHER (DRIVER) - EXPLAIN IN NARRATIVE,N COLLEGE AVE,39.17059298,-86.534768
2014,2,5,Weekday,1500,2-Car,No injury/unknown,UNSAFE LANE MOVEMENT,NORTH COLLEGE AVE & WEST 9TH,39.170544,-86.534768
2014,4,6,Weekday,900,2-Car,No injury/unknown,IMPROPER LANE USAGE,9TH & COLLEGE AVE,39.170544,-86.534768
2014,4,4,Weekday,1300,2-Car,No injury/unknown,UNSAFE LANE MOVEMENT,9TH & COLLEGE AVE,39.170544,-86.534768
2014,5,3,Weekday,1900,1-Car,No injury/unknown,OVERSIZE/OVERWEIGHT LOAD,COLLEGE AVE,39.170544,-86.534768
2014,10,5,Weekday,900,2-Car,No injury/unknown,IMPROPER LANE USAGE,N COLLEGE & W 9TH,39.170544,-86.534768
2014,1,7,Weekend,300,2-Car,No injury/unknown,ROADWAY SURFACE CONDITION,100 WEST 9TH ST & NORTH WALNUT,39.170544,-86.533536
2014,2,4,Weekday,1800,3+ Cars,No injury/unknown,FOLLOWING TOO CLOSELY,9TH & WALNUT ST,39.170544,-86.533536
2014,3,5,Weekday,2000,2-Car,No injury/unknown,FAILURE TO YIELD RIGHT OF WAY,9TH & NORTH WALNUT ST,39.170544,-86.533536
2014,4,7,Weekend,2300,2-Car,No injury/unknown,IMPROPER PASSING,9TH ST & WALNUT,39.170544,-86.533536
2014,8,6,Weekday,1500,2-Car,Non-incapacitating,FOLLOWING TOO CLOSELY,N WALNUT ST & W 9TH,39.170544,-86.533536
2014,8,5,Weekday,1300,2-Car,No injury/unknown,UNSAFE BACKING,E 9TH ST & N WALNUT,39.170544,-86.533536
2014,10,7,Weekend,1200,1-Car,No injury/unknown,RAN OFF ROAD RIGHT,9TH ST & WALNUT,39.170544,-86.533536
2014,1,3,Weekday,1300,2-Car,Non-incapacitating,FAILURE TO YIELD RIGHT OF WAY,EAST 9TH & NORTH WASHINGTON ST,39.170544,-86.5324
2014,3,1,Weekend,1200,2-Car,No injury/unknown,FAILURE TO YIELD RIGHT OF WAY,E 9TH & N WASHINGTON ST,39.170544,-86.5324
2014,5,2,Weekday,1600,2-Car,No injury/unknown,FAILURE TO YIELD RIGHT OF WAY,9TH & GRANT ST,39.170544,-86.529696
2014,8,6,Weekday,1500,2-Car,No injury/unknown,IMPROPER TURNING,9TH ST & DUNN,39.170544,-86.52843406
2014,4,6,Weekday,1500,1-Car,No injury/unknown,RAN OFF ROAD RIGHT,EAST 9TH ST,39.170544,-86.52394743
2014,1,4,Weekday,1400,2-Car,No injury/unknown,FOLLOWING TOO CLOSELY,9TH & WOODLAWN AVE,39.170544,-86.523488
2014,10,5,Weekday,1100,2-Car,No injury/unknown,UNSAFE SPEED,9TH & WOODLAWN AVE,39.170544,-86.523488
2014,10,1,Weekday,2200,2-Car,No injury/unknown,IMPROPER TURNING,9TH & WOODLAWN,39.170544,-86.523488
2014,10,3,Weekday,1700,2-Car,No injury/unknown,FAILURE TO YIELD RIGHT OF WAY,BLOOMFIELD & LANDMARK,39.17051299,-86.55382007
2014,9,7,Weekend,1100,2-Car,No injury/unknown,UNSAFE BACKING,E JAMES RD,39.17047882,-86.44799041
2014,9,6,Weekday,1300,3+ Cars,No injury/unknown,FOLLOWING TOO CLOSELY,9TH & COLLEGE AVE,39.1704601,-86.53485015
2014,8,4,Weekday,1500,2-Car,No injury/unknown,UNSAFE SPEED,10TH & JORDAN AVE,39.17045742,-86.51584888
2014,9,7,Weekend,1600,2-Car,No injury/unknown,UNSAFE BACKING,FESS AVE & NINTH,39.1704472,-86.52579994
2014,12,2,Weekday,2300,2-Car,No injury/unknown,OTHER (DRIVER) - EXPLAIN IN NARRATIVE,9TH & LINCOLN,39.17043414,-86.530992
2014,5,2,Weekday,1600,2-Car,No injury/unknown,UNSAFE BACKING,7TH & JORDAN AVE,39.17037688,-86.51690505
2014,9,7,Weekend,1000,2-Car,No injury/unknown,UNSAFE BACKING,8TH & ROOSEVELT ST,39.17034372,-86.50599374
2014,1,6,Weekday,900,1-Car,No injury/unknown,UNSAFE BACKING,N CABOT CT,39.17028767,-86.47615282
2014,7,5,Weekday,1300,Moped/Motorcycle,Non-incapacitating,DISREGARD SIGNAL/REG SIGN,JACOB DR & SUSAN,39.17026028,-86.57266996
2014,4,6,Weekday,1100,2-Car,No injury/unknown,,EAST EASTGATE LN,39.17024,-86.501392
2014,12,7,Weekend,800,2-Car,No injury/unknown,FOLLOWING TOO CLOSELY,5190 EAST STATE ROAD 45 & SR45E,39.17024,-86.501392
2014,11,2,Weekday,1800,3+ Cars,Non-incapacitating,FOLLOWING TOO CLOSELY,EASTGATE & SR46N,39.17024,-86.501392
2014,12,5,Weekday,1700,2-Car,No injury/unknown,SPEED TOO FAST FOR WEATHER CONDITIONS,EASTGATE & SR46N,39.17024,-86.501392
2014,4,2,Weekday,1200,2-Car,No injury/unknown,FAILURE TO YIELD RIGHT OF WAY,DANIELS WAY & ZENITH,39.17015031,-86.59829981
2014,9,6,Weekday,1700,1-Car,No injury/unknown,RAN OFF ROAD RIGHT,PARK RIDGE & SHEFFIELD DR,39.170144,-86.474896
2014,11,7,Weekend,1300,2-Car,No injury/unknown,,NORTH COLLEGE,39.17009861,-86.53477518
2014,4,7,Weekend,900,2-Car,No injury/unknown,,N GATES DR,39.1698761,-86.57495117
2014,4,3,Weekday,1800,2-Car,No injury/unknown,IMPROPER TURNING,N GATES DR,39.1698761,-86.57495117
2014,4,4,Weekday,1100,2-Car,No injury/unknown,UNSAFE BACKING,N GATES DR,39.1698761,-86.57495117
2014,5,7,Weekend,1000,2-Car,No injury/unknown,OTHER (DRIVER) - EXPLAIN IN NARRATIVE,NORTH GATES DR,39.1698761,-86.57495117
2014,10,3,Weekday,1700,2-Car,No injury/unknown,FAILURE TO YIELD RIGHT OF WAY,N GATES,39.1698761,-86.57495117
2014,8,7,Weekend,1800,2-Car,No injury/unknown,,NORTH GATES DR,39.169876,-86.574951
2014,2,3,Weekday,1400,1-Car,No injury/unknown,OTHER (DRIVER) - EXPLAIN IN NARRATIVE,ADAMS ST & W VERNAL,39.16984,-86.549696
2014,4,3,Weekday,1300,1-Car,No injury/unknown,OTHER (DRIVER) - EXPLAIN IN NARRATIVE,ADAMS ST & VERNAL,39.16984,-86.549696
2014,4,4,Weekday,1200,1-Car,No injury/unknown,DISREGARD SIGNAL/REG SIGN,N ADAMS ST & VERNAL,39.16984,-86.549696
2014,4,6,Weekday,1500,3+ Cars,No injury/unknown,FOLLOWING TOO CLOSELY,ADAMS ST & VERNAL,39.16984,-86.549696
2014,8,4,Weekday,1500,1-Car,No injury/unknown,OVERSIZE/OVERWEIGHT LOAD,ADAMS ST & VERNAL,39.16984,-86.549696
2014,6,5,Weekday,0,2-Car,No injury/unknown,,N FESS AVE,39.16979265,-86.52571527
2014,9,1,Weekend,1600,1-Car,No injury/unknown,OVERCORRECTING/OVERSTEERING,N INDIANA AVE,39.16976751,-86.52696522
2014,9,6,Weekend,1900,2-Car,No injury/unknown,,S GRANT ST,39.16975445,-86.529696
2014,3,2,Weekday,1000,2-Car,No injury/unknown,IMPROPER TURNING,N COLLEGE AVE,39.1697342,-86.53478106
2014,1,6,Weekend,2200,2-Car,No injury/unknown,OTHER (DRIVER) - EXPLAIN IN NARRATIVE,W 8TH ST,39.16972931,-86.55493061
2014,11,4,Weekday,900,1-Car,No injury/unknown,UNSAFE BACKING,SPRING & W 8TH,39.169728,-86.5548
2014,9,3,Weekday,2000,3+ Cars,No injury/unknown,DRIVER DISTRACTED - EXPLAIN IN NARRATIVE,8TH & LINCOLN ST,39.16968933,-86.530992
2014,8,5,Weekday,600,1-Car,No injury/unknown,ANIMAL/OBJECT IN ROADWAY,BILL MALLORY & ST RD 446 RD,39.16968263,-86.47156007
2014,5,3,Weekday,900,2-Car,No injury/unknown,UNSAFE BACKING,400 N HOPEWELL ST & W 8TH,39.16968,-86.552192
2014,9,3,Weekday,2100,2-Car,No injury/unknown,UNSAFE BACKING,500 N ADAMS ST & W 8TH,39.169648,-86.54968
2014,7,5,Weekday,2000,Pedestrian,Non-incapacitating,FAILURE TO YIELD RIGHT OF WAY,E 8TH & N INDIANA AVE,39.169616,-86.52696
2014,12,6,Weekday,1000,2-Car,No injury/unknown,FAILURE TO YIELD RIGHT OF WAY,8TH & INDIANA,39.169616,-86.52696
2014,11,2,Weekday,800,2-Car,No injury/unknown,UNSAFE BACKING,8TH & INDIANA,39.16960922,-86.52643082
2014,12,5,Weekday,1600,2-Car,No injury/unknown,UNSAFE BACKING,8TH & FESS,39.1696,-86.525712
2014,11,2,Weekday,700,1-Car,No injury/unknown,ROADWAY SURFACE CONDITION,CAMBRIDGE & SHEFFIELD,39.1696,-86.478336
2014,5,1,Weekend,1500,2-Car,No injury/unknown,UNSAFE BACKING,N PETE ELLIS DR,39.169584,-86.495904
2014,6,6,Weekday,1300,2-Car,No injury/unknown,OTHER (DRIVER) - EXPLAIN IN NARRATIVE,N SUNRISE AVE,39.16958034,-86.51238732
2014,1,5,Weekday,1100,1-Car,No injury/unknown,OTHER (ENVIRONMENTAL) - EXPLAIN IN NARR,S MORTON AVE,39.169568,-86.536
2014,1,3,Weekday,1900,2-Car,No injury/unknown,IMPROPER TURNING,8TH & COLLEGE AVE,39.169552,-86.534784
2014,2,7,Weekend,200,2-Car,No injury/unknown,UNSAFE LANE MOVEMENT,NORTH COLLEGE AVE & WEST 8TH,39.169552,-86.534784
2014,4,3,Weekday,1000,Bus,No injury/unknown,OTHER (DRIVER) - EXPLAIN IN NARRATIVE,8TH & COLLEGE AVE,39.169552,-86.534784
2014,4,2,Weekday,1500,2-Car,No injury/unknown,IMPROPER TURNING,8TH & COLLEGE AVE,39.169552,-86.534784
2014,4,4,Weekday,1800,2-Car,No injury/unknown,IMPROPER TURNING,8TH & S COLLEGE AVE,39.169552,-86.534784
2014,4,1,Weekend,1800,2-Car,No injury/unknown,IMPROPER TURNING,8TH & N COLLEGE AVE AVE,39.169552,-86.534784
2014,6,4,Weekday,700,2-Car,No injury/unknown,IMPROPER TURNING,N COLLEGE ST & W 8TH,39.169552,-86.534784
2014,6,3,Weekday,1200,2-Car,No injury/unknown,IMPROPER TURNING,N COLLEGE AVE & W 8TH,39.169552,-86.534784
2014,9,5,Weekday,1500,2-Car,No injury/unknown,UNSAFE LANE MOVEMENT,8TH & COLLEGE AVE,39.169552,-86.534784
2014,9,6,Weekday,1200,2-Car,No injury/unknown,IMPROPER TURNING,8TH & N COLLEGE AVE,39.169552,-86.534784
2014,11,6,Weekday,1100,2-Car,No injury/unknown,UNSAFE LANE MOVEMENT,N COLLEGE & W 8TH,39.169552,-86.534784
2014,5,5,Weekday,700,2-Car,No injury/unknown,FAILURE TO YIELD RIGHT OF WAY,E 8TH & N WALNUT ST,39.169552,-86.533552
2014,9,1,Weekend,1600,2-Car,No injury/unknown,UNSAFE BACKING,N WALNUT ST,39.169552,-86.533552
2014,11,1,Weekend,300,2-Car,No injury/unknown,RAN OFF ROAD RIGHT,8TH & N WALNUT,39.169552,-86.533552
2014,4,5,Weekday,2100,2-Car,No injury/unknown,FAILURE TO YIELD RIGHT OF WAY,8TH & WASHINGTON ST,39.169552,-86.5324
2014,2,1,Weekend,1400,2-Car,No injury/unknown,FAILURE TO YIELD RIGHT OF WAY,EAST 8TH & NORTH LINCOLN ST,39.169552,-86.530992
2014,4,4,Weekday,1400,2-Car,No injury/unknown,FAILURE TO YIELD RIGHT OF WAY,8TH & LINCOLN ST,39.169552,-86.530992
2014,1,5,Weekday,1900,2-Car,No injury/unknown,FAILURE TO YIELD RIGHT OF WAY,8TH ST & WOODLAWN,39.169552,-86.52344
2014,2,6,Weekend,2000,1-Car,No injury/unknown,RAN OFF ROAD RIGHT,BUSKIRK RD & FRY,39.16952979,-86.55248179
2014,6,7,Weekend,1700,2-Car,No injury/unknown,FAILURE TO YIELD RIGHT OF WAY,COLLEGE AVE & EIGHTH,39.16950572,-86.53484886
2014,11,7,Weekend,100,2-Car,No injury/unknown,UNSAFE BACKING,8TH & NORTH CLARK,39.169472,-86.504864
2014,2,3,Weekday,1700,2-Car,No injury/unknown,UNSAFE BACKING,E 8TH ST & N FORREST,39.16946503,-86.52243684
2014,9,3,Weekday,700,Pedestrian,No injury/unknown,UNSAFE SPEED,E 8TH & N FORREST AVE,39.16945928,-86.52238299
2014,6,7,Weekend,0,Moped/Motorcycle,Non-incapacitating,ROADWAY SURFACE CONDITION,8TH & WASHINGTON ST,39.16934601,-86.5324
2014,10,1,Weekend,400,1-Car,No injury/unknown,OVERCORRECTING/OVERSTEERING,E AMY & N PETE ELLIS DR,39.169312,-86.495888
2014,9,3,Weekday,2100,2-Car,No injury/unknown,OTHER (DRIVER) - EXPLAIN IN NARRATIVE,NORTH JACOBS DR,39.16931152,-86.57286834
2014,6,6,Weekday,1300,2-Car,No injury/unknown,,WEST SEVENTH ST,39.169277,-86.537766
2014,3,5,Weekday,1400,2-Car,No injury/unknown,UNSAFE BACKING,6 TH & MORTON ST,39.16916637,-86.53611011
2014,7,3,Weekday,1600,2-Car,No injury/unknown,UNSAFE BACKING,E 7TH & N FORREST AVE,39.16897137,-86.52233031
2014,4,4,Weekday,1400,2-Car,No injury/unknown,DISREGARD SIGNAL/REG SIGN,7TH & JORDAN AVE,39.168944,-86.516016
2014,9,2,Weekday,1600,Cyclist,No injury/unknown,DISREGARD SIGNAL/REG SIGN,E 7TH & N JORDAN AVE,39.168944,-86.516016
2014,9,6,Weekend,2300,2-Car,No injury/unknown,UNSAFE BACKING,E 7TH ST & N JORDAN,39.168944,-86.516016
2014,12,3,Weekday,700,Pedestrian,Non-incapacitating,VIEW OBSTRUCTED,7TH & JORDAN,39.168944,-86.516016
2014,10,6,Weekday,1700,2-Car,No injury/unknown,UNSAFE LANE MOVEMENT,45 & SOUTH CURRY PIKE,39.16893228,-86.58264923
2014,7,4,Weekday,1000,2-Car,No injury/unknown,FOLLOWING TOO CLOSELY,7TH & COLLEGE AVE,39.16893066,-86.534784
2014,4,7,Weekend,1100,3+ Cars,No injury/unknown,UNSAFE BACKING,N GATES DR,39.16889705,-86.57647803
2014,6,5,Weekday,700,2-Car,No injury/unknown,LEFT OF CENTER,400 BLK S GRANT ST & SMITH,39.168848,-86.481296
2014,2,4,Weekday,1300,2-Car,No injury/unknown,FOLLOWING TOO CLOSELY,N GATES & W ALEXANDER DR,39.16877288,-86.57629272
2014,9,2,Weekday,800,Bus,Non-incapacitating,LEFT OF CENTER,ALEXANDER & JACOB DR,39.16877031,-86.57355979
2014,1,6,Weekday,1800,2-Car,Non-incapacitating,FOLLOWING TOO CLOSELY,ALEXANDER DR & GATES,39.16876025,-86.57642835
2014,1,6,Weekend,2200,1-Car,No injury/unknown,DRIVER DISTRACTED - EXPLAIN IN NARRATIVE,E 7TH ST,39.168752,-86.5436
2014,2,6,Weekday,1200,2-Car,No injury/unknown,UNSAFE BACKING,7TH ST,39.168752,-86.5436
2014,2,3,Weekday,1100,2-Car,No injury/unknown,,EAST 7TH ST,39.168752,-86.5436
2014,3,5,Weekday,0,2-Car,No injury/unknown,OTHER (DRIVER) - EXPLAIN IN NARRATIVE,E 7TH ST,39.168752,-86.5436
2014,5,1,Weekend,1600,2-Car,No injury/unknown,DRIVER DISTRACTED - EXPLAIN IN NARRATIVE,EAST 7TH ST,39.168752,-86.5436
2014,7,5,Weekday,1200,2-Car,No injury/unknown,FAILURE TO YIELD RIGHT OF WAY,E 7TH ST,39.168752,-86.5436
2014,9,2,Weekday,1200,2-Car,No injury/unknown,UNSAFE BACKING,EAST 7TH ST,39.168752,-86.5436
2014,10,5,Weekday,1500,2-Car,No injury/unknown,UNSAFE BACKING,EAST 7TH,39.168752,-86.5436
2014,4,7,Weekend,300,2-Car,No injury/unknown,OTHER (DRIVER) - EXPLAIN IN NARRATIVE,COLLEGE AVE,39.16874743,-86.534784
2014,12,2,Weekday,300,2-Car,No injury/unknown,OTHER (VEHICLE) - EXPLAIN IN NARRATIVE,E 7TH & N CAMPBELL,39.16873199,-86.51390544
2014,4,3,Weekday,1700,2-Car,No injury/unknown,RAN OFF ROAD RIGHT,7TH & DUNN ST,39.16872239,-86.52822531
2014,9,5,Weekday,1600,2-Car,No injury/unknown,UNSAFE BACKING,EAST 7TH ST,39.16872163,-86.54461225
2014,3,6,Weekday,200,Pedestrian,No injury/unknown,FAILURE TO YIELD RIGHT OF WAY,N WALNUT ST,39.16871445,-86.53356669
2014,8,1,Weekend,200,1-Car,Non-incapacitating,FAILURE TO YIELD RIGHT OF WAY,N WALNUT ST,39.16871445,-86.53356669
2014,2,6,Weekday,1500,2-Car,No injury/unknown,SPEED TOO FAST FOR WEATHER CONDITIONS,7TH ST & CAMPBELL,39.16870996,-86.51390009
2014,2,6,Weekday,1700,1-Car,No injury/unknown,UNSAFE BACKING,W 7TH ST,39.168704,-86.538576
2014,3,2,Weekday,1100,1-Car,Non-incapacitating,OTHER (VEHICLE) - EXPLAIN IN NARRATIVE,W 7TH ST,39.168704,-86.538576
2014,6,4,Weekday,1900,2-Car,No injury/unknown,OTHER (DRIVER) - EXPLAIN IN NARRATIVE,7TH ST & ROGERS,39.168704,-86.538576
2014,1,4,Weekday,1200,2-Car,No injury/unknown,FOLLOWING TOO CLOSELY,7TH ST & MORTON,39.168672,-86.536
2014,3,3,Weekday,1500,2-Car,No injury/unknown,UNSAFE BACKING,7TH ST & MORTON,39.168672,-86.536
2014,6,5,Weekday,900,2-Car,No injury/unknown,LEFT OF CENTER,N MORTON ST,39.168672,-86.536
2014,12,2,Weekday,1900,2-Car,No injury/unknown,UNSAFE BACKING,N MORTON,39.168672,-86.536
2014,6,3,Weekday,700,2-Car,No injury/unknown,IMPROPER TURNING,W 7TH ST,39.16866318,-86.53532996
2014,1,5,Weekday,1200,2-Car,No injury/unknown,UNSAFE BACKING,N WALNUT ST,39.16865861,-86.53356767
2014,2,6,Weekday,200,1-Car,No injury/unknown,OTHER (ENVIRONMENTAL) - EXPLAIN IN NARR,COLLEGE AVE,39.168656,-86.534784
2014,3,2,Weekday,1100,Pedestrian,Non-incapacitating,FAILURE TO YIELD RIGHT OF WAY,7TH & COLLEGE AVE,39.168656,-86.534784
2014,4,5,Weekday,1300,2-Car,No injury/unknown,FAILURE TO YIELD RIGHT OF WAY,COLLEGE & WEST 7TH ST,39.168656,-86.534784
2014,7,6,Weekday,800,1-Car,No injury/unknown,OTHER (DRIVER) - EXPLAIN IN NARRATIVE,N COLLEGE AVE AVE,39.168656,-86.534784
2014,10,5,Weekday,900,Pedestrian,Non-incapacitating,PEDESTRIAN ACTION,7TH & N COLLEGE AVE,39.168656,-86.534784
2014,10,7,Weekend,100,2-Car,No injury/unknown,UNSAFE LANE MOVEMENT,7TH & COLLEGE,39.168656,-86.534784
2014,10,7,Weekend,1600,Bus,No injury/unknown,IMPROPER LANE USAGE,N COLLEGE & W 7TH,39.168656,-86.534784
2014,11,5,Weekday,1200,2-Car,No injury/unknown,FAILURE TO YIELD RIGHT OF WAY,7TH & WASHINGTON,39.16864,-86.53204717
2014,12,1,Weekend,1600,2-Car,No injury/unknown,FAILURE TO YIELD RIGHT OF WAY,7TH & LINCOLN,39.16864,-86.53152125
2014,10,3,Weekday,2300,2-Car,No injury/unknown,FAILURE TO YIELD RIGHT OF WAY,7TH & WASHINGTON,39.16864,-86.53151792
2014,8,3,Weekday,1400,2-Car,No injury/unknown,FAILURE TO YIELD RIGHT OF WAY,7TH ST & GRANT,39.16864,-86.52983713
2014,10,6,Weekday,1300,Bus,No injury/unknown,IMPROPER LANE USAGE,7TH ST & GRANT,39.16864,-86.52943138
2014,5,6,Weekday,1600,Bus,No injury/unknown,OTHER (DRIVER) - EXPLAIN IN NARRATIVE,7TH & NORTH WALNUT ST,39.16864,-86.533568
2014,7,6,Weekday,100,2-Car,No injury/unknown,UNSAFE LANE MOVEMENT,7TH & WALNUT ST,39.16864,-86.533568
2014,12,6,Weekday,1100,2-Car,No injury/unknown,OTHER (DRIVER) - EXPLAIN IN NARRATIVE,E 7TH & N WASHINGTON,39.16864,-86.5324
2014,3,6,Weekday,1600,2-Car,No injury/unknown,UNSAFE BACKING,WEST 7TH ST,39.16864,-86.53176784
2014,8,6,Weekday,1200,2-Car,No injury/unknown,OTHER (DRIVER) - EXPLAIN IN NARRATIVE,WEST 7TH ST,39.16864,-86.53176784
2014,1,3,Weekday,1200,1-Car,No injury/unknown,UNSAFE BACKING,314 E 7TH ST & LINCOLN,39.16864,-86.530992
2014,2,3,Weekday,1400,Bus,No injury/unknown,OVERCORRECTING/OVERSTEERING,7TH ST & GRANT,39.16864,-86.529696
2014,5,4,Weekday,1200,2-Car,No injury/unknown,UNSAFE BACKING,E 6TH ST,39.16771592,-86.52933159
2014,7,4,Weekday,700,Bus,No injury/unknown,OTHER (VEHICLE) - EXPLAIN IN NARRATIVE,E 7TH ST & N GRANT,39.16864,-86.529696
2014,12,5,Weekday,1000,2-Car,No injury/unknown,FAILURE TO YIELD RIGHT OF WAY,E 7TH & N GRANT,39.16864,-86.529696
2014,1,5,Weekday,1000,2-Car,No injury/unknown,FOLLOWING TOO CLOSELY,E 7TH ST & N DUNN,39.16864,-86.528224
2014,5,5,Weekday,1500,2-Car,No injury/unknown,OVERCORRECTING/OVERSTEERING,DUNN & E 7TH ST,39.16864,-86.528224
2014,11,1,Weekend,1700,2-Car,Non-incapacitating,DISREGARD SIGNAL/REG SIGN,EAST 7TH & NORTH DUNN,39.16864,-86.528224
2014,11,5,Weekday,1800,Cyclist,Incapacitating,FAILURE TO YIELD RIGHT OF WAY,7TH & INDIANA,39.16864,-86.526944
2014,9,5,Weekday,1200,2-Car,No injury/unknown,OTHER (VEHICLE) - EXPLAIN IN NARRATIVE,811 E 7TH ST ALY & WOODLAWN,39.16864,-86.523392
2014,11,7,Weekend,1700,2-Car,No injury/unknown,FAILURE TO YIELD RIGHT OF WAY,E 7TH,39.16863635,-86.51915565
2014,4,4,Weekday,1400,2-Car,No injury/unknown,UNSAFE BACKING,E 7TH ST,39.16862958,-86.52294205
2014,6,4,Weekday,1400,2-Car,No injury/unknown,UNSAFE BACKING,E 7TH ST,39.16862958,-86.52294205
2014,3,4,Weekday,1400,2-Car,No injury/unknown,UNSAFE BACKING,E 7TH ST,39.16861781,-86.52243407
2014,9,6,Weekday,800,3+ Cars,No injury/unknown,ANIMAL/OBJECT IN ROADWAY,N PINE & W 7TH ST,39.168608,-86.548384
2014,2,7,Weekend,1600,2-Car,No injury/unknown,FAILURE TO YIELD RIGHT OF WAY,ROGERS ST & SEVENTH,39.16858993,-86.53867028
2014,12,2,Weekday,1900,2-Car,No injury/unknown,UNSAFE BACKING,EAST 7TH,39.16858267,-86.52091725
2014,2,2,Weekday,1100,1-Car,No injury/unknown,OTHER (DRIVER) - EXPLAIN IN NARRATIVE,N ADAMS ST & W 7TH,39.168576,-86.5496
2014,8,7,Weekend,1800,3+ Cars,No injury/unknown,CELL PHONE USAGE,NORTH COLLEGE AVE & SEVENTH,39.16855976,-86.5348602
2014,5,6,Weekday,1600,2-Car,No injury/unknown,UNSAFE BACKING,E 7TH ST,39.16854879,-86.5194549
2014,12,2,Weekday,1200,2-Car,No injury/unknown,LEFT OF CENTER,NORTH JACOBS,39.16852154,-86.57362014
2014,10,2,Weekday,800,2-Car,No injury/unknown,UNSAFE BACKING,N JACOB,39.16852154,-86.57362014
2014,9,3,Weekday,1700,2-Car,No injury/unknown,UNSAFE BACKING,INDIANA & SEVENTH ST,39.16851475,-86.52695381
2014,2,3,Weekday,1600,2-Car,No injury/unknown,PEDESTRIAN ACTION,7TH ST & DUNN,39.16851014,-86.52824125
2014,5,1,Weekend,1400,2-Car,No injury/unknown,FAILURE TO YIELD RIGHT OF WAY,7TH ST & DUNN,39.16851014,-86.5282499
2014,8,6,Weekday,1200,2-Car,No injury/unknown,IMPROPER TURNING,7TH ST & DUNN,39.16851014,-86.52823692
2014,10,6,Weekday,1600,Bus,No injury/unknown,IMPROPER TURNING,SEVENTH & WOODLAWN AVE,39.16849361,-86.5234778
2014,10,7,Weekend,1900,Bus,Non-incapacitating,IMPROPER PASSING,SEVENTH & WOODLAWN,39.16849361,-86.5234778
2014,1,6,Weekend,1900,2-Car,No injury/unknown,OTHER (DRIVER) - EXPLAIN IN NARRATIVE,7TH & COLLEGE AVE,39.16849121,-86.534784
2014,10,4,Weekday,1000,2-Car,No injury/unknown,WRONG WAY ON ONE WAY,900 E 7TH ST & FORREST,39.1684804,-86.52110363
2014,9,3,Weekday,1100,2-Car,No injury/unknown,UNSAFE BACKING,900 E 7TH (PAYLOT 1) ST & FORREST,39.1684804,-86.52109931
2014,4,6,Weekend,2200,1-Car,No injury/unknown,LEFT OF CENTER,7TH ST & FORREST,39.16846991,-86.52236701