Year,Month,Day,Weekend?,Hour,Collision Type,Injury Type,Primary Factor,Reported_Location,Latitude,Longitude
2014,8,2,Weekday,600,2-Car,No injury/unknown,FAILURE TO YIELD RIGHT OF WAY,7TH & NORTH FORREST AVE,39.16846991,-86.52234971
2014,7,4,Weekday,1500,2-Car,No injury/unknown,UNSAFE BACKING,JACOB DR,39.16846848,-86.5732727
2014,2,3,Weekday,900,2-Car,No injury/unknown,UNSAFE BACKING,E SEVENTH ST,39.1684337,-86.52330391
2014,2,5,Weekday,1200,2-Car,No injury/unknown,OTHER (DRIVER) - EXPLAIN IN NARRATIVE,E SEVENTH ST,39.1684337,-86.52330391
2014,10,6,Weekday,1000,1-Car,No injury/unknown,OVERCORRECTING/OVERSTEERING,BRAESIDE & PETE ELLIS DR,39.16838961,-86.49528504
2014,4,3,Weekday,1400,2-Car,No injury/unknown,FOLLOWING TOO CLOSELY,7TH & WALNUT ST,39.16836537,-86.53357243
2014,1,7,Weekend,2100,2-Car,No injury/unknown,LEFT OF CENTER,N CURRY & W JONATHAN DR,39.16835994,-86.58303165
2014,10,3,Weekday,1700,2-Car,No injury/unknown,DISREGARD SIGNAL/REG SIGN,CURRY PIKE & JONATHAN,39.16835994,-86.58297971
2014,4,1,Weekend,400,1-Car,No injury/unknown,RAN OFF ROAD RIGHT,FRANKLIN RD,39.16832733,-86.57041931
2014,1,5,Weekday,1400,2-Car,No injury/unknown,IMPROPER TURNING,BRAESIDE DR,39.16829333,-86.49450438
2014,9,5,Weekday,900,Bus,No injury/unknown,IMPROPER PASSING,7TH & JORDAN AVE,39.16826022,-86.51609645
2014,9,7,Weekend,2100,2-Car,No injury/unknown,UNSAFE BACKING,SEVENTH ST & UNION,39.16825999,-86.50943682
2014,1,3,Weekday,1400,1-Car,No injury/unknown,SPEED TOO FAST FOR WEATHER CONDITIONS,E BRAESIDE DR,39.16819967,-86.49439707
2014,1,5,Weekday,1600,1-Car,No injury/unknown,ROADWAY SURFACE CONDITION,BRAESIDE & PETE ELLIS DR,39.168192,-86.49504
2014,1,5,Weekday,200,1-Car,Non-incapacitating,RAN OFF ROAD RIGHT,BRAESIDE & PETE ELLIS DR,39.168192,-86.49504
2014,12,1,Weekend,400,3+ Cars,No injury/unknown,DRIVER ASLEEP OR FATIGUED,E BRAESIDE,39.168192,-86.49504
2014,12,3,Weekday,2300,Pedestrian,Incapacitating,PEDESTRIAN ACTION,S ROGERS & W CHEROKEE,39.16810935,-86.53883994
2014,12,4,Weekday,1600,2-Car,No injury/unknown,UNSAFE BACKING,E 7TH & N FORREST,39.16810441,-86.52246745
2014,3,3,Weekday,800,1-Car,No injury/unknown,DRIVER ASLEEP OR FATIGUED,DANIELS WAY WAY,39.16809082,-86.60018157
2014,1,7,Weekend,1000,2-Car,No injury/unknown,UNSAFE BACKING,N GATES DR,39.16803807,-86.57621853
2014,1,1,Weekend,1200,2-Car,No injury/unknown,DRIVER DISTRACTED - EXPLAIN IN NARRATIVE,N GATES DR,39.16803807,-86.57621853
2014,5,5,Weekday,1500,Cyclist,Non-incapacitating,DRIVER DISTRACTED - EXPLAIN IN NARRATIVE,MORTON ST,39.16797257,-86.536
2014,6,7,Weekend,1600,2-Car,No injury/unknown,OTHER (DRIVER) - EXPLAIN IN NARRATIVE,N GATES DR,39.16792542,-86.57614074
2014,4,6,Weekday,900,2-Car,No injury/unknown,OTHER (DRIVER) - EXPLAIN IN NARRATIVE,E BRAESIDE DR,39.16791287,-86.49140341
2014,1,7,Weekend,2200,1-Car,No injury/unknown,RAN OFF ROAD RIGHT,HARBSION LANE & HARTSTRAIT RD RDS,39.16790195,-86.61216013
2014,8,6,Weekend,2000,2-Car,No injury/unknown,UNSAFE BACKING,FRANKLIN RD,39.16789246,-86.57160186
2014,4,1,Weekend,900,2-Car,No injury/unknown,IMPROPER TURNING,GRANT & SIXTH ST,39.16782592,-86.5292404
2014,2,4,Weekday,1800,2-Car,No injury/unknown,,6TH & WALNUT ST,39.16778532,-86.53358179
2014,11,2,Weekday,1500,Cyclist,Non-incapacitating,PEDESTRIAN ACTION,E 6TH & INDIANA,39.167744,-86.526928
2014,10,2,Weekday,900,2-Car,No injury/unknown,FOLLOWING TOO CLOSELY,6TH ST & ADAMS,39.167728,-86.5496
2014,11,6,Weekend,2200,2-Car,No injury/unknown,FAILURE TO YIELD RIGHT OF WAY,S FRANKLIN & W HOLIDAY,39.16772023,-86.57104991
2014,1,7,Weekend,700,2-Car,No injury/unknown,IMPROPER LANE USAGE,6TH & ELM ST,39.167712,-86.5452
2014,9,3,Weekday,1700,1-Car,No injury/unknown,RAN OFF ROAD RIGHT,6TH ST & ELM,39.167712,-86.5452
2014,1,4,Weekday,1700,2-Car,No injury/unknown,SPEED TOO FAST FOR WEATHER CONDITIONS,E 6TH ST,39.167712,-86.529696
2014,3,3,Weekday,1900,2-Car,No injury/unknown,FAILURE TO YIELD RIGHT OF WAY,E 6TH ST & GRANT,39.167712,-86.529696
2014,8,6,Weekday,200,1-Car,No injury/unknown,RAN OFF ROAD RIGHT,6TH & GRANT,39.167712,-86.529696
2014,3,5,Weekday,300,2-Car,No injury/unknown,IMPROPER LANE USAGE,N ROGERS & W 6TH ST,39.16768,-86.538592
2014,11,6,Weekday,1300,2-Car,No injury/unknown,FAILURE TO YIELD RIGHT OF WAY,N ROGERS & W 6TH,39.16768,-86.538592
2014,8,1,Weekend,1400,2-Car,No injury/unknown,OTHER (DRIVER) - EXPLAIN IN NARRATIVE,E 7TH ST,39.16767543,-86.50108343
2014,12,5,Weekday,1300,Cyclist,Non-incapacitating,IMPROPER PASSING,6TH & MADISON,39.167664,-86.537296
2014,8,1,Weekend,1400,2-Car,No injury/unknown,UNSAFE LANE MOVEMENT,NORTH MORTON & WEST 6TH ST,39.167664,-86.536
2014,10,2,Weekday,1600,2-Car,Non-incapacitating,DRIVER DISTRACTED - EXPLAIN IN NARRATIVE,E 6TH & N WASHINGTON,39.167664,-86.5324
2014,6,2,Weekday,1800,2-Car,No injury/unknown,UNSAFE BACKING,E 7TH ST,39.16766041,-86.50054269
2014,7,3,Weekday,1000,2-Car,No injury/unknown,UNSAFE BACKING,6TH ST & WASHINGTON,39.16765923,-86.53275278
2014,7,4,Weekday,1200,2-Car,No injury/unknown,OTHER (DRIVER) - EXPLAIN IN NARRATIVE,E 7TH ST,39.16765649,-86.50040163
2014,6,2,Weekday,1700,2-Car,No injury/unknown,UNSAFE BACKING,E 6TH ST,39.16764996,-86.53343902
2014,3,7,Weekend,1800,Bus,No injury/unknown,UNSAFE BACKING,6TH ST & COLLEGE,39.16764939,-86.53488983
2014,4,5,Weekday,1100,2-Car,No injury/unknown,IMPROPER TURNING,N COLLEGE AVE & W 6TH,39.167648,-86.534784
2014,5,4,Weekday,1300,2-Car,Non-incapacitating,DISREGARD SIGNAL/REG SIGN,6TH & COLLEGE AVE,39.167648,-86.534784
2014,7,4,Weekday,1100,2-Car,Incapacitating,IMPROPER TURNING,6TH & COLLEGE AVE,39.167648,-86.534784
2014,8,6,Weekday,1500,2-Car,No injury/unknown,FOLLOWING TOO CLOSELY,S COLLEGE AVE & W 6TH,39.167648,-86.534784
2014,9,3,Weekday,800,2-Car,No injury/unknown,UNSAFE BACKING,COLLEGE & W 6TH ST,39.167648,-86.534784
2014,12,6,Weekday,1300,2-Car,No injury/unknown,UNSAFE BACKING,6TH & COLLEGE,39.167648,-86.534784
2014,12,4,Weekday,300,1-Car,No injury/unknown,RAN OFF ROAD RIGHT,6TH & COLLEGE,39.167648,-86.534784
2014,4,7,Weekend,1200,1-Car,No injury/unknown,UNSAFE BACKING,E 6TH ST & WALNUT,39.167648,-86.533584
2014,8,7,Weekend,100,2-Car,No injury/unknown,UNSAFE BACKING,E 6TH ST & WALNUT,39.167648,-86.533584
2014,8,3,Weekday,1100,2-Car,No injury/unknown,UNSAFE LANE MOVEMENT,EAST 6TH & NORTH WALNUT ST,39.167648,-86.533584
2014,10,5,Weekday,1400,2-Car,No injury/unknown,UNSAFE BACKING,SIXTH ST & WALNUT,39.167648,-86.533584
2014,2,1,Weekend,1800,2-Car,No injury/unknown,FOLLOWING TOO CLOSELY,E 7TH & SR46N,39.167648,-86.500096
2014,5,3,Weekday,1500,2-Car,Non-incapacitating,FOLLOWING TOO CLOSELY,E 7TH & SR46S,39.167648,-86.500096
2014,8,1,Weekend,1100,3+ Cars,No injury/unknown,FOLLOWING TOO CLOSELY,7TH & SR46E,39.167648,-86.500096
2014,10,6,Weekday,1400,3+ Cars,Incapacitating,FOLLOWING TOO CLOSELY,7TH & SR46E,39.167648,-86.500096
2014,11,7,Weekend,1300,3+ Cars,No injury/unknown,FAILURE TO YIELD RIGHT OF WAY,7TH & STATE  46,39.167648,-86.500096
2014,5,3,Weekday,1600,1-Car,No injury/unknown,OTHER (DRIVER) - EXPLAIN IN NARRATIVE,N JORDAN AVE,39.1676,-86.516168
2014,5,4,Weekday,1400,1-Car,No injury/unknown,OTHER (DRIVER) - EXPLAIN IN NARRATIVE,N JORDAN AVE,39.1676,-86.516168
2014,2,4,Weekday,900,2-Car,No injury/unknown,FAILURE TO YIELD RIGHT OF WAY,N JORDAN AVE,39.16756058,-86.51656342
2014,2,4,Weekday,1200,2-Car,No injury/unknown,FOLLOWING TOO CLOSELY,N JORDAN AVE,39.16756058,-86.51656342
2014,1,2,Weekday,1600,2-Car,No injury/unknown,UNSAFE BACKING,N JORDAN AVE,39.16756058,-86.51656341
2014,9,4,Weekday,200,3+ Cars,No injury/unknown,UNSAFE LANE MOVEMENT,6TH ST & DUNN,39.16752979,-86.52825996
2014,4,2,Weekday,900,3+ Cars,No injury/unknown,UNSAFE LANE MOVEMENT,6TH & COLLEGE AVE,39.16748322,-86.53478662
2014,4,6,Weekday,1700,3+ Cars,No injury/unknown,UNSAFE SPEED,PROFILE & SR48W,39.16744995,-86.59239629
2014,1,2,Weekday,900,2-Car,No injury/unknown,FOLLOWING TOO CLOSELY,PROFILE & SR48W,39.16744995,-86.59239196
2014,9,7,Weekend,1800,2-Car,No injury/unknown,DRIVER DISTRACTED - EXPLAIN IN NARRATIVE,PROFILE & SR48W,39.16744995,-86.59239196
2014,2,5,Weekday,1000,2-Car,No injury/unknown,FAILURE TO YIELD RIGHT OF WAY,PROFILE & SR48E,39.16744995,-86.59230537
2014,8,7,Weekend,1500,3+ Cars,No injury/unknown,FOLLOWING TOO CLOSELY,EAST 7TH & SR46E,39.16739189,-86.49996854
2014,12,6,Weekend,1900,1-Car,No injury/unknown,IMPROPER TURNING,NORTH JORDAN,39.16733692,-86.51619253
2014,3,1,Weekend,1200,Bus,No injury/unknown,ROADWAY SURFACE CONDITION,JORDAN AVE & UNIVERSITY,39.16718982,-86.51598013
2014,10,4,Weekday,1400,2-Car,No injury/unknown,IMPROPER TURNING,DUNN & KIRKWOOD,39.16718928,-86.52820008
2014,9,2,Weekday,1700,2-Car,No injury/unknown,FAILURE TO YIELD RIGHT OF WAY,INDIANA AVE & KIRKWOOD,39.16718917,-86.52691192
2014,5,3,Weekday,1400,1-Car,No injury/unknown,UNSAFE BACKING,JOHNSON AVE,39.16708441,-86.564992
2014,5,3,Weekday,1100,2-Car,Non-incapacitating,FOLLOWING TOO CLOSELY,KIRKWOOD & ROGERS ST,39.16694664,-86.53860364
2014,7,3,Weekday,0,2-Car,Non-incapacitating,FAILURE TO YIELD RIGHT OF WAY,LONGVIEW & PETE ELLIS DR,39.166944,-86.495056
2014,10,7,Weekend,1100,2-Car,No injury/unknown,FAILURE TO YIELD RIGHT OF WAY,LONGVIEW & PETE ELLIS,39.166944,-86.495056
2014,8,2,Weekday,1400,Moped/Motorcycle,Incapacitating,FAILURE TO YIELD RIGHT OF WAY,LONGVIEW & PETE ELLIS DR,39.166944,-86.495056
2014,10,5,Weekday,1700,2-Car,No injury/unknown,DISREGARD SIGNAL/REG SIGN,LONGVIEW & PETE ELLIS,39.166944,-86.495056
2014,3,6,Weekday,1500,2-Car,No injury/unknown,FAILURE TO YIELD RIGHT OF WAY,DUNN ST & KIRKWOOD,39.16691464,-86.52819604
2014,3,3,Weekday,2100,2-Car,No injury/unknown,UNSAFE BACKING,N UNION ST,39.1669022,-86.50929665
2014,10,6,Weekday,1300,3+ Cars,Non-incapacitating,FOLLOWING TOO CLOSELY,7TH & SR46N,39.16687968,-86.49971363
2014,5,1,Weekend,1400,2-Car,No injury/unknown,OTHER (DRIVER) - EXPLAIN IN NARRATIVE,EAST KIRKWOOD AVE,39.16687012,-86.53253173
2014,9,7,Weekend,0,1-Car,No injury/unknown,UNSAFE SPEED,WEST KIRKWOOD AVE,39.166862,-86.552734
2014,8,6,Weekday,1400,1-Car,No injury/unknown,VIEW OBSTRUCTED,EAST KIRKWOOD AVE & N FORREST,39.16684985,-86.5215266
2014,3,6,Weekday,1000,2-Car,No injury/unknown,IMPROPER TURNING,800 N UNION (PARKING LOT) ST & UNION,39.166848,-86.509296
2014,4,7,Weekend,400,3+ Cars,No injury/unknown,IMPROPER LANE USAGE,UNION & UNION ST,39.166848,-86.509296
2014,4,3,Weekday,1500,2-Car,Non-incapacitating,DISREGARD SIGNAL/REG SIGN,E 5TH & N JEFFERSON ST,39.166848,-86.506992
2014,10,4,Weekday,1000,2-Car,No injury/unknown,FAILURE TO YIELD RIGHT OF WAY,FORREST & KIRKWOOD,39.16684656,-86.52156857
2014,5,5,Weekday,1100,2-Car,No injury/unknown,UNSAFE LANE MOVEMENT,DUNN ST & KIRKWOOD,39.16684598,-86.52819503
2014,8,6,Weekday,1400,2-Car,No injury/unknown,UNSAFE BACKING,KIRKWOOD AVE & RITTER,39.166832,-86.550992
2014,1,5,Weekday,1000,2-Car,No injury/unknown,UNSAFE BACKING,EAST KIRKWOOD AVE,39.16681671,-86.52758789
2014,7,4,Weekday,900,2-Car,No injury/unknown,IMPROPER LANE USAGE,ADAMS ST & KIRKWOOD,39.166816,-86.549488
2014,9,7,Weekend,2000,1-Car,No injury/unknown,RAN OFF ROAD RIGHT,ADAMS ST & KIRKWOOD,39.166816,-86.549488
2014,4,1,Weekday,2300,2-Car,No injury/unknown,UNSAFE BACKING,N PARK RIDGE RD,39.1668,-86.475248
2014,2,6,Weekday,1300,2-Car,No injury/unknown,UNSAFE BACKING,E KIRKWOOD AVE,39.16678078,-86.52203053
2014,1,2,Weekday,1900,2-Car,Non-incapacitating,FAILURE TO YIELD RIGHT OF WAY,ELM & WEST KIRKWOOD AVE,39.166768,-86.5452
2014,4,5,Weekday,1300,2-Car,No injury/unknown,FAILURE TO YIELD RIGHT OF WAY,ELM & KIRKWOOD AVE,39.166768,-86.5452
2014,11,7,Weekend,200,1-Car,No injury/unknown,IMPROPER LANE USAGE,ELM & KIRKWOOD,39.166768,-86.5452
2014,1,3,Weekday,1400,2-Car,No injury/unknown,IMPROPER LANE USAGE,KIRKWOOD AVE & WALDRON,39.16674129,-86.54386453
2014,12,1,Weekend,1400,2-Car,No injury/unknown,,820 W KIRKWOOD & N WALDRON,39.166736,-86.5436
2014,12,6,Weekday,1800,2-Car,No injury/unknown,FOLLOWING TOO CLOSELY,SR46 & SR46E,39.16673556,-86.46073617
2014,3,1,Weekend,1600,2-Car,No injury/unknown,UNSAFE LANE MOVEMENT,KIRKWOOD AVE & WALDRON,39.16672662,-86.54271802
2014,10,5,Weekday,1700,1-Car,No injury/unknown,OTHER (DRIVER) - EXPLAIN IN NARRATIVE,KIRKWOOD & MAPLE,39.16672225,-86.54230767
2014,5,4,Weekday,1500,2-Car,Non-incapacitating,FAILURE TO YIELD RIGHT OF WAY,MAPLE & W KIRKWOOD AVE,39.16672,-86.542096
2014,11,7,Weekend,1500,2-Car,No injury/unknown,DISREGARD SIGNAL/REG SIGN,KIRKWOOD & MAPLE,39.16672,-86.542096
2014,1,5,Weekday,1700,2-Car,No injury/unknown,LEFT OF CENTER,N DANIELS WAY,39.16671172,-86.59908838
2014,4,5,Weekday,1300,2-Car,No injury/unknown,OTHER (DRIVER) - EXPLAIN IN NARRATIVE,DANIELS WAY,39.16671172,-86.59908838
2014,8,6,Weekday,1600,2-Car,No injury/unknown,UNSAFE BACKING,N DANIELS WAY,39.16671172,-86.59908838
2014,9,5,Weekday,1600,2-Car,No injury/unknown,UNSAFE LANE MOVEMENT,DANIELS WAY,39.16671172,-86.59908838
2014,10,5,Weekday,1400,1-Car,No injury/unknown,BRAKE FAILURE OR DEFECTIVE,N CURRY PIKE,39.166704,-86.58298726
2014,4,6,Weekend,2000,2-Car,No injury/unknown,FAILURE TO YIELD RIGHT OF WAY,FAIRVIEW & KIRKWOOD AVE,39.166704,-86.5408
2014,1,6,Weekday,1500,2-Car,No injury/unknown,FAILURE TO YIELD RIGHT OF WAY,FAIRVIEW & KIRKWOOD AVE,39.16669262,-86.54009451
2014,10,1,Weekend,1400,2-Car,No injury/unknown,FAILURE TO YIELD RIGHT OF WAY,KIRKWOOD & ROGERS,39.16667553,-86.53887258
2014,2,4,Weekday,900,2-Car,No injury/unknown,IMPROPER LANE USAGE,KIRKWOOD & ROGERS ST,39.166672,-86.538608
2014,8,5,Weekday,900,2-Car,Non-incapacitating,IMPROPER LANE USAGE,N ROGERS & W KIRKWOOD AVE,39.166672,-86.538608
2014,9,5,Weekday,1400,2-Car,No injury/unknown,FAILURE TO YIELD RIGHT OF WAY,N ROGERS & W KIRKWOOD AVE,39.166672,-86.538608
2014,9,6,Weekday,1000,2-Car,Non-incapacitating,FOLLOWING TOO CLOSELY,S ROGERS & W KIRKWOOD AVE,39.166672,-86.538608
2014,9,5,Weekday,1600,2-Car,No injury/unknown,FAILURE TO YIELD RIGHT OF WAY,N ELM & W KIRKWOOD AVE,39.16666376,-86.54527512
2014,8,2,Weekday,900,2-Car,No injury/unknown,FAILURE TO YIELD RIGHT OF WAY,S ELM & W KIRKWOOD AVE,39.16666009,-86.54527992
2014,5,5,Weekday,1300,2-Car,No injury/unknown,FAILURE TO YIELD RIGHT OF WAY,KIRKWOOD AVE & MADISON,39.166656,-86.537296
2014,7,6,Weekday,800,2-Car,Non-incapacitating,FAILURE TO YIELD RIGHT OF WAY,KIRKWOOD & MADISON ST,39.166656,-86.537296
2014,9,3,Weekday,900,2-Car,No injury/unknown,FAILURE TO YIELD RIGHT OF WAY,S MADISON & W KIRKWOOD AVE,39.166656,-86.537296
2014,12,3,Weekday,1700,2-Car,No injury/unknown,FAILURE TO YIELD RIGHT OF WAY,KIRKWOOD & MADISON,39.166656,-86.537296
2014,10,3,Weekday,1300,2-Car,No injury/unknown,UNSAFE BACKING,W KIRKWOOD,39.16664229,-86.53626743
2014,7,7,Weekend,400,1-Car,No injury/unknown,OTHER (DRIVER) - EXPLAIN IN NARRATIVE,DUNN & KIRKWOOD AVE,39.16664,-86.52854482
2014,3,1,Weekend,300,2-Car,No injury/unknown,FOLLOWING TOO CLOSELY,KIRKWOOD ST & WALNUT,39.16664,-86.53374113
2014,12,5,Weekday,1500,2-Car,No injury/unknown,OTHER (DRIVER) - EXPLAIN IN NARRATIVE,100 BLK E KIRKWOOD & WASHINGTON,39.16664,-86.53257641
2014,8,2,Weekday,1300,Bus,Non-incapacitating,FOLLOWING TOO CLOSELY,DUNN & KIRKWOOD AVE,39.16664,-86.52836841
2014,8,7,Weekend,1100,2-Car,No injury/unknown,FAILURE TO YIELD RIGHT OF WAY,GRAND & N CURRY PIKE,39.16664,-86.582992
2014,1,2,Weekday,100,2-Car,No injury/unknown,UNSAFE BACKING,COLLEGE AVE & KIRKWOOD,39.16664,-86.5348
2014,2,6,Weekday,1800,2-Car,No injury/unknown,OTHER (DRIVER) - EXPLAIN IN NARRATIVE,COLLEGE & KIRKWOOD AVE,39.16664,-86.5348
2014,2,7,Weekend,2000,Pedestrian,Non-incapacitating,FAILURE TO YIELD RIGHT OF WAY,N COLLEGE & W KIRKWOOD AVE,39.16664,-86.5348
2014,2,3,Weekday,1300,2-Car,No injury/unknown,UNSAFE BACKING,COLLEGE & KIRKWOOD AVE,39.16664,-86.5348
2014,3,7,Weekend,700,2-Car,No injury/unknown,DISREGARD SIGNAL/REG SIGN,COLLEGE & KIRKWOOD AVE,39.16664,-86.5348
2014,3,6,Weekday,200,2-Car,Non-incapacitating,DISREGARD SIGNAL/REG SIGN,COLLEGE AVE & KIRKWOOD,39.16664,-86.5348
2014,7,3,Weekday,1300,2-Car,No injury/unknown,FOLLOWING TOO CLOSELY,COLLEGE AVE & KIRKWOOD,39.16664,-86.5348
2014,10,4,Weekday,1000,Pedestrian,Non-incapacitating,FAILURE TO YIELD RIGHT OF WAY,COLLEGE & KIRKWOOD,39.16664,-86.5348
2014,8,7,Weekend,1300,2-Car,No injury/unknown,UNSAFE BACKING,COLLEGE AVE & KIRKWOOD,39.16664,-86.5348
2014,8,6,Weekday,1700,Bus,No injury/unknown,IMPROPER TURNING,S COLLEGE & W KIRKWOOD AVE,39.16664,-86.5348
2014,10,5,Weekday,1000,Bus,No injury/unknown,UNSAFE BACKING,COLLEGE AVE & KIRKWOOD,39.16664,-86.5348
2014,12,2,Weekday,900,2-Car,No injury/unknown,UNSAFE BACKING,COLLEGE & WEST KIRKWOOD,39.16664,-86.5348
2014,12,2,Weekday,1200,2-Car,No injury/unknown,FOLLOWING TOO CLOSELY,GATES & W 3RD,39.16459009,-86.57619976
2014,4,4,Weekday,1700,2-Car,Non-incapacitating,FOLLOWING TOO CLOSELY,KIRKWOOD & NORTH WALNUT ST,39.16664,-86.5336
2014,4,6,Weekday,1100,2-Car,No injury/unknown,DISREGARD SIGNAL/REG SIGN,KIRKWOOD & WALNUT ST,39.16664,-86.5336
2014,4,4,Weekday,2300,2-Car,No injury/unknown,DISREGARD SIGNAL/REG SIGN,KIRKWOOD & WALNUT ST,39.16664,-86.5336
2014,5,7,Weekend,2000,2-Car,No injury/unknown,UNSAFE BACKING,N WALNUT & W KIRKWOOD AVE,39.16664,-86.5336
2014,5,1,Weekend,900,3+ Cars,Non-incapacitating,FOLLOWING TOO CLOSELY,KIRKWOOD AVE & WALNUT,39.16664,-86.5336
2014,6,5,Weekday,1200,Cyclist,Non-incapacitating,FAILURE TO YIELD RIGHT OF WAY,KIRKWOOD AVE & WALNUT,39.16664,-86.5336
2014,7,4,Weekday,0,2-Car,No injury/unknown,OTHER (DRIVER) - EXPLAIN IN NARRATIVE,KIRKWOOD & WALNUT ST,39.16664,-86.5336
2014,7,6,Weekday,1700,2-Car,No injury/unknown,FAILURE TO YIELD RIGHT OF WAY,KIRKWOOD & WALNUT ST,39.16664,-86.5336
2014,7,1,Weekend,200,2-Car,Non-incapacitating,OTHER (DRIVER) - EXPLAIN IN NARRATIVE,KIRKWOOD AVE & WALNUT,39.16664,-86.5336
2014,9,2,Weekday,1400,2-Car,No injury/unknown,DISREGARD SIGNAL/REG SIGN,KIRKWOOD & WALNUT,39.16664,-86.5336
2014,11,6,Weekday,900,2-Car,Non-incapacitating,FAILURE TO YIELD RIGHT OF WAY,KIRKWOOD & WALNUT,39.16664,-86.5336
2014,2,7,Weekend,2000,2-Car,No injury/unknown,OTHER (DRIVER) - EXPLAIN IN NARRATIVE,KIRKWOOD & WASHINGTON ST,39.16664,-86.5324
2014,1,6,Weekend,2300,Pedestrian,Non-incapacitating,FAILURE TO YIELD RIGHT OF WAY,KIRKWOOD & S LINCOLN,39.16664,-86.530992
2014,9,2,Weekday,1100,2-Car,No injury/unknown,DISREGARD SIGNAL/REG SIGN,E KIRKWOOD AVE & LINCOLN,39.16664,-86.530992
2014,9,3,Weekday,1100,2-Car,No injury/unknown,DISREGARD SIGNAL/REG SIGN,E KIRKWOOD AVE & LINCOLN,39.16664,-86.530992
2014,2,6,Weekday,1500,2-Car,No injury/unknown,DRIVER DISTRACTED - EXPLAIN IN NARRATIVE,E KIRKWOOD AVE,39.16664,-86.53096555
2014,7,1,Weekend,1400,2-Car,No injury/unknown,UNSAFE BACKING,E KIRKWOOD AVE,39.16664,-86.53096555
2014,4,1,Weekend,1200,2-Car,Non-incapacitating,OTHER (DRIVER) - EXPLAIN IN NARRATIVE,GRANT & KIRKWOOD AVE,39.16664,-86.529696
2014,3,6,Weekday,1300,2-Car,No injury/unknown,IMPROPER TURNING,E KIRKWOOD AVE,39.16664,-86.52923559
2014,12,6,Weekday,0,2-Car,No injury/unknown,,E KIRKWOOD,39.16664,-86.52923559
2014,3,6,Weekday,1700,Cyclist,No injury/unknown,FAILURE TO YIELD RIGHT OF WAY,DUNN & KIRKWOOD AVE,39.16664,-86.528192
2014,4,5,Weekday,1300,Pedestrian,Non-incapacitating,PEDESTRIAN ACTION,DUNN ST & KIRKWOOD,39.16664,-86.528192
2014,4,7,Weekend,2300,2-Car,No injury/unknown,UNSAFE BACKING,DUNN & KIRKWOOD AVE,39.16664,-86.528192
2014,8,7,Weekend,1300,2-Car,No injury/unknown,UNSAFE BACKING,S DUNN ST,39.16664,-86.528192
2014,9,2,Weekday,1900,2-Car,No injury/unknown,OTHER (DRIVER) - EXPLAIN IN NARRATIVE,DUNN ST & KIRKWOOD,39.16664,-86.528192
2014,10,5,Weekday,1200,2-Car,No injury/unknown,IMPROPER LANE USAGE,S DUNN ST,39.16664,-86.528192
2014,7,6,Weekday,1700,2-Car,No injury/unknown,IMPROPER TURNING,E KIRKWOOD AVE,39.16664,-86.52798041
2014,4,4,Weekday,1700,2-Car,No injury/unknown,UNSAFE BACKING,N INDIANA AVE,39.16664,-86.526896
2014,7,4,Weekday,1700,2-Car,No injury/unknown,UNSAFE BACKING,N INDIANA AVE,39.16664,-86.526896
2014,8,6,Weekday,1600,Cyclist,Non-incapacitating,DISREGARD SIGNAL/REG SIGN,INDIANA AVE & KIRKWOOD,39.16664,-86.526896
2014,9,5,Weekday,1800,2-Car,No injury/unknown,FOLLOWING TOO CLOSELY,KERR CREEK & SR46E,39.16664,-86.462496
2014,12,4,Weekday,1500,2-Car,No injury/unknown,FOLLOWING TOO CLOSELY,E KERR CREEK & SR46E,39.16664,-86.462496
2014,4,4,Weekday,1600,Cyclist,Non-incapacitating,IMPROPER LANE USAGE,SOUTH JORDAN AVE,39.1666165,-86.51632212
2014,11,7,Weekend,1300,2-Car,No injury/unknown,FAILURE TO YIELD RIGHT OF WAY,KIRKWOOD & MADISON,39.16660979,-86.53741971
2014,6,6,Weekday,1500,2-Car,No injury/unknown,FAILURE TO YIELD RIGHT OF WAY,SOUTH ROGERS ST & WEST KIRKWOOD,39.16660979,-86.53868973
2014,4,2,Weekday,1300,2-Car,No injury/unknown,UNSAFE BACKING,KIRKWOOD AVE,39.16660376,-86.53088383
2014,10,3,Weekday,1600,2-Car,No injury/unknown,FOLLOWING TOO CLOSELY,KERR CREEK & SR46E,39.16660144,-86.4631999
2014,12,6,Weekend,2200,Pedestrian,Non-incapacitating,FAILURE TO YIELD RIGHT OF WAY,COLLEGE & KIRKWOOD,39.16659974,-86.53488033
2014,2,6,Weekday,1500,Bus,No injury/unknown,OTHER (ENVIRONMENTAL) - EXPLAIN IN NARR,KIRKWOOD AVE & MORTON,39.16658968,-86.53604977
2014,9,4,Weekday,1800,2-Car,Incapacitating,DRIVER DISTRACTED - EXPLAIN IN NARRATIVE,KIRKWOOD AVE & MORTON,39.16658968,-86.53604544
2014,5,7,Weekend,100,2-Car,No injury/unknown,UNSAFE BACKING,KIRKWOOD AVE,39.16658498,-86.52805276
2014,4,5,Weekday,800,Bus,No injury/unknown,OTHER (DRIVER) - EXPLAIN IN NARRATIVE,KIRKWOOD & S WALNUT ST,39.16658029,-86.53361029
2014,2,2,Weekday,1100,2-Car,No injury/unknown,UNSAFE BACKING,S KINGSTON DR,39.16655822,-86.492816
2014,10,1,Weekday,1900,2-Car,No injury/unknown,UNSAFE BACKING,KINGSTON,39.16655822,-86.492816