Year,Month,Day,Weekend?,Hour,Collision Type,Injury Type,Primary Factor,Reported_Location,Latitude,Longitude
2014,2,1,Weekday,1900,2-Car,No injury/unknown,FOLLOWING TOO CLOSELY,ROSE & THIRD ST,39.16427246,-86.51094323
2014,1,6,Weekday,1800,2-Car,No injury/unknown,FAILURE TO YIELD RIGHT OF WAY,E 3RD ST & S HILLSDALE,39.164272,-86.502416
2014,1,3,Weekday,1900,2-Car,No injury/unknown,UNSAFE LANE MOVEMENT,E 3RD ST & HILLSDALE,39.164272,-86.502416
2014,6,6,Weekday,1300,3+ Cars,Non-incapacitating,FOLLOWING TOO CLOSELY,E 3RD ST & S HILLSDALE,39.164272,-86.502416
2014,8,2,Weekday,1700,2-Car,No injury/unknown,FAILURE TO YIELD RIGHT OF WAY,EAST THIRD ST & WOODCREST,39.164272,-86.502416
2014,8,2,Weekday,1800,2-Car,No injury/unknown,,E 3RD ST,39.164272,-86.50232131
2014,5,6,Weekday,1500,Bus,No injury/unknown,UNSAFE LANE MOVEMENT,E 3RD ST,39.164272,-86.50230237
2014,1,2,Weekday,1800,2-Car,No injury/unknown,IMPROPER PASSING,E 3RD ST,39.164272,-86.50184784
2014,5,3,Weekday,1500,2-Car,No injury/unknown,UNSAFE BACKING,E 3RD ST,39.164272,-86.50177208
2014,6,6,Weekday,1500,2-Car,No injury/unknown,IMPROPER LANE USAGE,E 3RD ST,39.164272,-86.50177208
2014,11,5,Weekday,1700,2-Car,Non-incapacitating,UNSAFE BACKING,E 3RD,39.164272,-86.50177208
2014,1,6,Weekday,800,3+ Cars,No injury/unknown,FOLLOWING TOO CLOSELY,3RD ST & OVERHILL,39.164272,-86.501488
2014,2,6,Weekday,1400,3+ Cars,No injury/unknown,FAILURE TO YIELD RIGHT OF WAY,EAST THIRD ST & OVERHILL,39.164272,-86.501488
2014,4,5,Weekday,1600,2-Car,No injury/unknown,FAILURE TO YIELD RIGHT OF WAY,3RD ST & OVERHILL,39.164272,-86.501488
2014,9,7,Weekend,200,2-Car,Incapacitating,OTHER (DRIVER) - EXPLAIN IN NARRATIVE,3RD ST & OVERHILL,39.164272,-86.501488
2014,9,3,Weekday,1200,Moped/Motorcycle,No injury/unknown,FOLLOWING TOO CLOSELY,E 3RD ST & SO OVERHILL,39.164272,-86.501488
2014,12,7,Weekend,1500,Moped/Motorcycle,Non-incapacitating,FAILURE TO YIELD RIGHT OF WAY,3RD & OVERHILL,39.164272,-86.501488
2014,1,4,Weekday,2200,1-Car,Non-incapacitating,SPEED TOO FAST FOR WEATHER CONDITIONS,MITCHELL ST & THIRD,39.16427137,-86.51420373
2014,2,7,Weekend,100,1-Car,No injury/unknown,WRONG WAY ON ONE WAY,MITCHELL & THIRD ST,39.16427137,-86.51420373
2014,6,4,Weekday,1300,2-Car,No injury/unknown,IMPROPER LANE USAGE,BALLANTINE & THIRD ST,39.16427024,-86.51912972
2014,6,5,Weekday,1600,2-Car,No injury/unknown,IMPROPER LANE USAGE,3RD ST & BALLANTINE,39.16427024,-86.51912972
2014,10,6,Weekday,1200,3+ Cars,Non-incapacitating,FOLLOWING TOO CLOSELY,3RD ST & BALLANTINE,39.16427024,-86.51912972
2014,11,1,Weekend,0,2-Car,No injury/unknown,OTHER (DRIVER) - EXPLAIN IN NARRATIVE,3RD & HIGHLAND,39.16427024,-86.51772022
2014,4,4,Weekday,1200,2-Car,Non-incapacitating,FOLLOWING TOO CLOSELY,3RD ST & HIGHLAND,39.16427024,-86.51772022
2014,8,7,Weekend,1200,2-Car,No injury/unknown,IMPROPER LANE USAGE,3RD ST & HIGHLAND,39.16427024,-86.51772022
2014,9,2,Weekday,1500,Pedestrian,No injury/unknown,PEDESTRIAN ACTION,E 3RD ST & HIGHLAND,39.16427024,-86.51772022
2014,9,4,Weekday,1600,2-Car,Non-incapacitating,FOLLOWING TOO CLOSELY,3RD ST & HIGHLAND,39.16427024,-86.51772022
2014,10,6,Weekday,1300,2-Car,No injury/unknown,IMPROPER LANE USAGE,3RD & HIGHLAND,39.16427024,-86.51772022
2014,10,1,Weekend,1100,2-Car,No injury/unknown,IMPROPER LANE USAGE,3RD & HIGHLAND,39.16427024,-86.51772022
2014,12,2,Weekday,1300,2-Car,No injury/unknown,UNSAFE LANE MOVEMENT,3RD & WOODSCREST,39.16427024,-86.50242315
2014,2,3,Weekday,900,2-Car,No injury/unknown,OTHER (DRIVER) - EXPLAIN IN NARRATIVE,3RD ST & WOODSCREST,39.16427024,-86.50241017
2014,3,5,Weekday,2200,2-Car,Non-incapacitating,FAILURE TO YIELD RIGHT OF WAY,E 3RD ST & WOODSCREST,39.16427024,-86.50241017
2014,5,5,Weekday,1300,2-Car,No injury/unknown,BRAKE FAILURE OR DEFECTIVE,3RD ST & WOODSCREST,39.16427024,-86.50241017
2014,8,6,Weekday,1600,2-Car,Non-incapacitating,FAILURE TO YIELD RIGHT OF WAY,E 3RD ST & S WOODSCREST,39.16427024,-86.50241017
2014,6,3,Weekday,1100,2-Car,No injury/unknown,FAILURE TO YIELD RIGHT OF WAY,3RD ST & OVERHILL,39.16427017,-86.50131161
2014,4,6,Weekday,1700,2-Car,No injury/unknown,IMPROPER TURNING,SWAIN & THIRD ST,39.16426988,-86.51527565
2014,7,2,Weekday,1900,2-Car,No injury/unknown,IMPROPER TURNING,SWAIN & THIRD ST,39.16426988,-86.51527565
2014,8,3,Weekday,1800,2-Car,No injury/unknown,IMPROPER LANE USAGE,SWAIN & THIRD ST,39.16426988,-86.51527565
2014,8,1,Weekend,1200,2-Car,No injury/unknown,UNSAFE LANE MOVEMENT,SWAIN AVE & THIRD,39.16426988,-86.51527565
2014,9,2,Weekday,1800,2-Car,No injury/unknown,IMPROPER LANE USAGE,SWAIN & THIRD ST,39.16426988,-86.51527565
2014,4,4,Weekday,2000,2-Car,No injury/unknown,UNSAFE LANE MOVEMENT,BALLANTINE & THIRD ST,39.16426813,-86.51844288
2014,5,2,Weekday,1200,2-Car,No injury/unknown,UNSAFE BACKING,E 3RD ST,39.16426743,-86.50104686
2014,10,5,Weekday,1900,3+ Cars,No injury/unknown,FOLLOWING TOO CLOSELY,BRYAN & THIRD ST,39.16426693,-86.5082519
2014,5,7,Weekend,1200,3+ Cars,Non-incapacitating,FOLLOWING TOO CLOSELY,FESS & THIRD ST,39.16426449,-86.5226336
2014,6,1,Weekend,1400,2-Car,No injury/unknown,IMPROPER TURNING,THIRD & WOODLAWN AVE,39.16426449,-86.5226336
2014,9,2,Weekday,900,2-Car,Non-incapacitating,UNSAFE LANE MOVEMENT,THIRD & WOODLAWN AVE,39.16426449,-86.5226336
2014,12,7,Weekend,2300,2-Car,No injury/unknown,UNSAFE LANE MOVEMENT,THIRD & WOODLAWN,39.16426449,-86.5226336
2014,8,5,Weekday,1600,2-Car,Non-incapacitating,FOLLOWING TOO CLOSELY,THIRD ST & UNION,39.16426449,-86.50938642
2014,8,4,Weekday,900,2-Car,Non-incapacitating,IMPROPER LANE USAGE,HIGHLAND AVE & THIRD,39.16426229,-86.51775641
2014,11,2,Weekday,1300,2-Car,No injury/unknown,FOLLOWING TOO CLOSELY,HIGHLAND & THIRD,39.16426229,-86.51775641
2014,2,4,Weekday,600,2-Car,Non-incapacitating,FOLLOWING TOO CLOSELY,E 3RD ST & SR46,39.16426048,-86.47315735
2014,10,1,Weekday,2300,2-Car,No injury/unknown,FAILURE TO YIELD RIGHT OF WAY,3RD & JORDAN,39.16426018,-86.51639991
2014,1,6,Weekday,1400,2-Car,No injury/unknown,DISREGARD SIGNAL/REG SIGN,3RD ST & JORDAN,39.16426018,-86.5163999
2014,1,4,Weekday,1800,2-Car,No injury/unknown,SPEED TOO FAST FOR WEATHER CONDITIONS,3RD ST & JORDAN,39.16426018,-86.5163999
2014,1,5,Weekday,1700,Bus,No injury/unknown,FOLLOWING TOO CLOSELY,3RD ST & JORDAN,39.16426018,-86.5163999
2014,4,1,Weekend,1300,2-Car,No injury/unknown,DRIVER DISTRACTED - EXPLAIN IN NARRATIVE,3RD ST & JORDAN,39.16426018,-86.5163999
2014,5,5,Weekday,1200,2-Car,No injury/unknown,IMPROPER LANE USAGE,JORDAN & THIRD ST,39.16426018,-86.5163999
2014,7,6,Weekday,1500,2-Car,No injury/unknown,DRIVER DISTRACTED - EXPLAIN IN NARRATIVE,3RD ST & JORDAN,39.16426018,-86.5163999
2014,10,5,Weekday,1700,Pedestrian,Non-incapacitating,OVERCORRECTING/OVERSTEERING,3RD & JORDAN,39.16426018,-86.5163999
2014,9,5,Weekday,2200,2-Car,No injury/unknown,FOLLOWING TOO CLOSELY,3RD ST & JORDAN,39.16426018,-86.5163999
2014,9,7,Weekend,2000,2-Car,No injury/unknown,UNSAFE LANE MOVEMENT,3RD ST & JORDAN,39.16426018,-86.5163999
2014,10,5,Weekday,1700,2-Car,No injury/unknown,UNSAFE LANE MOVEMENT,E 3RD & JORDAN,39.16426018,-86.5163999
2014,2,4,Weekday,1500,2-Car,No injury/unknown,FAILURE TO YIELD RIGHT OF WAY,E 3RD ST & S JORDAN,39.16426018,-86.51639471
2014,9,2,Weekday,1400,2-Car,No injury/unknown,UNSAFE BACKING,E 3RD ST,39.16425856,-86.50019104
2014,2,3,Weekday,2200,Pedestrian,Non-incapacitating,DRIVER DISTRACTED - EXPLAIN IN NARRATIVE,FACULTY AVE & THIRD,39.16425212,-86.52107176
2014,5,4,Weekday,1700,2-Car,No injury/unknown,FAILURE TO YIELD RIGHT OF WAY,3RD ST & COLLEGE MALL,39.16425098,-86.49945834
2014,12,4,Weekday,1100,2-Car,No injury/unknown,OTHER (DRIVER) - EXPLAIN IN NARRATIVE,3RD & HAWTHORNE,39.16425012,-86.52009861
2014,1,7,Weekend,0,2-Car,No injury/unknown,IMPROPER TURNING,3RD ST & SWAIN,39.16425012,-86.51525996
2014,1,5,Weekday,2200,2-Car,No injury/unknown,IMPROPER TURNING,3RD ST & SWAIN,39.16425012,-86.51525996
2014,1,6,Weekend,2300,2-Car,No injury/unknown,FAILURE TO YIELD RIGHT OF WAY,3RD ST & SWAIN,39.16425012,-86.51525996
2014,2,3,Weekday,1700,2-Car,No injury/unknown,IMPROPER TURNING,3RD ST & SWAIN,39.16425012,-86.51525996
2014,2,5,Weekday,1900,2-Car,No injury/unknown,UNSAFE LANE MOVEMENT,3RD ST & SWAIN,39.16425012,-86.51525996
2014,3,5,Weekday,1300,2-Car,No injury/unknown,IMPROPER LANE USAGE,3RD ST & SWAIN,39.16425012,-86.51525996
2014,5,7,Weekend,2100,2-Car,No injury/unknown,UNSAFE LANE MOVEMENT,3RD ST & SWAIN,39.16425012,-86.51525996
2014,6,2,Weekday,1300,2-Car,No injury/unknown,FOLLOWING TOO CLOSELY,3RD ST & SWAIN,39.16425012,-86.51525996
2014,7,7,Weekend,1300,2-Car,Non-incapacitating,UNSAFE LANE MOVEMENT,E 3RD ST & SWAIN,39.16425012,-86.51525996
2014,8,6,Weekday,1800,2-Car,No injury/unknown,UNSAFE LANE MOVEMENT,3RD ST & SWAIN,39.16425012,-86.51525996
2014,10,6,Weekend,1900,2-Car,No injury/unknown,IMPROPER TURNING,3RD & SWAIN,39.16425012,-86.51525996
2014,3,4,Weekday,1100,2-Car,Non-incapacitating,UNSAFE SPEED,MITCHELL & THIRD ST,39.16425012,-86.51422999
2014,10,3,Weekday,1000,2-Car,No injury/unknown,UNSAFE SPEED,EAST 3RD & SOUTH MITCHELL,39.16425012,-86.51422999
2014,9,2,Weekday,700,2-Car,Non-incapacitating,DISREGARD SIGNAL/REG SIGN,PARK SQUARE & SR48W,39.16424942,-86.5925064
2014,9,7,Weekend,1900,2-Car,No injury/unknown,FAILURE TO YIELD RIGHT OF WAY,E 3RD ST,39.16424711,-86.47368
2014,9,7,Weekend,1600,Cyclist,Non-incapacitating,OTHER (DRIVER) - EXPLAIN IN NARRATIVE,3RD ST & COLLEGE MALL,39.16424549,-86.49892917
2014,3,4,Weekday,700,1-Car,No injury/unknown,ANIMAL/OBJECT IN ROADWAY,OLD STATE 46 & SR46E,39.16424051,-86.49826051
2014,11,4,Weekday,1600,1-Car,No injury/unknown,ANIMAL/OBJECT IN ROADWAY,3RD & PARK RIDGE,39.16424001,-86.47433196
2014,8,1,Weekend,1300,2-Car,Non-incapacitating,FAILURE TO YIELD RIGHT OF WAY,3RD ST & PETE ELLIS,39.16424,-86.49453762
2014,4,7,Weekend,1500,2-Car,No injury/unknown,FAILURE TO YIELD RIGHT OF WAY,PETE ELLIS & SR46E,39.16424,-86.49438238
2014,2,6,Weekday,1500,2-Car,Non-incapacitating,SPEED TOO FAST FOR WEATHER CONDITIONS,3RD ST & KINGSTON,39.16424,-86.49223838
2014,2,6,Weekday,1500,3+ Cars,Non-incapacitating,FOLLOWING TOO CLOSELY,3RD ST & KINGSTON,39.16424,-86.49259119
2014,6,3,Weekday,1600,2-Car,No injury/unknown,FAILURE TO YIELD RIGHT OF WAY,PARK RIDGE & SR46E,39.16424,-86.47574319
2014,10,7,Weekend,1300,2-Car,No injury/unknown,UNSAFE LANE MOVEMENT,3RD & HIGHLAND,39.16424,-86.5176
2014,9,4,Weekday,1100,2-Car,No injury/unknown,UNSAFE BACKING,E 3RD ST,39.16424,-86.51757551
2014,4,6,Weekday,1200,2-Car,No injury/unknown,FOLLOWING TOO CLOSELY,E 3RD & S JORDAN AVE,39.16424,-86.5164
2014,7,2,Weekday,1600,2-Car,No injury/unknown,IMPROPER TURNING,E 3RD ST & S SWAIN,39.16424,-86.5152
2014,1,4,Weekday,1700,2-Car,No injury/unknown,UNSAFE LANE MOVEMENT,COLLEGE MALL & EAST THIRD ST,39.16424,-86.4984
2014,1,6,Weekend,2200,2-Car,No injury/unknown,UNSAFE LANE MOVEMENT,E 3RD ST & S COLLEGE MALL,39.16424,-86.4984
2014,2,4,Weekday,2100,2-Car,No injury/unknown,FAILURE TO YIELD RIGHT OF WAY,COLLEGE MALL ENRANCE & COLLEGE MALL RD,39.16424,-86.4984
2014,4,5,Weekday,1800,2-Car,No injury/unknown,FAILURE TO YIELD RIGHT OF WAY,E 3RD ST & S COLLEGE MALL,39.16424,-86.4984
2014,4,6,Weekday,1400,2-Car,No injury/unknown,FOLLOWING TOO CLOSELY,COLLEGE MALL & E 3RD ST,39.16424,-86.4984
2014,4,2,Weekday,1500,2-Car,No injury/unknown,UNSAFE BACKING,E 3RD ST,39.16424,-86.4984
2014,4,2,Weekday,2100,1-Car,No injury/unknown,SPEED TOO FAST FOR WEATHER CONDITIONS,3RD ST & COLLEGE MALL,39.16424,-86.4984
2014,8,5,Weekday,1400,2-Car,No injury/unknown,FOLLOWING TOO CLOSELY,COLLEGE MALL & E 3RD ST,39.16424,-86.4984
2014,9,4,Weekday,2000,2-Car,No injury/unknown,FOLLOWING TOO CLOSELY,3RD & COLLEGE MALL RD,39.16424,-86.4984
2014,9,4,Weekday,2000,2-Car,No injury/unknown,OTHER (VEHICLE) - EXPLAIN IN NARRATIVE,S COLLEGE MALL RD,39.16424,-86.4984
2014,9,3,Weekday,1800,2-Car,No injury/unknown,FOLLOWING TOO CLOSELY,3RD & COLLEGE  MALL RD,39.16424,-86.4984
2014,10,3,Weekday,1800,2-Car,No injury/unknown,,E 3RD,39.16424,-86.4984
2014,10,7,Weekend,1000,2-Car,No injury/unknown,OTHER (DRIVER) - EXPLAIN IN NARRATIVE,E 3RD & S COLLEGE MALL,39.16424,-86.4984
2014,12,2,Weekday,1600,3+ Cars,No injury/unknown,OTHER (DRIVER) - EXPLAIN IN NARRATIVE,3RD & COLLEGE MALL,39.16424,-86.4984
2014,12,7,Weekend,1900,2-Car,Non-incapacitating,FOLLOWING TOO CLOSELY,3RD & COLLEGE MALL,39.16424,-86.4984
2014,11,6,Weekday,1500,2-Car,Non-incapacitating,FOLLOWING TOO CLOSELY,E 3RD & S COLLEGE MALL,39.16424,-86.4984
2014,11,6,Weekday,1300,2-Car,No injury/unknown,FOLLOWING TOO CLOSELY,3RD & COLLEGE MALL,39.16424,-86.4984
2014,12,6,Weekday,1500,1-Car,No injury/unknown,UNSAFE SPEED,3RD & COLLEGE MALL,39.16424,-86.4984
2014,1,3,Weekday,1100,2-Car,Non-incapacitating,ROADWAY SURFACE CONDITION,E 3RD ST & PETE ELLIS,39.16424,-86.495088
2014,1,4,Weekday,900,2-Car,No injury/unknown,ROADWAY SURFACE CONDITION,EAST THIRD ST & PETE ELLIS,39.16424,-86.495088
2014,1,6,Weekday,1700,3+ Cars,No injury/unknown,FOLLOWING TOO CLOSELY,E 3RD ST & S PETE ELLIS,39.16424,-86.495088
2014,1,3,Weekday,1100,2-Car,No injury/unknown,IMPROPER LANE USAGE,E 3RD ST & PETE ELLIS,39.16424,-86.495088
2014,2,4,Weekday,1300,2-Car,Non-incapacitating,FAILURE TO YIELD RIGHT OF WAY,PETE ELLIS & SR46E,39.16424,-86.495088
2014,3,3,Weekday,1700,Moped/Motorcycle,Non-incapacitating,UNSAFE SPEED,E 3RD ST & PETE ELLIS,39.16424,-86.495088
2014,4,3,Weekday,1200,2-Car,No injury/unknown,FAILURE TO YIELD RIGHT OF WAY,E 3RD ST & PETE ELLIS,39.16424,-86.495088
2014,6,2,Weekday,1200,2-Car,No injury/unknown,IMPROPER PASSING,3RD ST & PETE ELLIS,39.16424,-86.495088
2014,7,3,Weekday,1200,2-Car,Non-incapacitating,FOLLOWING TOO CLOSELY,E 3RD ST & SO PETE ELLIS,39.16424,-86.495088
2014,9,2,Weekday,1500,2-Car,Non-incapacitating,FAILURE TO YIELD RIGHT OF WAY,EAST 3RD ST & SOUTH PETE ELLIS,39.16424,-86.495088
2014,9,6,Weekday,1400,2-Car,Non-incapacitating,FAILURE TO YIELD RIGHT OF WAY,3RD ST & PETE ELLIS,39.16424,-86.495088
2014,10,6,Weekday,1000,2-Car,No injury/unknown,FOLLOWING TOO CLOSELY,E 3RD ST & SO PETE ELLIS,39.16424,-86.495088
2014,10,6,Weekday,1000,2-Car,No injury/unknown,FOLLOWING TOO CLOSELY,E 3RD ST & SO PETE ELLIS,39.16424,-86.495088
2014,10,3,Weekday,1100,2-Car,No injury/unknown,FAILURE TO YIELD RIGHT OF WAY,EAST THIRD ST & PETE ELLIS,39.16424,-86.495088
2014,11,6,Weekday,1400,3+ Cars,No injury/unknown,FOLLOWING TOO CLOSELY,3RD & PETE ELLIS,39.16424,-86.495088
2014,12,2,Weekday,1500,2-Car,No injury/unknown,DISREGARD SIGNAL/REG SIGN,3RD & PETE ELLIS,39.16424,-86.495088
2014,12,6,Weekday,1800,2-Car,No injury/unknown,FOLLOWING TOO CLOSELY,3RD & PETE ELLIS,39.16424,-86.495088
2014,12,4,Weekday,1900,2-Car,No injury/unknown,,E 3RD,39.16424,-86.49494053
2014,9,6,Weekday,1400,2-Car,No injury/unknown,UNSAFE BACKING,E 3RD ST,39.16424,-86.49425989
2014,2,3,Weekday,1600,2-Car,No injury/unknown,IMPROPER TURNING,E 3RD ST,39.16424,-86.4939483
2014,4,7,Weekend,1100,2-Car,No injury/unknown,UNSAFE BACKING,E 3RD ST,39.16424,-86.4939483
2014,5,4,Weekday,1600,3+ Cars,No injury/unknown,UNSAFE SPEED,E 3RD ST,39.16424,-86.4939483
2014,9,2,Weekday,1200,2-Car,Non-incapacitating,FAILURE TO YIELD RIGHT OF WAY,W 3RD ST,39.16424,-86.49308013
2014,6,2,Weekday,1900,2-Car,No injury/unknown,UNSAFE BACKING,W 3RD ST,39.16424,-86.49307941
2014,4,1,Weekend,1600,3+ Cars,Non-incapacitating,FOLLOWING TOO CLOSELY,E 3RD ST & S KINGSTON,39.16424,-86.492944
2014,4,6,Weekday,1800,3+ Cars,Non-incapacitating,BRAKE FAILURE OR DEFECTIVE,3RD ST & KINGSTON,39.16424,-86.492944
2014,4,2,Weekday,1700,2-Car,No injury/unknown,FOLLOWING TOO CLOSELY,E 3RD ST & KINGSTON,39.16424,-86.492944
2014,4,2,Weekday,2200,3+ Cars,No injury/unknown,FOLLOWING TOO CLOSELY,EAST 3RD ST & KINGSTON,39.16424,-86.492944
2014,5,4,Weekday,1600,2-Car,Non-incapacitating,OTHER (DRIVER) - EXPLAIN IN NARRATIVE,E 3RD ST & S KINGSTON,39.16424,-86.492944
2014,5,5,Weekday,1700,Cyclist,Non-incapacitating,FAILURE TO YIELD RIGHT OF WAY,E 3RD ST & KINGSTON,39.16424,-86.492944
2014,6,7,Weekend,1300,3+ Cars,Non-incapacitating,FOLLOWING TOO CLOSELY,E 3RD ST & KINGSTON,39.16424,-86.492944
2014,6,2,Weekday,0,2-Car,No injury/unknown,FAILURE TO YIELD RIGHT OF WAY,300 S KINGSTON DR & 3RD,39.16424,-86.492944
2014,6,2,Weekday,1200,2-Car,No injury/unknown,FAILURE TO YIELD RIGHT OF WAY,E 3RD ST & S KINGSTON,39.16424,-86.492944
2014,7,3,Weekday,700,2-Car,Non-incapacitating,FAILURE TO YIELD RIGHT OF WAY,E 3RD ST & S KINGSTON,39.16424,-86.492944
2014,8,6,Weekend,2300,2-Car,No injury/unknown,FAILURE TO YIELD RIGHT OF WAY,3RD ST & KINGSTON,39.16424,-86.492944
2014,8,4,Weekday,1400,2-Car,No injury/unknown,FAILURE TO YIELD RIGHT OF WAY,E 3RD ST & S KINGSTON,39.16424,-86.492944
2014,9,7,Weekend,1800,2-Car,No injury/unknown,UNSAFE LANE MOVEMENT,3RD ST & KINGSTON,39.16424,-86.492944
2014,9,3,Weekday,1800,2-Car,Non-incapacitating,FAILURE TO YIELD RIGHT OF WAY,3RD ST & KINGSTON,39.16424,-86.492944
2014,9,6,Weekday,900,2-Car,No injury/unknown,FOLLOWING TOO CLOSELY,3RD ST & KINGSTON,39.16424,-86.492944
2014,12,3,Weekday,1200,2-Car,No injury/unknown,IMPROPER TURNING,3RD & KINGSTON,39.16424,-86.492944
2014,11,7,Weekend,1500,2-Car,No injury/unknown,UNSAFE LANE MOVEMENT,E 3RD & KINGSTON,39.16424,-86.492944
2014,1,5,Weekday,1400,2-Car,No injury/unknown,UNSAFE BACKING,E 3RD ST,39.16424,-86.49259396
2014,2,7,Weekend,1900,1-Car,No injury/unknown,OVERCORRECTING/OVERSTEERING,E 3RD ST,39.16424,-86.49259396
2014,5,3,Weekday,1400,2-Car,No injury/unknown,UNSAFE BACKING,E 3RD ST,39.16424,-86.49259396
2014,6,6,Weekend,2200,1-Car,No injury/unknown,IMPROPER TURNING,W 3RD ST,39.16424,-86.49136882
2014,2,3,Weekday,1200,2-Car,No injury/unknown,FOLLOWING TOO CLOSELY,E 3RD ST & SO CLARIZZ,39.16424,-86.4908
2014,2,6,Weekday,1200,2-Car,No injury/unknown,UNSAFE BACKING,W 3RD ST,39.16424,-86.4908
2014,5,4,Weekday,1400,Pedestrian,Non-incapacitating,,E 3RD ST & S CLARIZZ,39.16424,-86.4908
2014,6,1,Weekend,1500,Cyclist,Non-incapacitating,FAILURE TO YIELD RIGHT OF WAY,CLARIZZ BLVD & E 3RD,39.16424,-86.4908
2014,10,6,Weekday,1300,2-Car,Non-incapacitating,BRAKE FAILURE OR DEFECTIVE,E 3RD & S CLARIZZ,39.16424,-86.4908
2014,9,3,Weekday,800,3+ Cars,Non-incapacitating,OTHER (DRIVER) - EXPLAIN IN NARRATIVE,CLARIZZ & E 3RD ST,39.16424,-86.4908
2014,11,6,Weekday,1600,2-Car,Non-incapacitating,FAILURE TO YIELD RIGHT OF WAY,E 3RD & S CLARIZZ,39.16424,-86.4908
2014,4,5,Weekday,700,2-Car,No injury/unknown,UNSAFE BACKING,W 3RD ST,39.16424,-86.48998367
2014,6,7,Weekend,900,1-Car,No injury/unknown,ANIMAL/OBJECT IN ROADWAY,EAST  THIRD ST & PLEASANT RIDGE,39.16424,-86.4892
2014,1,4,Weekday,1300,1-Car,No injury/unknown,SPEED TOO FAST FOR WEATHER CONDITIONS,W 3RD ST,39.16424,-86.484384
2014,4,6,Weekday,1200,2-Car,No injury/unknown,UNSAFE BACKING,WEST 3RD ST,39.16424,-86.48346971
2014,10,7,Weekend,1700,2-Car,No injury/unknown,FOLLOWING TOO CLOSELY,W 3RD,39.16424,-86.48346971
2014,2,5,Weekday,1900,Bus,No injury/unknown,DISREGARD SIGNAL/REG SIGN,E 3RD & S SMITH RD,39.16424,-86.480688
2014,2,3,Weekday,1700,2-Car,Non-incapacitating,FAILURE TO YIELD RIGHT OF WAY,SMITH & THIRD ST,39.16424,-86.480688
2014,4,6,Weekday,600,1-Car,No injury/unknown,ANIMAL/OBJECT IN ROADWAY,SMITHVILLE ROAD & SR37S,39.16424,-86.480688
2014,6,4,Weekday,900,2-Car,No injury/unknown,DRIVER DISTRACTED - EXPLAIN IN NARRATIVE,E 3RD & S SMITH RD,39.16424,-86.480688
2014,7,6,Weekday,1300,2-Car,No injury/unknown,FOLLOWING TOO CLOSELY,E 3RD & S SMITH RD,39.16424,-86.480688
2014,8,6,Weekday,1300,2-Car,Incapacitating,FAILURE TO YIELD RIGHT OF WAY,3RD ST & SMITH,39.16424,-86.480688
2014,8,5,Weekday,1500,2-Car,No injury/unknown,DISREGARD SIGNAL/REG SIGN,SMITH & SR46W,39.16424,-86.480688
2014,9,1,Weekend,1200,2-Car,No injury/unknown,FAILURE TO YIELD RIGHT OF WAY,E 3RD & SO SMITH RD,39.16424,-86.480688
2014,10,7,Weekend,1600,2-Car,No injury/unknown,SPEED TOO FAST FOR WEATHER CONDITIONS,E 3RD & S SMITH,39.16424,-86.480688
2014,11,5,Weekday,1300,2-Car,No injury/unknown,SPEED TOO FAST FOR WEATHER CONDITIONS,3RD & SMITH,39.16424,-86.480688
2014,11,2,Weekday,500,1-Car,No injury/unknown,ANIMAL/OBJECT IN ROADWAY,SMITHVILLE & SR37S,39.16424,-86.480688
2014,12,1,Weekend,1400,2-Car,No injury/unknown,DRIVER DISTRACTED - EXPLAIN IN NARRATIVE,W 3RD,39.16424,-86.48057698
2014,1,5,Weekday,1500,2-Car,No injury/unknown,FOLLOWING TOO CLOSELY,3RD ST & PARK RIDGE,39.16424,-86.47636061
2014,4,5,Weekday,1800,2-Car,No injury/unknown,FAILURE TO YIELD RIGHT OF WAY,EAST 3RD ST & SOUTH PARK RIDGE,39.16424,-86.476096
2014,6,6,Weekday,1500,2-Car,No injury/unknown,UNSAFE LANE MOVEMENT,E 3RD ST & PARK RIDGE,39.16424,-86.476096
2014,6,2,Weekday,1500,2-Car,Non-incapacitating,FAILURE TO YIELD RIGHT OF WAY,PARK RIDGE & THIRD ST,39.16424,-86.476096
2014,7,5,Weekday,1800,2-Car,No injury/unknown,FAILURE TO YIELD RIGHT OF WAY,3RD ST & PARK RIDGE,39.16424,-86.476096
2014,8,3,Weekday,1400,2-Car,No injury/unknown,FAILURE TO YIELD RIGHT OF WAY,3RD ST & PARK RIDGE,39.16424,-86.476096
2014,11,3,Weekday,1100,2-Car,No injury/unknown,UNSAFE BACKING,E 3RD,39.16424,-86.473984
2014,2,6,Weekday,1600,2-Car,No injury/unknown,UNSAFE LANE MOVEMENT,EAST 3RD & SR46S,39.16424,-86.473296
2014,6,1,Weekend,1800,2-Car,No injury/unknown,FOLLOWING TOO CLOSELY,E 3RD ST & SR46S,39.16424,-86.473296
2014,7,3,Weekday,1300,2-Car,No injury/unknown,FOLLOWING TOO CLOSELY,E 3RD & SR46S,39.16424,-86.473296
2014,10,6,Weekday,1700,2-Car,No injury/unknown,FOLLOWING TOO CLOSELY,3RD & SR46S,39.16424,-86.473296
2014,11,6,Weekday,900,2-Car,No injury/unknown,FOLLOWING TOO CLOSELY,3RD & SR46E,39.16424,-86.473296