Year,Month,Day,Weekend?,Hour,Collision Type,Injury Type,Primary Factor,Reported_Location,Latitude,Longitude
2014,9,4,Weekday,1500,2-Car,No injury/unknown,FAILURE TO YIELD RIGHT OF WAY,E HILLSIDE & S WALNUT ST,39.150544,-86.5336
2014,9,4,Weekday,2000,Pedestrian,Non-incapacitating,DISREGARD SIGNAL/REG SIGN,HILLSIDE DR & WALNUT,39.150544,-86.5336
2014,9,2,Weekday,1700,2-Car,No injury/unknown,UNSAFE LANE MOVEMENT,HILLSIDE & WALNUT,39.150544,-86.5336
2014,11,5,Weekday,1300,2-Car,Non-incapacitating,FOLLOWING TOO CLOSELY,E HILLSIDE & S WALNUT,39.150544,-86.5336
2014,12,5,Weekday,1100,2-Car,No injury/unknown,FAILURE TO YIELD RIGHT OF WAY,HILLSIDE & WALNUT,39.150544,-86.5336
2014,1,1,Weekend,1100,2-Car,No injury/unknown,UNSAFE BACKING,DORCHESTER DR & HILLSIDE,39.150544,-86.512592
2014,1,3,Weekday,900,3+ Cars,No injury/unknown,FAILURE TO YIELD RIGHT OF WAY,E HILLSIDE DR & LONGWOOD,39.150544,-86.512592
2014,11,3,Weekday,1800,3+ Cars,No injury/unknown,FOLLOWING TOO CLOSELY,DORCHESTER & HILLSIDE,39.150544,-86.512592
2014,9,3,Weekday,1900,Moped/Motorcycle,Non-incapacitating,ANIMAL/OBJECT IN ROADWAY,CLIFTON & HILLSIDE DR,39.150544,-86.5096
2014,11,6,Weekday,1500,3+ Cars,No injury/unknown,FOLLOWING TOO CLOSELY,E MOORES & S VALLEY FORGE,39.150544,-86.502992
2014,4,2,Weekday,800,3+ Cars,No injury/unknown,FAILURE TO YIELD RIGHT OF WAY,HENDERSON & HILLSIDE DR,39.15053895,-86.52588074
2014,12,1,Weekend,1000,2-Car,No injury/unknown,FOLLOWING TOO CLOSELY,HILLSIDE & WALNUT,39.15051989,-86.53366998
2014,5,5,Weekday,2100,2-Car,No injury/unknown,FOLLOWING TOO CLOSELY,EAST MOORES PIKE & SOUTH COLLEGE MALL,39.15048033,-86.49825006
2014,4,2,Weekday,800,3+ Cars,No injury/unknown,FOLLOWING TOO CLOSELY,MOORES PIKE & SARE,39.15046593,-86.49990511
2014,1,3,Weekday,1100,2-Car,No injury/unknown,FAILURE TO YIELD RIGHT OF WAY,MOORES & SARE RD,39.150448,-86.4992
2014,4,4,Weekday,1300,2-Car,No injury/unknown,FAILURE TO YIELD RIGHT OF WAY,E MOORES PIKE & S SARE,39.150448,-86.4992
2014,2,5,Weekday,1200,2-Car,No injury/unknown,FAILURE TO YIELD RIGHT OF WAY,E MOORES PIKE & SO COLLEGE MALL RD,39.150448,-86.498
2014,5,6,Weekday,1300,2-Car,No injury/unknown,FAILURE TO YIELD RIGHT OF WAY,COLLEGE MALL & MOORES PIKE,39.150448,-86.498
2014,6,1,Weekday,2000,2-Car,Non-incapacitating,FAILURE TO YIELD RIGHT OF WAY,COLLEGE MALL & MOORES PIKE,39.150448,-86.498
2014,7,1,Weekend,1500,2-Car,No injury/unknown,,E MOORES PIKE & S COLLEGE MALL,39.150448,-86.498
2014,12,6,Weekday,1400,2-Car,No injury/unknown,DISREGARD SIGNAL/REG SIGN,COLLEGE MALL & MOORES,39.150448,-86.498
2014,7,4,Weekday,1300,2-Car,No injury/unknown,UNSAFE BACKING,E MOORES PIKE,39.15036073,-86.49516655
2014,10,7,Weekend,1200,2-Car,No injury/unknown,FAILURE TO YIELD RIGHT OF WAY,E MOORES & S 446 RD,39.150352,-86.471296
2014,11,7,Weekend,1300,2-Car,No injury/unknown,DRIVER DISTRACTED - EXPLAIN IN NARRATIVE,MOORES & SR446,39.150352,-86.471296
2014,4,4,Weekday,1700,2-Car,No injury/unknown,FOLLOWING TOO CLOSELY,E MOORES PIKE & STATE RD 446,39.15035024,-86.47138975
2014,4,1,Weekend,1500,Moped/Motorcycle,Non-incapacitating,FOLLOWING TOO CLOSELY,MOORES & STATE ROAD 446 RD,39.15035024,-86.47138975
2014,9,2,Weekday,600,2-Car,No injury/unknown,IMPROPER TURNING,MOORES & SR446S,39.150345,-86.47138241
2014,10,6,Weekend,2200,1-Car,No injury/unknown,RAN OFF ROAD RIGHT,E MOORES & FENBROOK,39.15022016,-86.48725971
2014,12,3,Weekday,1800,3+ Cars,No injury/unknown,FOLLOWING TOO CLOSELY,MOORES & OLCOTT,39.15018998,-86.4849899
2014,12,4,Weekday,1100,2-Car,No injury/unknown,IMPROPER PASSING,SR37S & W BLOOMFIELD,39.148144,-86.572992
2014,7,2,Weekday,700,1-Car,No injury/unknown,DRIVER DISTRACTED - EXPLAIN IN NARRATIVE,E MOORES PIKE & S OLCOTT,39.15018998,-86.48498989
2014,4,7,Weekend,700,1-Car,No injury/unknown,ANIMAL/OBJECT IN ROADWAY,COUNTY LINE & SR37S,39.15000943,-86.68229675
2014,4,7,Weekend,0,1-Car,No injury/unknown,ANIMAL/OBJECT IN ROADWAY,E MOORES & SR446S,39.14994007,-86.47128727
2014,4,7,Weekend,1100,2-Car,No injury/unknown,FOLLOWING TOO CLOSELY,SOUTHERN & WALNUT ST,39.14984,-86.533392
2014,6,2,Weekday,1600,2-Car,Non-incapacitating,FOLLOWING TOO CLOSELY,SOUTHERN & WALNUT ST,39.14984,-86.533392
2014,6,6,Weekday,0,3+ Cars,No injury/unknown,FOLLOWING TOO CLOSELY,E SOUTHERN & S WALNUT ST,39.14984,-86.533392
2014,1,4,Weekday,2100,2-Car,No injury/unknown,OTHER (ENVIRONMENTAL) - EXPLAIN IN NARR,E SOUTHERN DR & HENDERSON,39.14984,-86.526944
2014,12,2,Weekday,1400,1-Car,No injury/unknown,SPEED TOO FAST FOR WEATHER CONDITIONS,BASSWOOD & BLOOMFIELD,39.14978027,-86.56889007
2014,5,5,Weekday,1900,2-Car,No injury/unknown,FAILURE TO YIELD RIGHT OF WAY,S OAKDALE & W BLOOMFIELD RD,39.14978027,-86.56889006
2014,6,3,Weekday,2300,1-Car,No injury/unknown,DRIVER DISTRACTED - EXPLAIN IN NARRATIVE,BASSWOOD DR & BLOOMFIELD,39.14978027,-86.56889006
2014,8,1,Weekend,1800,2-Car,No injury/unknown,DISREGARD SIGNAL/REG SIGN,BASSWOOD & W BLOOMFIELD RD,39.14978027,-86.56889006
2014,8,5,Weekday,1600,1-Car,Non-incapacitating,OVERCORRECTING/OVERSTEERING,BLOOMFIELD & S BASSWOOD DR,39.14978027,-86.56889006
2014,5,4,Weekday,1300,2-Car,No injury/unknown,FOLLOWING TOO CLOSELY,BASSWOOD & BLOOMFIELD RD,39.14978027,-86.56887275
2014,3,7,Weekend,700,2-Car,No injury/unknown,FAILURE TO YIELD RIGHT OF WAY,S WALNUT ST & SOUTHERN,39.14977022,-86.53350032
2014,2,5,Weekday,1700,3+ Cars,No injury/unknown,FOLLOWING TOO CLOSELY,SOUTH OAKDALE & SR45W,39.14976538,-86.5688821
2014,6,4,Weekday,1100,2-Car,No injury/unknown,OTHER (DRIVER) - EXPLAIN IN NARRATIVE,S BASSWOOD CIR,39.14968,-86.57104
2014,2,2,Weekday,1100,2-Car,No injury/unknown,FOLLOWING TOO CLOSELY,CONSTITUTION & LIBERTY DR,39.149552,-86.575936
2014,2,6,Weekday,1500,2-Car,No injury/unknown,FOLLOWING TOO CLOSELY,CONSTITUTION & LIBERTY DR,39.149552,-86.575936
2014,3,4,Weekday,1000,2-Car,Non-incapacitating,FOLLOWING TOO CLOSELY,CONSTITUTION & LIBERTY DR,39.149552,-86.575936
2014,6,4,Weekday,2000,2-Car,No injury/unknown,FOLLOWING TOO CLOSELY,CONSTITUTION & LIBERTY ST,39.149552,-86.575936
2014,8,6,Weekday,1300,2-Car,No injury/unknown,FOLLOWING TOO CLOSELY,CONSTITUTION & LIBERTY DR,39.149552,-86.575936
2014,8,4,Weekday,1700,2-Car,No injury/unknown,FOLLOWING TOO CLOSELY,S LIBERTY DR & W CONSTITUTION,39.149552,-86.575936
2014,12,3,Weekday,1500,3+ Cars,No injury/unknown,FOLLOWING TOO CLOSELY,SOUTH LIBERTY & WEST CONSTITUTION,39.149552,-86.575936
2014,10,4,Weekday,1900,1-Car,No injury/unknown,ANIMAL/OBJECT IN ROADWAY,MOORES & SR446N,39.14952815,-86.47127855
2014,5,7,Weekend,1300,2-Car,No injury/unknown,DRIVER DISTRACTED - EXPLAIN IN NARRATIVE,OLIVE & THORTON DR,39.14945975,-86.51880262
2014,9,4,Weekday,1800,1-Car,Non-incapacitating,OTHER (DRIVER) - EXPLAIN IN NARRATIVE,BASSWOOD & BASSWOOD DR,39.149456,-86.57024
2014,7,7,Weekend,500,2-Car,No injury/unknown,,S HUNTINGTON GARDENS PL,39.149456,-86.520864
2014,11,2,Weekday,1900,2-Car,No injury/unknown,IMPROPER LANE USAGE,GARRISON CHAPEL & KEYWAY,39.1492901,-86.64307997
2014,3,6,Weekday,1400,3+ Cars,No injury/unknown,FOLLOWING TOO CLOSELY,CONSTITUTION & LIBERTY DR,39.14927792,-86.57591316
2014,5,4,Weekday,1600,2-Car,Non-incapacitating,FOLLOWING TOO CLOSELY,BLOOMFIELD & SR37S,39.14924247,-86.57301551
2014,11,5,Weekday,500,Pedestrian,Fatal,PEDESTRIAN ACTION,BEASLEY & CURRY,39.149152,-86.582704
2014,2,5,Weekday,800,2-Car,No injury/unknown,IMPROPER LANE USAGE,VERMILYA AVE & WALNUT,39.14897328,-86.53277209
2014,9,4,Weekday,1200,2-Car,No injury/unknown,,SOUTH ROGERS ST,39.148949,-86.537292
2014,11,5,Weekday,800,2-Car,No injury/unknown,IMPROPER TURNING,1595 S PIAZZA & CATHCART,39.14884283,-86.49986742
2014,5,5,Weekday,800,2-Car,No injury/unknown,FOLLOWING TOO CLOSELY,SR37N & W BLOOMFIELD,39.14881134,-86.57055664
2014,10,6,Weekday,1200,2-Car,Non-incapacitating,FOLLOWING TOO CLOSELY,CONSTITUTION & LIBERTY DR,39.14872891,-86.57591446
2014,4,5,Weekday,1800,2-Car,No injury/unknown,FOLLOWING TOO CLOSELY,EAST THORNTON & SOUTH HENDERSON ST,39.148544,-86.526912
2014,6,5,Weekday,900,2-Car,Non-incapacitating,FOLLOWING TOO CLOSELY,SR37,39.148448,-86.573
2014,7,6,Weekday,1800,2-Car,No injury/unknown,UNSAFE BACKING,YOST AVE,39.14841436,-86.58079437
2014,12,2,Weekday,1900,2-Car,No injury/unknown,OTHER (DRIVER) - EXPLAIN IN NARRATIVE,3RD & HAWTHORNE,39.1483886,-86.52008995
2014,10,2,Weekday,1500,2-Car,Non-incapacitating,FAILURE TO YIELD RIGHT OF WAY,MAXWELL ST & THORNTON,39.148336,-86.515024
2014,12,6,Weekday,1500,2-Car,No injury/unknown,,SOUTH HENDERSON,39.14818955,-86.52852631
2014,1,7,Weekend,1700,2-Car,Non-incapacitating,OTHER (DRIVER) - EXPLAIN IN NARRATIVE,BLOOMFIELD RD & SR37S,39.148144,-86.572992
2014,1,2,Weekday,1400,2-Car,No injury/unknown,FAILURE TO YIELD RIGHT OF WAY,BLOOMFIELD RD & SR37S,39.148144,-86.572992
2014,2,7,Weekend,1400,2-Car,Non-incapacitating,DISREGARD SIGNAL/REG SIGN,BLOOMFIELD RD & SR37S,39.148144,-86.572992
2014,3,6,Weekday,1200,2-Car,No injury/unknown,FOLLOWING TOO CLOSELY,SR37S & SR45,39.148144,-86.572992
2014,3,1,Weekend,1700,2-Car,No injury/unknown,FOLLOWING TOO CLOSELY,SR37S & SR45W,39.148144,-86.572992
2014,6,1,Weekend,1400,2-Car,No injury/unknown,FOLLOWING TOO CLOSELY,SR37 & SR45W,39.148144,-86.572992
2014,6,7,Weekend,800,2-Car,Non-incapacitating,FOLLOWING TOO CLOSELY,SR37S & SR45W,39.148144,-86.572992
2014,8,3,Weekday,700,2-Car,No injury/unknown,FOLLOWING TOO CLOSELY,45 & SR37S,39.148144,-86.572992
2014,9,4,Weekday,700,2-Car,Non-incapacitating,OTHER (DRIVER) - EXPLAIN IN NARRATIVE,BLOOMFIELD & SR37S,39.148144,-86.572992
2014,10,5,Weekday,800,2-Car,No injury/unknown,UNSAFE SPEED,SR37 & SR45W,39.148144,-86.572992
2014,10,6,Weekday,1300,2-Car,No injury/unknown,FOLLOWING TOO CLOSELY,SR37 & SR45W,39.148144,-86.572992
2014,10,6,Weekday,1700,2-Car,No injury/unknown,UNSAFE BACKING,SR37 & SR45W,39.148144,-86.572992
2014,12,4,Weekday,1200,2-Car,No injury/unknown,FOLLOWING TOO CLOSELY,BLOOMFIELD & SR37S,39.148144,-86.572992
2014,11,1,Weekend,1100,2-Car,No injury/unknown,DRIVER DISTRACTED - EXPLAIN IN NARRATIVE,SR37 & SR45,39.148144,-86.572992
2014,12,3,Weekday,1200,2-Car,No injury/unknown,FOLLOWING TOO CLOSELY,SR45W & STATE ROAD 37,39.148144,-86.572992
2014,12,2,Weekday,1800,2-Car,No injury/unknown,FAILURE TO YIELD RIGHT OF WAY,SR37S & SR45W,39.148144,-86.572992
2014,11,6,Weekday,1600,2-Car,No injury/unknown,DRIVER DISTRACTED - EXPLAIN IN NARRATIVE,S CURRY & W FARMER,39.148128,-86.58264
2014,11,7,Weekend,900,2-Car,Non-incapacitating,FOLLOWING TOO CLOSELY,SR37S,39.1481178,-86.57537699
2014,8,3,Weekday,100,2-Car,No injury/unknown,OTHER (DRIVER) - EXPLAIN IN NARRATIVE,IRA & WILCOX ST,39.1479899,-86.50077724
2014,9,2,Weekday,1600,2-Car,No injury/unknown,FOLLOWING TOO CLOSELY,CURRY PIKE & ROLL,39.14798817,-86.58263417
2014,7,4,Weekday,1700,2-Car,Non-incapacitating,FOLLOWING TOO CLOSELY,CURRY PIKE & ROLL,39.14771374,-86.58262082
2014,1,5,Weekday,1700,3+ Cars,Non-incapacitating,DISREGARD SIGNAL/REG SIGN,37 NB ON RAMP & BLOOMFIELD RD,39.14765186,-86.57290936
2014,12,6,Weekday,1800,2-Car,No injury/unknown,UNSAFE BACKING,SOUTH CURRY,39.14744568,-86.58229065
2014,10,6,Weekend,1900,3+ Cars,No injury/unknown,SPEED TOO FAST FOR WEATHER CONDITIONS,CURRY PIKE & ROLL,39.14744,-86.582592
2014,12,7,Weekend,700,1-Car,No injury/unknown,ROADWAY SURFACE CONDITION,ROLL & S CURRY,39.14744,-86.582592
2014,11,4,Weekday,1400,2-Car,Incapacitating,FAILURE TO YIELD RIGHT OF WAY,CURRY & ROLL,39.14744,-86.582592
2014,12,2,Weekday,1300,2-Car,No injury/unknown,,S CURRY & W ROLL,39.14744,-86.582592
2014,3,2,Weekday,1400,2-Car,No injury/unknown,UNSAFE LANE MOVEMENT,MILLER & WALNUT ST,39.14721203,-86.53262102
2014,12,5,Weekday,1000,1-Car,Non-incapacitating,DRIVER ILLNESS,CURRY & ROLL,39.14719999,-86.58259012
2014,10,4,Weekday,1100,2-Car,Non-incapacitating,FAILURE TO YIELD RIGHT OF WAY,S CURRY PIKE & W ROLL,39.14719999,-86.58259011
2014,8,6,Weekday,600,2-Car,Non-incapacitating,FOLLOWING TOO CLOSELY,E MILLER & S HENDERSON ST,39.147152,-86.526896
2014,9,4,Weekday,800,Cyclist,Non-incapacitating,FAILURE TO YIELD RIGHT OF WAY,E MILLER DR & S HENDERSON,39.147152,-86.526896
2014,12,5,Weekday,1000,2-Car,No injury/unknown,UNSAFE BACKING,E MILLER,39.147152,-86.526896
2014,8,5,Weekday,1500,Bus,No injury/unknown,UNSAFE BACKING,S SARE RD,39.147072,-86.498944
2014,5,4,Weekday,700,Pedestrian,Non-incapacitating,FAILURE TO YIELD RIGHT OF WAY,E MILLER DR & S WALNUT,39.146944,-86.532544
2014,7,5,Weekday,1300,2-Car,Non-incapacitating,FOLLOWING TOO CLOSELY,E MILLER DR & S WALNUT,39.146944,-86.532544
2014,9,2,Weekday,1100,2-Car,No injury/unknown,OTHER (DRIVER) - EXPLAIN IN NARRATIVE,MILLER & S WALNUT ST,39.146944,-86.532544
2014,11,2,Weekday,1400,2-Car,Non-incapacitating,FOLLOWING TOO CLOSELY,MILLER & WALNUT,39.146944,-86.532544
2014,11,5,Weekday,900,2-Car,Non-incapacitating,FOLLOWING TOO CLOSELY,STATE ROAD 37,39.14690302,-86.57434702
2014,12,6,Weekday,1700,2-Car,No injury/unknown,DISREGARD SIGNAL/REG SIGN,MILLER & S WALNUT,39.14689019,-86.53265007
2014,6,2,Weekday,1500,2-Car,No injury/unknown,FOLLOWING TOO CLOSELY,E MILLER & S WALNUT ST,39.14689019,-86.53265006
2014,6,5,Weekday,1300,1-Car,No injury/unknown,RAN OFF ROAD RIGHT,806 E MILLER DR & HUNTINGTON,39.14685699,-86.52082517
2014,8,2,Weekday,900,2-Car,No injury/unknown,FOLLOWING TOO CLOSELY,SR37S,39.14682803,-86.57464095
2014,10,4,Weekday,1100,2-Car,No injury/unknown,UNSAFE BACKING,OAKDALE,39.14679229,-86.57004811
2014,8,6,Weekday,1800,2-Car,No injury/unknown,FOLLOWING TOO CLOSELY,SR37S,39.14676685,-86.57458776
2014,8,5,Weekday,1700,2-Car,No injury/unknown,FAILURE TO YIELD RIGHT OF WAY,S OAKDALE DR & S PECAN,39.14676011,-86.57118305
2014,2,4,Weekday,1600,2-Car,No injury/unknown,FAILURE TO YIELD RIGHT OF WAY,LORELEI & S SMITH RD,39.1466099,-86.48042008
2014,8,1,Weekend,800,2-Car,No injury/unknown,,E ROGERS & WINDING BROOK CIR,39.14656647,-86.50409996
2014,12,2,Weekday,1600,2-Car,No injury/unknown,UNSAFE BACKING,E QUEENS & HIGH,39.146544,-86.50824
2014,10,2,Weekday,1900,2-Car,No injury/unknown,FAILURE TO YIELD RIGHT OF WAY,MILLER & WALNUT,39.14654277,-86.53242392
2014,3,1,Weekend,100,1-Car,No injury/unknown,RAN OFF ROAD RIGHT,ADAMS ST & WOODHILL,39.14646727,-86.55060008
2014,3,2,Weekday,1600,2-Car,No injury/unknown,UNSAFE BACKING,SOUTH ROGERS ST,39.146448,-86.5388
2014,4,1,Weekend,500,1-Car,Non-incapacitating,UNSAFE SPEED,SR 45 46 & SR37N,39.1464386,-86.57504272
2014,4,7,Weekend,900,2-Car,No injury/unknown,FAILURE TO YIELD RIGHT OF WAY,SR 45 & SR7160E,39.1464386,-86.57504272
2014,11,4,Weekday,0,2-Car,No injury/unknown,UNSAFE BACKING,MATTHEWS & MT TABOR,39.14604962,-86.62067011
2014,3,7,Weekend,1000,2-Car,No injury/unknown,FOLLOWING TOO CLOSELY,SR 4546 & WALNUT ST,39.14601566,-86.53352355
2014,11,1,Weekend,1400,2-Car,No injury/unknown,VIEW OBSTRUCTED,S WALNUT,39.14596978,-86.53225244
2014,11,6,Weekday,1200,2-Car,No injury/unknown,OTHER (DRIVER) - EXPLAIN IN NARRATIVE,LIBERTY & SR45W,39.14588052,-86.57631781
2014,8,5,Weekday,1600,3+ Cars,No injury/unknown,FOLLOWING TOO CLOSELY,S CURRY PIKE & WEST WOODLYN,39.145856,-86.582592
2014,11,2,Weekday,1400,Pedestrian,Non-incapacitating,FAILURE TO YIELD RIGHT OF WAY,SOUTH WALNUT,39.14583588,-86.53125
2014,8,2,Weekday,1000,2-Car,No injury/unknown,UNSAFE BACKING,S LIBERTY DR,39.14578848,-86.57807864
2014,9,2,Weekday,700,2-Car,No injury/unknown,UNSAFE BACKING,S WALNUT ST,39.14572622,-86.53217956
2014,9,2,Weekday,1200,2-Car,No injury/unknown,FOLLOWING TOO CLOSELY,LIBERTY & SR45W,39.14571863,-86.57660274
2014,10,7,Weekend,1100,2-Car,No injury/unknown,FAILURE TO YIELD RIGHT OF WAY,W INDUSTRIAL PARK & W VERNAL,39.14566663,-86.56205981
2014,5,6,Weekday,1600,2-Car,No injury/unknown,FAILURE TO YIELD RIGHT OF WAY,NORTH & WALNUT ST,39.14555447,-86.53212815
2014,4,4,Weekday,1500,3+ Cars,No injury/unknown,DRIVER DISTRACTED - EXPLAIN IN NARRATIVE,CURRY PIKE & WOODLYNN,39.14544401,-86.582592
2014,9,2,Weekday,1400,1-Car,No injury/unknown,UNSAFE LANE MOVEMENT,BLOOMFIELD & SR37S,39.14539955,-86.57298561
2014,8,1,Weekend,1400,2-Car,No injury/unknown,OTHER (DRIVER) - EXPLAIN IN NARRATIVE,EMINENCE WAY,39.14529495,-86.52238994
2014,11,5,Weekday,300,1-Car,No injury/unknown,RAN OFF ROAD RIGHT,THATCHER & WINSTON,39.14529026,-86.49606004
2014,1,6,Weekday,1300,2-Car,No injury/unknown,SPEED TOO FAST FOR WEATHER CONDITIONS,S LIBERTY DR,39.145264,-86.577616
2014,2,7,Weekend,1500,2-Car,No injury/unknown,FAILURE TO YIELD RIGHT OF WAY,LIBERTY DR,39.145264,-86.577616
2014,3,7,Weekend,1900,2-Car,No injury/unknown,UNSAFE BACKING,S LIBERTY DR,39.145264,-86.577616
2014,5,4,Weekday,1200,3+ Cars,No injury/unknown,FAILURE TO YIELD RIGHT OF WAY,LIBERTY DR,39.145264,-86.577616
2014,7,2,Weekday,1600,2-Car,No injury/unknown,UNSAFE BACKING,LIBERTY DR,39.145264,-86.577616
2014,8,2,Weekday,1100,2-Car,No injury/unknown,FAILURE TO YIELD RIGHT OF WAY,S LIBERTY DR,39.145264,-86.577616
2014,8,5,Weekday,1000,2-Car,No injury/unknown,FAILURE TO YIELD RIGHT OF WAY,S LIBERTY DR,39.145264,-86.577616
2014,9,6,Weekend,1900,2-Car,No injury/unknown,IMPROPER TURNING,S LIBERTY DR,39.145264,-86.577616
2014,11,4,Weekday,2200,2-Car,Non-incapacitating,UNSAFE SPEED,S LIBERTY,39.145264,-86.577616
2014,1,2,Weekday,1900,2-Car,No injury/unknown,UNSAFE BACKING,MARKET PL & MAYBURRY,39.1452449,-86.58092983
2014,2,3,Weekday,1200,2-Car,No injury/unknown,DRIVER DISTRACTED - EXPLAIN IN NARRATIVE,LIBERTY DR & SR45,39.145152,-86.5776
2014,5,3,Weekday,1000,Moped/Motorcycle,Incapacitating,FAILURE TO YIELD RIGHT OF WAY,LIBERTY & SR45W,39.145152,-86.5776
2014,5,6,Weekday,1500,2-Car,No injury/unknown,FAILURE TO YIELD RIGHT OF WAY,LIBERTY & SR45W,39.145152,-86.5776
2014,6,1,Weekday,1900,Cyclist,Non-incapacitating,IMPROPER TURNING,LIBERTY & SR45E,39.145152,-86.5776
2014,7,6,Weekday,1300,3+ Cars,Non-incapacitating,FAILURE TO YIELD RIGHT OF WAY,S LIBERTY & SR45S,39.145152,-86.5776
2014,10,6,Weekday,1700,2-Car,Incapacitating,FOLLOWING TOO CLOSELY,HICKORY LEAF & SR45W,39.145152,-86.5776
2014,12,2,Weekday,1600,2-Car,No injury/unknown,FOLLOWING TOO CLOSELY,LIBERTY & SR45,39.145152,-86.5776
2014,6,3,Weekday,1600,3+ Cars,No injury/unknown,FOLLOWING TOO CLOSELY,S LIBERTY & SR45W,39.14507343,-86.57774464
2014,12,2,Weekday,1800,3+ Cars,No injury/unknown,SPEED TOO FAST FOR WEATHER CONDITIONS,LIBERTY & SR45W,39.14507343,-86.57774464
2014,6,2,Weekday,1500,2-Car,No injury/unknown,DISREGARD SIGNAL/REG SIGN,HICKORY LEAF & W STATE 45,39.14502002,-86.57777019
2014,9,3,Weekday,1600,2-Car,No injury/unknown,FOLLOWING TOO CLOSELY,S LIBERTY & SR45W,39.14499486,-86.57788929
2014,10,6,Weekday,1600,Cyclist,Non-incapacitating,FAILURE TO YIELD RIGHT OF WAY,S OAKDALE,39.14497263,-86.56917572
2014,1,6,Weekday,900,2-Car,No injury/unknown,FOLLOWING TOO CLOSELY,SR37N & VERNAL,39.14488742,-86.56252288
2014,12,5,Weekday,2200,2-Car,Incapacitating,LEFT OF CENTER,NORTH & WALNUT,39.14488575,-86.53192803
2014,8,2,Weekday,1700,2-Car,Non-incapacitating,FAILURE TO YIELD RIGHT OF WAY,E NORTH & S HENDERSON ST,39.144848,-86.526848
2014,2,6,Weekday,1500,2-Car,Incapacitating,ROADWAY SURFACE CONDITION,HENDERSON & NORTH DR,39.14483245,-86.52737669
2014,2,2,Weekday,1000,2-Car,No injury/unknown,FAILURE TO YIELD RIGHT OF WAY,NORTH & S WALNUT ST,39.144752,-86.531888
2014,9,1,Weekend,1000,Moped/Motorcycle,Non-incapacitating,OTHER (DRIVER) - EXPLAIN IN NARRATIVE,NORTH & S WALNUT ST,39.144752,-86.531888
2014,4,5,Weekday,1600,2-Car,No injury/unknown,FOLLOWING TOO CLOSELY,CURRY PIKE & GLEN OAKS,39.14464,-86.582592
2014,8,5,Weekday,800,2-Car,Non-incapacitating,FAILURE TO YIELD RIGHT OF WAY,S HENDERSON ST & SUMMITVIEW,39.14454997,-86.52695976
2014,7,3,Weekday,1600,3+ Cars,No injury/unknown,DRIVER DISTRACTED - EXPLAIN IN NARRATIVE,CURRY PIKE & GLEN OAKS,39.14451979,-86.58262029
2014,2,3,Weekday,1100,2-Car,No injury/unknown,OTHER (DRIVER) - EXPLAIN IN NARRATIVE,CURRY PIKE & GLEN OAKS,39.14451979,-86.58262029
2014,4,7,Weekend,400,1-Car,No injury/unknown,OTHER (DRIVER) - EXPLAIN IN NARRATIVE,AZALEA LN & CHRIS,39.14441988,-86.51900969
2014,11,3,Weekday,1800,1-Car,No injury/unknown,RAN OFF ROAD RIGHT,GREEN BRIAR & LOCUST,39.14430991,-86.50897019
2014,1,5,Weekday,1700,2-Car,No injury/unknown,FAILURE TO YIELD RIGHT OF WAY,GREENBRIAR & HIGH ST,39.14424,-86.508208
2014,10,1,Weekday,1900,1-Car,No injury/unknown,ANIMAL/OBJECT IN ROADWAY,S HIGH & WIMBLETON,39.14424,-86.508208
2014,12,3,Weekday,1100,3+ Cars,Non-incapacitating,FAILURE TO YIELD RIGHT OF WAY,KNIGHTRIDGE & SR446S,39.14420245,-86.46687099
2014,11,6,Weekend,2000,2-Car,Non-incapacitating,FOLLOWING TOO CLOSELY,2700 BLK S SARE & MCCARTNEY,39.14410726,-86.49690628
2014,3,2,Weekday,1100,2-Car,No injury/unknown,UNSAFE BACKING,E MELVILLE ST,39.14403152,-86.49935913
2014,3,5,Weekday,1100,2-Car,No injury/unknown,FAILURE TO YIELD RIGHT OF WAY,HIGHLAND AVE & SHORT,39.143888,-86.517296
2014,9,4,Weekday,1900,2-Car,No injury/unknown,RAN OFF ROAD RIGHT,E SHORT & S MAXWELL ST,39.143888,-86.515008
2014,12,2,Weekday,1700,2-Car,No injury/unknown,FOLLOWING TOO CLOSELY,S CURRY & W INDUSTRIAL,39.143808,-86.582592
2014,11,6,Weekday,1400,2-Car,No injury/unknown,FOLLOWING TOO CLOSELY,CURRY & INDUSTRIAL,39.143808,-86.582592
2014,4,5,Weekday,1700,2-Car,Non-incapacitating,FAILURE TO YIELD RIGHT OF WAY,INDUSTRIAL & SR45W,39.143552,-86.580528
2014,7,6,Weekday,1200,2-Car,No injury/unknown,DRIVER DISTRACTED - EXPLAIN IN NARRATIVE,INDUSTRIAL BLVD & SR45,39.143552,-86.580528
2014,10,2,Weekday,1800,2-Car,No injury/unknown,FAILURE TO YIELD RIGHT OF WAY,INDUSTRIAL & SR45W,39.143552,-86.580528
2014,11,2,Weekday,1800,2-Car,Incapacitating,FOLLOWING TOO CLOSELY,INDUSTRIAL & SR45W,39.143552,-86.580528