Year,Month,Day,Weekend?,Hour,Collision Type,Injury Type,Primary Factor,Reported_Location,Latitude,Longitude
2014,12,6,Weekday,800,2-Car,No injury/unknown,DISREGARD SIGNAL/REG SIGN,INDUSTRIAL & SR45E,39.143552,-86.580528
2014,7,3,Weekday,1200,2-Car,No injury/unknown,FOLLOWING TOO CLOSELY,3585 WEST STATE ROAD 45 RD & INDUSTRIAL,39.1434957,-86.58060526
2014,10,7,Weekend,1100,2-Car,Non-incapacitating,OTHER (DRIVER) - EXPLAIN IN NARRATIVE,BLOOMFIELD ROAD & CURRY PIKE,39.14347487,-86.58061266
2014,1,2,Weekday,1700,2-Car,No injury/unknown,FAILURE TO YIELD RIGHT OF WAY,SOUTH LIBERTY DR & WEST 3RD,39.14346132,-86.57913006
2014,1,2,Weekday,1300,2-Car,No injury/unknown,FAILURE TO YIELD RIGHT OF WAY,ROCKPORT RD,39.14344025,-86.54167938
2014,12,4,Weekday,1500,2-Car,No injury/unknown,FOLLOWING TOO CLOSELY,SOUTHERN & WALNUT,39.14342795,-86.53350033
2014,4,1,Weekend,1300,1-Car,Non-incapacitating,UNSAFE LANE MOVEMENT,JED & S ROGERS ST,39.143344,-86.538704
2014,8,4,Weekday,1000,3+ Cars,No injury/unknown,FOLLOWING TOO CLOSELY,S ROGERS ST & W PATTERSON,39.14321865,-86.53875008
2014,10,4,Weekday,1900,2-Car,No injury/unknown,FOLLOWING TOO CLOSELY,JOY & ROGERS ST,39.14264,-86.53864
2014,1,5,Weekday,1300,3+ Cars,No injury/unknown,FOLLOWING TOO CLOSELY,LEONARD SPRINGS & SR45S,39.14261099,-86.5818194
2014,5,6,Weekday,1400,Bus,No injury/unknown,UNSAFE BACKING,S WALNUT ST,39.142555,-86.531238
2014,11,6,Weekday,700,2-Car,No injury/unknown,FAILURE TO YIELD RIGHT OF WAY,S WALNUT,39.142555,-86.531238
2014,4,3,Weekday,1200,1-Car,No injury/unknown,RAN OFF ROAD RIGHT,HIGHLAND AVE & SHORT,39.14235809,-86.51613204
2014,8,3,Weekday,800,3+ Cars,Non-incapacitating,DRIVER DISTRACTED - EXPLAIN IN NARRATIVE,CURRY & SR 45 HWY,39.1423295,-86.5822057
2014,3,1,Weekend,1800,2-Car,No injury/unknown,FOLLOWING TOO CLOSELY,45 & CURRY PIKE,39.14232266,-86.582592
2014,6,2,Weekday,2300,1-Car,No injury/unknown,DRIVER DISTRACTED - EXPLAIN IN NARRATIVE,SARE RD & SPICEWOOD,39.14231438,-86.49660804
2014,9,2,Weekday,800,2-Car,No injury/unknown,VIEW OBSTRUCTED,PINE MEADOWS DR & PINEHURST,39.14221591,-86.54995958
2014,7,4,Weekday,700,3+ Cars,Non-incapacitating,DISREGARD SIGNAL/REG SIGN,HENDERSON ST & SOUTH,39.142144,-86.5268
2014,1,5,Weekday,900,Moped/Motorcycle,Non-incapacitating,FAILURE TO YIELD RIGHT OF WAY,LEONARD SPRINGS RD & SR45,39.142048,-86.582592
2014,5,4,Weekday,900,2-Car,No injury/unknown,DISREGARD SIGNAL/REG SIGN,LEONARD SPRINGS & SR45W,39.142048,-86.582592
2014,5,4,Weekday,1200,2-Car,No injury/unknown,UNSAFE LANE MOVEMENT,S LEONARD SPRINGS & SR45W,39.142048,-86.582592
2014,6,2,Weekday,1500,2-Car,Non-incapacitating,FOLLOWING TOO CLOSELY,LEONARD SPRINGS RD & SR45W,39.142048,-86.582592
2014,6,3,Weekday,1500,2-Car,No injury/unknown,FAILURE TO YIELD RIGHT OF WAY,S LEONARD SPRINGS & SR45W,39.142048,-86.582592
2014,7,4,Weekday,500,2-Car,No injury/unknown,OTHER (DRIVER) - EXPLAIN IN NARRATIVE,CURRY PIKE & SR45S,39.142048,-86.582592
2014,7,5,Weekday,1400,2-Car,Non-incapacitating,FOLLOWING TOO CLOSELY,S LEONARD SPRINGS DR & SR45W,39.142048,-86.582592
2014,12,4,Weekday,1800,2-Car,No injury/unknown,FAILURE TO YIELD RIGHT OF WAY,CURRY & SR45W,39.142048,-86.582592
2014,11,6,Weekday,500,2-Car,Non-incapacitating,FAILURE TO YIELD RIGHT OF WAY,CURRY & SR45W,39.142048,-86.582592
2014,11,6,Weekend,1900,2-Car,No injury/unknown,FAILURE TO YIELD RIGHT OF WAY,SOUTH LEONARD SPRINGS & SR45W,39.142048,-86.582592
2014,12,3,Weekday,700,2-Car,No injury/unknown,FOLLOWING TOO CLOSELY,S LEONARD SPRINGS & SR45E,39.142048,-86.582592
2014,7,5,Weekday,1800,Moped/Motorcycle,Incapacitating,FOLLOWING TOO CLOSELY,LEONARD SPRINGS RD & STATE ROAD 45,39.14195023,-86.58259011
2014,7,3,Weekday,1600,2-Car,Non-incapacitating,DISREGARD SIGNAL/REG SIGN,S CURRY & SR 45 RD,39.14195023,-86.58259011
2014,12,7,Weekend,1600,2-Car,Non-incapacitating,FOLLOWING TOO CLOSELY,S CURRY & W STATE ROAD 45,39.14195023,-86.58259012
2014,8,5,Weekday,2200,2-Car,Non-incapacitating,FOLLOWING TOO CLOSELY,LEONARD SPRINGS & SR45W,39.1419117,-86.5828563
2014,10,1,Weekend,1000,2-Car,No injury/unknown,DISREGARD SIGNAL/REG SIGN,S HENDERSON ST & WYLIE FARM,39.14191,-86.52694031
2014,2,4,Weekday,1500,2-Car,No injury/unknown,UNSAFE BACKING,S LEONARD SPRINGS RD,39.14187494,-86.58259037
2014,5,5,Weekday,2000,2-Car,No injury/unknown,IMPROPER TURNING,S LEONARD SPRINGS RD,39.14187494,-86.58259037
2014,5,2,Weekday,1600,2-Car,No injury/unknown,DRIVER DISTRACTED - EXPLAIN IN NARRATIVE,S HIGHLAND AVE,39.14185333,-86.51425933
2014,9,5,Weekday,1800,Cyclist,Incapacitating,FAILURE TO YIELD RIGHT OF WAY,HIGHLAND AVE,39.14185333,-86.51425933
2014,6,4,Weekday,1700,2-Car,No injury/unknown,FAILURE TO YIELD RIGHT OF WAY,S LEONARD SPRINGS & SR45W,39.14173515,-86.58337308
2014,3,5,Weekday,800,1-Car,No injury/unknown,ANIMAL/OBJECT IN ROADWAY,N CURRY & SR45W,39.14145928,-86.58418054
2014,11,7,Weekend,1300,2-Car,Non-incapacitating,DRIVER DISTRACTED - EXPLAIN IN NARRATIVE,LEONARD SPRINGS & SR45,39.14145928,-86.58418054
2014,7,4,Weekday,1400,1-Car,No injury/unknown,DRIVER DISTRACTED - EXPLAIN IN NARRATIVE,S ROCKPORT RD,39.14144,-86.543632
2014,8,3,Weekday,800,2-Car,No injury/unknown,FAILURE TO YIELD RIGHT OF WAY,S ROCKPORT RD & W COOLIDGE,39.14144,-86.543632
2014,9,5,Weekday,800,1-Car,No injury/unknown,RAN OFF ROAD RIGHT,BROWN & COOLIDGE RD,39.14144,-86.542
2014,7,7,Weekend,2000,Moped/Motorcycle,Incapacitating,IMPROPER TURNING,S BRYAN ST & W COOLIDGE,39.141248,-86.536336
2014,2,6,Weekday,900,2-Car,No injury/unknown,OTHER (DRIVER) - EXPLAIN IN NARRATIVE,ROCKPORT 1205 RD,39.141129,-86.545921
2014,8,2,Weekday,100,2-Car,No injury/unknown,IMPROPER TURNING,SOUTH ROCKPORT RD,39.141129,-86.545921
2014,11,6,Weekday,1300,2-Car,No injury/unknown,UNSAFE BACKING,LEONARD SPRINGS,39.14107513,-86.5829773
2014,1,3,Weekday,900,2-Car,Non-incapacitating,FOLLOWING TOO CLOSELY,SARE & SPICEWOOD LN,39.14093752,-86.49686415
2014,11,7,Weekend,1100,2-Car,No injury/unknown,FAILURE TO YIELD RIGHT OF WAY,SO HICKORY LEAF & SR45W,39.14070129,-86.57746124
2014,3,5,Weekday,1200,2-Car,Non-incapacitating,FAILURE TO YIELD RIGHT OF WAY,HICKORY LEAF & SR45E,39.14070129,-86.57746124
2014,7,6,Weekday,1700,2-Car,No injury/unknown,DISREGARD SIGNAL/REG SIGN,HICKORY LEAF & SR45W,39.14070129,-86.57746124
2014,10,1,Weekend,1100,2-Car,No injury/unknown,UNSAFE BACKING,OAKLEAF,39.14032364,-86.57542419
2014,2,7,Weekend,200,2-Car,No injury/unknown,OVERCORRECTING/OVERSTEERING,S WALNUT ST,39.140288,-86.581984
2014,4,2,Weekday,1700,2-Car,No injury/unknown,FAILURE TO YIELD RIGHT OF WAY,GRAHAM & ROCKPORT RD,39.140144,-86.54496
2014,2,7,Weekend,1600,2-Car,No injury/unknown,FAILURE TO YIELD RIGHT OF WAY,S ROCKPORT RD & W GRAHAM,39.13998015,-86.54512971
2014,3,6,Weekday,1200,2-Car,No injury/unknown,OTHER (DRIVER) - EXPLAIN IN NARRATIVE,E GRAHAM PL,39.13995331,-86.53931527
2014,2,1,Weekend,800,1-Car,Non-incapacitating,RAN OFF ROAD RIGHT,LARRY LANE & SO SMITH RD,39.13976364,-86.48037314
2014,1,3,Weekday,800,2-Car,No injury/unknown,FAILURE TO YIELD RIGHT OF WAY,ROCKCREEK & S HIGH ST,39.13971998,-86.50822989
2014,3,2,Weekday,1600,2-Car,No injury/unknown,IMPROPER TURNING,SOUTH OLD STATE ROAD 37 HWY,39.138688,-86.465968
2014,3,2,Weekday,300,2-Car,No injury/unknown,UNSAFE BACKING,OLD STATE ROAD 37 HWY,39.138688,-86.465968
2014,4,4,Weekday,1800,Moped/Motorcycle,Non-incapacitating,UNSAFE SPEED,OLD STATE ROAD 37 SOUTH RD,39.138688,-86.465968
2014,7,6,Weekday,1000,2-Car,No injury/unknown,UNSAFE BACKING,SOUTH OLD STATE ROAD 37 RD,39.138688,-86.465968
2014,8,4,Weekday,1700,2-Car,No injury/unknown,IMPROPER TURNING,OLD STATE ROAD 37 S RD,39.138688,-86.465968
2014,10,5,Weekday,1600,2-Car,No injury/unknown,UNSAFE BACKING,OLD STATE ROAD 37,39.138688,-86.465968
2014,1,6,Weekday,1500,2-Car,No injury/unknown,FAILURE TO YIELD RIGHT OF WAY,RALSTON & ROCKPORT RD,39.13860016,-86.54647015
2014,4,7,Weekend,1200,2-Car,No injury/unknown,VIEW OBSTRUCTED,SR45S & W AIRPORT,39.13851891,-86.59099291
2014,12,2,Weekday,1900,1-Car,No injury/unknown,ANIMAL/OBJECT IN ROADWAY,SR45W & W AIRPORT,39.13851891,-86.59099291
2014,3,1,Weekend,1700,2-Car,Non-incapacitating,FOLLOWING TOO CLOSELY,SOUTH WALNUT ST,39.1383667,-86.52993011
2014,6,4,Weekday,1100,2-Car,Non-incapacitating,FOLLOWING TOO CLOSELY,VERMILYA & WALNUT ST,39.13834975,-86.53324015
2014,11,5,Weekday,700,2-Car,Non-incapacitating,FAILURE TO YIELD RIGHT OF WAY,LEONARD SPRINGS & STAPLETON,39.13824007,-86.58261024
2014,11,1,Weekend,1800,2-Car,No injury/unknown,UNSAFE BACKING,E DONINGTON & S BRIDWELL,39.12170576,-86.46293007
2014,4,3,Weekday,1100,2-Car,No injury/unknown,FAILURE TO YIELD RIGHT OF WAY,GRAHAM & HENDERSON ST,39.13821073,-86.52677594
2014,5,3,Weekday,1700,3+ Cars,Non-incapacitating,UNSAFE LANE MOVEMENT,SR37S & TAPP,39.13778154,-86.57290515
2014,2,4,Weekday,1300,2-Car,No injury/unknown,WRONG WAY ON ONE WAY,SOUTH WALNUT ST,39.137744,-86.530288
2014,5,4,Weekday,1600,3+ Cars,Non-incapacitating,FOLLOWING TOO CLOSELY,SR37S & TAPP,39.13772661,-86.57290448
2014,9,1,Weekend,1500,3+ Cars,No injury/unknown,FAILURE TO YIELD RIGHT OF WAY,DANIEL ST & FORRESTER,39.13756013,-86.49338135
2014,5,5,Weekday,800,2-Car,No injury/unknown,IMPROPER LANE USAGE,DANIEL ST & FORRESTER,39.13756013,-86.49336837
2014,11,7,Weekend,1700,2-Car,No injury/unknown,LEFT OF CENTER,EAST MOSS CREEK & WINSLOW FARM,39.13736031,-86.5208403
2014,10,4,Weekday,1600,2-Car,No injury/unknown,FOLLOWING TOO CLOSELY,AIRPORT & SR45W,39.13734928,-86.59295229
2014,3,7,Weekend,1800,2-Car,No injury/unknown,UNSAFE SPEED,SR37S & TAPP,39.13731465,-86.57289939
2014,11,6,Weekday,600,2-Car,No injury/unknown,FOLLOWING TOO CLOSELY,SR37S & W TAPP,39.13731465,-86.57289939
2014,2,6,Weekday,1800,2-Car,No injury/unknown,UNSAFE BACKING,SOUTH WALNUT ST,39.137264,-86.529808
2014,8,4,Weekday,1400,1-Car,Incapacitating,RAN OFF ROAD RIGHT,N LOUDEN RD & W RATLIFF,39.13715872,-86.63986124
2014,9,5,Weekday,1500,3+ Cars,No injury/unknown,UNSAFE SPEED,SR37S & W TAPP,39.13712239,-86.57289702
2014,6,5,Weekday,600,2-Car,No injury/unknown,UNSAFE LANE MOVEMENT,DAWSON LN & MEETING HOUSE,39.13711396,-86.55509009
2014,5,5,Weekday,1400,2-Car,No injury/unknown,FOLLOWING TOO CLOSELY,AIRPORT & SR45W,39.13709864,-86.59337215
2014,1,4,Weekday,1400,2-Car,No injury/unknown,IMPROPER TURNING,S OLD STATE ROAD 37 RD,39.137088,-86.53056
2014,2,4,Weekday,2000,2-Car,No injury/unknown,UNSAFE LANE MOVEMENT,S OLD SR 37 RD,39.137088,-86.53056
2014,3,1,Weekday,1900,2-Car,No injury/unknown,,S OLD STATE ROAD 37 RD,39.137088,-86.53056
2014,5,5,Weekday,1400,2-Car,No injury/unknown,IMPROPER TURNING,S OLD SR 37 RD,39.137088,-86.53056
2014,6,3,Weekday,2000,2-Car,No injury/unknown,FAILURE TO YIELD RIGHT OF WAY,S OLD STATE ROAD 37 RD,39.137088,-86.53056
2014,6,7,Weekend,1700,1-Car,No injury/unknown,UNSAFE BACKING,S OLD STATE RD 37 RD,39.137088,-86.53056
2014,7,1,Weekday,1900,2-Car,No injury/unknown,UNSAFE BACKING,S OLD STATE ROAD 37 RD,39.137088,-86.53056
2014,9,7,Weekend,1200,2-Car,No injury/unknown,OTHER (DRIVER) - EXPLAIN IN NARRATIVE,S OLD SR 37 RD,39.137088,-86.53056
2014,11,7,Weekend,1500,2-Car,No injury/unknown,IMPROPER LANE USAGE,S OLD ST RD 37,39.137088,-86.53056
2014,12,7,Weekend,1800,2-Car,No injury/unknown,IMPROPER TURNING,S OLD STATE ROAD 37,39.137088,-86.53056
2014,1,5,Weekday,700,2-Car,No injury/unknown,FOLLOWING TOO CLOSELY,37 STATE & W TAPP RD,39.13704,-86.57324868
2014,12,3,Weekday,1600,1-Car,No injury/unknown,RAN OFF ROAD RIGHT,S GARRISON CHAPEL & W AIRPORT,39.13704,-86.642832
2014,1,6,Weekday,700,2-Car,No injury/unknown,FAILURE TO YIELD RIGHT OF WAY,LEONARD SPRINGS RD & TAPP,39.13704,-86.582512
2014,4,6,Weekday,1700,2-Car,Non-incapacitating,FAILURE TO YIELD RIGHT OF WAY,LEONARD SPRINGS RD & TAPP,39.13704,-86.582512
2014,4,3,Weekday,1700,3+ Cars,No injury/unknown,FAILURE TO YIELD RIGHT OF WAY,LEONARD SPRINGS RD & TAPP,39.13704,-86.582512
2014,8,2,Weekday,800,Moped/Motorcycle,No injury/unknown,DRIVER DISTRACTED - EXPLAIN IN NARRATIVE,LEONARD SPRINGS RD & TAPP,39.13704,-86.582512
2014,10,3,Weekday,400,2-Car,Non-incapacitating,FOLLOWING TOO CLOSELY,LEONARD SPRINGS RD & TAPP,39.13704,-86.582512
2014,10,4,Weekday,1800,3+ Cars,No injury/unknown,SPEED TOO FAST FOR WEATHER CONDITIONS,SOUTH LEONARD SPRINGS & WEST TAPP,39.13704,-86.582512
2014,2,4,Weekday,1500,2-Car,No injury/unknown,FOLLOWING TOO CLOSELY,RAYLE & W TAPP RD,39.13704,-86.577504
2014,8,2,Weekday,1800,Moped/Motorcycle,Non-incapacitating,FAILURE TO YIELD RIGHT OF WAY,SOUTH RAYLE & WEST TAPP RD,39.13704,-86.577504
2014,1,5,Weekday,800,2-Car,No injury/unknown,FOLLOWING TOO CLOSELY,SR37S & TAPP,39.13704,-86.572896
2014,3,2,Weekday,1600,3+ Cars,No injury/unknown,FOLLOWING TOO CLOSELY,SR37S & TAPP,39.13704,-86.572896
2014,3,1,Weekend,1200,2-Car,No injury/unknown,FOLLOWING TOO CLOSELY,SR37N & TAPP,39.13704,-86.572896
2014,3,1,Weekend,1300,2-Car,No injury/unknown,FOLLOWING TOO CLOSELY,SR37S & TAPP,39.13704,-86.572896
2014,4,6,Weekday,600,2-Car,Non-incapacitating,FOLLOWING TOO CLOSELY,SR37N & TAPP,39.13704,-86.572896
2014,5,4,Weekday,700,2-Car,No injury/unknown,FOLLOWING TOO CLOSELY,SR37N & TAPP,39.13704,-86.572896
2014,5,2,Weekday,1400,2-Car,Non-incapacitating,FAILURE TO YIELD RIGHT OF WAY,SR37 & TAPP RD,39.13704,-86.572896
2014,6,3,Weekday,1700,2-Car,No injury/unknown,FOLLOWING TOO CLOSELY,SR37S & TAPP,39.13704,-86.572896
2014,6,6,Weekday,1700,2-Car,No injury/unknown,FOLLOWING TOO CLOSELY,SR37S & TAPP,39.13704,-86.572896
2014,7,6,Weekday,1700,2-Car,No injury/unknown,DISREGARD SIGNAL/REG SIGN,SR37S & W TAPP,39.13704,-86.572896
2014,7,6,Weekday,1400,Moped/Motorcycle,No injury/unknown,FOLLOWING TOO CLOSELY,SR37S & W TAPP,39.13704,-86.572896
2014,8,1,Weekend,200,2-Car,No injury/unknown,FOLLOWING TOO CLOSELY,SR37S & W TAPP,39.13704,-86.572896
2014,8,4,Weekday,1200,2-Car,Non-incapacitating,FOLLOWING TOO CLOSELY,SR37S & TAPP,39.13704,-86.572896
2014,9,4,Weekday,2100,3+ Cars,Non-incapacitating,FAILURE TO YIELD RIGHT OF WAY,SR37S & W TAPP,39.13704,-86.572896
2014,10,2,Weekday,1000,2-Car,No injury/unknown,FOLLOWING TOO CLOSELY,SR37S & TAPP,39.13704,-86.572896
2014,12,2,Weekday,2300,2-Car,Non-incapacitating,FAILURE TO YIELD RIGHT OF WAY,SR37S & W TAPP,39.13704,-86.572896
2014,12,3,Weekday,1500,2-Car,Non-incapacitating,FOLLOWING TOO CLOSELY,TAPP,39.13704,-86.572896
2014,12,4,Weekday,600,2-Car,No injury/unknown,FOLLOWING TOO CLOSELY,SR37 & W TAPP,39.13704,-86.572896
2014,2,6,Weekday,700,1-Car,No injury/unknown,ROADWAY SURFACE CONDITION,2100 S SMITH RD & LORELEI,39.13703215,-86.481331
2014,8,6,Weekend,2200,1-Car,No injury/unknown,ANIMAL/OBJECT IN ROADWAY,AIRPORT RD & CAVE,39.13689005,-86.62524126
2014,12,1,Weekend,1100,2-Car,No injury/unknown,OVERCORRECTING/OVERSTEERING,7155 W AIRPORT & S CAVE,39.13688,-86.628768
2014,8,6,Weekday,900,2-Car,No injury/unknown,FOLLOWING TOO CLOSELY,AIRPORT RD & KIRBY,39.136848,-86.610192
2014,10,6,Weekday,600,1-Car,No injury/unknown,RAN OFF ROAD RIGHT,AIRPORT & KIRBY,39.136848,-86.610192
2014,8,3,Weekday,1900,2-Car,Non-incapacitating,FAILURE TO YIELD RIGHT OF WAY,AIRPORT RD & BUNGER,39.136848,-86.606
2014,8,3,Weekday,400,2-Car,No injury/unknown,FAILURE TO YIELD RIGHT OF WAY,S BUNGER RD & W AIRPORT,39.136848,-86.606
2014,4,3,Weekday,1100,1-Car,Incapacitating,RAN OFF ROAD RIGHT,AIRPORT & ENDWRIGHT RD,39.136848,-86.5964
2014,11,1,Weekend,1300,1-Car,No injury/unknown,RAN OFF ROAD RIGHT,AIRPORT & ENDWRIGHT,39.136848,-86.5964
2014,1,2,Weekday,300,2-Car,No injury/unknown,FOLLOWING TOO CLOSELY,AIRPORT & SR45W,39.136848,-86.593792
2014,3,6,Weekday,1600,2-Car,No injury/unknown,FOLLOWING TOO CLOSELY,AIRPORT & SR45W,39.136848,-86.593792
2014,10,2,Weekday,1000,2-Car,No injury/unknown,FOLLOWING TOO CLOSELY,SR45W & W AIRPORT,39.136848,-86.593792
2014,7,2,Weekday,1900,2-Car,No injury/unknown,UNSAFE BACKING,AIRPORT RD,39.13684532,-86.60324178
2014,8,4,Weekday,1900,1-Car,No injury/unknown,RAN OFF ROAD RIGHT,S LEANARD SPRINGS RD & W TAPP,39.1368299,-86.58261023
2014,11,1,Weekday,1900,2-Car,Non-incapacitating,FOLLOWING TOO CLOSELY,SR37S & W TAPP,39.13680116,-86.57290936
2014,1,6,Weekday,1000,2-Car,No injury/unknown,FAILURE TO YIELD RIGHT OF WAY,SR37 & W TAPP,39.13676894,-86.57289398
2014,4,5,Weekday,1100,2-Car,Non-incapacitating,FAILURE TO YIELD RIGHT OF WAY,SR37 & W TAPP,39.13676894,-86.57289398
2014,12,3,Weekday,1200,2-Car,No injury/unknown,IMPROPER PASSING,REX GROSSMAN & W TAPP,39.13674004,-86.57087021
2014,12,5,Weekday,1300,2-Car,No injury/unknown,UNSAFE BACKING,WINSLOW,39.136736,-86.523968
2014,8,1,Weekend,1300,1-Car,Non-incapacitating,RAN OFF ROAD RIGHT,REX GROSSMAN & W TAPP RD,39.13673401,-86.5709151
2014,4,5,Weekday,1000,2-Car,No injury/unknown,UNSAFE BACKING,S WINSLOW CT,39.13672219,-86.52395511
2014,2,4,Weekday,1900,2-Car,No injury/unknown,UNSAFE BACKING,S WINSLOW CT,39.13670837,-86.52394221
2014,5,2,Weekday,1400,1-Car,Non-incapacitating,DRIVER ASLEEP OR FATIGUED,DEBORAH & TAPP RD,39.13666025,-86.56784863
2014,5,4,Weekday,1200,2-Car,No injury/unknown,ANIMAL/OBJECT IN ROADWAY,CURRY PIKE & JONATHAN,39.13663356,-86.5829797
2014,3,2,Weekday,1700,2-Car,Non-incapacitating,FOLLOWING TOO CLOSELY,ADAMS & TAPP RD,39.13662001,-86.55431024
2014,8,3,Weekday,2100,1-Car,No injury/unknown,RAN OFF ROAD RIGHT,ADAMS & TAPP RD,39.13662001,-86.55431024
2014,9,2,Weekday,1600,Bus,No injury/unknown,BRAKE FAILURE OR DEFECTIVE,ADAMS & TAPP RD,39.13662001,-86.55431024
2014,12,6,Weekday,1200,2-Car,No injury/unknown,UNSAFE BACKING,EAST WINSLOW,39.13657379,-86.53004456
2014,12,4,Weekday,1400,2-Car,No injury/unknown,FOLLOWING TOO CLOSELY,SR37S & TAPP,39.13652039,-86.55490112
2014,12,1,Weekend,1300,1-Car,No injury/unknown,ANIMAL/OBJECT IN ROADWAY,S WEIMER & TAPP,39.136512,-86.562016
2014,3,2,Weekday,1200,2-Car,Non-incapacitating,OTHER (DRIVER) - EXPLAIN IN NARRATIVE,S ROCKPORT & TAPP RD,39.136448,-86.548704
2014,6,1,Weekend,1300,2-Car,No injury/unknown,FAILURE TO YIELD RIGHT OF WAY,COUNTRY CLUB DR & ROCKPORT,39.136448,-86.548704
2014,7,3,Weekday,1200,2-Car,No injury/unknown,FOLLOWING TOO CLOSELY,ROCKPORT & TAPP RD,39.136448,-86.548704
2014,8,7,Weekend,1000,2-Car,No injury/unknown,FAILURE TO YIELD RIGHT OF WAY,S ROCKPORT RD & W TAPP,39.136448,-86.548704
2014,9,5,Weekday,1700,3+ Cars,No injury/unknown,OTHER (DRIVER) - EXPLAIN IN NARRATIVE,W COUNTRYSIDE LN,39.136448,-86.548704
2014,2,5,Weekday,1300,2-Car,No injury/unknown,FOLLOWING TOO CLOSELY,COUNTRY CLUB DR & ROCKPORT,39.136411,-86.54764705
2014,10,2,Weekday,1200,2-Car,No injury/unknown,UNSAFE BACKING,EAST WINSLOW RD,39.136391,-86.527824
2014,7,4,Weekday,1500,1-Car,No injury/unknown,RAN OFF ROAD RIGHT,E ROGERS ST & WINDINGBROOK,39.136368,-86.505056
2014,9,2,Weekday,1700,3+ Cars,No injury/unknown,FOLLOWING TOO CLOSELY,BANTA & COUNTRY CLUB DR,39.13636571,-86.54635358
2014,6,4,Weekday,1100,2-Car,Non-incapacitating,FAILURE TO YIELD RIGHT OF WAY,1000 BLK W COUNTRY CLUB DR & ROCKPORT,39.13636165,-86.54623778
2014,6,3,Weekday,1300,2-Car,No injury/unknown,FAILURE TO YIELD RIGHT OF WAY,HENDERSON ST & WINSLOW,39.13634996,-86.5267951
2014,11,2,Weekday,900,2-Car,No injury/unknown,FOLLOWING TOO CLOSELY,ROCKPORT & TAPP,39.13634978,-86.54875003
2014,8,6,Weekend,1900,2-Car,Incapacitating,DISREGARD SIGNAL/REG SIGN,COUNTRY CLUB RD & ROCKPORT,39.13634978,-86.54875002
2014,10,1,Weekend,1700,2-Car,Incapacitating,FOLLOWING TOO CLOSELY,BANTA & COUNTRY CLUB,39.13634103,-86.54564895
2014,8,5,Weekday,1300,2-Car,No injury/unknown,LEFT OF CENTER,S BANTA & W COUNTRY CLUB DR,39.136304,-86.544592
2014,8,7,Weekend,1900,3+ Cars,Non-incapacitating,FOLLOWING TOO CLOSELY,BANTA & COUNTRY CLUB DR,39.136304,-86.544592
2014,9,2,Weekday,1600,2-Car,No injury/unknown,DRIVER DISTRACTED - EXPLAIN IN NARRATIVE,BANTA & COUNTRY CLUB DR,39.136304,-86.544592
2014,10,7,Weekend,2100,2-Car,Non-incapacitating,FOLLOWING TOO CLOSELY,BANTA & COUNTRY CLUB,39.13629254,-86.54423964
2014,3,2,Weekday,1400,2-Car,No injury/unknown,FOLLOWING TOO CLOSELY,S BANTA & W COUNTRY CLUB DR,39.13624987,-86.54482997
2014,4,3,Weekday,1700,2-Car,No injury/unknown,FOLLOWING TOO CLOSELY,COUNTRY CLUB DR & MILTON,39.13615095,-86.53988873
2014,6,1,Weekend,1000,Moped/Motorcycle,Non-incapacitating,OTHER (DRIVER) - EXPLAIN IN NARRATIVE,HENDERSON & WINSLOW RD,39.136144,-86.52644733
2014,2,6,Weekday,1100,2-Car,Non-incapacitating,FOLLOWING TOO CLOSELY,FAIRINGTON & LEONARD SPRINGS RD,39.136144,-86.582496
2014,1,3,Weekday,700,2-Car,Non-incapacitating,FAILURE TO YIELD RIGHT OF WAY,WALNUT ST & WINSLOW RD,39.136144,-86.528688
2014,3,3,Weekday,800,2-Car,Non-incapacitating,FAILURE TO YIELD RIGHT OF WAY,WALNUT ST & WINSLOW RD,39.136144,-86.528688
2014,3,5,Weekday,1700,2-Car,No injury/unknown,FAILURE TO YIELD RIGHT OF WAY,EAST WINSLOW & SOUTH WALNUT ST,39.136144,-86.528688
2014,6,6,Weekday,1500,2-Car,No injury/unknown,IMPROPER PASSING,E WINSLOW RD & S WALNUT,39.136144,-86.528688
2014,6,1,Weekday,2000,Pedestrian,Non-incapacitating,RAN OFF ROAD RIGHT,WALNUT STREET PIKE & WINSLOW,39.136144,-86.528688
2014,7,3,Weekday,1300,2-Car,Non-incapacitating,FOLLOWING TOO CLOSELY,E WINSLOW RD & SOUTH WALNUT,39.136144,-86.528688
2014,8,2,Weekday,2000,2-Car,No injury/unknown,FAILURE TO YIELD RIGHT OF WAY,E WINSLOW & S WALNUT ST,39.136144,-86.528688
2014,9,3,Weekday,1100,2-Car,No injury/unknown,UNSAFE LANE MOVEMENT,SOUTH WALNUT ST & WINSLOW,39.136144,-86.528688
2014,10,4,Weekday,1800,2-Car,No injury/unknown,FOLLOWING TOO CLOSELY,WALNUT ST & WINSLOW,39.136144,-86.528688
2014,10,4,Weekday,900,2-Car,No injury/unknown,OTHER TELEMATICS IN USE,E WINSLOW & S WALNUT,39.136144,-86.528688
2014,10,6,Weekday,1300,2-Car,No injury/unknown,FOLLOWING TOO CLOSELY,WALNUT & WINSLOW,39.136144,-86.528688