Year,Month,Day,Weekend?,Hour,Collision Type,Injury Type,Primary Factor,Reported_Location,Latitude,Longitude
2014,12,1,Weekend,1800,1-Car,No injury/unknown,RAN OFF ROAD RIGHT,E WINSLOW & S WALNUT STREET,39.136144,-86.528688
2014,11,2,Weekday,1400,2-Car,No injury/unknown,DISREGARD SIGNAL/REG SIGN,WALNUT & WINSLOW,39.136144,-86.528688
2014,11,5,Weekday,1800,2-Car,No injury/unknown,FOLLOWING TOO CLOSELY,WALNUT & WINSLOW,39.136144,-86.528688
2014,11,7,Weekend,900,2-Car,No injury/unknown,FAILURE TO YIELD RIGHT OF WAY,WALNUT & WINSLOW,39.136144,-86.528688
2014,11,7,Weekend,1700,2-Car,No injury/unknown,FAILURE TO YIELD RIGHT OF WAY,WALNUT STREET & WINSLOW,39.136144,-86.528688
2014,12,6,Weekday,1700,2-Car,No injury/unknown,FAILURE TO YIELD RIGHT OF WAY,E WINSLOW & S WALNUT,39.136144,-86.528688
2014,5,2,Weekday,1400,2-Car,No injury/unknown,FOLLOWING TOO CLOSELY,HENDERSON ST & WINSLOW,39.136144,-86.5268
2014,7,4,Weekday,1300,2-Car,No injury/unknown,FAILURE TO YIELD RIGHT OF WAY,E WINSLOW RD & S HENDERSON,39.136144,-86.5268
2014,9,2,Weekday,1400,1-Car,No injury/unknown,IMPROPER TURNING,E WINSLOW RD & S HENDERSON,39.136144,-86.5268
2014,11,1,Weekend,1700,2-Car,No injury/unknown,DISREGARD SIGNAL/REG SIGN,HENDERSON & WINSLOW,39.136144,-86.5268
2014,3,3,Weekday,1200,2-Car,No injury/unknown,UNSAFE BACKING,E WINSLOW RD,39.136144,-86.525776
2014,6,7,Weekend,2300,1-Car,No injury/unknown,ANIMAL/OBJECT IN ROADWAY,BURBERRY & WINSLOW RD,39.136144,-86.52296
2014,9,4,Weekday,1600,Bus,No injury/unknown,UNSAFE BACKING,E WINSLOW & S BURBERRY LN,39.136144,-86.52296
2014,1,5,Weekday,800,1-Car,No injury/unknown,RAN OFF ROAD RIGHT,WESTMINSTER WAY & WINSLOW,39.136144,-86.521888
2014,5,7,Weekend,1000,2-Car,No injury/unknown,OTHER (DRIVER) - EXPLAIN IN NARRATIVE,S WALNUT & WINSLOW RD,39.13613411,-86.52798283
2014,6,5,Weekday,900,2-Car,Non-incapacitating,FAILURE TO YIELD RIGHT OF WAY,WALNUT & WINSLOW RD,39.13613411,-86.52798283
2014,7,4,Weekday,1400,2-Car,No injury/unknown,FOLLOWING TOO CLOSELY,COUNTRY CLUB DR & MILTON,39.136128,-86.539184
2014,8,1,Weekend,1300,2-Car,No injury/unknown,FAILURE TO YIELD RIGHT OF WAY,LEONARD SPRINGS & SR45E,39.1361084,-86.58261108
2014,5,6,Weekday,1300,2-Car,No injury/unknown,FAILURE TO YIELD RIGHT OF WAY,S ROGERS & W COUNTRY CLUB DR,39.13608,-86.538096
2014,6,6,Weekend,2100,2-Car,Non-incapacitating,DISREGARD SIGNAL/REG SIGN,COUNTRY CLUB & ROGERS ST,39.13608,-86.538096
2014,7,4,Weekday,1600,3+ Cars,Non-incapacitating,FOLLOWING TOO CLOSELY,S ROGERS ST & W COUNTRY CLUB,39.13608,-86.538096
2014,8,6,Weekday,1300,2-Car,No injury/unknown,CELL PHONE USAGE,COUNTRY CLUB DR & ROGERS,39.13608,-86.538096
2014,12,5,Weekday,1800,2-Car,No injury/unknown,FOLLOWING TOO CLOSELY,COUNTRY CLUB & ROGERS,39.13608,-86.538096
2014,11,1,Weekend,1600,2-Car,No injury/unknown,FOLLOWING TOO CLOSELY,S ROGERS & W COUNTRY CLUB,39.13608,-86.538096
2014,12,7,Weekend,800,2-Car,No injury/unknown,LEFT OF CENTER,S ROGERS & W COUNTRY CLUB,39.13608,-86.538096
2014,12,6,Weekday,1000,2-Car,No injury/unknown,DRIVER DISTRACTED - EXPLAIN IN NARRATIVE,COUNTRY CLUB & ROGERS,39.13608,-86.538096
2014,5,6,Weekday,1000,2-Car,No injury/unknown,OTHER (DRIVER) - EXPLAIN IN NARRATIVE,E WINSLOW RD,39.13608,-86.529792
2014,4,2,Weekday,1600,2-Car,No injury/unknown,FAILURE TO YIELD RIGHT OF WAY,SOUTH MADISON & WEST COUNTRY CLUB RD,39.136048,-86.536992
2014,8,2,Weekday,1100,2-Car,Non-incapacitating,FOLLOWING TOO CLOSELY,COUNTRY CLUB DR & MADISON,39.136048,-86.536992
2014,10,3,Weekday,0,1-Car,No injury/unknown,ANIMAL/OBJECT IN ROADWAY,HIGHLAND & WINSLOW RD,39.136048,-86.518496
2014,10,6,Weekday,1200,2-Car,No injury/unknown,FAILURE TO YIELD RIGHT OF WAY,E WINSLOW RD & S HIGHLAND,39.136048,-86.518496
2014,1,6,Weekday,1400,2-Car,Non-incapacitating,FOLLOWING TOO CLOSELY,COUNTRY CLUB & SOUTH RODGERS RD,39.13603999,-86.53826996
2014,11,3,Weekday,700,2-Car,No injury/unknown,DISREGARD SIGNAL/REG SIGN,HENDERSON & WINSLOW,39.13603999,-86.52687997
2014,4,2,Weekday,1500,2-Car,No injury/unknown,FOLLOWING TOO CLOSELY,COUNTRY CLUB DR & MADISON,39.13603092,-86.53664001
2014,3,5,Weekday,1100,2-Car,No injury/unknown,FAILURE TO YIELD RIGHT OF WAY,DUNCAN & SR45W,39.13602845,-86.5949745
2014,4,5,Weekday,1700,2-Car,Non-incapacitating,FOLLOWING TOO CLOSELY,MADISON & W COUNTRY CLUB RD,39.13600981,-86.53712343
2014,10,4,Weekday,1700,2-Car,No injury/unknown,FOLLOWING TOO CLOSELY,PICCADILLY & WINSLOW,39.13599975,-86.52448006
2014,5,7,Weekend,700,2-Car,Non-incapacitating,IMPROPER TURNING,ACADIA & WINSLOW RD,39.13599975,-86.51902981
2014,2,3,Weekday,600,2-Car,No injury/unknown,FAILURE TO YIELD RIGHT OF WAY,WALNUT STREET & WINSLOW RD,39.1359897,-86.52879976
2014,3,4,Weekday,1000,2-Car,Non-incapacitating,FAILURE TO YIELD RIGHT OF WAY,WALNUT ST & WINSLOW RD,39.1359897,-86.52879975
2014,5,3,Weekday,1600,2-Car,No injury/unknown,FAILURE TO YIELD RIGHT OF WAY,WALNUT STREET & WINSLOW RD,39.1359897,-86.52879975
2014,11,2,Weekday,1300,2-Car,No injury/unknown,OTHER (DRIVER) - EXPLAIN IN NARRATIVE,100 E WINSLOW & S WALNUT,39.13597209,-86.53111957
2014,11,2,Weekday,1600,2-Car,No injury/unknown,UNSAFE LANE MOVEMENT,S WALNUT & WINSLOW,39.13597025,-86.53110981
2014,11,4,Weekday,1500,2-Car,No injury/unknown,DISREGARD SIGNAL/REG SIGN,WALNUT & WINSLOW,39.13597025,-86.53110981
2014,4,5,Weekday,1300,2-Car,Non-incapacitating,FOLLOWING TOO CLOSELY,E WINSLOW & S WALNUT ST,39.13597025,-86.5311098
2014,4,2,Weekday,800,2-Car,No injury/unknown,FAILURE TO YIELD RIGHT OF WAY,COUNTRY CLUB & S WALNUT ST,39.13597025,-86.5311098
2014,10,2,Weekday,800,Cyclist,Non-incapacitating,FAILURE TO YIELD RIGHT OF WAY,WALNUT & WINLSOW,39.13597025,-86.5311098
2014,8,5,Weekday,800,Pedestrian,Non-incapacitating,PEDESTRIAN ACTION,COUNTRY CLUB & WALNUT ST,39.13597025,-86.5311098
2014,9,3,Weekday,800,2-Car,No injury/unknown,DRIVER DISTRACTED - EXPLAIN IN NARRATIVE,COUNTRY CLUB DR & S WALNUT,39.13597025,-86.5311098
2014,10,4,Weekday,800,2-Car,No injury/unknown,FAILURE TO YIELD RIGHT OF WAY,S WALNUT ST & W COUNTRY SLUB,39.13597025,-86.5311098
2014,7,6,Weekday,800,2-Car,No injury/unknown,FAILURE TO YIELD RIGHT OF WAY,COUNTRY CLUB DR & WALNUT,39.13597025,-86.53110115
2014,12,5,Weekday,1500,2-Car,No injury/unknown,FAILURE TO YIELD RIGHT OF WAY,ROGERS & SARE,39.13595475,-86.49653651
2014,9,6,Weekday,1800,2-Car,No injury/unknown,FAILURE TO YIELD RIGHT OF WAY,FARINGTON & LEONARD SPRINGS RD,39.13588978,-86.58261023
2014,3,1,Weekend,900,2-Car,No injury/unknown,FAILURE TO YIELD RIGHT OF WAY,S ROGERS RD & S SARE,39.13584,-86.496288
2014,6,3,Weekday,200,1-Car,Non-incapacitating,ANIMAL/OBJECT IN ROADWAY,ROGERS RD & SMITH,39.1358349,-86.4812013
2014,12,4,Weekday,1700,2-Car,No injury/unknown,LEFT OF CENTER,E ROGERS & S HIGHPOINT,39.135808,-86.484912
2014,12,4,Weekday,2300,2-Car,No injury/unknown,OTHER (DRIVER) - EXPLAIN IN NARRATIVE,ROGERS & SNODDY,39.13579993,-86.48963012
2014,1,6,Weekday,700,1-Car,No injury/unknown,OVERCORRECTING/OVERSTEERING,ROGERS RD & SMITH,39.13579885,-86.48578574
2014,1,2,Weekday,1200,2-Car,No injury/unknown,UNSAFE BACKING,WEST COTA DR,39.13568191,-86.56878881
2014,10,2,Weekday,1700,2-Car,No injury/unknown,SPEED TOO FAST FOR WEATHER CONDITIONS,SR37S & TAPP,39.13566671,-86.572896
2014,1,4,Weekday,1300,2-Car,No injury/unknown,SPEED TOO FAST FOR WEATHER CONDITIONS,INVERNESS WOODS & KNIGHTSRIDGE RDS,39.135648,-86.462496
2014,5,1,Weekday,2200,2-Car,No injury/unknown,OTHER (DRIVER) - EXPLAIN IN NARRATIVE,SOUTH STATE ROAD 446 RD,39.135648,-86.462248
2014,9,2,Weekday,0,1-Car,No injury/unknown,RAN OFF ROAD RIGHT,446 & KNIGHT RIDGE RD,39.135648,-86.462
2014,10,3,Weekday,2300,2-Car,No injury/unknown,RAN OFF ROAD RIGHT,FAIRINGTON DR,39.13562393,-86.57837677
2014,10,3,Weekday,1600,2-Car,Non-incapacitating,FOLLOWING TOO CLOSELY,S WALNUT & W COUNTRY CLUB,39.13531988,-86.5277195
2014,3,3,Weekday,2200,2-Car,No injury/unknown,LEFT OF CENTER,S LEONARD SPRINGS RD & WEST BARGE,39.135248,-86.582496
2014,7,4,Weekday,1700,2-Car,Non-incapacitating,FAILURE TO YIELD RIGHT OF WAY,2910 SOUTH LEONARD SPRINGS RD & BARGE,39.135248,-86.582496
2014,2,3,Weekday,1700,3+ Cars,No injury/unknown,UNSAFE SPEED,S DUNCAN & SR45W,39.13504,-86.596192
2014,7,3,Weekday,1600,2-Car,No injury/unknown,FOLLOWING TOO CLOSELY,DUNCAN & SR45W,39.13504,-86.596192
2014,10,5,Weekday,1200,2-Car,No injury/unknown,UNSAFE BACKING,S WALNUT,39.13493114,-86.52778394
2014,9,4,Weekday,1400,2-Car,No injury/unknown,UNSAFE BACKING,SOUTH WALNUT ST,39.13493114,-86.52778394
2014,9,2,Weekday,1100,2-Car,No injury/unknown,FAILURE TO YIELD RIGHT OF WAY,INDIAN CREEK & YONKERS ST,39.13480833,-86.57432706
2014,8,4,Weekday,1700,3+ Cars,Incapacitating,FOLLOWING TOO CLOSELY,SR37S & TAPP,39.13429342,-86.572896
2014,7,3,Weekday,1900,Moped/Motorcycle,Incapacitating,UNSAFE SPEED,ROCKPORT RD & TAPP,39.13426528,-86.55084379
2014,12,4,Weekday,1500,2-Car,No injury/unknown,IMPROPER TURNING,S MCINTIRE,39.13425827,-86.57065582
2014,10,6,Weekday,800,2-Car,No injury/unknown,UNSAFE BACKING,SOUTH HENDERSON & SOUTH WALNUT STREET,39.13412941,-86.52686329
2014,4,4,Weekday,1300,1-Car,Incapacitating,RAN OFF ROAD RIGHT,DUNCAN & SR45W,39.13411967,-86.59750076
2014,12,7,Weekend,1100,2-Car,No injury/unknown,UNSAFE SPEED,AIRPORT & SR45,39.1340255,-86.59763467
2014,12,2,Weekday,1800,1-Car,No injury/unknown,ANIMAL/OBJECT IN ROADWAY,BUNGER & SR45W,39.13391113,-86.60557329
2014,5,4,Weekday,2300,2-Car,No injury/unknown,UNSAFE LANE MOVEMENT,S LEONARD SPRINGS RD,39.133808,-86.58258358
2014,12,7,Weekend,1600,2-Car,No injury/unknown,UNSAFE BACKING,ROLLING RIDGE,39.133744,-86.50592
2014,12,7,Weekend,800,1-Car,No injury/unknown,SPEED TOO FAST FOR WEATHER CONDITIONS,HOFF & W GARDNER,39.133376,-86.648848
2014,12,7,Weekend,800,2-Car,No injury/unknown,SPEED TOO FAST FOR WEATHER CONDITIONS,HOFF & W GARDNER,39.133376,-86.648848
2014,8,2,Weekday,1300,2-Car,Non-incapacitating,DISREGARD SIGNAL/REG SIGN,COUNTRY CLUB & ROGERS ST,39.13304,-86.5384
2014,11,3,Weekday,1500,2-Car,Incapacitating,FAILURE TO YIELD RIGHT OF WAY,COUNTRY CLUB & ROGERS,39.13304,-86.5384
2014,1,2,Weekday,1100,2-Car,Non-incapacitating,OTHER (DRIVER) - EXPLAIN IN NARRATIVE,EAST DRIVE SHERWOOD OAKS CHURC & SARE RD,39.13296474,-86.49876237
2014,6,2,Weekday,1400,2-Car,No injury/unknown,FOLLOWING TOO CLOSELY,SR37S & TAPP,39.13292012,-86.572896
2014,7,6,Weekday,1800,2-Car,Non-incapacitating,FAILURE TO YIELD RIGHT OF WAY,S LIBERTY DR & W 3RD,39.13288687,-86.57913006
2014,10,3,Weekday,1500,Bus,No injury/unknown,IMPROPER PASSING,3RD & LIBERTY,39.13288687,-86.57913006
2014,9,4,Weekday,800,2-Car,No injury/unknown,FAILURE TO YIELD RIGHT OF WAY,COMMONS & WESTMINSTER DR,39.132688,-86.52144
2014,4,5,Weekday,1000,2-Car,No injury/unknown,UNSAFE BACKING,3RD & HAWTHORNE AVE,39.13252708,-86.52008995
2014,10,7,Weekend,1200,2-Car,No injury/unknown,,SOUTH PARK RIDGE,39.132096,-86.531072
2014,9,3,Weekday,2100,Moped/Motorcycle,Non-incapacitating,RAN OFF ROAD RIGHT,S ROGERS ST & W FAIRWAY,39.13192011,-86.53851002
2014,9,3,Weekday,1900,1-Car,No injury/unknown,RAN OFF ROAD RIGHT,BEACH & DAPHNE DR,39.13187198,-86.60368032
2014,3,7,Weekend,1000,1-Car,No injury/unknown,RAN OFF ROAD RIGHT,S OAK RIDGE & SR446S,39.13166281,-86.44815467
2014,7,5,Weekday,2200,Moped/Motorcycle,Non-incapacitating,FAILURE TO YIELD RIGHT OF WAY,CEDAR CHASE & LEONARD SPRINGS RD,39.131648,-86.582496
2014,12,2,Weekday,900,2-Car,No injury/unknown,FAILURE TO YIELD RIGHT OF WAY,CEDAR CHASE & LEONARD SPRINGS,39.131648,-86.582496
2014,4,5,Weekday,2100,2-Car,No injury/unknown,UNSAFE BACKING,MARKET & MAYBERRY MALL RD,39.131648,-86.5808
2014,9,2,Weekday,1700,2-Car,No injury/unknown,FOLLOWING TOO CLOSELY,S SWARTZ RIDGE RD & SR446S,39.1316,-86.447968
2014,9,6,Weekday,1400,1-Car,No injury/unknown,OTHER (ENVIRONMENTAL) - EXPLAIN IN NARR,SR37 & TAPP,39.13154683,-86.572896
2014,3,3,Weekday,2000,Bus,No injury/unknown,UNSAFE LANE MOVEMENT,W GORDON PIKE,39.13152,-86.677664
2014,8,1,Weekday,2200,1-Car,No injury/unknown,OTHER (DRIVER) - EXPLAIN IN NARRATIVE,WEST GARDNER RD,39.13152,-86.677664
2014,9,4,Weekday,2100,3+ Cars,No injury/unknown,UNSAFE BACKING,MAYBURY MALL RD,39.13146481,-86.58125004
2014,2,6,Weekday,1100,1-Car,No injury/unknown,RAN OFF ROAD RIGHT,DUNSTAN & E ALLENDALE DR,39.13144,-86.516688
2014,10,7,Weekend,2200,1-Car,No injury/unknown,RAN OFF ROAD RIGHT,GREEN RD & ROGERS,39.13112015,-86.53855025
2014,12,4,Weekday,1700,2-Car,No injury/unknown,FAILURE TO YIELD RIGHT OF WAY,S OAKLAWN,39.13105011,-86.5005722
2014,7,5,Weekday,1500,2-Car,No injury/unknown,FOLLOWING TOO CLOSELY,ALLENDALE & WALNUT ST PIKE,39.130944,-86.526688
2014,8,1,Weekend,1000,1-Car,No injury/unknown,RAN OFF ROAD RIGHT,S BAINBRIDGE DR,39.13076637,-86.51974465
2014,2,2,Weekday,1600,1-Car,No injury/unknown,HOLES/RUTS IN SURFACE,S LIBERTY DR & W CONSTITUTION,39.13006024,-86.57687221
2014,2,3,Weekday,1500,3+ Cars,No injury/unknown,FOLLOWING TOO CLOSELY,LOIS LN & S ROGERS,39.12984,-86.538496
2014,2,3,Weekday,100,1-Car,No injury/unknown,OTHER (DRIVER) - EXPLAIN IN NARRATIVE,OAKLAWN CT,39.12961578,-86.50189208
2014,3,7,Weekend,1000,2-Car,No injury/unknown,UNSAFE BACKING,S OLD SR 37 RD & S ORHCARD LANE,39.12949229,-86.53130024
2014,10,3,Weekday,1800,3+ Cars,No injury/unknown,FOLLOWING TOO CLOSELY,BUNGER & SR45,39.12949215,-86.60413311
2014,4,2,Weekday,1700,2-Car,Non-incapacitating,FOLLOWING TOO CLOSELY,S ROGERS ST & W HILLSIDE,39.12942888,-86.53876014
2014,5,3,Weekday,800,2-Car,No injury/unknown,IMPROPER TURNING,S KNIGHTRIDGE RD,39.12939835,-86.44329071
2014,7,5,Weekday,1700,2-Car,No injury/unknown,FAILURE TO YIELD RIGHT OF WAY,BUNGER & SR45S,39.12936,-86.604336
2014,10,6,Weekday,1300,2-Car,No injury/unknown,FOLLOWING TOO CLOSELY,SR45W & W BUNGER,39.12936,-86.604336
2014,10,2,Weekday,1600,3+ Cars,No injury/unknown,FOLLOWING TOO CLOSELY,S BUNGER & SR45W,39.12936,-86.604336
2014,11,4,Weekday,500,1-Car,No injury/unknown,ANIMAL/OBJECT IN ROADWAY,BUNGER & SR45W,39.12936,-86.604336
2014,3,7,Weekend,1500,1-Car,No injury/unknown,RAN OFF ROAD RIGHT,ELWREN RD,39.12905133,-86.6612091
2014,5,4,Weekday,2000,2-Car,No injury/unknown,FOLLOWING TOO CLOSELY,BUNGER & SR45W,39.12900841,-86.60487788
2014,3,3,Weekday,1300,1-Car,Incapacitating,RAN OFF ROAD RIGHT,S FAIRFAX RD & S MCCORMICK,39.12842232,-86.50779001
2014,3,2,Weekday,2200,1-Car,No injury/unknown,OTHER (VEHICLE) - EXPLAIN IN NARRATIVE,LEONARD SPRINGS RD & WOODHAVEN,39.128368,-86.58256
2014,11,5,Weekday,1000,2-Car,No injury/unknown,FAILURE TO YIELD RIGHT OF WAY,LEONARD SRPINGS & WOODHAVEN,39.128368,-86.58256
2014,1,2,Weekday,1100,2-Car,No injury/unknown,OTHER (DRIVER) - EXPLAIN IN NARRATIVE,E CREEKS EDGE DR,39.12821665,-86.50074921
2014,1,3,Weekday,1700,2-Car,No injury/unknown,IMPROPER TURNING,WALNUT STREET PIKE,39.12806578,-86.52683369
2014,10,2,Weekday,900,2-Car,Non-incapacitating,FOLLOWING TOO CLOSELY,SR45W & W ISON,39.128,-86.606432
2014,3,7,Weekend,2300,1-Car,Non-incapacitating,DRIVER ASLEEP OR FATIGUED,1625 HENESSY ST & MCDOUGAL,39.12790757,-86.55618934
2014,4,7,Weekend,2100,Moped/Motorcycle,Incapacitating,FAILURE TO YIELD RIGHT OF WAY,HWY 45 RD & ISON,39.12787971,-86.60651207
2014,4,6,Weekday,1800,2-Car,No injury/unknown,UNSAFE BACKING,S EASTMONT AVE & S WALTER,39.127632,-86.617376
2014,12,2,Weekday,0,2-Car,Incapacitating,DRIVER DISTRACTED - EXPLAIN IN NARRATIVE,SOUTH ROGERS & WEST TERRACE,39.127616,-86.538688
2014,12,3,Weekday,2200,2-Car,No injury/unknown,SPEED TOO FAST FOR WEATHER CONDITIONS,SOUTH MCDOUGAL & WEST LOCKVIEW,39.1273503,-86.55407019
2014,8,6,Weekday,1400,2-Car,No injury/unknown,OTHER (DRIVER) - EXPLAIN IN NARRATIVE,WALNUT ST PIKE,39.12716835,-86.52677353
2014,1,2,Weekday,1200,2-Car,No injury/unknown,ROADWAY SURFACE CONDITION,HEATHERWOOD & LEONARD SPRINGS RD,39.126976,-86.582464
2014,2,2,Weekday,2000,1-Car,No injury/unknown,RAN OFF ROAD RIGHT,HEATHERWOOD LN & LEONARD SPRINGS,39.126976,-86.582464
2014,8,2,Weekday,2200,1-Car,Non-incapacitating,DRIVER ASLEEP OR FATIGUED,N BOTTOM & SR37S,39.12682515,-86.54193017
2014,4,6,Weekday,1600,3+ Cars,Non-incapacitating,FOLLOWING TOO CLOSELY,BURKS & WALNUT ST,39.12666969,-86.53136998
2014,6,3,Weekday,1600,3+ Cars,Non-incapacitating,FOLLOWING TOO CLOSELY,BURKS & WALNUT ST,39.12666969,-86.53136998
2014,10,6,Weekday,1100,2-Car,No injury/unknown,FOLLOWING TOO CLOSELY,BURKS & S WALNUT,39.12666969,-86.53136998
2014,4,5,Weekday,1100,2-Car,No injury/unknown,FAILURE TO YIELD RIGHT OF WAY,SOUTH STATE ROAD 37 HWY,39.12660505,-86.5726527
2014,3,3,Weekday,800,2-Car,No injury/unknown,FAILURE TO YIELD RIGHT OF WAY,CANADA & S SARE RD,39.12658989,-86.50429978
2014,3,6,Weekday,0,2-Car,No injury/unknown,UNSAFE BACKING,E BURKS DR & ODELL,39.12654027,-86.52875597
2014,7,2,Weekday,1900,Cyclist,Non-incapacitating,FAILURE TO YIELD RIGHT OF WAY,BURKS & WALNUT SPRINGS DR,39.12654027,-86.52873001
2014,6,4,Weekday,1300,2-Car,No injury/unknown,UNSAFE BACKING,S ODELL DR,39.12644841,-86.52893185
2014,9,2,Weekday,1600,2-Car,No injury/unknown,UNSAFE SPEED,SR37 & W FULLERTON,39.12635975,-86.57267824
2014,5,2,Weekday,1000,2-Car,No injury/unknown,UNSAFE BACKING,S WALNUT ST PIKE,39.12631655,-86.52674475
2014,12,4,Weekday,1900,2-Car,No injury/unknown,FOLLOWING TOO CLOSELY,S WALNUT & W PINEWOOD,39.12623704,-86.53143033
2014,11,3,Weekday,2000,1-Car,No injury/unknown,RAN OFF ROAD RIGHT,HEATHER & SHERBROOKE,39.12584022,-86.51970975
2014,2,2,Weekday,700,2-Car,No injury/unknown,LEFT OF CENTER,EAST BURKS DR & KENNEDY,39.12580239,-86.52801375
2014,3,7,Weekend,1700,2-Car,No injury/unknown,LEFT OF CENTER,HEATHER & LAURA WAY,39.12578993,-86.51912972
2014,8,2,Weekday,900,2-Car,Incapacitating,FAILURE TO YIELD RIGHT OF WAY,BURKS & S WALNUT STREET PIKE,39.12556998,-86.5267197
2014,5,7,Weekend,2200,2-Car,No injury/unknown,OTHER (DRIVER) - EXPLAIN IN NARRATIVE,WEST STATE ROAD 45,39.125552,-86.610192
2014,7,2,Weekday,1500,2-Car,No injury/unknown,FAILURE TO YIELD RIGHT OF WAY,W STATE ROAD 45,39.125552,-86.610192
2014,9,2,Weekday,1000,2-Car,No injury/unknown,FAILURE TO YIELD RIGHT OF WAY,S GILLHAM & SR45W,39.12546303,-86.61030469
2014,2,6,Weekday,1400,2-Car,Non-incapacitating,SPEED TOO FAST FOR WEATHER CONDITIONS,SOUTH WALNUT ST & WEST COUNTRY CLUB,39.12540354,-86.53110981
2014,1,6,Weekday,1600,2-Car,No injury/unknown,UNSAFE BACKING,SR45W,39.125312,-86.610496
2014,1,3,Weekday,1400,2-Car,No injury/unknown,FAILURE TO YIELD RIGHT OF WAY,STATE ROAD 45 HWY,39.125312,-86.610496
2014,2,6,Weekday,1500,2-Car,No injury/unknown,SPEED TOO FAST FOR WEATHER CONDITIONS,W STATE RD 45 RD,39.125312,-86.610496
2014,2,5,Weekday,1000,2-Car,No injury/unknown,UNSAFE BACKING,SR45W,39.125312,-86.610496
2014,2,6,Weekend,1900,2-Car,No injury/unknown,IMPROPER TURNING,W STATE ROAD 45 RD,39.125312,-86.610496
2014,2,6,Weekday,1800,2-Car,No injury/unknown,UNSAFE LANE MOVEMENT,W SR 45 RD,39.125312,-86.610496
2014,4,4,Weekday,2000,2-Car,No injury/unknown,UNSAFE BACKING,SR45W,39.125312,-86.610496
2014,4,7,Weekend,1500,2-Car,No injury/unknown,UNSAFE BACKING,W STATE ROAD 45 HWY,39.125312,-86.610496
2014,4,4,Weekday,1400,2-Car,No injury/unknown,UNSAFE BACKING,W SR 45 RD,39.125312,-86.610496
2014,4,2,Weekday,1300,2-Car,No injury/unknown,UNSAFE BACKING,STATE ROAD 45 RD,39.125312,-86.610496
2014,5,1,Weekend,1700,1-Car,No injury/unknown,UNSAFE LANE MOVEMENT,WEST STATE ROAD 45 HWY,39.125312,-86.610496
2014,7,6,Weekend,1900,2-Car,No injury/unknown,OTHER (DRIVER) - EXPLAIN IN NARRATIVE,SR45W,39.125312,-86.610496
2014,7,5,Weekday,1800,2-Car,No injury/unknown,UNSAFE BACKING,WEST 45 HWY,39.125312,-86.610496
2014,7,1,Weekend,1300,3+ Cars,No injury/unknown,UNSAFE BACKING,W SR45 HWY,39.125312,-86.610496
2014,10,2,Weekday,1200,2-Car,No injury/unknown,FAILURE TO YIELD RIGHT OF WAY,W STATE ROAD 45,39.125312,-86.610496
2014,8,2,Weekday,1800,2-Car,No injury/unknown,UNSAFE BACKING,SR45W,39.125312,-86.610496
2014,8,5,Weekday,2300,2-Car,No injury/unknown,UNSAFE BACKING,WEST STATE ROAD 45 RD,39.125312,-86.610496
2014,9,3,Weekday,1300,2-Car,No injury/unknown,FAILURE TO YIELD RIGHT OF WAY,W STATE ROAD 45 RD,39.125312,-86.610496
2014,9,3,Weekday,1600,2-Car,No injury/unknown,IMPROPER TURNING,SR45W,39.125312,-86.610496
2014,9,6,Weekday,300,Moped/Motorcycle,Non-incapacitating,BRAKE FAILURE OR DEFECTIVE,W STATE RD 45 RD,39.125312,-86.610496
2014,9,6,Weekday,1200,2-Car,No injury/unknown,UNSAFE BACKING,W 45 HWY,39.125312,-86.610496
2014,9,2,Weekday,1600,2-Car,No injury/unknown,UNSAFE BACKING,SR45W,39.125312,-86.610496
2014,10,4,Weekday,900,2-Car,No injury/unknown,IMPROPER LANE USAGE,SR45W,39.125312,-86.610496
2014,10,4,Weekday,1800,2-Car,No injury/unknown,FAILURE TO YIELD RIGHT OF WAY,SR45W,39.125312,-86.610496
2014,11,4,Weekday,1600,2-Car,No injury/unknown,UNSAFE BACKING,STATE ROAD 45,39.125312,-86.610496
2014,11,6,Weekday,1200,2-Car,No injury/unknown,FAILURE TO YIELD RIGHT OF WAY,SR45W,39.125312,-86.610496
2014,11,3,Weekday,1200,2-Car,No injury/unknown,UNSAFE BACKING,SR45W,39.125312,-86.610496
2014,11,6,Weekday,1200,2-Car,No injury/unknown,OTHER (DRIVER) - EXPLAIN IN NARRATIVE,SR45W,39.125312,-86.610496
2014,11,7,Weekend,1500,2-Car,No injury/unknown,IMPROPER LANE USAGE,W STATE RD 45,39.125312,-86.610496
2014,12,2,Weekday,1600,2-Car,No injury/unknown,,W SR 45,39.125312,-86.610496
2014,12,7,Weekend,1900,2-Car,No injury/unknown,FAILURE TO YIELD RIGHT OF WAY,W ST RD 45,39.125312,-86.610496
2014,12,6,Weekday,1200,2-Car,No injury/unknown,UNSAFE BACKING,W ST RD 45,39.125312,-86.610496
2014,12,3,Weekday,1700,2-Car,No injury/unknown,IMPROPER LANE USAGE,SR45W,39.125312,-86.610496