Year,Month,Day,Weekend?,Hour,Collision Type,Injury Type,Primary Factor,Reported_Location,Latitude,Longitude
2014,1,6,Weekday,1500,1-Car,No injury/unknown,RAN OFF ROAD RIGHT,SOUTH MCDOUGAL ST,39.12528992,-86.55259704
2014,7,4,Weekday,600,2-Car,No injury/unknown,UNSAFE BACKING,S MILL STONE WAY,39.12506161,-86.50869583
2014,8,3,Weekday,400,Bus,No injury/unknown,FAILURE TO YIELD RIGHT OF WAY,VERNAL & W INDUSTRIAL PARK DR,39.12451083,-86.56205981
2014,2,7,Weekend,1100,1-Car,No injury/unknown,UNSAFE SPEED,EAST CARDINAL GLEEN & S WALNUT STREET PIKE,39.12396075,-86.52653999
2014,4,7,Weekend,1500,2-Car,No injury/unknown,UNSAFE BACKING,S WALNUT ST,39.12392521,-86.52665691
2014,4,5,Weekday,200,1-Car,No injury/unknown,UNSAFE SPEED,HEATHER LN & S WALNUT ST,39.123856,-86.526656
2014,5,2,Weekday,2300,1-Car,No injury/unknown,RAN OFF ROAD RIGHT,FULLERTON & LEONARD SPRINGS RD,39.123376,-86.582592
2014,10,1,Weekday,2200,1-Car,No injury/unknown,ANIMAL/OBJECT IN ROADWAY,SR37S & W FULLERTON,39.12326906,-86.57157013
2014,6,2,Weekday,1000,2-Car,No injury/unknown,FAILURE TO YIELD RIGHT OF WAY,FULLERTON PIKE & SIMS,39.123248,-86.578192
2014,2,4,Weekday,1500,2-Car,No injury/unknown,FOLLOWING TOO CLOSELY,S ISON & SR45W,39.12318039,-86.60572814
2014,9,6,Weekend,1900,2-Car,Non-incapacitating,FOLLOWING TOO CLOSELY,S ISON & SR45W,39.12318039,-86.60572814
2014,8,3,Weekday,1500,2-Car,No injury/unknown,UNSAFE SPEED,GORDON & S WALNUT ST,39.12282328,-86.52669309
2014,7,5,Weekday,1800,2-Car,No injury/unknown,FAILURE TO YIELD RIGHT OF WAY,FULLERTON PIKE & JUDD,39.122448,-86.574
2014,10,3,Weekday,1700,2-Car,No injury/unknown,FAILURE TO YIELD RIGHT OF WAY,FULLERTON & SR37S,39.12244371,-86.57123701
2014,6,2,Weekday,1500,1-Car,No injury/unknown,RAN OFF ROAD RIGHT,ELLER & S GARRISON CHAPEL RD,39.122416,-86.64296
2014,9,4,Weekday,1200,2-Car,Non-incapacitating,OTHER (DRIVER) - EXPLAIN IN NARRATIVE,RHORER & WALNUT ST,39.12240003,-86.52655958
2014,7,1,Weekday,1900,1-Car,No injury/unknown,RAN OFF ROAD RIGHT,DUNCAN & LEONARDSPRINGS RD,39.122352,-86.5964
2014,7,3,Weekday,2000,2-Car,No injury/unknown,LEFT OF CENTER,S DUNCAN & W LEONARD SPRINGS RD,39.122352,-86.5964
2014,7,7,Weekend,1300,2-Car,No injury/unknown,FOLLOWING TOO CLOSELY,FULLERTON & SR37S,39.122352,-86.5712
2014,9,5,Weekday,700,1-Car,No injury/unknown,ANIMAL/OBJECT IN ROADWAY,S STATE 37 & W FULLERTON PIKE,39.122352,-86.5712
2014,12,6,Weekday,900,2-Car,No injury/unknown,FAILURE TO YIELD RIGHT OF WAY,FULLERTON & SR37S,39.122352,-86.5712
2014,5,5,Weekday,1700,2-Car,Non-incapacitating,FOLLOWING TOO CLOSELY,ISON & W LEONARD SPRINGS RD,39.12230976,-86.60576976
2014,5,5,Weekday,2100,2-Car,No injury/unknown,FAILURE TO YIELD RIGHT OF WAY,S ISON & W LEONARD SPRINGS RD,39.12230976,-86.60576976
2014,2,6,Weekday,800,1-Car,No injury/unknown,ENGINE FAILURE OR DEFECTIVE,S CASSANDRA & W LEONARD SPRINGS RD,39.12228671,-86.61264768
2014,6,5,Weekday,1500,2-Car,No injury/unknown,FAILURE TO YIELD RIGHT OF WAY,3900 BLK S WALNUT ST & RHORER,39.12226288,-86.52655049
2014,5,6,Weekday,1600,2-Car,No injury/unknown,IMPROPER TURNING,ELLER & SR45W,39.12224,-86.6144
2014,6,5,Weekday,1700,2-Car,Non-incapacitating,FAILURE TO YIELD RIGHT OF WAY,FULLERTON & ROCKPORT RD,39.122224,-86.562688
2014,12,3,Weekday,1700,2-Car,No injury/unknown,UNSAFE LANE MOVEMENT,FULLERTON & SR37,39.12221377,-86.57112747
2014,2,5,Weekday,1900,2-Car,No injury/unknown,FOLLOWING TOO CLOSELY,SR37S & W FULLERTON,39.12221146,-86.57353973
2014,12,7,Weekend,1000,2-Car,No injury/unknown,UNSAFE LANE MOVEMENT,FULLERTON & SR37S,39.12221146,-86.57353973
2014,11,7,Weekend,1300,2-Car,Non-incapacitating,DISREGARD SIGNAL/REG SIGN,FULLERTON & SR37S,39.12221146,-86.57353973
2014,5,2,Weekday,700,Bus,No injury/unknown,FAILURE TO YIELD RIGHT OF WAY,SR37S & W FULLERTON,39.12221146,-86.57353973
2014,5,5,Weekday,1800,2-Car,No injury/unknown,FAILURE TO YIELD RIGHT OF WAY,SR37S & W FULLERTON,39.12221146,-86.57353973
2014,6,1,Weekend,1800,2-Car,Non-incapacitating,FAILURE TO YIELD RIGHT OF WAY,FULLERTON & SR37S,39.12221146,-86.57353973
2014,1,4,Weekday,1100,1-Car,No injury/unknown,SPEED TOO FAST FOR WEATHER CONDITIONS,FULLERTON PIKE & JUDD,39.12209988,-86.57401253
2014,7,2,Weekday,800,2-Car,No injury/unknown,FAILURE TO YIELD RIGHT OF WAY,SR37S & W THAT,39.12209401,-86.57097534
2014,12,3,Weekday,200,1-Car,Incapacitating,SPEED TOO FAST FOR WEATHER CONDITIONS,SR37S & WEST THAT,39.12202072,-86.57611847
2014,7,1,Weekday,2200,1-Car,No injury/unknown,ANIMAL/OBJECT IN ROADWAY,DUNLAP & SR45W,39.12196944,-86.61482007
2014,10,4,Weekday,1500,1-Car,Incapacitating,ANIMAL/OBJECT IN ROADWAY,E RHORER,39.1219368,-86.5036087
2014,9,4,Weekday,1600,1-Car,No injury/unknown,OBSTRUCTION NOT MARKED,FULLERTON & SR37S,39.1218974,-86.57080413
2014,1,6,Weekday,1600,1-Car,No injury/unknown,RAN OFF ROAD RIGHT,HARRELL & RHORER RD,39.121808,-86.4993129
2014,1,6,Weekday,500,1-Car,No injury/unknown,SPEED TOO FAST FOR WEATHER CONDITIONS,E RHORER & HARRELL RD,39.121808,-86.498784
2014,12,5,Weekday,1900,1-Car,No injury/unknown,ANIMAL/OBJECT IN ROADWAY,4220 S HARRELL & E RHORER,39.121808,-86.498784
2014,2,6,Weekday,1500,2-Car,No injury/unknown,SPEED TOO FAST FOR WEATHER CONDITIONS,SOUTH WICKENS & WEST GORDON PIKE,39.12180014,-86.54792994
2014,12,6,Weekday,1000,2-Car,No injury/unknown,FAILURE TO YIELD RIGHT OF WAY,GORDON & SR37S,39.12179947,-86.54792786
2014,4,6,Weekday,1700,3+ Cars,No injury/unknown,DRIVER ASLEEP OR FATIGUED,S ROGERS & W GORDON PIKE,39.121648,-86.539088
2014,7,3,Weekday,1300,1-Car,Incapacitating,RAN OFF ROAD RIGHT,S ROGERS ST & W GORDON,39.121648,-86.539088
2014,8,7,Weekend,2100,Moped/Motorcycle,Non-incapacitating,RAN OFF ROAD RIGHT,GORDAN PIKE & ROGERS,39.121648,-86.539088
2014,12,4,Weekday,700,2-Car,No injury/unknown,FAILURE TO YIELD RIGHT OF WAY,S ROGERS & W GORDON,39.121648,-86.539088
2014,7,4,Weekday,800,Moped/Motorcycle,Non-incapacitating,RAN OFF ROAD RIGHT,GORDON PIKE & S ROGERS,39.12163667,-86.5389123
2014,8,2,Weekday,1600,1-Car,Non-incapacitating,RAN OFF ROAD RIGHT,GORDON PIKE & ROGERS,39.12162533,-86.53873661
2014,11,2,Weekday,800,1-Car,No injury/unknown,RAN OFF ROAD RIGHT,HARRELL & RHORER,39.12160202,-86.49878087
2014,11,6,Weekday,1100,2-Car,No injury/unknown,FAILURE TO YIELD RIGHT OF WAY,W GORDON,39.12159053,-86.53819722
2014,2,5,Weekday,1500,2-Car,No injury/unknown,UNSAFE LANE MOVEMENT,E RHORER RD & S OLD SR 37,39.121552,-86.531296
2014,7,3,Weekday,1700,2-Car,No injury/unknown,FOLLOWING TOO CLOSELY,E RHORER & S OLD STATE ROAD 37 RD,39.121552,-86.531296
2014,8,4,Weekday,800,2-Car,No injury/unknown,FOLLOWING TOO CLOSELY,RHORER RD & S OLD SR 37,39.121552,-86.531296
2014,1,5,Weekday,1600,2-Car,No injury/unknown,FAILURE TO YIELD RIGHT OF WAY,W GORDON PIKE,39.12154418,-86.53386009
2014,4,1,Weekday,1900,Cyclist,Incapacitating,FAILURE TO YIELD RIGHT OF WAY,W GORDON PIKE,39.12154418,-86.53386009
2014,7,3,Weekday,1300,2-Car,No injury/unknown,OTHER (DRIVER) - EXPLAIN IN NARRATIVE,W GORDON PIKE,39.12154418,-86.53386009
2014,8,1,Weekend,1800,2-Car,Non-incapacitating,LEFT OF CENTER,W GORDON PIKE,39.12154418,-86.53386009
2014,4,4,Weekday,700,2-Car,No injury/unknown,ROADWAY SURFACE CONDITION,E RHORER RD & JAMIE,39.12152,-86.51792
2014,2,2,Weekday,700,2-Car,No injury/unknown,IMPROPER TURNING,E RHORER RD & S KENNEDY,39.12145396,-86.52850072
2014,7,4,Weekday,1500,2-Car,No injury/unknown,UNSAFE LANE MOVEMENT,RHORER RD & WALNUT,39.12144423,-86.52596713
2014,10,1,Weekend,1200,2-Car,No injury/unknown,FAILURE TO YIELD RIGHT OF WAY,RHORER & SARE RD,39.12144005,-86.51157998
2014,3,2,Weekday,1700,2-Car,Non-incapacitating,OVERCORRECTING/OVERSTEERING,RHORER RD & SARE,39.12144005,-86.51157997
2014,1,3,Weekday,1700,1-Car,No injury/unknown,RAN OFF ROAD RIGHT,RHORER RD & SARE,39.12144005,-86.51153671
2014,1,7,Weekend,2100,1-Car,No injury/unknown,SPEED TOO FAST FOR WEATHER CONDITIONS,E RHORER & S WALNUT STREET PIKE,39.12144,-86.526496
2014,2,3,Weekday,1600,Bus,Non-incapacitating,FOLLOWING TOO CLOSELY,E RHORER & WALNUT STREET PIKE,39.12144,-86.526496
2014,5,6,Weekend,2100,2-Car,No injury/unknown,FAILURE TO YIELD RIGHT OF WAY,E RHORER & SOUTH WALNUT STREET PIKE,39.12144,-86.526496
2014,5,7,Weekend,1700,2-Car,Non-incapacitating,FAILURE TO YIELD RIGHT OF WAY,RHORER RD & SOUTH WALNUT STREET,39.12144,-86.526496
2014,5,4,Weekday,1500,2-Car,No injury/unknown,INSECURE/LEAKY LOAD,E RHORER & S WALNUT STREET PIKE,39.12144,-86.526496
2014,6,7,Weekend,2300,2-Car,Non-incapacitating,FAILURE TO YIELD RIGHT OF WAY,RHORER & S WALNUT ST,39.12144,-86.526496
2014,6,4,Weekday,1500,2-Car,No injury/unknown,FOLLOWING TOO CLOSELY,RHORER & S WALNUT ST,39.12144,-86.526496
2014,8,1,Weekday,2100,2-Car,Non-incapacitating,DISREGARD SIGNAL/REG SIGN,RHORER & S WALNUT ST,39.12144,-86.526496
2014,10,6,Weekday,1400,2-Car,No injury/unknown,FOLLOWING TOO CLOSELY,RHORER & WALNUT ST,39.12144,-86.526496
2014,10,6,Weekday,1700,2-Car,No injury/unknown,FAILURE TO YIELD RIGHT OF WAY,E RHORER RD & S WALNUT STREET,39.12144,-86.526496
2014,11,3,Weekday,1600,2-Car,No injury/unknown,SPEED TOO FAST FOR WEATHER CONDITIONS,RHORER & WALNUT STREET,39.12144,-86.526496
2014,11,5,Weekday,700,2-Car,No injury/unknown,FAILURE TO YIELD RIGHT OF WAY,RHORER ROAD & WALNUT STREET PIKE,39.12144,-86.526496
2014,12,2,Weekday,1000,2-Car,No injury/unknown,FAILURE TO YIELD RIGHT OF WAY,RHORER & WALNUT STEET,39.12144,-86.526496
2014,11,2,Weekday,1900,2-Car,No injury/unknown,FOLLOWING TOO CLOSELY,OLD ST RD 37 & RHORER,39.12141994,-86.53134987
2014,8,5,Weekday,1300,1-Car,No injury/unknown,RAN OFF ROAD RIGHT,E RHORER RD,39.12138976,-86.5299189
2014,10,1,Weekend,1300,2-Car,No injury/unknown,UNSAFE SPEED,BURKS & WALNUT ST,39.12138759,-86.53136998
2014,9,3,Weekday,1300,2-Car,No injury/unknown,FOLLOWING TOO CLOSELY,S DUNLAP & SR45S,39.12074425,-86.61672221
2014,9,6,Weekend,2200,2-Car,No injury/unknown,OVERCORRECTING/OVERSTEERING,SOUTH OLD SR 37 RD,39.12021637,-86.52938079
2014,12,6,Weekday,1800,2-Car,No injury/unknown,UNSAFE BACKING,FALCON & W DOVE,39.12017003,-86.54685834
2014,2,6,Weekday,1400,1-Car,No injury/unknown,SPEED TOO FAST FOR WEATHER CONDITIONS,FULLERTON & SR37N,39.12007898,-86.56922069
2014,1,6,Weekday,1000,2-Car,No injury/unknown,DISREGARD SIGNAL/REG SIGN,SOUTH OLD ST RD 37 & SR37S,39.11906052,-86.5313034
2014,6,1,Weekend,1400,2-Car,No injury/unknown,DISREGARD SIGNAL/REG SIGN,S OLD 37 & SR37S,39.11906052,-86.5313034
2014,8,6,Weekday,100,1-Car,No injury/unknown,RAN OFF ROAD RIGHT,SOUTH OLD STATE ROAD 37 & SR37N,39.11906052,-86.5313034
2014,10,2,Weekday,1900,1-Car,No injury/unknown,BRAKE FAILURE OR DEFECTIVE,HILLSIDE & S WEATHERSTONE LN,39.11884817,-86.51882998
2014,6,4,Weekday,1700,3+ Cars,No injury/unknown,FOLLOWING TOO CLOSELY,DUNLAP & SR45S,39.11854315,-86.62032814
2014,11,4,Weekday,1600,2-Car,Non-incapacitating,LEFT OF CENTER,DUNLAP & SR45S,39.11854315,-86.62032814
2014,7,4,Weekday,100,1-Car,No injury/unknown,ANIMAL/OBJECT IN ROADWAY,S ROCKPORT & SR37S,39.11832992,-86.56769774
2014,5,7,Weekend,1500,1-Car,No injury/unknown,STEERING FAILURE,GARRISON CHAPEL & SR48W,39.11790085,-86.64198333
2014,5,7,Weekend,1500,2-Car,No injury/unknown,FAILURE TO YIELD RIGHT OF WAY,ROCKPORT & SR37S,39.117648,-86.567104
2014,7,2,Weekday,1200,2-Car,Non-incapacitating,FAILURE TO YIELD RIGHT OF WAY,S ROCKPORT & SR37S,39.117648,-86.567104
2014,5,2,Weekday,1700,2-Car,Non-incapacitating,FAILURE TO YIELD RIGHT OF WAY,S ROCKPORT RD & SR37S,39.117648,-86.567104
2014,6,3,Weekday,1200,2-Car,Incapacitating,FAILURE TO YIELD RIGHT OF WAY,ROCKPORT ROAD & SR37S,39.117648,-86.567104
2014,6,1,Weekend,1200,Moped/Motorcycle,Non-incapacitating,FAILURE TO YIELD RIGHT OF WAY,ROCKPORT & SR37S,39.117648,-86.567104
2014,10,1,Weekend,1500,1-Car,No injury/unknown,ANIMAL/OBJECT IN ROADWAY,ROCKPORT & SR37N,39.117648,-86.567104
2014,10,3,Weekday,800,1-Car,No injury/unknown,ANIMAL/OBJECT IN ROADWAY,DAVID & SARE,39.11743515,-86.4965301
2014,2,4,Weekday,800,1-Car,No injury/unknown,SPEED TOO FAST FOR WEATHER CONDITIONS,ROGERS ST & THAT,39.11738659,-86.539392
2014,7,4,Weekday,100,1-Car,Non-incapacitating,UNSAFE SPEED,S GARRISON CHAPEL RD,39.11732979,-86.64174557
2014,1,5,Weekday,1800,2-Car,No injury/unknown,SPEED TOO FAST FOR WEATHER CONDITIONS,GORDON PIKE,39.11717606,-86.53736114
2014,1,7,Weekend,2000,2-Car,No injury/unknown,RAN OFF ROAD RIGHT,GORDON PIKE,39.11717606,-86.53736114
2014,5,1,Weekday,2200,2-Car,No injury/unknown,RAN OFF ROAD RIGHT,WEST GORDON PIKE LOT 109 RD,39.11717606,-86.53736114
2014,6,3,Weekday,1400,2-Car,No injury/unknown,IMPROPER TURNING,BAYWOOD DR & CLEAR VIEW,39.11716998,-86.54149849
2014,12,1,Weekend,900,1-Car,No injury/unknown,RAN OFF ROAD RIGHT,W THAT & WATSON,39.117152,-86.573504
2014,12,4,Weekday,1800,1-Car,No injury/unknown,ANIMAL/OBJECT IN ROADWAY,S KETCHAM & W POPCORN,39.1170815,-86.56188011
2014,12,4,Weekday,1600,1-Car,No injury/unknown,RAN OFF ROAD RIGHT,LOCKVIEW & MCDOUGAL,39.11678592,-86.55407019
2014,2,6,Weekday,1400,2-Car,No injury/unknown,SPEED TOO FAST FOR WEATHER CONDITIONS,ROCKPORT & SR37N,39.11664474,-86.5659002
2014,10,2,Weekday,300,1-Car,Non-incapacitating,DISREGARD SIGNAL/REG SIGN,ROCKPORT & SR37S,39.11664474,-86.5659002
2014,6,1,Weekend,1700,2-Car,No injury/unknown,FOLLOWING TOO CLOSELY,PINE GROVE & SR446S,39.116464,-86.428672
2014,8,1,Weekend,0,1-Car,Non-incapacitating,RAN OFF ROAD RIGHT,CRESTLINE & S WALNUT STREET PIKE,39.116352,-86.526496
2014,2,4,Weekday,600,1-Car,No injury/unknown,ANIMAL/OBJECT IN ROADWAY,DARRELL & SR45W,39.11614674,-86.62461322
2014,10,7,Weekend,1700,1-Car,No injury/unknown,SPEED TOO FAST FOR WEATHER CONDITIONS,E PINE GROVE & SR446S,39.11578002,-86.42874943
2014,6,1,Weekend,900,1-Car,No injury/unknown,LEFT OF CENTER,PINE GROVE RD & SR446S,39.11564322,-86.42876492
2014,1,5,Weekday,900,2-Car,Non-incapacitating,FAILURE TO YIELD RIGHT OF WAY,SR37N & THAT,39.115552,-86.564592
2014,1,5,Weekday,1400,2-Car,No injury/unknown,FOLLOWING TOO CLOSELY,SR37S & THAT RD,39.115552,-86.564592
2014,9,4,Weekday,2100,1-Car,Non-incapacitating,UNSAFE LANE MOVEMENT,SR37S & THAT,39.115552,-86.564592
2014,12,3,Weekday,1700,1-Car,No injury/unknown,LEFT OF CENTER,SR37N & W THAT,39.115552,-86.564592
2014,10,1,Weekend,1100,2-Car,No injury/unknown,,S PATTERSON,39.115248,-86.573504
2014,12,7,Weekend,700,2-Car,No injury/unknown,UNSAFE SPEED,PATRICIA LANE & W THAT RD,39.115248,-86.573504
2014,11,2,Weekday,600,1-Car,No injury/unknown,RAN OFF ROAD RIGHT,S PATRICIA & W THAT,39.115248,-86.573504
2014,9,1,Weekend,1800,1-Car,No injury/unknown,RAN OFF ROAD RIGHT,SOUTH STATE ROAD 446 RD,39.11518097,-86.43262481
2014,5,6,Weekday,1200,2-Car,No injury/unknown,OVERCORRECTING/OVERSTEERING,SR45W & W DINSMORE,39.11504,-86.630992
2014,5,6,Weekday,1200,1-Car,No injury/unknown,FOLLOWING TOO CLOSELY,DINSMORE & SR45W,39.11504,-86.630992
2014,7,4,Weekday,800,3+ Cars,No injury/unknown,LEFT OF CENTER,DINSMORE & SR45W,39.11504,-86.630992
2014,9,2,Weekday,900,2-Car,No injury/unknown,BRAKE FAILURE OR DEFECTIVE,DINSMORE & SR45W,39.11504,-86.630992
2014,3,7,Weekend,500,1-Car,No injury/unknown,RAN OFF ROAD RIGHT,DINSMORE & SR45W,39.11502979,-86.63028699
2014,10,4,Weekday,1500,1-Car,Non-incapacitating,RAN OFF ROAD RIGHT,DARRELL & SR45W,39.114992,-86.62768
2014,12,7,Weekend,600,1-Car,No injury/unknown,SPEED TOO FAST FOR WEATHER CONDITIONS,SOUTH DARRELL & SR45W,39.114992,-86.62768
2014,12,2,Weekday,1100,1-Car,No injury/unknown,OVERSIZE/OVERWEIGHT LOAD,ROGERS & THAT,39.11464,-86.539392
2014,2,3,Weekday,1400,Bus,No injury/unknown,UNSAFE BACKING,W THAT RD,39.11390686,-86.54530334
2014,2,3,Weekday,1400,Bus,No injury/unknown,UNSAFE BACKING,W THAT RD,39.11390686,-86.54530334
2014,4,6,Weekday,1500,2-Car,No injury/unknown,DRIVER DISTRACTED - EXPLAIN IN NARRATIVE,W THAT RD,39.11390686,-86.54530334
2014,6,7,Weekend,100,1-Car,No injury/unknown,RAN OFF ROAD RIGHT,SR45W & WEST DINSMORE,39.11388114,-86.63338835
2014,3,2,Weekday,1100,2-Car,No injury/unknown,FOLLOWING TOO CLOSELY,KIRKWOOD & ROGERS ST,39.11373487,-86.53868973
2014,8,3,Weekday,1700,2-Car,No injury/unknown,LEFT OF CENTER,E CARDINAL GLEN DR & S HUMMINGBIRD,39.11339007,-86.52104791
2014,6,2,Weekday,1200,2-Car,Non-incapacitating,FAILURE TO YIELD RIGHT OF WAY,FAIRFAX & OLD STATE RD 37 RD,39.11253936,-86.53149001
2014,4,6,Weekday,1600,3+ Cars,No injury/unknown,FOLLOWING TOO CLOSELY,BIG SKY & SR37S,39.11223984,-86.56208801
2014,11,5,Weekday,800,2-Car,No injury/unknown,FOLLOWING TOO CLOSELY,SR37S & W GORDON,39.11123658,-86.54792786
2014,6,7,Weekend,2200,2-Car,No injury/unknown,UNSAFE BACKING,ELWREN RD,39.1111908,-86.64990234
2014,2,7,Weekend,100,1-Car,No injury/unknown,UNSAFE SPEED,THAT & VICTOR PIKE,39.11102726,-86.54887009
2014,5,4,Weekday,1800,Moped/Motorcycle,No injury/unknown,FOLLOWING TOO CLOSELY,GARRISON CHAPEL & SR45W,39.111024,-86.638304
2014,2,6,Weekend,2100,1-Car,No injury/unknown,RAN OFF ROAD RIGHT,S WOODBINE & SR45W,39.1098518,-86.64017954
2014,6,3,Weekday,1600,2-Car,No injury/unknown,FOLLOWING TOO CLOSELY,SR45W & WOODBINE,39.10943587,-86.64084501
2014,2,7,Weekend,1700,3+ Cars,Non-incapacitating,FOLLOWING TOO CLOSELY,SR45 & WOODBINE,39.10937572,-86.64094126
2014,8,2,Weekday,100,2-Car,No injury/unknown,FAILURE TO YIELD RIGHT OF WAY,SR45W & W ELWREN,39.10937033,-86.64094989
2014,1,5,Weekday,1700,2-Car,No injury/unknown,ROADWAY SURFACE CONDITION,S HARMONY RD & W ISON RD,39.108848,-86.6384
2014,6,1,Weekend,800,1-Car,Non-incapacitating,LEFT OF CENTER,ELWREN ROAD RD & SR45,39.10840986,-86.65055254
2014,10,3,Weekday,1700,3+ Cars,No injury/unknown,FOLLOWING TOO CLOSELY,SR37S & VICTOR,39.1083746,-86.55495588
2014,4,5,Weekday,1700,1-Car,No injury/unknown,RAN OFF ROAD RIGHT,ELWREN RD & STANDFORD,39.10833825,-86.66597392
2014,3,7,Weekend,200,1-Car,No injury/unknown,ANIMAL/OBJECT IN ROADWAY,S STANFORD & W ELWREN RD,39.10824,-86.666192
2014,5,5,Weekday,1100,2-Car,No injury/unknown,UNSAFE BACKING,W ELWREN RD,39.10819864,-86.64590599
2014,1,1,Weekend,300,1-Car,Non-incapacitating,RAN OFF ROAD RIGHT,PINE GROVE RD & RED BUSH,39.10818525,-86.40965939
2014,9,2,Weekday,1800,3+ Cars,Non-incapacitating,FOLLOWING TOO CLOSELY,SR45W & W ISON,39.10810089,-86.63702269
2014,5,5,Weekday,1700,3+ Cars,No injury/unknown,FOLLOWING TOO CLOSELY,ISON & SR45W,39.10810089,-86.63700103
2014,5,6,Weekday,1100,2-Car,No injury/unknown,IMPROPER PASSING,ROCKPORT RD & STANSIFER,39.108032,-86.575552
2014,10,7,Weekend,1800,1-Car,Non-incapacitating,RAN OFF ROAD RIGHT,MARIE & S FAIRFAX,39.10779177,-86.5224798
2014,3,3,Weekday,1500,3+ Cars,No injury/unknown,UNSAFE SPEED,ELWREN & SR45,39.10764414,-86.64370007
2014,4,5,Weekday,1600,2-Car,No injury/unknown,FOLLOWING TOO CLOSELY,SR37S & THAT RD,0.0,0.0
2014,11,3,Weekday,400,1-Car,No injury/unknown,ANIMAL/OBJECT IN ROADWAY,HARMONY & SR45W,39.10756539,-86.6437769
2014,3,6,Weekday,600,1-Car,No injury/unknown,ANIMAL/OBJECT IN ROADWAY,CHURCH LN & VICTOR,39.10748449,-86.54626781
2014,3,7,Weekend,2200,1-Car,Non-incapacitating,RAN OFF ROAD RIGHT,CHURCH LANE RD & ROGERS,39.107456,-86.540064
2014,8,3,Weekday,1500,2-Car,No injury/unknown,FAILURE TO YIELD RIGHT OF WAY,CHURCH & S ROGERS ST,39.107456,-86.540064
2014,8,5,Weekday,1300,2-Car,No injury/unknown,DRIVER DISTRACTED - EXPLAIN IN NARRATIVE,CHURCH LN & S ROGERS,39.107456,-86.540064
2014,8,7,Weekend,1600,Moped/Motorcycle,Non-incapacitating,OVERCORRECTING/OVERSTEERING,S ROGERS ST & W CHURCH,39.107456,-86.540064
2014,8,3,Weekday,0,1-Car,No injury/unknown,LEFT OF CENTER,S VICTOR & SR37S,39.10743375,-86.55367188
2014,4,3,Weekday,2100,1-Car,Non-incapacitating,UNSAFE SPEED,WALNUT ST,39.107344,-86.5264
2014,5,6,Weekday,1600,2-Car,No injury/unknown,FOLLOWING TOO CLOSELY,WALNUT & WALNUT ST PIKE,39.107344,-86.5264
2014,7,4,Weekday,1600,Moped/Motorcycle,Non-incapacitating,RAN OFF ROAD RIGHT,CHURCH LN & S RODGERS,39.10733029,-86.54019332
2014,7,7,Weekend,900,2-Car,No injury/unknown,FAILURE TO YIELD RIGHT OF WAY,S FAIRFAX & S OLD STATE 37 RD,39.10725988,-86.53149001
2014,8,6,Weekday,1600,2-Car,Non-incapacitating,FAILURE TO YIELD RIGHT OF WAY,FAIRFAX & OLD STATE ROAD 37 S RD,39.10725988,-86.53149001
2014,10,5,Weekday,1700,Moped/Motorcycle,Non-incapacitating,RAN OFF ROAD RIGHT,CHURCH & S OLD STATE ROAD 37 HWY,39.107248,-86.531392
2014,1,1,Weekend,0,2-Car,No injury/unknown,SPEED TOO FAST FOR WEATHER CONDITIONS,FAIRFAX & WALNUT STREET PIKE,39.10715997,-86.52650982
2014,7,6,Weekday,1700,Moped/Motorcycle,Incapacitating,FAILURE TO YIELD RIGHT OF WAY,FAIRFAX RD & WALNUT STREET,39.10715997,-86.52650982
2014,9,3,Weekday,700,2-Car,No injury/unknown,FOLLOWING TOO CLOSELY,S FAIRFAX RD & S WALNUT ST,39.10715997,-86.52650982
2014,6,6,Weekend,2300,2-Car,No injury/unknown,OTHER (DRIVER) - EXPLAIN IN NARRATIVE,FAIRFAX RD,39.107152,-86.523792
2014,2,6,Weekday,1600,1-Car,No injury/unknown,RAN OFF ROAD RIGHT,E SCHACHT & S FAIRFAX RD,39.10704,-86.523488
2014,11,6,Weekend,2300,1-Car,No injury/unknown,RAN OFF ROAD RIGHT,E SCHACHT & S FAIRFAX,39.10704,-86.523488
2014,12,6,Weekday,1500,2-Car,No injury/unknown,FOLLOWING TOO CLOSELY,EMPIRE MILL & S OLD 37,39.10702663,-86.54225975
2014,8,3,Weekday,600,1-Car,No injury/unknown,IMPROPER TURNING,SOUTH VICTOR PIKE,39.1069603,-86.55139923
2014,6,2,Weekday,700,1-Car,No injury/unknown,RAN OFF ROAD RIGHT,FAIRFAX RD & SCHACHT,39.10680853,-86.52329823
2014,11,3,Weekday,1700,2-Car,No injury/unknown,OTHER (VEHICLE) - EXPLAIN IN NARRATIVE,SR37S & W VICTOR,39.10649288,-86.55238793
2014,8,1,Weekend,200,1-Car,No injury/unknown,UNSAFE BACKING,S VICTOR PIKE,39.10649041,-86.55034722
2014,1,3,Weekday,900,2-Car,No injury/unknown,FAILURE TO YIELD RIGHT OF WAY,SR45S & STANFORD,39.10647964,-86.66599273