Year,Month,Day,Weekend?,Hour,Collision Type,Injury Type,Primary Factor,Reported_Location,Latitude,Longitude
2013,6,4,Weekday,1100,2-Car,No injury/unknown,UNSAFE BACKING,THAMES DR,39.27497101,-86.51756286
2013,5,5,Weekday,0,1-Car,No injury/unknown,RAN OFF ROAD RIGHT,DELAP & WOODALL RD,39.27462306,-86.57803103
2013,10,4,Weekday,800,1-Car,Non-incapacitating,RAN OFF ROAD RIGHT,BARR & NORTH MT TABOR RD,39.273888,-86.621456
2013,7,3,Weekday,1600,2-Car,Non-incapacitating,LEFT OF CENTER,SIMPSON CHAPEL & W SAMPLE RD,39.27156615,-86.52751062
2013,5,1,Weekend,1600,1-Car,Non-incapacitating,RAN OFF ROAD RIGHT,7888 E NORTHSHORE DR & N NORTH BAY,39.271145,-86.4119012
2013,12,5,Weekday,1700,1-Car,No injury/unknown,RAN OFF ROAD RIGHT,E WHISNAND & SR37N,39.27075204,-86.53192901
2013,3,7,Weekend,1200,1-Car,Non-incapacitating,OTHER (DRIVER) - EXPLAIN IN NARRATIVE,OARD RD & STATE ROAD 48,39.2705651,-86.62014976
2013,7,2,Weekday,800,2-Car,No injury/unknown,FOLLOWING TOO CLOSELY,SAMPLE & SR37N,39.27027733,-86.52293441
2013,5,1,Weekend,1000,1-Car,No injury/unknown,OVERCORRECTING/OVERSTEERING,HIGHWAY BUSINESS 37 & SR37N,39.26955347,-86.54051208
2013,10,6,Weekend,2200,Moped/Motorcycle,Non-incapacitating,RAN OFF ROAD RIGHT,REDHILL & SR46W,39.26932907,-86.63477655
2013,5,4,Weekday,1700,2-Car,Non-incapacitating,RAN OFF ROAD RIGHT,SIMPSON & SR37,39.26822318,-86.52294972
2013,8,3,Weekday,400,1-Car,No injury/unknown,ANIMAL/OBJECT IN ROADWAY,SR46 & STINESVILLE RD,39.26801274,-86.66489961
2013,12,5,Weekday,2100,1-Car,No injury/unknown,SPEED TOO FAST FOR WEATHER CONDITIONS,SAMPLE & SR37N,39.26753244,-86.5228128
2013,12,2,Weekday,1300,2-Car,Incapacitating,FOLLOWING TOO CLOSELY,SAMPLE & SR37N,39.26753244,-86.5228128
2013,9,4,Weekday,1100,1-Car,No injury/unknown,RAN OFF ROAD RIGHT,ANDERSON RD & DORA,39.26706271,-86.48772031
2013,9,1,Weekend,1600,2-Car,No injury/unknown,FOLLOWING TOO CLOSELY,SAMPLE & SR37N,39.26698347,-86.52278848
2013,7,6,Weekend,2100,1-Car,No injury/unknown,ANIMAL/OBJECT IN ROADWAY,COWDEN & N MT TABOR RD,39.266864,-86.620704
2013,12,1,Weekend,1700,1-Car,No injury/unknown,ANIMAL/OBJECT IN ROADWAY,N MT TABOR RD & W COWDEN,39.266864,-86.620704
2013,11,4,Weekday,1500,2-Car,Non-incapacitating,LEFT OF CENTER,N FOX HOLLOW RD & N OLD 37,39.26677018,-86.50152812
2013,1,4,Weekday,1200,2-Car,No injury/unknown,UNSAFE BACKING,46 & STINESVILLE RD,39.266752,-86.6656
2013,4,6,Weekday,1500,Bus,No injury/unknown,FOLLOWING TOO CLOSELY,2ND & PATTERSON DR,39.26648386,-86.54850997
2013,12,4,Weekday,2000,2-Car,No injury/unknown,FAILURE TO YIELD RIGHT OF WAY,SAMPLE & SR37N,39.26616,-86.522752
2013,9,2,Weekday,2300,1-Car,No injury/unknown,ANIMAL/OBJECT IN ROADWAY,ANDERSON RD & OLD SR 37,39.266,-86.501696
2013,12,5,Weekday,2300,1-Car,No injury/unknown,LEFT OF CENTER,SAMPLE RD & SR37,39.26597022,-86.52277657
2013,8,3,Weekday,1900,1-Car,No injury/unknown,SPEED TOO FAST FOR WEATHER CONDITIONS,E ANDERSON RD & N OLD 37,39.26589981,-86.5021276
2013,12,2,Weekday,500,1-Car,No injury/unknown,ROADWAY SURFACE CONDITION,BOTTOM & SR37N,39.26579689,-86.55792236
2013,7,4,Weekday,700,1-Car,No injury/unknown,RAN OFF ROAD RIGHT,ROCKPORT RD & VICTOR,39.26474052,-86.60648994
2013,9,5,Weekday,1700,2-Car,No injury/unknown,LEFT OF CENTER,N JOHN YOUNG RD & SHILO,39.26461397,-86.43472029
2013,8,7,Weekend,1300,2-Car,No injury/unknown,UNSAFE LANE MOVEMENT,SAMPLE & SR37S,39.26449949,-86.52249594
2013,12,3,Weekday,800,3+ Cars,Non-incapacitating,SPEED TOO FAST FOR WEATHER CONDITIONS,FIELDSTONE & KIRBY RD,39.26366666,-86.61046028
2013,3,3,Weekday,1200,2-Car,No injury/unknown,DRIVER DISTRACTED - EXPLAIN IN NARRATIVE,WAYPORT ROAD RD,39.26360321,-86.5217514
2013,7,2,Weekday,700,2-Car,No injury/unknown,UNSAFE BACKING,WAYPORT RD,39.26330942,-86.52144356
2013,1,4,Weekday,1500,2-Car,No injury/unknown,IMPROPER PASSING,SR37 & WAYPORT,39.26307137,-86.52255833
2013,1,4,Weekday,1100,1-Car,No injury/unknown,RAN OFF ROAD RIGHT,SR37 & WAYPORT RD,39.2630409,-86.523358
2013,6,7,Weekend,1200,2-Car,No injury/unknown,DRIVER DISTRACTED - EXPLAIN IN NARRATIVE,LAWSON & NORTH BOTTOM RD,39.26248,-86.546096
2013,1,6,Weekday,1600,2-Car,Non-incapacitating,FAILURE TO YIELD RIGHT OF WAY,BASSWOOD DR & COPPER BEECH,39.26241338,-86.57108008
2013,7,1,Weekday,1900,2-Car,No injury/unknown,FAILURE TO YIELD RIGHT OF WAY,SR37N & WAYPORT,39.26179886,-86.52230834
2013,6,3,Weekday,2200,1-Car,No injury/unknown,ANIMAL/OBJECT IN ROADWAY,SR37 & WAYPORT,39.26090774,-86.52311797
2013,5,6,Weekend,2000,Bus,No injury/unknown,UNSAFE LANE MOVEMENT,SAMPLE & SR37N,39.26049042,-86.51318359
2013,1,3,Weekday,2200,1-Car,No injury/unknown,RAN OFF ROAD RIGHT,SR37N & WAYPORT,39.26041222,-86.52349167
2013,4,4,Weekday,1100,2-Car,No injury/unknown,DRIVER DISTRACTED - EXPLAIN IN NARRATIVE,CHAFIN CHAPEL & SR46W,39.25962637,-86.65754539
2013,2,2,Weekday,800,1-Car,No injury/unknown,ANIMAL/OBJECT IN ROADWAY,SR37 & WAYPORT,39.25918397,-86.52433306
2013,6,7,Weekend,1100,2-Car,Non-incapacitating,UNSAFE SPEED,HARTSTRAIGHT RD & VERNAL,39.25660077,-86.6112703
2013,5,4,Weekday,900,2-Car,Non-incapacitating,FAILURE TO YIELD RIGHT OF WAY,FLATWOODS & SR46W,39.25578165,-86.65554879
2013,11,4,Weekday,1000,2-Car,No injury/unknown,UNSAFE BACKING,E MILLER DR,39.255568,-86.469632
2013,4,7,Weekend,1800,2-Car,Non-incapacitating,IMPROPER PASSING,SOUTH OLD STATE ROAD 37 & SR37S,39.25457699,-86.52745745
2013,10,7,Weekend,600,1-Car,Non-incapacitating,OTHER (DRIVER) - EXPLAIN IN NARRATIVE,4594 W COWDEN RD & DUNLAP,39.25371803,-86.59237876
2013,2,7,Weekend,1900,2-Car,No injury/unknown,OVERCORRECTING/OVERSTEERING,EAST SOUTHSHORE DR & TUNNEL,39.25316237,-86.41665683
2013,1,7,Weekend,1900,2-Car,Incapacitating,LEFT OF CENTER,SR46W & W FLATWOODS,39.25241966,-86.65398335
2013,1,5,Weekday,1800,2-Car,No injury/unknown,SPEED TOO FAST FOR WEATHER CONDITIONS,FLATWOODS & SR46E,39.25241966,-86.65408733
2013,10,3,Weekday,1700,2-Car,No injury/unknown,FOLLOWING TOO CLOSELY,DELAP RD & MT TABOR,39.2520301,-86.6206701
2013,6,5,Weekday,1900,2-Car,No injury/unknown,DISREGARD SIGNAL/REG SIGN,UNION VALLEY & W DELAP RD,39.251904,-86.592816
2013,3,5,Weekday,500,1-Car,No injury/unknown,ANIMAL/OBJECT IN ROADWAY,E WYLIE RD & SR37,39.251648,-86.529056
2013,12,2,Weekday,1700,2-Car,Non-incapacitating,FAILURE TO YIELD RIGHT OF WAY,SR37N & WYLIE,39.25145518,-86.52923177
2013,6,6,Weekday,1200,2-Car,Incapacitating,FAILURE TO YIELD RIGHT OF WAY,E WYLIE & SR37N,39.25141907,-86.5226593
2013,9,1,Weekday,2200,1-Car,No injury/unknown,RAN OFF ROAD RIGHT,E WYLIE RD & OLD STATE 37 NORTH,39.25136022,-86.50120954
2013,3,4,Weekday,2200,1-Car,No injury/unknown,ANIMAL/OBJECT IN ROADWAY,EAST WYLE RD & NORTH OLD STATE ROAD 37,39.251296,-86.500832
2013,1,4,Weekday,1900,2-Car,No injury/unknown,UNSAFE BACKING,WEST STATE ROAD 46 HWY,39.2512,-86.652504
2013,1,4,Weekday,1700,2-Car,No injury/unknown,FAILURE TO YIELD RIGHT OF WAY,W SR 46 HWY,39.2512,-86.652504
2013,1,2,Weekday,1700,2-Car,No injury/unknown,FOLLOWING TOO CLOSELY,W STATE ROAD 46 HWY,39.2512,-86.652504
2013,3,5,Weekday,2200,2-Car,No injury/unknown,UNSAFE BACKING,STATE ROAD 46 HWY,39.2512,-86.652504
2013,3,6,Weekend,1900,1-Car,No injury/unknown,DRIVER ASLEEP OR FATIGUED,SR46W,39.2512,-86.652504
2013,1,5,Weekday,1500,2-Car,No injury/unknown,UNSAFE BACKING,WEST STATE ROAD 46 HWY,39.2512,-86.652504
2013,4,6,Weekend,2300,1-Car,No injury/unknown,OVERCORRECTING/OVERSTEERING,SR46W,39.2512,-86.652504
2013,5,2,Weekday,1200,2-Car,No injury/unknown,UNSAFE BACKING,W STATE ROAD 46 ST,39.2512,-86.652504
2013,8,4,Weekday,1200,2-Car,No injury/unknown,UNSAFE BACKING,STATE ROAD 46 HWY,39.2512,-86.652504
2013,8,5,Weekday,1000,1-Car,No injury/unknown,OTHER (ENVIRONMENTAL) - EXPLAIN IN NARR,WEST STATE ROAD 46 HWY,39.2512,-86.652504
2013,8,5,Weekday,1500,2-Car,No injury/unknown,UNSAFE BACKING,SR46W,39.2512,-86.652504
2013,11,6,Weekday,1600,2-Car,No injury/unknown,UNSAFE BACKING,WEST STATE ROAD 46 HWY,39.2512,-86.652504
2013,4,5,Weekday,700,2-Car,No injury/unknown,FAILURE TO YIELD RIGHT OF WAY,RICHARDSON & SOUTHSHORE DR,39.25114131,-86.38882447
2013,2,5,Weekday,1800,1-Car,Non-incapacitating,RAN OFF ROAD RIGHT,MILLER & ROBINSON RD,39.25103031,-86.46972422
2013,6,7,Weekend,1900,1-Car,Non-incapacitating,OTHER (DRIVER) - EXPLAIN IN NARRATIVE,5501 ROBINSON RD & HUDOFF,39.2510133,-86.46846041
2013,4,4,Weekday,800,2-Car,No injury/unknown,UNSAFE BACKING,WALNUT & WALNUT STREET PIKE,39.250688,-86.529744
2013,5,5,Weekday,1700,2-Car,No injury/unknown,FOLLOWING TOO CLOSELY,N WALNUT ST & SR37N,39.250688,-86.529744
2013,8,6,Weekday,700,2-Car,No injury/unknown,FOLLOWING TOO CLOSELY,SR37N & WALNUT,39.250688,-86.529744
2013,2,6,Weekday,600,1-Car,Non-incapacitating,RAN OFF ROAD RIGHT,FLATWOODS & SR46W,39.25037815,-86.65158204
2013,7,5,Weekday,1200,2-Car,No injury/unknown,OTHER (DRIVER) - EXPLAIN IN NARRATIVE,KNIGHTRIDGE & SR446S,39.24989179,-86.46687098
2013,12,1,Weekday,2100,1-Car,Non-incapacitating,ROADWAY SURFACE CONDITION,BOTTOM & SR37N,39.24988995,-86.55792236
2013,12,1,Weekday,2100,1-Car,No injury/unknown,ROADWAY SURFACE CONDITION,BOTTOM & SR37N,39.24988995,-86.55792236
2013,7,1,Weekend,1500,2-Car,No injury/unknown,OTHER (DRIVER) - EXPLAIN IN NARRATIVE,BUSINESS 37 & SR37N,39.24837079,-86.54051208
2013,8,3,Weekday,2000,2-Car,No injury/unknown,OTHER (DRIVER) - EXPLAIN IN NARRATIVE,SR46W & UNION VALLEY,39.24765015,-86.59285736
2013,7,6,Weekday,1800,2-Car,Non-incapacitating,FOLLOWING TOO CLOSELY,SR46W & UNION VALLEY,39.24765015,-86.59285736
2013,9,5,Weekday,1800,2-Car,No injury/unknown,IMPROPER LANE USAGE,SR46W & UNION VALLEY,39.24765015,-86.59288333
2013,7,4,Weekday,1400,2-Car,No injury/unknown,LEFT OF CENTER,NORTH BOTTOM ROAD RD & WEST MAPLE GROVE ROAD,39.24744,-86.547792
2013,12,5,Weekday,1900,1-Car,Non-incapacitating,RAN OFF ROAD RIGHT,N MAPLE GROVE & W MAPLE GROVE RD,39.24744,-86.547792
2013,6,1,Weekend,1400,2-Car,No injury/unknown,FAILURE TO YIELD RIGHT OF WAY,RED HILL RD & SR46,39.245744,-86.636896
2013,10,4,Weekday,1700,2-Car,No injury/unknown,OTHER (DRIVER) - EXPLAIN IN NARRATIVE,RED HILL & SR46W,39.245744,-86.636896
2013,7,2,Weekday,1100,2-Car,No injury/unknown,FAILURE TO YIELD RIGHT OF WAY,MAPLE GROVE & MATTHEWS DR,39.245408,-86.6204
2013,7,7,Weekend,1500,1-Car,No injury/unknown,OTHER (ENVIRONMENTAL) - EXPLAIN IN NARR,MAPLE GROVE RD & N MATTHEWS,39.24534,-86.62061658
2013,11,2,Weekday,1600,1-Car,No injury/unknown,ANIMAL/OBJECT IN ROADWAY,CONNAUGHT & SR37N,39.24464873,-86.53384054
2013,12,7,Weekend,1000,1-Car,No injury/unknown,SPEED TOO FAST FOR WEATHER CONDITIONS,OLD SR 37 & WALNUT ST,39.24419236,-86.53415009
2013,8,3,Weekday,1600,2-Car,No injury/unknown,FAILURE TO YIELD RIGHT OF WAY,CONNAUGHT & SR37N,39.24419022,-86.533432
2013,6,2,Weekday,2200,1-Car,No injury/unknown,ANIMAL/OBJECT IN ROADWAY,MAPLE GROVE & UNION VALLEY RD,39.24406538,-86.59279461
2013,9,4,Weekday,1700,2-Car,No injury/unknown,FOLLOWING TOO CLOSELY,MATTHEWS & SR46W,39.2437706,-86.62110727
2013,8,7,Weekend,800,1-Car,Non-incapacitating,ROADWAY SURFACE CONDITION,IN 45 N & SHUFFLE CREEK RD,39.24282322,-86.40429497
2013,1,5,Weekday,2100,2-Car,No injury/unknown,ROADWAY SURFACE CONDITION,MAPLE GROVE & UNION VALLEY RD,39.24200551,-86.59277843
2013,6,1,Weekend,1000,1-Car,Non-incapacitating,OVERCORRECTING/OVERSTEERING,COUNTY LINE ROAD & REEVES ROAD RD,39.24175548,-86.68418348
2013,9,1,Weekend,1800,1-Car,No injury/unknown,SPEED TOO FAST FOR WEATHER CONDITIONS,N COUNTY LINE & REEVES RD,39.24172799,-86.68419815
2013,6,7,Weekend,1200,1-Car,No injury/unknown,ANIMAL/OBJECT IN ROADWAY,KNIGHTRIDGE SOUTH & SR446S,39.24153388,-86.45682164
2013,1,3,Weekday,900,2-Car,No injury/unknown,FOLLOWING TOO CLOSELY,RIDGE SPRINGS & SR46W,39.24104,-86.632096
2013,4,6,Weekday,0,1-Car,No injury/unknown,UNSAFE BACKING,SR46E,39.24066925,-86.63175201
2013,5,7,Weekend,1500,1-Car,Non-incapacitating,SPEED TOO FAST FOR WEATHER CONDITIONS,E ROBINSON RD & NEHRT,39.24065016,-86.44318669
2013,3,3,Weekday,800,1-Car,No injury/unknown,ROADWAY SURFACE CONDITION,OLD STATE ROAD 37 N RD & ROBINSON,39.24032,-86.49928
2013,12,5,Weekday,1200,1-Car,No injury/unknown,RAN OFF ROAD RIGHT,4580 EAST ROBINSON RD & NORTH OLD SR 37,39.24032,-86.49928
2013,11,5,Weekday,2300,1-Car,No injury/unknown,OTHER (DRIVER) - EXPLAIN IN NARRATIVE,N VALLEY VIEW DR & RIDGEWAY,39.239952,-86.606704
2013,10,3,Weekday,0,1-Car,No injury/unknown,ANIMAL/OBJECT IN ROADWAY,JUDY & SR46W,39.2395493,-86.63076905
2013,7,3,Weekday,1400,3+ Cars,Non-incapacitating,DISREGARD SIGNAL/REG SIGN,DILLMAN RD & OLD STATE ROAD 37,39.23944,-86.499392
2013,11,7,Weekend,1100,2-Car,No injury/unknown,FAILURE TO YIELD RIGHT OF WAY,COLLEGE & SR37N,39.23923043,-86.53453826
2013,11,4,Weekday,1100,2-Car,No injury/unknown,IMPROPER PASSING,RIDGE SPRINGS LN & ROSEWOOD,39.238736,-86.63872
2013,4,4,Weekday,700,2-Car,No injury/unknown,FOLLOWING TOO CLOSELY,46 & GRANT ST,39.23836136,-86.62767791
2013,10,6,Weekday,1500,2-Car,No injury/unknown,OTHER (DRIVER) - EXPLAIN IN NARRATIVE,GRANT & SR46W,39.23836136,-86.62767791
2013,10,5,Weekday,700,2-Car,No injury/unknown,FAILURE TO YIELD RIGHT OF WAY,GRANT & SR46W,39.23836136,-86.62767791
2013,12,5,Weekday,500,2-Car,No injury/unknown,FAILURE TO YIELD RIGHT OF WAY,GRANT & SR46W,39.23836136,-86.62767791
2013,11,4,Weekday,1300,2-Car,No injury/unknown,FAILURE TO YIELD RIGHT OF WAY,ACADIA CT,39.237248,-86.539216
2013,5,2,Weekday,900,2-Car,No injury/unknown,OTHER (VEHICLE) - EXPLAIN IN NARRATIVE,POPLAR DR & SR46W,39.237248,-86.629296
2013,6,2,Weekday,0,1-Car,No injury/unknown,RAN OFF ROAD RIGHT,EDGEWOOD & POPLAR DR,39.237152,-86.6304
2013,10,3,Weekday,2100,2-Car,No injury/unknown,FAILURE TO YIELD RIGHT OF WAY,EDGEWOOD & SR46W,39.23670959,-86.63545989
2013,8,7,Weekend,2100,1-Car,Non-incapacitating,UNSAFE SPEED,MORGAN & SHUFFLE CREEK RD,39.23670739,-86.41081274
2013,10,4,Weekday,1400,2-Car,Non-incapacitating,FAILURE TO YIELD RIGHT OF WAY,EDGEWOOD DR & SCHOOL,39.23666718,-86.63133907
2013,6,2,Weekday,1600,2-Car,Incapacitating,DISREGARD SIGNAL/REG SIGN,MAIN ST & MATTHEWS,39.236096,-86.625168
2013,10,6,Weekday,300,2-Car,Non-incapacitating,FAILURE TO YIELD RIGHT OF WAY,MATTHEW & SR46W,39.2360426,-86.62509441
2013,9,7,Weekend,100,2-Car,No injury/unknown,OTHER (DRIVER) - EXPLAIN IN NARRATIVE,WEST VINE ST,39.235728,-86.626032
2013,3,1,Weekend,300,2-Car,No injury/unknown,OTHER (DRIVER) - EXPLAIN IN NARRATIVE,MATTHEWS DR & VINE STREET ST,39.235504,-86.625712
2013,9,6,Weekday,1400,2-Car,No injury/unknown,UNSAFE LANE MOVEMENT,SOUTH WALNUT & SR46W,39.235376,-86.627168
2013,5,7,Weekend,1700,2-Car,No injury/unknown,IMPROPER TURNING,NORTH SALE & WEST MAIN ST,39.234944,-86.623392
2013,6,1,Weekend,1300,2-Car,No injury/unknown,FAILURE TO YIELD RIGHT OF WAY,MATTHEWS & SR46W,39.234768,-86.626384
2013,6,1,Weekend,1600,2-Car,No injury/unknown,DISREGARD SIGNAL/REG SIGN,MATTHEWS DR & SR46W,39.234768,-86.626384
2013,8,5,Weekday,1900,2-Car,Non-incapacitating,DISREGARD SIGNAL/REG SIGN,MATTHEWS DR & SR46W,39.234768,-86.626384
2013,8,4,Weekday,700,2-Car,Non-incapacitating,DISREGARD SIGNAL/REG SIGN,MATTHEWS & SR46W,39.234768,-86.626384
2013,1,4,Weekday,200,1-Car,No injury/unknown,RAN OFF ROAD RIGHT,BREEDEN RD & TOP PHILLIPS,39.23428818,-86.67456977
2013,11,6,Weekday,1600,2-Car,No injury/unknown,OTHER (DRIVER) - EXPLAIN IN NARRATIVE,N SALE ST & TEMPERANCE,39.23414396,-86.62434641
2013,10,5,Weekday,1500,2-Car,No injury/unknown,UNSAFE BACKING,WEST TEMPERANCE ST ST,39.2340889,-86.62478637
2013,1,4,Weekday,1200,1-Car,No injury/unknown,ANIMAL/OBJECT IN ROADWAY,SR37S,39.23392962,-86.54127818
2013,3,2,Weekday,1600,2-Car,No injury/unknown,FAILURE TO YIELD RIGHT OF WAY,SALE & TEMPERANCE ST,39.23384,-86.624704
2013,4,4,Weekday,1000,2-Car,No injury/unknown,FAILURE TO YIELD RIGHT OF WAY,SALE & SR46W,39.23384,-86.624704
2013,8,7,Weekend,1000,2-Car,No injury/unknown,UNSAFE BACKING,SALE & WEST TEMPERANCE ST,39.23384,-86.624704
2013,9,1,Weekend,1800,1-Car,Non-incapacitating,DISREGARD SIGNAL/REG SIGN,N SALE & SR46W,39.23384,-86.624704
2013,11,1,Weekend,1600,2-Car,No injury/unknown,DRIVER DISTRACTED - EXPLAIN IN NARRATIVE,SALE ST & SR46W,39.23384,-86.624704
2013,11,6,Weekday,1000,2-Car,No injury/unknown,FOLLOWING TOO CLOSELY,SALE & SR46W,39.23384,-86.624704
2013,12,7,Weekend,2100,2-Car,No injury/unknown,DRIVER DISTRACTED - EXPLAIN IN NARRATIVE,WEST TEMPERANCE ST,39.23374176,-86.62436676
2013,9,4,Weekday,800,2-Car,No injury/unknown,FAILURE TO YIELD RIGHT OF WAY,KELLI & SR46W,39.233181,-86.61887359
2013,3,2,Weekday,700,Bus,No injury/unknown,ROADWAY SURFACE CONDITION,ASSOCIATION & SALE ST,39.23308969,-86.62547998
2013,7,6,Weekday,1300,2-Car,No injury/unknown,FAILURE TO YIELD RIGHT OF WAY,SALE & SR46E,39.23302841,-86.62554931
2013,9,4,Weekday,700,2-Car,No injury/unknown,FAILURE TO YIELD RIGHT OF WAY,BOTTOM RD & SR37,39.23285989,-86.54190129
2013,7,3,Weekday,1300,3+ Cars,Non-incapacitating,DISREGARD SIGNAL/REG SIGN,SR37 & SR46W,39.232688,-86.623056
2013,5,5,Weekday,1000,2-Car,No injury/unknown,UNSAFE BACKING,N WALNUT ST,39.232544,-86.540704
2013,8,6,Weekday,100,2-Car,No injury/unknown,UNSAFE BACKING,N WALNUT ST,39.232544,-86.540704
2013,12,7,Weekend,1800,3+ Cars,No injury/unknown,ROADWAY SURFACE CONDITION,N WALNUT ST,39.232544,-86.540704
2013,7,7,Weekend,500,1-Car,No injury/unknown,RAN OFF ROAD RIGHT,ERAL YOUNG & LENTZ RD,39.23190013,-86.46851049
2013,6,1,Weekend,100,1-Car,No injury/unknown,ANIMAL/OBJECT IN ROADWAY,OLD MYERS & SR37N,39.23185808,-86.50634149
2013,7,3,Weekday,1300,1-Car,No injury/unknown,ANIMAL/OBJECT IN ROADWAY,N OLD 37 & OLD MEYERS RD,39.23183978,-86.50670575
2013,1,5,Weekday,1800,1-Car,Non-incapacitating,SPEED TOO FAST FOR WEATHER CONDITIONS,CHAMBERS & SR37N,39.23179578,-86.50701904
2013,4,4,Weekday,1800,2-Car,No injury/unknown,FOLLOWING TOO CLOSELY,17TH & JORDAN AVE,39.23172136,-86.51093021
2013,9,6,Weekend,2000,1-Car,Non-incapacitating,UNSAFE SPEED,W GILMORE & W REEVES RD,39.231648,-86.671296
2013,7,6,Weekday,400,1-Car,No injury/unknown,OTHER (VEHICLE) - EXPLAIN IN NARRATIVE,OAK ST,39.23138808,-86.62459363
2013,7,2,Weekday,1100,2-Car,No injury/unknown,LEFT OF CENTER,HILLVIEW & SR37N,39.23136332,-86.53076171
2013,5,6,Weekday,1100,2-Car,No injury/unknown,UNSAFE LANE MOVEMENT,1ST & SR46E,39.23125467,-86.62103537
2013,2,6,Weekend,2000,2-Car,No injury/unknown,LEFT OF CENTER,SALE ST & THOMAS,39.231152,-86.6308
2013,10,6,Weekday,300,1-Car,No injury/unknown,DRIVER DISTRACTED - EXPLAIN IN NARRATIVE,OLD MYERS RD & OLD SR 37 NORTH,39.23066881,-86.50493342
2013,3,7,Weekend,800,2-Car,No injury/unknown,FAILURE TO YIELD RIGHT OF WAY,BRUMMETTS CREEK & SR46E,39.230544,-86.42
2013,10,6,Weekday,900,1-Car,No injury/unknown,ANIMAL/OBJECT IN ROADWAY,BRUMMETTS CREEK & SR46E,39.230544,-86.42
2013,12,2,Weekday,700,2-Car,No injury/unknown,ANIMAL/OBJECT IN ROADWAY,SALE & THOMAS RD,39.23047063,-86.63069096
2013,12,1,Weekend,0,1-Car,No injury/unknown,RAN OFF ROAD RIGHT,16TH & MONROE ST,39.23029921,-86.54709979
2013,3,7,Weekend,1400,2-Car,Non-incapacitating,FAILURE TO YIELD RIGHT OF WAY,SR45E & TUNNEL,39.230048,-86.4316
2013,10,1,Weekday,2000,1-Car,Non-incapacitating,RAN OFF ROAD RIGHT,3420 E OLD MEYERS RD & LITTLE HORSE,39.22984,-86.502
2013,2,4,Weekday,1100,2-Car,No injury/unknown,OTHER (DRIVER) - EXPLAIN IN NARRATIVE,PAUL & SR46W,39.22981269,-86.61900411
2013,11,1,Weekend,100,1-Car,Incapacitating,RAN OFF ROAD RIGHT,2855 OLD MYERS RD & LITTLE HORSE,39.22975041,-86.50376193
2013,9,2,Weekday,1600,1-Car,No injury/unknown,,N THOMAS RD,39.22918571,-86.63056818
2013,11,5,Weekday,1800,1-Car,No injury/unknown,ANIMAL/OBJECT IN ROADWAY,ACUFF & SR37S,39.22907327,-86.55677032
2013,3,6,Weekday,1700,2-Car,No injury/unknown,UNSAFE BACKING,W 3RD ST,39.228944,-86.627504
2013,3,1,Weekend,1600,2-Car,No injury/unknown,IMPROPER TURNING,W 3RD ST,39.228944,-86.627504
2013,1,2,Weekday,1900,2-Car,No injury/unknown,OTHER (DRIVER) - EXPLAIN IN NARRATIVE,KINSER & SR46W,39.22796249,-86.54624938
2013,3,6,Weekday,1500,2-Car,No injury/unknown,FAILURE TO YIELD RIGHT OF WAY,KINSER & SR46W,39.22796249,-86.54624938
2013,1,5,Weekday,2000,1-Car,No injury/unknown,ROADWAY SURFACE CONDITION,HART STRAIT & SR46W,39.2276627,-86.61593307
2013,4,5,Weekday,1800,2-Car,No injury/unknown,DISREGARD SIGNAL/REG SIGN,HARTSTRAIT & SR46W,39.2276627,-86.61593307
2013,12,7,Weekend,0,1-Car,No injury/unknown,RAN OFF ROAD RIGHT,1ST & CHESTER DR,39.22662942,-86.62438815
2013,11,5,Weekday,1500,2-Car,No injury/unknown,DRIVER DISTRACTED - EXPLAIN IN NARRATIVE,SR46W & TEMPERANCE,39.226352,-86.614192
2013,11,7,Weekend,1100,2-Car,No injury/unknown,UNSAFE LANE MOVEMENT,SR46W & TEMPERANCE,39.22626374,-86.61405676
2013,9,5,Weekday,1500,2-Car,No injury/unknown,UNSAFE BACKING,11TH & COLLEGE AVE,39.2261637,-86.53479985
2013,10,3,Weekday,1200,2-Car,No injury/unknown,VIEW OBSTRUCTED,LAKEVIEW & SR46W,39.22571945,-86.60509594
2013,11,5,Weekday,2200,1-Car,No injury/unknown,ANIMAL/OBJECT IN ROADWAY,LOESCH RD & PROFILE,39.22478185,-86.58868007
2013,4,6,Weekday,1300,2-Car,No injury/unknown,UNSAFE BACKING,STONE MILL RD,39.22420883,-86.53900146
2013,8,4,Weekday,1600,2-Car,No injury/unknown,FOLLOWING TOO CLOSELY,CAPATIL AVE & SR46W,39.22377014,-86.6088531
2013,12,7,Weekend,900,1-Car,No injury/unknown,ROADWAY SURFACE CONDITION,BOTTOM ROAD & SR37N,39.22337838,-86.55792236
2013,7,4,Weekday,1400,1-Car,No injury/unknown,RAN OFF ROAD RIGHT,PARK ST & PARK ST ST,39.223248,-86.6188
2013,9,2,Weekday,1500,2-Car,No injury/unknown,FAILURE TO YIELD RIGHT OF WAY,LOST MANS & UNIONVALLEY RD,39.222848,-86.592704
2013,9,1,Weekend,100,1-Car,No injury/unknown,RAN OFF ROAD RIGHT,4855 N THOMAS RD & TECUMSEH,39.222848,-86.63048