Year,Month,Day,Weekend?,Hour,Collision Type,Injury Type,Primary Factor,Reported_Location,Latitude,Longitude
2013,9,5,Weekday,1600,1-Car,No injury/unknown,ANIMAL/OBJECT IN ROADWAY,W LOST MANS LN & WHITE RIVER,39.22284029,-86.58894351
2013,1,2,Weekday,1100,2-Car,No injury/unknown,OTHER (DRIVER) - EXPLAIN IN NARRATIVE,N KINSER PIKE,39.222752,-86.550096
2013,3,5,Weekday,700,2-Car,No injury/unknown,FOLLOWING TOO CLOSELY,SOUTH OLD ST RD 37 RD & WHISNAND,39.22257277,-86.5171255
2013,2,3,Weekday,600,1-Car,No injury/unknown,RAN OFF ROAD RIGHT,N LAKEVIEW DR,39.22243037,-86.6053502
2013,3,7,Weekend,1100,1-Car,No injury/unknown,DRIVER DISTRACTED - EXPLAIN IN NARRATIVE,SMITH PIKE & WOODYARD,39.22238412,-86.58308029
2013,2,3,Weekday,1000,2-Car,No injury/unknown,FAILURE TO YIELD RIGHT OF WAY,SR37N & WHISNAND,39.22203827,-86.53192901
2013,12,6,Weekday,1400,2-Car,No injury/unknown,SPEED TOO FAST FOR WEATHER CONDITIONS,SR37S & STONEBELT,39.22143593,-86.52886962
2013,3,1,Weekend,1600,2-Car,No injury/unknown,OTHER (DRIVER) - EXPLAIN IN NARRATIVE,LANTERN & MUSKET DR,39.22117077,-86.61874274
2013,2,1,Weekend,1300,2-Car,No injury/unknown,ROADWAY SURFACE CONDITION,LAKEVIEW DR & SR46W,39.221152,-86.6056
2013,8,5,Weekday,1200,2-Car,Incapacitating,FAILURE TO YIELD RIGHT OF WAY,LAKEVIEW & SR46W,39.221152,-86.6056
2013,10,4,Weekday,1300,2-Car,No injury/unknown,FAILURE TO YIELD RIGHT OF WAY,LAKEVIEW & SR46W,39.221152,-86.6056
2013,12,3,Weekday,1800,1-Car,No injury/unknown,ANIMAL/OBJECT IN ROADWAY,MAYFIELD & UNION VALLEY RD,39.22102484,-86.59269773
2013,5,6,Weekday,800,3+ Cars,No injury/unknown,FAILURE TO YIELD RIGHT OF WAY,MAEFIELD & UNION VALLEY RD,39.22100969,-86.59268997
2013,11,5,Weekday,700,1-Car,No injury/unknown,ANIMAL/OBJECT IN ROADWAY,HARVEST & UNION VALLEY RD,39.22100969,-86.59268997
2013,7,3,Weekday,1700,1-Car,No injury/unknown,ANIMAL/OBJECT IN ROADWAY,HARBISON & HARTSTRAIT RD,39.220944,-86.612192
2013,11,5,Weekday,500,1-Car,No injury/unknown,ANIMAL/OBJECT IN ROADWAY,NORTH KINSER & SR37N,39.22088285,-86.55024525
2013,8,3,Weekday,1600,2-Car,Non-incapacitating,FAILURE TO YIELD RIGHT OF WAY,WALNUT ST & WINLSOW,39.22050395,-86.5311098
2013,10,1,Weekday,2300,2-Car,No injury/unknown,FAILURE TO YIELD RIGHT OF WAY,CANSTER & N SHADOW WOOD DR,39.22035027,-86.58428432
2013,6,4,Weekday,2300,1-Car,No injury/unknown,RAN OFF ROAD RIGHT,HARBISON & HARTSTRAIGHT RD,39.22025908,-86.61213142
2013,1,3,Weekday,2000,2-Car,No injury/unknown,FAILURE TO YIELD RIGHT OF WAY,MT GILEAD & SR45E,39.21901703,-86.42536926
2013,3,1,Weekend,500,1-Car,No injury/unknown,RAN OFF ROAD RIGHT,MT GILEAD & SR45E,39.21901703,-86.42541247
2013,3,5,Weekday,1800,2-Car,No injury/unknown,ANIMAL/OBJECT IN ROADWAY,SIMPSON CHAPEL ROAD & SR37S,39.21898216,-86.54723358
2013,2,3,Weekday,2100,1-Car,No injury/unknown,RAN OFF ROAD RIGHT,EARL YOUNG & SR45,39.21897935,-86.45289344
2013,8,2,Weekday,1700,2-Car,No injury/unknown,FOLLOWING TOO CLOSELY,SR37S & VERNAL,39.21893123,-86.56252288
2013,8,4,Weekday,1200,2-Car,Non-incapacitating,FOLLOWING TOO CLOSELY,LOVE & SR46W,39.21849352,-86.60119115
2013,10,5,Weekday,1700,2-Car,No injury/unknown,IMPROPER TURNING,JONES & JORDAN AVE,39.21827341,-86.51640996
2013,9,2,Weekday,1500,2-Car,No injury/unknown,FAILURE TO YIELD RIGHT OF WAY,SR46 & UNION VALLEY,39.21810913,-86.59268951
2013,11,4,Weekday,1500,2-Car,Non-incapacitating,FAILURE TO YIELD RIGHT OF WAY,SR46W & UNION VALLEY,39.21810913,-86.5927419
2013,5,1,Weekend,1300,2-Car,Incapacitating,LEFT OF CENTER,OLD RIHARDSON ROAD & SR446S,39.21780428,-86.43133871
2013,1,7,Weekend,1700,2-Car,No injury/unknown,IMPROPER LANE USAGE,RIDGEWOOD & SR46,39.21738915,-86.59900719
2013,6,3,Weekday,2300,2-Car,No injury/unknown,FAILURE TO YIELD RIGHT OF WAY,RIDGWOOD & SR46W,39.21738139,-86.59893745
2013,8,2,Weekday,1200,2-Car,Non-incapacitating,FAILURE TO YIELD RIGHT OF WAY,RIDGEWOOD & SR46W,39.21738052,-86.59898376
2013,12,2,Weekday,900,2-Car,Non-incapacitating,FAILURE TO YIELD RIGHT OF WAY,3RD & LANDMARK AVE,39.21730181,-86.55630983
2013,5,5,Weekday,600,1-Car,No injury/unknown,ANIMAL/OBJECT IN ROADWAY,RIDGEWOOD & SR46W,39.217248,-86.598992
2013,12,6,Weekday,500,2-Car,No injury/unknown,IMPROPER TURNING,SR46N & THIRD,39.21712186,-86.47205024
2013,3,7,Weekend,1400,2-Car,No injury/unknown,FAILURE TO YIELD RIGHT OF WAY,RATLIFF & STARNES RD,39.2168697,-86.65871992
2013,9,1,Weekend,1200,2-Car,Non-incapacitating,FOLLOWING TOO CLOSELY,BRIAR GATE & SR46W,39.21672821,-86.5963908
2013,7,6,Weekend,1900,1-Car,No injury/unknown,ANIMAL/OBJECT IN ROADWAY,N BUISNESS 37 RD & WISHNAND,39.21671718,-86.53976999
2013,4,5,Weekday,600,2-Car,Non-incapacitating,FAILURE TO YIELD RIGHT OF WAY,BRIARGATE & SR46W,39.21662779,-86.59651279
2013,4,6,Weekday,1400,2-Car,No injury/unknown,DRIVER ILLNESS,W RICHLAND PLAZA DR,39.21655923,-86.59484311
2013,1,5,Weekday,1800,2-Car,Non-incapacitating,UNSAFE LANE MOVEMENT,BRIARGATE & SR46,39.21651801,-86.59613201
2013,8,6,Weekday,200,2-Car,No injury/unknown,UNSAFE LANE MOVEMENT,SR46 & UNION VALLEY,39.21607567,-86.59449891
2013,3,5,Weekday,800,2-Car,No injury/unknown,FAILURE TO YIELD RIGHT OF WAY,LYNWEST & UNIONVALLEY RD,39.21584,-86.5928
2013,12,5,Weekday,1300,2-Car,Incapacitating,LEFT OF CENTER,UNION VALLEY RD & W LYNWEST,39.21584,-86.5928
2013,9,5,Weekday,2100,3+ Cars,No injury/unknown,FAILURE TO YIELD RIGHT OF WAY,OUTBACK & SR46,39.21535861,-86.59301239
2013,6,4,Weekday,1700,2-Car,No injury/unknown,UNSAFE BACKING,RATLIFF & THOMAS RD,39.21520002,-86.63040988
2013,3,7,Weekend,1200,2-Car,Incapacitating,UNSAFE LANE MOVEMENT,SR46W & UNION VALLEY,39.215152,-86.5928
2013,3,3,Weekday,700,2-Car,No injury/unknown,DRIVER DISTRACTED - EXPLAIN IN NARRATIVE,SR46 & UNION VALLEY ROAD RD,39.215152,-86.5928
2013,7,3,Weekday,1100,3+ Cars,No injury/unknown,DRIVER DISTRACTED - EXPLAIN IN NARRATIVE,SR46W & UNION VALLEY ROAD,39.215152,-86.5928
2013,9,5,Weekday,700,2-Car,No injury/unknown,FAILURE TO YIELD RIGHT OF WAY,SR46W & UNION VALLEY,39.215152,-86.5928
2013,4,7,Weekend,100,1-Car,No injury/unknown,ANIMAL/OBJECT IN ROADWAY,ACUFF & SR37,39.21514332,-86.55345656
2013,2,2,Weekday,2000,2-Car,No injury/unknown,FAILURE TO YIELD RIGHT OF WAY,SR46W & UNION VALLEY,39.21513482,-86.59267202
2013,8,5,Weekday,800,2-Car,No injury/unknown,UNSAFE LANE MOVEMENT,KINSER & SR37S,39.21496269,-86.55331485
2013,3,3,Weekday,800,1-Car,No injury/unknown,SPEED TOO FAST FOR WEATHER CONDITIONS,BETHEL LN & ROBBS,39.21481982,-86.4679972
2013,1,5,Weekday,900,2-Car,Non-incapacitating,FAILURE TO YIELD RIGHT OF WAY,BETHAL LANE LN & BOLTINGHOUSE ROAD,39.214752,-86.472896
2013,3,1,Weekend,1700,1-Car,No injury/unknown,ANIMAL/OBJECT IN ROADWAY,BETHEL & E BOLTINGHOUSE RD,39.214752,-86.472896
2013,7,4,Weekday,1900,2-Car,No injury/unknown,FAILURE TO YIELD RIGHT OF WAY,E BETHEL & E BOLTINGHOUSE RD,39.214752,-86.472896
2013,3,5,Weekday,2000,2-Car,Non-incapacitating,FOLLOWING TOO CLOSELY,OUTBACK & SR46W,39.21467972,-86.59262847
2013,4,2,Weekday,1300,2-Car,No injury/unknown,DRIVER ILLNESS,OUTBACK & SR46W,39.21467972,-86.59262847
2013,8,4,Weekday,1500,Moped/Motorcycle,No injury/unknown,FOLLOWING TOO CLOSELY,OUTBACK & SR46W,39.21467972,-86.59262847
2013,12,6,Weekday,1600,1-Car,No injury/unknown,ROADWAY SURFACE CONDITION,BRUMMETTS CREEK RD & NORTH MCCOY,39.21457976,-86.39936976
2013,10,5,Weekday,1500,1-Car,No injury/unknown,RAN OFF ROAD RIGHT,HILLCREST & N RIDGEWOOD DR,39.2140616,-86.598
2013,2,2,Weekday,1600,2-Car,No injury/unknown,DISREGARD SIGNAL/REG SIGN,BLUE SPRINGS LANE & SR46E,39.21375275,-86.7153778
2013,2,6,Weekday,700,1-Car,No injury/unknown,ROADWAY SURFACE CONDITION,FAIRFAX & OLD STATE ROAD 37 RD,39.21284949,-86.53149001
2013,11,4,Weekday,800,2-Car,No injury/unknown,FAILURE TO YIELD RIGHT OF WAY,BETHEL LN & HINKLE,39.21282023,-86.50541022
2013,1,3,Weekday,2000,2-Car,No injury/unknown,FAILURE TO YIELD RIGHT OF WAY,BETHEL & HINKLE RD,39.21280418,-86.50541992
2013,12,6,Weekday,1500,2-Car,No injury/unknown,ROADWAY SURFACE CONDITION,BETHEL & HINKLE RD,39.21280418,-86.50541992
2013,1,4,Weekday,1200,2-Car,No injury/unknown,FAILURE TO YIELD RIGHT OF WAY,E MOORES PIKE,39.212528,-86.496128
2013,8,1,Weekend,1100,2-Car,No injury/unknown,FOLLOWING TOO CLOSELY,OUTBACK & SR46W,39.2125206,-86.59179687
2013,10,7,Weekend,1000,2-Car,No injury/unknown,LEFT OF CENTER,COFFEY & SMITH PIKE,39.21232296,-86.58315002
2013,3,3,Weekday,900,2-Car,Non-incapacitating,FAILURE TO YIELD RIGHT OF WAY,DEER PARK & SR46W,39.21211628,-86.58719271
2013,4,6,Weekday,1500,2-Car,Non-incapacitating,FAILURE TO YIELD RIGHT OF WAY,FORREST PARK & SR46W,39.21206495,-86.58700777
2013,12,2,Weekday,0,2-Car,Non-incapacitating,FAILURE TO YIELD RIGHT OF WAY,FORREST PARK & SR46W,39.21205902,-86.58701324
2013,4,4,Weekday,1700,2-Car,No injury/unknown,OTHER (DRIVER) - EXPLAIN IN NARRATIVE,FOREST PARK & SR46W,39.212048,-86.5872
2013,7,7,Weekend,1900,2-Car,No injury/unknown,FOLLOWING TOO CLOSELY,DEER PARK & SR46W,39.212048,-86.5872
2013,7,6,Weekday,1500,2-Car,Non-incapacitating,FAILURE TO YIELD RIGHT OF WAY,NORTH DEER PARK & SR46E,39.212048,-86.5872
2013,10,7,Weekend,1500,1-Car,No injury/unknown,SPEED TOO FAST FOR WEATHER CONDITIONS,E BETHEL LN & HINKLE,39.21181186,-86.49858633
2013,10,1,Weekend,900,1-Car,No injury/unknown,SPEED TOO FAST FOR WEATHER CONDITIONS,BETHAL & SR45E,39.21171951,-86.46336161
2013,5,6,Weekday,1600,2-Car,No injury/unknown,FAILURE TO YIELD RIGHT OF WAY,SMITH & SR46W,39.21055646,-86.58390563
2013,10,5,Weekday,1800,2-Car,No injury/unknown,IMPROPER TURNING,N SMITH PIKE & W 46,39.210144,-86.5832
2013,12,6,Weekday,200,1-Car,Non-incapacitating,RAN OFF ROAD RIGHT,ARLINGTON & SR46W,39.20998263,-86.58294449
2013,12,2,Weekday,1800,3+ Cars,No injury/unknown,FAILURE TO YIELD RIGHT OF WAY,E BETHEL & SR45E,39.209952,-86.463392
2013,5,6,Weekday,1600,2-Car,No injury/unknown,VIEW OBSTRUCTED,SMITH PIKE & SR46,39.20991579,-86.58276778
2013,6,3,Weekday,1100,2-Car,Non-incapacitating,DISREGARD SIGNAL/REG SIGN,SMITH & SR46,39.20991579,-86.58276778
2013,2,6,Weekday,900,2-Car,No injury/unknown,FOLLOWING TOO CLOSELY,ARLINGTON & SR46E,39.209808,-86.582672
2013,9,6,Weekday,1500,2-Car,No injury/unknown,FOLLOWING TOO CLOSELY,ARLINGTON & SR46W,39.209808,-86.582672
2013,1,4,Weekday,1600,2-Car,Non-incapacitating,FAILURE TO YIELD RIGHT OF WAY,SMITH PIKE & SR46,39.20947444,-86.58310609
2013,10,5,Weekday,1600,2-Car,No injury/unknown,FAILURE TO YIELD RIGHT OF WAY,SR46W & W FORREST PARK,39.20933914,-86.58882904
2013,2,5,Weekday,1500,2-Car,No injury/unknown,FOLLOWING TOO CLOSELY,SR37S & VERNAL,39.20918201,-86.55998992
2013,11,4,Weekday,1500,2-Car,No injury/unknown,DRIVER DISTRACTED - EXPLAIN IN NARRATIVE,HARTSTRAIT & RATLIFF RD,39.20911264,-86.6113738
2013,5,1,Weekend,300,2-Car,No injury/unknown,UNSAFE BACKING,BAUGH RD & BETHEL,39.20885771,-86.48676742
2013,5,7,Weekend,600,1-Car,No injury/unknown,ANIMAL/OBJECT IN ROADWAY,SR37N & W ACUFF,39.20851117,-86.55464797
2013,4,2,Weekday,900,1-Car,No injury/unknown,RAN OFF ROAD RIGHT,ACUFF & KINSER PIKE,39.20835435,-86.54741802
2013,9,1,Weekend,1200,1-Car,No injury/unknown,SPEED TOO FAST FOR WEATHER CONDITIONS,BETHEL & SR45E,39.20830531,-86.46331025
2013,12,7,Weekend,400,1-Car,No injury/unknown,RAN OFF ROAD RIGHT,WEST STATE ROAD 46 HWY,39.20824814,-86.58039093
2013,5,5,Weekday,800,2-Car,Non-incapacitating,SPEED TOO FAST FOR WEATHER CONDITIONS,3525 PROW RD & ACUFF,39.20824,-86.552192
2013,4,4,Weekday,300,2-Car,No injury/unknown,FAILURE TO YIELD RIGHT OF WAY,ACUFF & SR37N,39.20824,-86.554704
2013,10,1,Weekend,1000,Moped/Motorcycle,Non-incapacitating,FAILURE TO YIELD RIGHT OF WAY,ACUFF & SR37N,39.20824,-86.554704
2013,12,2,Weekday,800,2-Car,Incapacitating,FAILURE TO YIELD RIGHT OF WAY,ACUFF & SR37N,39.20824,-86.554704
2013,2,1,Weekend,1000,2-Car,No injury/unknown,FAILURE TO YIELD RIGHT OF WAY,FORREST PARK & SMITH PIKE PIKE,39.20822024,-86.58315002
2013,6,2,Weekday,1700,1-Car,Non-incapacitating,SPEED TOO FAST FOR WEATHER CONDITIONS,FORREST PARK & SMITH PIKE,39.20822024,-86.58315002
2013,8,6,Weekday,1600,2-Car,No injury/unknown,FOLLOWING TOO CLOSELY,N SMITH PIKE & W FORREST PARK,39.20822024,-86.58315002
2013,6,4,Weekday,1700,2-Car,No injury/unknown,SPEED TOO FAST FOR WEATHER CONDITIONS,FORREST PARK & SMITH PIKE,39.20822024,-86.58315002
2013,7,7,Weekend,1700,3+ Cars,Non-incapacitating,FOLLOWING TOO CLOSELY,FORREST PARK & SMITH PIKE,39.20822024,-86.58315002
2013,9,6,Weekday,1700,2-Car,No injury/unknown,UNSAFE SPEED,FORREST PARK & N SMITH PIKE,39.20822024,-86.58315002
2013,5,6,Weekday,1200,1-Car,Non-incapacitating,SPEED TOO FAST FOR WEATHER CONDITIONS,N DUNN & N SR 37 RD,39.208182,-86.52943611
2013,2,4,Weekday,1100,2-Car,No injury/unknown,OTHER (DRIVER) - EXPLAIN IN NARRATIVE,SMITHPIKE CROSSING XING,39.208144,-86.5832
2013,7,6,Weekday,1600,1-Car,No injury/unknown,SPEED TOO FAST FOR WEATHER CONDITIONS,FOREST PARK & N SMITH PIKE,39.208144,-86.5832
2013,10,4,Weekday,1500,2-Car,No injury/unknown,FOLLOWING TOO CLOSELY,FOREST PARK & SMITH PIKE,39.20810568,-86.58315422
2013,8,5,Weekday,1500,1-Car,No injury/unknown,RAN OFF ROAD RIGHT,4000 BLK N OLD STATE RD 37 RD & N DUNN,39.208048,-86.528704
2013,7,6,Weekday,1500,1-Car,Non-incapacitating,ANIMAL/OBJECT IN ROADWAY,DUNN & OLD STATE ROAD 37 N RD,39.208048,-86.528704
2013,10,4,Weekday,500,1-Car,No injury/unknown,SPEED TOO FAST FOR WEATHER CONDITIONS,DUNN & OLD SR 37 HWY,39.208048,-86.528704
2013,10,4,Weekday,2100,1-Car,No injury/unknown,RAN OFF ROAD RIGHT,DUNN & N OLD STATE ROAD 37 RD,39.208048,-86.528704
2013,11,4,Weekday,1900,1-Car,No injury/unknown,SPEED TOO FAST FOR WEATHER CONDITIONS,N DUNN & OLD STATE ROAD 37 RD,39.208048,-86.528704
2013,11,5,Weekday,1100,1-Car,No injury/unknown,SPEED TOO FAST FOR WEATHER CONDITIONS,DUNN & NORTH OLD STATE ROAD 37 RD,39.208048,-86.528704
2013,11,4,Weekday,1500,3+ Cars,No injury/unknown,FOLLOWING TOO CLOSELY,FOREST PARK & SMITH PIKE,39.20797921,-86.5832
2013,11,5,Weekday,600,1-Car,No injury/unknown,ANIMAL/OBJECT IN ROADWAY,ACUFF & SR37N,39.207901,-86.55677032
2013,11,5,Weekday,1500,2-Car,No injury/unknown,IMPROPER PASSING,ACUFF & SR37S,39.207901,-86.55677032
2013,7,7,Weekend,1800,2-Car,No injury/unknown,UNSAFE BACKING,S OLD STATE ROAD 37 RD,39.20786775,-86.52824978
2013,1,1,Weekday,2200,1-Car,No injury/unknown,LEFT OF CENTER,SMITH PIKE & SR46,39.20773413,-86.58315341
2013,2,5,Weekday,1700,2-Car,Non-incapacitating,LEFT OF CENTER,N MOUNT GILLIAD RD & N UPPER BIRDIE GALYAN,39.20765826,-86.42368197
2013,4,4,Weekday,1700,2-Car,No injury/unknown,OTHER (DRIVER) - EXPLAIN IN NARRATIVE,SR46 & SR46W,39.207648,-86.573792
2013,5,2,Weekday,1700,2-Car,No injury/unknown,FAILURE TO YIELD RIGHT OF WAY,SR46 & SR46W,39.207648,-86.573792
2013,5,3,Weekday,1500,3+ Cars,No injury/unknown,DRIVER DISTRACTED - EXPLAIN IN NARRATIVE,SR46 & SR46W,39.207648,-86.573792
2013,10,5,Weekday,1500,2-Car,No injury/unknown,DRIVER DISTRACTED - EXPLAIN IN NARRATIVE,SR46 & SR46W,39.207648,-86.573792
2013,6,3,Weekday,1900,2-Car,No injury/unknown,FOLLOWING TOO CLOSELY,ARLINGTON & SR46W,39.20762703,-86.57987873
2013,5,6,Weekend,2000,1-Car,No injury/unknown,ANIMAL/OBJECT IN ROADWAY,ARLINGTON & SR46W,39.20762703,-86.57996531
2013,4,2,Weekday,2000,1-Car,Non-incapacitating,DRIVER ILLNESS,3500 BLK SOUTH ROCKPORT RD & HENNESSY,39.20741798,-86.55671533
2013,2,4,Weekday,1500,2-Car,No injury/unknown,OTHER (DRIVER) - EXPLAIN IN NARRATIVE,SMITH PIKE & WEST 46,39.20739745,-86.5832
2013,1,4,Weekday,900,2-Car,No injury/unknown,FAILURE TO YIELD RIGHT OF WAY,N OLD STATE RD 37 & N WALNUT ST,39.20704,-86.534704
2013,8,1,Weekend,1600,2-Car,No injury/unknown,IMPROPER TURNING,OLD STATE ROAD 37 & WALNUT ST,39.20704,-86.534704
2013,9,1,Weekend,1800,1-Car,No injury/unknown,SPEED TOO FAST FOR WEATHER CONDITIONS,OLD SR 37 ST & WALNUT,39.20704,-86.534704
2013,10,7,Weekend,1500,2-Car,No injury/unknown,FAILURE TO YIELD RIGHT OF WAY,OLD STATE RD 37 & WALNUT ST,39.20704,-86.534704
2013,6,3,Weekday,900,2-Car,No injury/unknown,OTHER (DRIVER) - EXPLAIN IN NARRATIVE,KINSER PIKE & SR4546W,39.20695017,-86.54271697
2013,10,7,Weekend,1200,2-Car,No injury/unknown,FAILURE TO YIELD RIGHT OF WAY,1700 N WALNUT ST & OLD SR 37,39.20676558,-86.5347187
2013,6,6,Weekday,1500,2-Car,No injury/unknown,UNSAFE BACKING,W STASTE ROAD 46 RD,39.20659952,-86.57143749
2013,3,3,Weekday,1300,2-Car,Incapacitating,LEFT OF CENTER,ACUFF ROAD RD & MAPLE GROVE ROAD,39.206352,-86.557696
2013,9,7,Weekend,900,2-Car,No injury/unknown,IMPROPER TURNING,ACUFF RD & N MAPLE GROVE,39.206352,-86.557696
2013,10,7,Weekend,100,1-Car,No injury/unknown,RAN OFF ROAD RIGHT,ACUFF RD & MAPLE GROVE,39.206352,-86.557696
2013,12,2,Weekday,1200,2-Car,No injury/unknown,FAILURE TO YIELD RIGHT OF WAY,ACUFF RD & MAPLE GROVE,39.206352,-86.557696
2013,1,4,Weekday,1400,2-Car,No injury/unknown,FAILURE TO YIELD RIGHT OF WAY,W SR 46 HWY,39.206312,-86.571312
2013,8,6,Weekday,1200,2-Car,No injury/unknown,FOLLOWING TOO CLOSELY,S STATE RD 46 HWY,39.206312,-86.571312
2013,9,4,Weekday,1100,2-Car,No injury/unknown,DISREGARD SIGNAL/REG SIGN,HARTSTRAIT & SR46W,39.20619965,-86.61134338
2013,10,6,Weekday,900,2-Car,No injury/unknown,VIEW OBSTRUCTED,HARTSTRAIT & SR46W,39.20619965,-86.61134338
2013,10,4,Weekday,1600,2-Car,No injury/unknown,FOLLOWING TOO CLOSELY,HARTSTRAIGHT & SR46W,39.20619965,-86.61134338
2013,6,4,Weekday,1300,2-Car,Non-incapacitating,FAILURE TO YIELD RIGHT OF WAY,ROHRER & WALNUT ST,39.2059222,-86.53134986
2013,6,4,Weekday,1400,2-Car,No injury/unknown,UNSAFE LANE MOVEMENT,ACUFF & SR37,39.20483826,-86.55366582
2013,4,4,Weekday,2000,2-Car,No injury/unknown,FOLLOWING TOO CLOSELY,DUNN & SR4546W,39.20448303,-86.52912139
2013,8,3,Weekday,0,1-Car,No injury/unknown,CELL PHONE USAGE,HEADLY RD & HINKLE,39.20437535,-86.50831326
2013,12,6,Weekday,900,2-Car,No injury/unknown,UNSAFE BACKING,LAW & UNION ST,39.20406993,-86.50966018
2013,1,3,Weekday,1200,2-Car,No injury/unknown,WRONG WAY ON ONE WAY,SR37N & W WHITEHALL CROSSING,39.20361185,-86.5724945
2013,3,6,Weekday,900,Bus,No injury/unknown,OTHER (DRIVER) - EXPLAIN IN NARRATIVE,N KINSER PKWY,39.20304,-86.547392
2013,11,4,Weekday,800,2-Car,No injury/unknown,LEFT OF CENTER,N KINSER PIKE,39.20304,-86.547392
2013,12,5,Weekday,700,2-Car,No injury/unknown,UNSAFE BACKING,N KINSER PIKE,39.20304,-86.547392
2013,8,5,Weekday,1400,3+ Cars,No injury/unknown,LEFT OF CENTER,HARTSTRAIT RD & SEKIU,39.20268014,-86.61131992
2013,11,3,Weekday,800,2-Car,No injury/unknown,FOLLOWING TOO CLOSELY,SMITH & SR46E,39.20220184,-86.58310926
2013,9,1,Weekend,1300,2-Car,Non-incapacitating,DISREGARD SIGNAL/REG SIGN,SMITH & SR46W,39.20220184,-86.58312225
2013,10,4,Weekday,500,1-Car,No injury/unknown,RAN OFF ROAD RIGHT,SMITH PIKE CROSSING ALY,39.20220184,-86.58312225
2013,5,7,Weekend,1400,2-Car,No injury/unknown,,W CLUB HOUSE DR,39.201952,-86.537792
2013,5,7,Weekend,2300,2-Car,No injury/unknown,UNSAFE BACKING,SERENDIPITY DR,39.20188522,-86.48239135
2013,12,1,Weekday,1900,1-Car,No injury/unknown,IMPROPER TURNING,N NORWAY DR & N SMITH,39.20188017,-86.58311985
2013,10,5,Weekday,1100,2-Car,No injury/unknown,OTHER (VEHICLE) - EXPLAIN IN NARRATIVE,THIRTEENTH & WALNUT GRV,39.20157304,-86.52103006
2013,3,6,Weekend,2300,1-Car,No injury/unknown,RAN OFF ROAD RIGHT,WALCOTT & WOODYARD RD,39.20121968,-86.60179171
2013,4,1,Weekend,200,1-Car,No injury/unknown,SPEED TOO FAST FOR WEATHER CONDITIONS,WALNUT STREET PIKE,39.20095325,-86.53521736
2013,1,2,Weekday,1600,2-Car,No injury/unknown,OVERCORRECTING/OVERSTEERING,CLUB HOUSE & KINSER PIKE,39.20082003,-86.54285989
2013,12,5,Weekday,1600,2-Car,No injury/unknown,LEFT OF CENTER,N KINSER PIKE & W CLUBHOUSE,39.20082003,-86.54285989
2013,1,5,Weekday,1400,1-Car,No injury/unknown,RAN OFF ROAD RIGHT,N KINSER PIKE,39.20077896,-86.54376983
2013,8,2,Weekday,700,2-Car,No injury/unknown,UNSAFE LANE MOVEMENT,KINSER PIKE,39.20061493,-86.5491333
2013,8,5,Weekday,1200,2-Car,No injury/unknown,UNSAFE BACKING,KINSER PIKE,39.20061493,-86.5491333
2013,10,3,Weekday,1500,2-Car,Non-incapacitating,LEFT OF CENTER,N KINSER PIKE,39.20061493,-86.5491333
2013,11,5,Weekday,700,2-Car,No injury/unknown,OTHER (DRIVER) - EXPLAIN IN NARRATIVE,N KINSER PIKE,39.20061493,-86.5491333
2013,6,3,Weekday,1700,2-Car,No injury/unknown,FAILURE TO YIELD RIGHT OF WAY,KINSER & SR4546E,39.20059967,-86.54271697
2013,10,2,Weekday,1500,2-Car,Incapacitating,FAILURE TO YIELD RIGHT OF WAY,KINSER & SR46E,39.20059967,-86.54271697
2013,11,4,Weekday,900,2-Car,No injury/unknown,DISREGARD SIGNAL/REG SIGN,KINSER & SR46W,39.20059967,-86.54271697
2013,2,2,Weekday,0,1-Car,No injury/unknown,RAN OFF ROAD RIGHT,HEADLY RD & HINKLE,39.20053715,-86.51415019
2013,10,7,Weekend,1800,1-Car,No injury/unknown,UNSAFE SPEED,HEADLY RD & HINKLE,39.20053715,-86.51415019
2013,2,6,Weekday,800,2-Car,No injury/unknown,OTHER (DRIVER) - EXPLAIN IN NARRATIVE,1469 E 17TH (WESTPARKING LOT) ST & 17TH,39.20047783,-86.513481
2013,11,4,Weekday,1300,1-Car,No injury/unknown,RAN OFF ROAD RIGHT,WALCOTT & WOODYARD RD,39.20033623,-86.6010068
2013,12,7,Weekend,2100,1-Car,No injury/unknown,ANIMAL/OBJECT IN ROADWAY,OLD STATE RD 46 & SR46E,39.2003026,-86.11331563
2013,2,5,Weekday,1800,2-Car,Non-incapacitating,FAILURE TO YIELD RIGHT OF WAY,MAPLE GROVE RD & W ARLINGTON,39.1999336,-86.55979908
2013,10,6,Weekend,1900,1-Car,No injury/unknown,RAN OFF ROAD RIGHT,N MAPLE GROVE & W ARLINGTON RD,39.19990337,-86.5597961
2013,2,5,Weekday,1500,2-Car,No injury/unknown,UNSAFE BACKING,7TH & UNION ST,39.19982592,-86.50945968
2013,4,5,Weekday,1300,2-Car,Non-incapacitating,FAILURE TO YIELD RIGHT OF WAY,MILLER & WALNUT ST,39.19973849,-86.53265006