Year,Month,Day,Weekend?,Hour,Collision Type,Injury Type,Primary Factor,Reported_Location,Latitude,Longitude
2013,10,3,Weekday,1800,1-Car,No injury/unknown,SPEED TOO FAST FOR WEATHER CONDITIONS,ARLINGTON & N MAPLE GROVE RD,39.19968,-86.55968
2013,11,5,Weekday,1300,1-Car,No injury/unknown,RAN OFF ROAD RIGHT,3450 NORTH MAPLE GROVE RD RD & ARLINGTON,39.19968,-86.55968
2013,9,5,Weekday,1800,2-Car,Non-incapacitating,SPEED TOO FAST FOR WEATHER CONDITIONS,MOUNT GILEAD & UPPER BIRDIE GALYAN RD,39.19899853,-86.41871029
2013,1,5,Weekday,1800,1-Car,No injury/unknown,RAN OFF ROAD RIGHT,DILLMAN & SR37S,39.1986414,-86.55418395
2013,1,5,Weekday,1900,1-Car,No injury/unknown,RAN OFF ROAD RIGHT,DUNN & KENWOOD PL,39.19851139,-86.52876357
2013,6,1,Weekend,1100,1-Car,Non-incapacitating,ROADWAY SURFACE CONDITION,CLUB HOUSE & NORTH OLD SR 37 RD,39.19824,-86.5368
2013,9,5,Weekday,1500,2-Car,No injury/unknown,FOLLOWING TOO CLOSELY,N KINSER PIKE & WINDING,39.198144,-86.542096
2013,10,3,Weekday,1000,2-Car,No injury/unknown,OTHER (DRIVER) - EXPLAIN IN NARRATIVE,SUNRISE DR & TENTH,39.19802074,-86.51247985
2013,1,5,Weekday,1100,2-Car,No injury/unknown,FAILURE TO YIELD RIGHT OF WAY,LIBERTY DR & SR45W,39.1978658,-86.57777018
2013,9,7,Weekend,2100,1-Car,Non-incapacitating,RAN OFF ROAD RIGHT,N ACUFF & N KINSER PIKE,39.19776276,-86.54749135
2013,12,6,Weekday,800,2-Car,Non-incapacitating,FAILURE TO YIELD RIGHT OF WAY,45 46 & N WALNUT ST,39.19691037,-86.53453968
2013,12,6,Weekday,1300,2-Car,No injury/unknown,SPEED TOO FAST FOR WEATHER CONDITIONS,BLUE RIDGE & WALNUT ST,39.19691004,-86.53452023
2013,7,3,Weekday,1400,2-Car,No injury/unknown,UNSAFE LANE MOVEMENT,SR37 & SR46W,39.19665319,-86.55731999
2013,11,4,Weekday,1100,1-Car,No injury/unknown,ANIMAL/OBJECT IN ROADWAY,RANGE & SR45N,39.19638274,-86.49550628
2013,2,6,Weekday,500,1-Car,No injury/unknown,ROADWAY SURFACE CONDITION,SR37S & VICTOR,39.19594478,-86.56349182
2013,5,3,Weekday,1700,2-Car,Non-incapacitating,UNSAFE LANE MOVEMENT,GORDON & WALNUT ST,39.19535942,-86.53134986
2013,1,2,Weekday,0,1-Car,No injury/unknown,ANIMAL/OBJECT IN ROADWAY,SR37 & SR46W,39.1951508,-86.55579153
2013,10,3,Weekday,0,1-Car,Incapacitating,RAN OFF ROAD RIGHT,HEADLEY RD & MAPLECREST,39.1950292,-86.51242074
2013,2,6,Weekday,900,2-Car,No injury/unknown,UNSAFE SPEED,1001 E 17TH  (BLUE LOT WEST) ST & 17TH,39.19483996,-86.53349103
2013,11,2,Weekday,500,1-Car,No injury/unknown,ANIMAL/OBJECT IN ROADWAY,SR37N & SR4546,39.19469329,-86.55459784
2013,4,7,Weekend,0,1-Car,No injury/unknown,RAN OFF ROAD RIGHT,LOESCH & WOODYARD RD,39.19451413,-86.592344
2013,3,6,Weekday,800,2-Car,No injury/unknown,DRIVER DISTRACTED - EXPLAIN IN NARRATIVE,SR37 & SR46W,39.19434263,-86.55483577
2013,1,5,Weekday,1800,3+ Cars,No injury/unknown,ROADWAY SURFACE CONDITION,SR37 & SR46W,39.194144,-86.554592
2013,3,6,Weekday,1200,2-Car,No injury/unknown,IMPROPER LANE USAGE,SR37 & SR46 W HWY,39.194144,-86.554592
2013,7,2,Weekday,300,Moped/Motorcycle,Non-incapacitating,OTHER (ENVIRONMENTAL) - EXPLAIN IN NARR,SR37N & SR46E,39.194144,-86.554592
2013,7,1,Weekend,1400,2-Car,Incapacitating,FAILURE TO YIELD RIGHT OF WAY,SR37S & SR46W,39.194144,-86.554592
2013,12,5,Weekday,1700,2-Car,No injury/unknown,FOLLOWING TOO CLOSELY,RUSSELL & SR45E,39.19403828,-86.4677375
2013,6,7,Weekend,1800,1-Car,No injury/unknown,RAN OFF ROAD RIGHT,LOESCH & W WOODYARD RD,39.193872,-86.590784
2013,7,4,Weekday,800,2-Car,No injury/unknown,FOLLOWING TOO CLOSELY,N CURRY & SR46W,39.19377136,-86.5711975
2013,11,6,Weekend,2200,1-Car,No injury/unknown,ANIMAL/OBJECT IN ROADWAY,N CURRY & SR46W,39.19377136,-86.57120616
2013,12,2,Weekday,800,1-Car,No injury/unknown,ROADWAY SURFACE CONDITION,N CURRY & SR46W,39.19377136,-86.57128408
2013,11,3,Weekday,700,2-Car,No injury/unknown,UNSAFE SPEED,ARLINGTON & SR37N,39.19345736,-86.554592
2013,3,7,Weekend,0,1-Car,No injury/unknown,RAN OFF ROAD RIGHT,GETTYS CREEK & MT GILEAD RD,39.19344,-86.436288
2013,12,7,Weekend,500,1-Car,No injury/unknown,UNSAFE SPEED,GETTYS CREEK & MOUNT GILLEAD RD,39.19344,-86.436288
2013,6,5,Weekday,1100,2-Car,No injury/unknown,,N BROWNCLIFF LN,39.19333267,-86.51803588
2013,9,6,Weekday,200,1-Car,Non-incapacitating,RAN OFF ROAD RIGHT,LOESCH & WOODYARD RD,39.19323108,-86.5892232
2013,11,6,Weekend,2300,2-Car,No injury/unknown,IMPROPER PASSING,FRITZ & N WALNUT ST,39.19261238,-86.53309648
2013,2,7,Weekend,0,1-Car,No injury/unknown,RAN OFF ROAD RIGHT,ARLINGTON RD & PROW,39.192352,-86.552592
2013,7,2,Weekday,400,1-Car,No injury/unknown,RAN OFF ROAD RIGHT,ARLINGTON RD & PROW,39.192352,-86.552592
2013,10,7,Weekend,1000,Moped/Motorcycle,Non-incapacitating,LEFT OF CENTER,2542 N CASCADE DR & CLOVER TERRECE,39.19213358,-86.53933802
2013,4,3,Weekday,1600,2-Car,No injury/unknown,OTHER (DRIVER) - EXPLAIN IN NARRATIVE,TAMARRACK TRL,39.19189072,-86.52085113
2013,3,2,Weekday,1300,Pedestrian,No injury/unknown,IMPROPER PASSING,JONES & ROSE AVE,39.19172672,-86.51090003
2013,2,4,Weekday,1400,2-Car,No injury/unknown,FAILURE TO YIELD RIGHT OF WAY,JACOB DR & SUSAN,39.19141222,-86.57266996
2013,10,4,Weekday,1100,2-Car,No injury/unknown,DRIVER DISTRACTED - EXPLAIN IN NARRATIVE,DUNN & GLENDORA DR,39.191248,-86.528432
2013,9,6,Weekday,1400,2-Car,No injury/unknown,FAILURE TO YIELD RIGHT OF WAY,FRITZ & N WALNUT ST,39.191248,-86.532896
2013,5,1,Weekend,1800,2-Car,Non-incapacitating,FOLLOWING TOO CLOSELY,2600 BLK N WALNUT ST & FRITZ,39.19105963,-86.53294545
2013,6,6,Weekday,0,Moped/Motorcycle,Non-incapacitating,UNSAFE SPEED,46 & SR37S,39.19084859,-86.55465063
2013,12,4,Weekday,1500,2-Car,No injury/unknown,FAILURE TO YIELD RIGHT OF WAY,SMITH & WOODYARD RD,39.1906397,-86.58308029
2013,12,2,Weekday,400,1-Car,No injury/unknown,SPEED TOO FAST FOR WEATHER CONDITIONS,MARTHA & SR46E,39.19036642,-86.5319519
2013,8,7,Weekend,1100,2-Car,No injury/unknown,DRIVER DISTRACTED - EXPLAIN IN NARRATIVE,OBRIEN PL & STONEYCREST,39.19028995,-86.54395021
2013,11,4,Weekday,300,3+ Cars,Non-incapacitating,FAILURE TO YIELD RIGHT OF WAY,CURRY PIKE & WOODYARD,39.19028029,-86.58252976
2013,3,3,Weekday,1700,2-Car,No injury/unknown,DRIVER DISTRACTED - EXPLAIN IN NARRATIVE,CURRY PIKE & WOODYARD,39.19025117,-86.58254201
2013,8,3,Weekday,700,3+ Cars,No injury/unknown,FOLLOWING TOO CLOSELY,KINSER PIKE & W SKYLINE,39.19001387,-86.53773267
2013,11,1,Weekend,600,1-Car,No injury/unknown,ANIMAL/OBJECT IN ROADWAY,E GLENDORA & N WALNUT ST,39.189968,-86.533232
2013,6,5,Weekday,2200,2-Car,No injury/unknown,IMPROPER TURNING,WALNUT ST,39.18961577,-86.53335951
2013,6,7,Weekend,600,2-Car,No injury/unknown,FAILURE TO YIELD RIGHT OF WAY,OLD SR 37 N & SR37N,39.18955883,-86.53527832
2013,9,6,Weekday,200,1-Car,No injury/unknown,ANIMAL/OBJECT IN ROADWAY,CURRY & WOODYARD RD,39.18948198,-86.57982113
2013,1,5,Weekday,2200,2-Car,No injury/unknown,ROADWAY SURFACE CONDITION,FOSTER DR & LAW,39.18945555,-86.51666007
2013,3,7,Weekend,300,1-Car,No injury/unknown,RAN OFF ROAD RIGHT,S WALNUT ST,39.18940963,-86.53339331
2013,12,3,Weekday,700,1-Car,No injury/unknown,RAN OFF ROAD RIGHT,N STARNES & W HOWARD RD,39.18934017,-86.66065364
2013,2,5,Weekday,900,2-Car,No injury/unknown,LEFT OF CENTER,SOUTH LIBERTY DR,39.189248,-86.531472
2013,3,7,Weekend,1500,2-Car,No injury/unknown,FAILURE TO YIELD RIGHT OF WAY,LIBERTY DR,39.189248,-86.531472
2013,4,2,Weekday,1100,2-Car,No injury/unknown,UNSAFE BACKING,S LIBERTY DR,39.189248,-86.531472
2013,5,2,Weekday,800,3+ Cars,No injury/unknown,DRIVER ASLEEP OR FATIGUED,S LIBERTY DR,39.189248,-86.531472
2013,1,6,Weekday,1500,2-Car,No injury/unknown,DRIVER DISTRACTED - EXPLAIN IN NARRATIVE,GILBERT & N WALNUT ST,39.189248,-86.53344
2013,1,3,Weekday,0,1-Car,Non-incapacitating,RAN OFF ROAD RIGHT,HOWARD RD & STARNES,39.18920404,-86.65717506
2013,8,7,Weekend,800,1-Car,Non-incapacitating,OVERCORRECTING/OVERSTEERING,THOMAS & VERNAL PIKE,39.18903012,-86.63000869
2013,7,3,Weekday,1600,1-Car,No injury/unknown,RAN OFF ROAD RIGHT,COUNTRY CLUB & MILTON DR,39.188924,-86.53937973
2013,3,4,Weekday,1700,1-Car,No injury/unknown,SPEED TOO FAST FOR WEATHER CONDITIONS,E COMMODORE TRL,39.18871307,-86.48529052
2013,7,2,Weekday,2200,1-Car,No injury/unknown,UNSAFE SPEED,HEADLEY RD & MAPLECREST,39.18866935,-86.5144
2013,2,6,Weekday,1000,1-Car,No injury/unknown,RAN OFF ROAD RIGHT,N ORRIS DR & W COTTAGE GROVE,39.1884748,-86.54492989
2013,5,5,Weekday,0,2-Car,No injury/unknown,FAILURE TO YIELD RIGHT OF WAY,KINSER & PARRISH RD,39.18807015,-86.53777535
2013,3,7,Weekend,900,2-Car,No injury/unknown,UNSAFE BACKING,W RAPPEL AVE,39.18768311,-86.54618835
2013,10,7,Weekend,1300,1-Car,No injury/unknown,BRAKE FAILURE OR DEFECTIVE,LOESCH RD,39.18765843,-86.59259073
2013,1,6,Weekday,1800,2-Car,No injury/unknown,UNSAFE BACKING,N KINSER PIKE,39.18763351,-86.53923797
2013,5,7,Weekend,1600,2-Car,No injury/unknown,UNSAFE BACKING,NORTH KINSER PIKE,39.18763351,-86.53923797
2013,9,1,Weekend,1800,2-Car,No injury/unknown,,KINSER PIKE,39.18763351,-86.53923797
2013,4,2,Weekday,1700,2-Car,No injury/unknown,FOLLOWING TOO CLOSELY,10TH & SR4546E,39.18753735,-86.52827453
2013,1,2,Weekday,1100,2-Car,No injury/unknown,FAILURE TO YIELD RIGHT OF WAY,SR37 & SR45W,39.187344,-86.5552
2013,2,2,Weekday,800,2-Car,No injury/unknown,FOLLOWING TOO CLOSELY,SR37 & SR45W,39.187344,-86.5552
2013,3,4,Weekday,1300,2-Car,Non-incapacitating,FAILURE TO YIELD RIGHT OF WAY,SR37 & SR45W,39.187344,-86.5552
2013,4,7,Weekend,1000,2-Car,No injury/unknown,FOLLOWING TOO CLOSELY,SR37 & STATE ROAD 45 HWY,39.187344,-86.5552
2013,7,2,Weekday,1700,2-Car,Non-incapacitating,FOLLOWING TOO CLOSELY,SR37 & W 45 RD,39.187344,-86.5552
2013,11,6,Weekday,1700,1-Car,Non-incapacitating,OTHER (DRIVER) - EXPLAIN IN NARRATIVE,RAMP 9 RAMP,39.1872294,-86.55509949
2013,6,5,Weekday,1200,1-Car,No injury/unknown,OVERSIZE/OVERWEIGHT LOAD,SR37 & SR45W,39.18719976,-86.55167597
2013,12,1,Weekend,1800,2-Car,No injury/unknown,SPEED TOO FAST FOR WEATHER CONDITIONS,SR37 & SR46,39.18713206,-86.55800568
2013,4,1,Weekend,1800,Moped/Motorcycle,Non-incapacitating,OTHER (ENVIRONMENTAL) - EXPLAIN IN NARR,45 46 & NB 37 RAMP,39.18712961,-86.55806065
2013,1,5,Weekday,1800,2-Car,Non-incapacitating,FOLLOWING TOO CLOSELY,MONROE & SR46W,39.18712742,-86.55032137
2013,3,7,Weekend,100,1-Car,No injury/unknown,ANIMAL/OBJECT IN ROADWAY,MONROE & SR4546W,39.186944,-86.5468
2013,9,1,Weekday,2200,1-Car,No injury/unknown,ANIMAL/OBJECT IN ROADWAY,ARLINGTON & SR37N,39.18693924,-86.55130767
2013,11,5,Weekday,900,2-Car,No injury/unknown,FOLLOWING TOO CLOSELY,ARLINGTON & SR46W,39.18693924,-86.55133364
2013,7,6,Weekday,1600,1-Car,No injury/unknown,RAN OFF ROAD RIGHT,N STONELAKE DR & W SR 45 46,39.18691963,-86.54664811
2013,5,3,Weekday,1600,2-Car,Non-incapacitating,FAILURE TO YIELD RIGHT OF WAY,45 46 BYP & MONROE,39.18679791,-86.54665985
2013,12,6,Weekend,2300,1-Car,Non-incapacitating,RAN OFF ROAD RIGHT,HARTSTRAIT RD & VERNAL,39.186752,-86.611504
2013,9,4,Weekday,2000,1-Car,No injury/unknown,ANIMAL/OBJECT IN ROADWAY,MCMULLEN & W VERNAL PIKE,39.18672033,-86.60840666
2013,10,2,Weekday,900,2-Car,No injury/unknown,OTHER (ENVIRONMENTAL) - EXPLAIN IN NARR,14TH & INDIANA AVE,39.18668773,-86.52701005
2013,5,5,Weekday,2300,1-Car,No injury/unknown,ANIMAL/OBJECT IN ROADWAY,SR46,39.18667644,-86.55956032
2013,10,6,Weekday,1000,3+ Cars,Fatal,FAILURE TO YIELD RIGHT OF WAY,45 46 BYP & KINSER,39.18657245,-86.53763294
2013,12,4,Weekday,1900,2-Car,Non-incapacitating,OTHER (DRIVER) - EXPLAIN IN NARRATIVE,NORTH KINSER & SR46E,39.18656757,-86.53841652
2013,9,6,Weekday,1500,2-Car,No injury/unknown,FOLLOWING TOO CLOSELY,KINSER & SR45W,39.18655971,-86.53824035
2013,11,2,Weekday,1800,2-Car,No injury/unknown,FAILURE TO YIELD RIGHT OF WAY,JONES & JORDAN AVE,39.18654943,-86.51640996
2013,6,3,Weekday,1800,2-Car,Non-incapacitating,UNSAFE LANE MOVEMENT,KINSER PIKE & SR4546,39.186544,-86.537888
2013,7,1,Weekend,1700,1-Car,Non-incapacitating,OVERCORRECTING/OVERSTEERING,NORTH KINSER & SR4546E,39.186544,-86.537888
2013,8,5,Weekday,1500,2-Car,No injury/unknown,DRIVER DISTRACTED - EXPLAIN IN NARRATIVE,KINSER & SR46W,39.186544,-86.537888
2013,9,6,Weekday,1400,2-Car,No injury/unknown,FOLLOWING TOO CLOSELY,KINSER & SR45E,39.186544,-86.537888
2013,9,6,Weekend,2200,2-Car,Non-incapacitating,FAILURE TO YIELD RIGHT OF WAY,KINSER & SR46W,39.186544,-86.537888
2013,10,7,Weekend,1900,2-Car,No injury/unknown,IMPROPER TURNING,N KINSER PIKE & SR4546,39.186544,-86.537888
2013,11,3,Weekday,1300,2-Car,Non-incapacitating,DISREGARD SIGNAL/REG SIGN,KINSER & STATE ROAD 45 46 BYP,39.186544,-86.537888
2013,11,3,Weekday,1900,2-Car,No injury/unknown,FOLLOWING TOO CLOSELY,KINSER & SR46E,39.186544,-86.537888
2013,12,4,Weekday,1800,2-Car,No injury/unknown,DRIVER DISTRACTED - EXPLAIN IN NARRATIVE,KINSER & SR46E,39.186544,-86.537888
2013,12,4,Weekday,1800,Pedestrian,Non-incapacitating,FOLLOWING TOO CLOSELY,KINSER & STATE ROAD 45 46 BYP,39.186544,-86.537888
2013,2,6,Weekday,1500,2-Car,No injury/unknown,FOLLOWING TOO CLOSELY,ARLINGTON RD & GOURLEY,39.186544,-86.551168
2013,12,4,Weekday,700,3+ Cars,No injury/unknown,FOLLOWING TOO CLOSELY,KINSER & SR46E,39.18653339,-86.53771207
2013,10,1,Weekend,1100,2-Car,No injury/unknown,SPEED TOO FAST FOR WEATHER CONDITIONS,SR45S & TENTH,39.18649879,-86.53102874
2013,11,1,Weekend,0,1-Car,No injury/unknown,,W GOURLEY PIKE,39.18647506,-86.54545847
2013,10,5,Weekday,1300,1-Car,Non-incapacitating,RAN OFF ROAD RIGHT,THOMAS & VERNAL PIKE,39.18646982,-86.63578101
2013,9,4,Weekday,800,2-Car,No injury/unknown,RAN OFF ROAD RIGHT,W GOURLEY PIKE,39.18644931,-86.5469022
2013,5,5,Weekday,400,1-Car,No injury/unknown,ANIMAL/OBJECT IN ROADWAY,MONROE & SR4546E,39.18642044,-86.54669849
2013,12,1,Weekday,2200,Pedestrian,Non-incapacitating,SPEED TOO FAST FOR WEATHER CONDITIONS,N MONROE & W GOURLEY PIKE,39.18641798,-86.54671631
2013,2,2,Weekday,1600,2-Car,No injury/unknown,OTHER (VEHICLE) - EXPLAIN IN NARRATIVE,EAST 45 46 BYP,39.18637365,-86.53420172
2013,1,2,Weekday,2100,3+ Cars,No injury/unknown,FOLLOWING TOO CLOSELY,HIGHWAY 46 BYP & WALNUT,39.186368,-86.5344
2013,6,1,Weekend,1300,2-Car,No injury/unknown,UNSAFE LANE MOVEMENT,SR45 & WALNUT ST,39.186368,-86.5344
2013,4,4,Weekday,1000,2-Car,No injury/unknown,FOLLOWING TOO CLOSELY,N WALNUT & SR4546E,39.186368,-86.5344
2013,6,6,Weekday,800,2-Car,Non-incapacitating,FOLLOWING TOO CLOSELY,N WALNUT ST & SR4546,39.186368,-86.5344
2013,7,3,Weekday,1200,2-Car,No injury/unknown,FAILURE TO YIELD RIGHT OF WAY,N WALNUT ST & SR 45 46 BYPASS,39.186368,-86.5344
2013,9,1,Weekend,400,2-Car,Non-incapacitating,DISREGARD SIGNAL/REG SIGN,N WALNUT & SR4546W,39.186368,-86.5344
2013,11,2,Weekday,1000,2-Car,Non-incapacitating,FOLLOWING TOO CLOSELY,ST RD 45 46 BYP & WALNUT,39.186368,-86.5344
2013,6,2,Weekday,1800,2-Car,No injury/unknown,FOLLOWING TOO CLOSELY,SR46W & WALNUT,39.18636592,-86.53404709
2013,2,6,Weekend,2100,2-Car,No injury/unknown,UNSAFE BACKING,W SR 45 HWY,39.18636,-86.533048
2013,2,4,Weekday,1600,2-Car,No injury/unknown,UNSAFE BACKING,W SR 45 HWY,39.18636,-86.533048
2013,3,7,Weekend,1300,2-Car,No injury/unknown,UNSAFE BACKING,WEST STATE ROAD 45 HWY,39.18636,-86.533048
2013,5,5,Weekday,1500,2-Car,No injury/unknown,IMPROPER LANE USAGE,W SR 45 HWY,39.18636,-86.533048
2013,8,3,Weekday,1600,2-Car,No injury/unknown,UNSAFE BACKING,SR45W,39.18636,-86.533048
2013,8,7,Weekend,1800,2-Car,No injury/unknown,IMPROPER TURNING,W STATE ROAD 45,39.18636,-86.533048
2013,10,5,Weekday,1200,2-Car,No injury/unknown,FAILURE TO YIELD RIGHT OF WAY,W SR 45 RD,39.18636,-86.533048
2013,12,3,Weekday,2000,2-Car,Non-incapacitating,FOLLOWING TOO CLOSELY,N DUNN & SR46E,39.18635202,-86.52779016
2013,12,2,Weekday,500,1-Car,No injury/unknown,ROADWAY SURFACE CONDITION,MILO B SAMPSON LN & SR 45 46,39.186352,-86.522192
2013,1,5,Weekday,1800,2-Car,No injury/unknown,SPEED TOO FAST FOR WEATHER CONDITIONS,4546 & DUNN ST,39.186352,-86.528496
2013,9,7,Weekend,1100,2-Car,No injury/unknown,DISREGARD SIGNAL/REG SIGN,DUNN & SR46E,39.186352,-86.528496
2013,10,5,Weekday,1500,2-Car,No injury/unknown,SPEED TOO FAST FOR WEATHER CONDITIONS,DUNN & SR4546E,39.186352,-86.528496
2013,4,6,Weekday,1200,2-Car,No injury/unknown,FAILURE TO YIELD RIGHT OF WAY,N COLLEGE & SR4546E,39.186352,-86.534704
2013,7,6,Weekend,1900,Moped/Motorcycle,Non-incapacitating,UNSAFE SPEED,COLLEGE & OLD SR 37,39.186352,-86.534704
2013,8,3,Weekday,2200,1-Car,No injury/unknown,RAN OFF ROAD RIGHT,COLLEGE & OLD SR 37 RD,39.186352,-86.534704
2013,8,6,Weekday,1800,2-Car,No injury/unknown,UNSAFE LANE MOVEMENT,COLLEGE & SR46E,39.186352,-86.534704
2013,12,3,Weekday,1800,2-Car,No injury/unknown,FOLLOWING TOO CLOSELY,N WALNUT & STATE RD 45 46 BYP,39.18633007,-86.53453968
2013,9,4,Weekday,1500,2-Car,No injury/unknown,OTHER (DRIVER) - EXPLAIN IN NARRATIVE,MATLOCK & SR4545E,39.18632126,-86.5284143
2013,1,5,Weekday,1800,2-Car,No injury/unknown,SPEED TOO FAST FOR WEATHER CONDITIONS,45 46 BYP & DUNN,39.18632001,-86.52842022
2013,12,6,Weekday,800,2-Car,No injury/unknown,FAILURE TO YIELD RIGHT OF WAY,MARTHA & ST RD 45 46 BYP,39.18632001,-86.53164021
2013,5,7,Weekend,1100,2-Car,Non-incapacitating,FOLLOWING TOO CLOSELY,DUNN & SR46,39.18630288,-86.52839688
2013,10,6,Weekday,1600,2-Car,No injury/unknown,FOLLOWING TOO CLOSELY,DUNN ST & SR46,39.18630288,-86.52839688
2013,12,4,Weekday,1700,2-Car,No injury/unknown,FOLLOWING TOO CLOSELY,DUNN ST & SR46,39.18630288,-86.52839688
2013,12,6,Weekend,2100,2-Car,No injury/unknown,FOLLOWING TOO CLOSELY,DUNN ST & SR46,39.18630288,-86.52839688
2013,9,6,Weekday,1500,1-Car,No injury/unknown,SPEED TOO FAST FOR WEATHER CONDITIONS,COLLEGE & WALNUT ST,39.18629379,-86.53455208
2013,11,7,Weekend,1500,2-Car,No injury/unknown,FAILURE TO YIELD RIGHT OF WAY,SR45 & WALNUT,39.18629379,-86.53455208
2013,8,2,Weekday,1500,2-Car,Non-incapacitating,FAILURE TO YIELD RIGHT OF WAY,N MILO B SAMPSON & SR46,39.18623663,-86.52222917
2013,12,7,Weekend,900,1-Car,No injury/unknown,SPEED TOO FAST FOR WEATHER CONDITIONS,FEE & SR46E,39.18616889,-86.52088402
2013,12,2,Weekday,600,2-Car,No injury/unknown,SPEED TOO FAST FOR WEATHER CONDITIONS,W OLD VERNAL & W VERNAL PIKE,39.18611012,-86.59628011
2013,11,3,Weekday,1700,2-Car,Non-incapacitating,FOLLOWING TOO CLOSELY,4546 & SR4546S,39.18599865,-86.51969433
2013,9,3,Weekday,1300,2-Car,No injury/unknown,UNSAFE BACKING,E STATE ROAD 45 46 BYP,39.18597794,-86.5307846
2013,8,1,Weekend,1100,2-Car,No injury/unknown,OVERCORRECTING/OVERSTEERING,FEE & SR46,39.18587599,-86.51907397
2013,9,2,Weekday,700,2-Car,No injury/unknown,OTHER (VEHICLE) - EXPLAIN IN NARRATIVE,N KINSER PIKE,39.18584,-86.537872
2013,1,3,Weekday,800,2-Car,No injury/unknown,FOLLOWING TOO CLOSELY,FAIRVIEW & PATTERSON DR,39.18554434,-86.5410903
2013,12,1,Weekend,1700,2-Car,No injury/unknown,LEFT OF CENTER,GETTYS CREEK & SR46E,39.18532944,-86.42052223
2013,1,7,Weekend,1600,Bus,No injury/unknown,FAILURE TO YIELD RIGHT OF WAY,W GOURLEY PIKE,39.185232,-86.54060206
2013,2,7,Weekend,2200,2-Car,No injury/unknown,IMPROPER TURNING,W GOURLEY PIKE,39.185232,-86.54060206
2013,4,5,Weekday,2300,1-Car,No injury/unknown,RAN OFF ROAD RIGHT,W GOURLEY PIKE,39.185232,-86.54060206
2013,9,1,Weekend,1200,Bus,No injury/unknown,UNSAFE BACKING,W GOURLEY PIKE,39.185232,-86.54060206
2013,11,5,Weekday,200,Moped/Motorcycle,Non-incapacitating,RAN OFF ROAD RIGHT,W GOURLEY PIKE,39.185232,-86.54060206
2013,11,1,Weekend,600,1-Car,No injury/unknown,RAN OFF ROAD RIGHT,W GOURLEY PIKE,39.1852192,-86.541616
2013,9,4,Weekday,1600,2-Car,No injury/unknown,UNSAFE BACKING,W CASCADE AVE,39.18518476,-86.54393211
2013,10,3,Weekday,1600,2-Car,No injury/unknown,SPEED TOO FAST FOR WEATHER CONDITIONS,GOURLEY & W GOURLEY PIKE,39.185152,-86.535296
2013,2,7,Weekend,1900,1-Car,Non-incapacitating,STEERING FAILURE,GOURLEY PIKE & KINSER,39.18509471,-86.53686857
2013,3,2,Weekday,900,2-Car,No injury/unknown,FAILURE TO YIELD RIGHT OF WAY,GOURLEY & KINSER PIKE,39.18506004,-86.53777979
2013,7,2,Weekday,1700,1-Car,No injury/unknown,RAN OFF ROAD RIGHT,GOURLEY PIKE & KINSER,39.18506004,-86.53777979
2013,10,3,Weekday,0,2-Car,No injury/unknown,LEFT OF CENTER,N FEE & SR46E,39.18504585,-86.51656815
2013,3,6,Weekday,900,2-Car,No injury/unknown,BRAKE FAILURE OR DEFECTIVE,W GOURLEY PIKE,39.18503523,-86.54018439
2013,5,4,Weekday,400,2-Car,No injury/unknown,UNSAFE BACKING,GOURLEY PIKE,39.18503523,-86.54018439
2013,11,1,Weekend,100,2-Car,No injury/unknown,DRIVER DISTRACTED - EXPLAIN IN NARRATIVE,WEST GOURLEY PIKE,39.18503523,-86.54018439
2013,4,7,Weekend,2300,2-Car,No injury/unknown,LEFT OF CENTER,N FEE & N JORDAN AVE,39.18384,-86.5192
2013,3,3,Weekday,1300,2-Car,No injury/unknown,DRIVER DISTRACTED - EXPLAIN IN NARRATIVE,FISHER & NORTH JORDAN EXTENSION AVE,39.18377079,-86.51688355
2013,1,1,Weekend,1400,2-Car,Non-incapacitating,FAILURE TO YIELD RIGHT OF WAY,FISHER & JORDAN AVE,39.1837699,-86.51685557
2013,4,1,Weekend,300,1-Car,Non-incapacitating,RAN OFF ROAD RIGHT,SR37N,39.18373669,-86.55608654
2013,10,6,Weekday,900,1-Car,No injury/unknown,OVERCORRECTING/OVERSTEERING,N DUNN & SR37N,39.18363953,-86.52833887
2013,8,5,Weekday,1600,2-Car,Non-incapacitating,DISREGARD SIGNAL/REG SIGN,DUNN & SR46E,39.18363953,-86.5283432
2013,10,5,Weekday,1200,3+ Cars,No injury/unknown,FOLLOWING TOO CLOSELY,DUNN & SR46E,39.18363953,-86.5283432
2013,6,2,Weekday,900,2-Car,No injury/unknown,UNSAFE BACKING,SOUTH WALNUT ST,39.18350109,-86.53424
2013,6,5,Weekday,2300,2-Car,No injury/unknown,UNSAFE BACKING,WALNUT ST,39.18347943,-86.53423289
2013,6,5,Weekday,400,2-Car,No injury/unknown,OTHER (DRIVER) - EXPLAIN IN NARRATIVE,AMARYLLIS DR,39.18336488,-86.53938174
2013,2,6,Weekday,1100,2-Car,No injury/unknown,FAILURE TO YIELD RIGHT OF WAY,OLD SR 37 & WALNUT ST,39.18336019,-86.53415009