Year,Month,Day,Weekend?,Hour,Collision Type,Injury Type,Primary Factor,Reported_Location,Latitude,Longitude
2013,4,5,Weekday,1700,2-Car,Non-incapacitating,FAILURE TO YIELD RIGHT OF WAY,OLD STATE ROAD 37 & WALNUT ST,39.18336019,-86.53415009
2013,10,7,Weekend,2300,2-Car,No injury/unknown,IMPROPER TURNING,SR OLD 37 & WALNUT ST,39.18336019,-86.53415009
2013,8,6,Weekday,1200,2-Car,No injury/unknown,FAILURE TO YIELD RIGHT OF WAY,SR46 BYP,39.18328705,-86.511731
2013,1,5,Weekday,2200,2-Car,No injury/unknown,OTHER (ENVIRONMENTAL) - EXPLAIN IN NARR,VARSITY LN,39.18325043,-86.52952575
2013,1,1,Weekend,1200,2-Car,No injury/unknown,OTHER (ENVIRONMENTAL) - EXPLAIN IN NARR,NORTH DUNN ST,39.18313757,-86.52827404
2013,6,2,Weekday,700,1-Car,No injury/unknown,ANIMAL/OBJECT IN ROADWAY,E BALFOUR & SR46,39.18312766,-86.51147092
2013,9,2,Weekday,0,2-Car,No injury/unknown,,17TH & JORDAN AVE,39.18306125,-86.51093021
2013,1,6,Weekday,900,2-Car,No injury/unknown,SPEED TOO FAST FOR WEATHER CONDITIONS,DUNN ST & VARSITY,39.1830001,-86.5283297
2013,8,5,Weekday,1600,2-Car,Non-incapacitating,FOLLOWING TOO CLOSELY,DUNN ST & VARSITY,39.1830001,-86.5283297
2013,9,3,Weekday,1200,1-Car,No injury/unknown,OBSTRUCTION NOT MARKED,DUNN ST & VARSITY,39.1830001,-86.5283297
2013,8,5,Weekday,900,2-Car,No injury/unknown,,E VARSITY LN,39.182976,-86.528416
2013,8,5,Weekday,1000,Pedestrian,Non-incapacitating,OTHER (DRIVER) - EXPLAIN IN NARRATIVE,ARLINGTON VALLEY DR & NORTH WILLIS,39.1828,-86.544032
2013,11,7,Weekend,400,1-Car,No injury/unknown,UNSAFE SPEED,INDUSTRIAL PARK DR & VERNAL,39.18268927,-86.56205981
2013,9,6,Weekend,2200,2-Car,No injury/unknown,OTHER (DRIVER) - EXPLAIN IN NARRATIVE,WALNUT ST,39.18250456,-86.53403207
2013,10,6,Weekday,500,1-Car,No injury/unknown,ANIMAL/OBJECT IN ROADWAY,GETTYS CREEK RD & KERR CREEK,39.18244668,-86.41684032
2013,11,1,Weekend,800,2-Car,No injury/unknown,OTHER (DRIVER) - EXPLAIN IN NARRATIVE,N FEE LN,39.18242962,-86.51914028
2013,3,3,Weekday,2300,2-Car,No injury/unknown,UNSAFE SPEED,BALFOUR & NORTH JORDAN AVE,39.18241002,-86.51259988
2013,11,6,Weekday,1800,2-Car,Non-incapacitating,DRIVER ASLEEP OR FATIGUED,EAST 17TH & FEE LN,39.18232313,-86.5191617
2013,4,3,Weekday,1600,3+ Cars,No injury/unknown,UNSAFE LANE MOVEMENT,CURRY PIKE & VERNAL,39.1820853,-86.58309302
2013,12,2,Weekday,1400,2-Car,No injury/unknown,UNSAFE BACKING,KINSER PIKE,39.18201707,-86.53771005
2013,6,5,Weekday,1200,Moped/Motorcycle,No injury/unknown,OTHER (VEHICLE) - EXPLAIN IN NARRATIVE,WALNUT ST,39.18183804,-86.53387784
2013,4,4,Weekday,0,2-Car,No injury/unknown,UNSAFE BACKING,20TH ST & WASHINGTON,39.18179981,-86.53231009
2013,10,3,Weekday,2000,2-Car,No injury/unknown,UNSAFE BACKING,N COLLEGE AVE,39.18157757,-86.53471023
2013,3,3,Weekday,2000,2-Car,No injury/unknown,OTHER (DRIVER) - EXPLAIN IN NARRATIVE,E 19TH ST & N WALNUT,39.181552,-86.5336
2013,4,5,Weekday,2300,1-Car,No injury/unknown,SPEED TOO FAST FOR WEATHER CONDITIONS,19TH & WALNUT ST,39.181552,-86.5336
2013,11,1,Weekend,1200,1-Car,No injury/unknown,SPEED TOO FAST FOR WEATHER CONDITIONS,S BASSWOOD DR & W BLOOMFIELD,39.1814916,-86.56889006
2013,12,4,Weekday,2000,1-Car,No injury/unknown,UNSAFE BACKING,N RANGE RD,39.1814028,-86.49475391
2013,5,5,Weekday,1200,1-Car,No injury/unknown,RAN OFF ROAD RIGHT,ORD RD & VERNAL,39.181344,-86.637104
2013,6,3,Weekday,1200,2-Car,Non-incapacitating,DRIVER DISTRACTED - EXPLAIN IN NARRATIVE,2480 CURRY PIKE & VERNAL,39.18130772,-86.5831625
2013,7,3,Weekday,1300,2-Car,No injury/unknown,UNSAFE BACKING,E 19TH ST & N WASHINGTON,39.18128,-86.531792
2013,11,3,Weekday,1400,2-Car,No injury/unknown,FAILURE TO YIELD RIGHT OF WAY,BLOOMFIELD & LANDMARK AVE,39.18108618,-86.55382007
2013,5,7,Weekend,1600,Moped/Motorcycle,No injury/unknown,UNSAFE SPEED,N ARLINGTON PARK DR,39.18108369,-86.54917498
2013,2,3,Weekday,1200,2-Car,Non-incapacitating,FAILURE TO YIELD RIGHT OF WAY,E 19TH & N DUNN ST,39.18104,-86.5284
2013,4,6,Weekday,1300,2-Car,No injury/unknown,FAILURE TO YIELD RIGHT OF WAY,19TH ST & DUNN,39.18104,-86.5284
2013,8,5,Weekday,1900,Cyclist,Non-incapacitating,FAILURE TO YIELD RIGHT OF WAY,E 19TH & N DUNN ST,39.18104,-86.5284
2013,12,1,Weekend,100,1-Car,No injury/unknown,OTHER (DRIVER) - EXPLAIN IN NARRATIVE,NORTH JORDAN AVE,39.18101883,-86.51049804
2013,12,6,Weekday,200,1-Car,Non-incapacitating,SPEED TOO FAST FOR WEATHER CONDITIONS,DUNN & NINETEENTH ST,39.1810143,-86.52832197
2013,5,5,Weekday,1200,1-Car,Non-incapacitating,OTHER (DRIVER) - EXPLAIN IN NARRATIVE,N COLLEGE AVE,39.18097484,-86.53471248
2013,7,2,Weekday,1500,2-Car,No injury/unknown,UNSAFE LANE MOVEMENT,MCNUTT CIRCLE DR & N FEE,39.18077087,-86.51912256
2013,12,3,Weekday,1900,2-Car,Non-incapacitating,FOLLOWING TOO CLOSELY,FEE & SR46W,39.18077087,-86.51912689
2013,2,3,Weekday,1500,2-Car,No injury/unknown,FAILURE TO YIELD RIGHT OF WAY,FEE & SR4546E,39.18077087,-86.51913452
2013,2,1,Weekend,1400,2-Car,No injury/unknown,IMPROPER TURNING,1ST & COLLEGE AVE,39.1805159,-86.53499029
2013,7,1,Weekend,700,1-Car,No injury/unknown,ANIMAL/OBJECT IN ROADWAY,EAST 17TH & SR46,39.18049191,-86.50791551
2013,10,1,Weekend,200,2-Car,No injury/unknown,UNSAFE BACKING,N JORDAN AVE,39.18048859,-86.5116806
2013,1,6,Weekend,2000,2-Car,No injury/unknown,UNSAFE BACKING,N WILLIS DR,39.18045807,-86.54541015
2013,5,4,Weekday,1900,2-Car,No injury/unknown,UNSAFE BACKING,N WILLIS DR,39.18045807,-86.54541015
2013,10,5,Weekday,0,3+ Cars,No injury/unknown,OTHER (DRIVER) - EXPLAIN IN NARRATIVE,N WILLIS DR,39.18045807,-86.54541015
2013,9,7,Weekend,1200,3+ Cars,Non-incapacitating,DRIVER DISTRACTED - EXPLAIN IN NARRATIVE,S GATES DR & W 3RD,39.18045175,-86.57619975
2013,3,5,Weekday,1800,1-Car,No injury/unknown,UNSAFE BACKING,NORTH JACKSON ST,39.18040363,-86.53992675
2013,1,2,Weekday,1500,2-Car,No injury/unknown,,W MARBLE LN,39.18040104,-86.54064305
2013,1,4,Weekday,2300,2-Car,No injury/unknown,UNSAFE BACKING,N FEE LN,39.18023743,-86.51914715
2013,9,7,Weekend,1300,2-Car,No injury/unknown,UNSAFE BACKING,N WASHINGTON ST,39.18004364,-86.53213543
2013,3,3,Weekday,1800,2-Car,No injury/unknown,UNSAFE SPEED,17TH & NORTH JORDAN AVE,39.17994662,-86.511088
2013,1,1,Weekend,1000,2-Car,No injury/unknown,,N DUNN ST,39.179936,-86.5284
2013,4,6,Weekday,1000,2-Car,No injury/unknown,,N DUNN ST,39.179936,-86.5284
2013,12,6,Weekday,1500,2-Car,Non-incapacitating,FAILURE TO YIELD RIGHT OF WAY,EAST 17TH & SR46,39.17990595,-86.50733475
2013,3,3,Weekday,1700,2-Car,No injury/unknown,FOLLOWING TOO CLOSELY,17TH & SR4546N,39.17984,-86.507088
2013,8,3,Weekday,2100,2-Car,No injury/unknown,DISREGARD SIGNAL/REG SIGN,17TH & SR4546S,39.17984,-86.507088
2013,9,5,Weekday,1600,2-Car,Non-incapacitating,FAILURE TO YIELD RIGHT OF WAY,17TH & SR4546N,39.17984,-86.507088
2013,9,7,Weekend,2000,2-Car,No injury/unknown,FOLLOWING TOO CLOSELY,17TH & SR4546S,39.17984,-86.507088
2013,10,6,Weekday,1400,2-Car,No injury/unknown,OTHER (DRIVER) - EXPLAIN IN NARRATIVE,1001 E 17TH ST & 17TH,39.17984,-86.507088
2013,12,3,Weekday,1800,2-Car,No injury/unknown,SPEED TOO FAST FOR WEATHER CONDITIONS,17TH & SR46W,39.17984,-86.507088
2013,1,6,Weekend,2000,2-Car,No injury/unknown,FOLLOWING TOO CLOSELY,EAST 17TH & SR46,39.17979888,-86.50723113
2013,3,3,Weekday,1700,2-Car,No injury/unknown,ROADWAY SURFACE CONDITION,EAST 17TH & SR46,39.17979888,-86.50723113
2013,8,2,Weekday,1200,2-Car,Non-incapacitating,FAILURE TO YIELD RIGHT OF WAY,EAST 17TH ST & SR46,39.17979888,-86.50723113
2013,6,5,Weekday,1700,2-Car,No injury/unknown,FOLLOWING TOO CLOSELY,17TH ST & 45 46,39.17973988,-86.50718986
2013,11,6,Weekday,1500,2-Car,No injury/unknown,FOLLOWING TOO CLOSELY,17TH & 45 46 BYP,39.17973988,-86.50718986
2013,7,4,Weekday,1400,2-Car,No injury/unknown,OTHER (DRIVER) - EXPLAIN IN NARRATIVE,N FEE LN,39.17970501,-86.51898957
2013,8,2,Weekday,2100,1-Car,No injury/unknown,ANIMAL/OBJECT IN ROADWAY,PRAIRIE GREEN & SR45E,39.17950821,-86.47551777
2013,11,4,Weekday,1700,2-Car,No injury/unknown,OTHER (DRIVER) - EXPLAIN IN NARRATIVE,WASHINGTON ST & WYLIE,39.1795055,-86.53242006
2013,5,2,Weekday,1900,2-Car,No injury/unknown,UNSAFE LANE MOVEMENT,10TH & 45 46 BYP,39.17946254,-86.50220967
2013,12,4,Weekday,1900,2-Car,No injury/unknown,UNSAFE BACKING,EAST 17TH ST,39.17942429,-86.53018951
2013,6,3,Weekday,1200,2-Car,No injury/unknown,OTHER (DRIVER) - EXPLAIN IN NARRATIVE,EAST SEVENTEENTH ST,39.17932129,-86.51348114
2013,7,3,Weekday,1800,1-Car,No injury/unknown,RAN OFF ROAD RIGHT,FLUCK MILL & VICTOR PIKE,39.17927909,-86.57107003
2013,6,1,Weekend,1700,1-Car,No injury/unknown,OTHER (ENVIRONMENTAL) - EXPLAIN IN NARR,4100 WEST VERNAL PIKE & CURRY,39.179248,-86.58251187
2013,8,5,Weekday,1400,2-Car,No injury/unknown,FOLLOWING TOO CLOSELY,CURRY & VERNAL PIKE,39.179248,-86.58302356
2013,12,6,Weekend,2100,1-Car,No injury/unknown,RAN OFF ROAD RIGHT,17TH ST & MONROE,39.179248,-86.54675111
2013,9,2,Weekday,2300,1-Car,No injury/unknown,UNSAFE BACKING,W 17TH ST,39.179248,-86.54678008
2013,2,2,Weekday,700,3+ Cars,Incapacitating,FAILURE TO YIELD RIGHT OF WAY,N MONROE & W 17TH ST,39.179248,-86.547104
2013,6,7,Weekend,1600,2-Car,Non-incapacitating,FAILURE TO YIELD RIGHT OF WAY,17TH ST & MONROE,39.179248,-86.547104
2013,7,3,Weekday,1600,1-Car,Incapacitating,RAN OFF ROAD RIGHT,17TH ST & MONROE,39.179248,-86.547104
2013,1,5,Weekday,1900,2-Car,No injury/unknown,SPEED TOO FAST FOR WEATHER CONDITIONS,17TH ST & LINDBERGH,39.179248,-86.552592
2013,3,3,Weekday,1800,1-Car,No injury/unknown,SPEED TOO FAST FOR WEATHER CONDITIONS,17TH ST & LINDBERGH,39.179248,-86.552592
2013,9,5,Weekday,2200,2-Car,No injury/unknown,DRIVER DISTRACTED - EXPLAIN IN NARRATIVE,W VERNAL 124 PIKE,39.179248,-86.574224
2013,12,4,Weekday,1500,2-Car,No injury/unknown,FAILURE TO YIELD RIGHT OF WAY,ANN AVE & W VERNAL,39.179248,-86.580384
2013,9,3,Weekday,2000,2-Car,No injury/unknown,,W VERNAL PIKE,39.179248,-86.58292
2013,4,7,Weekend,1300,2-Car,No injury/unknown,FOLLOWING TOO CLOSELY,NORTH CURRY PIKE & VERNAL,39.179248,-86.5832
2013,9,2,Weekday,800,2-Car,No injury/unknown,DISREGARD SIGNAL/REG SIGN,CURRY PIKE & VERNAL,39.179248,-86.5832
2013,12,2,Weekday,500,3+ Cars,No injury/unknown,DISREGARD SIGNAL/REG SIGN,N CURRY & W VERNAL PIKE,39.179248,-86.5832
2013,2,2,Weekday,1800,1-Car,No injury/unknown,SPEED TOO FAST FOR WEATHER CONDITIONS,ARLINGTON RD & MONROE,39.1792202,-86.54709979
2013,11,2,Weekday,2100,2-Car,Non-incapacitating,FAILURE TO YIELD RIGHT OF WAY,NORTH MONROE ST & WEST 17 TH,39.1792202,-86.54709979
2013,10,3,Weekday,1500,Pedestrian,Non-incapacitating,PEDESTRIAN ACTION,930 W 17TH ST & MONROE,39.1792045,-86.54604821
2013,2,1,Weekend,500,1-Car,No injury/unknown,DRIVER ASLEEP OR FATIGUED,800 BLK W 17TH ST & MAPLE,39.17919813,-86.54596864
2013,8,3,Weekday,1100,2-Car,No injury/unknown,UNSAFE BACKING,NORTH DUNN ST,39.1791687,-86.52874755
2013,11,5,Weekday,1500,2-Car,Incapacitating,DISREGARD SIGNAL/REG SIGN,CURRY PIKE & VERNAL,39.17916412,-86.58307659
2013,11,6,Weekend,1900,2-Car,No injury/unknown,FOLLOWING TOO CLOSELY,CURRY PIKE & VERNAL,39.17915985,-86.58308029
2013,10,7,Weekend,200,1-Car,No injury/unknown,RAN OFF ROAD RIGHT,17TH ST & CRESENT,39.17911886,-86.55654053
2013,2,6,Weekday,100,2-Car,No injury/unknown,OVERCORRECTING/OVERSTEERING,17TH & N WILLIS DR,39.179104,-86.544016
2013,7,4,Weekday,2200,Moped/Motorcycle,Non-incapacitating,OVERCORRECTING/OVERSTEERING,17TH ST & WILLIS,39.179104,-86.544016
2013,4,4,Weekday,2000,1-Car,Non-incapacitating,RAN OFF ROAD RIGHT,17TH ST & LINDBERG,39.17908005,-86.55261978
2013,6,4,Weekday,1600,3+ Cars,Non-incapacitating,FOLLOWING TOO CLOSELY,17TH ST & LINDBERGH,39.17908005,-86.55261978
2013,9,2,Weekday,2200,Moped/Motorcycle,Non-incapacitating,ANIMAL/OBJECT IN ROADWAY,N LINDBERG & W 17TH ST,39.17908005,-86.55261978
2013,12,2,Weekday,1700,1-Car,No injury/unknown,DRIVER DISTRACTED - EXPLAIN IN NARRATIVE,17TH ST & LINDBERGH,39.17908005,-86.55261978
2013,8,5,Weekday,200,2-Car,No injury/unknown,IMPROPER LANE USAGE,18TH & LINCOLN ST,39.17907478,-86.53084761
2013,5,2,Weekday,1200,1-Car,No injury/unknown,UNSAFE BACKING,SEVENTEENTH ST,39.17906329,-86.5209221
2013,9,5,Weekday,1800,2-Car,No injury/unknown,UNSAFE BACKING,N JORDAN AVE,39.17904473,-86.511088
2013,10,7,Weekend,800,3+ Cars,No injury/unknown,OTHER (DRIVER) - EXPLAIN IN NARRATIVE,N JORDAN AVE,39.17904473,-86.511088
2013,4,3,Weekday,1600,2-Car,No injury/unknown,FOLLOWING TOO CLOSELY,CURRY PIKE & VERNAL,39.1790422,-86.58318872
2013,3,3,Weekday,1800,3+ Cars,No injury/unknown,ROADWAY SURFACE CONDITION,17TH & DUNN ST,39.17904,-86.5284
2013,9,5,Weekday,900,2-Car,No injury/unknown,OTHER (DRIVER) - EXPLAIN IN NARRATIVE,DUNN & SEVENTEENTH ST,39.17904,-86.5284
2013,9,7,Weekend,800,2-Car,No injury/unknown,IMPROPER TURNING,701 EAST 17TH ST & DUNN,39.17904,-86.5284
2013,9,2,Weekday,1900,2-Car,No injury/unknown,FAILURE TO YIELD RIGHT OF WAY,17TH ST & LINCOLN,39.17904,-86.530848
2013,9,1,Weekend,0,Pedestrian,Incapacitating,PEDESTRIAN ACTION,17TH ST & LINCOLN,39.17904,-86.530848
2013,2,5,Weekday,1800,2-Car,No injury/unknown,,W 17TH ST,39.17904,-86.531888
2013,7,2,Weekday,800,2-Car,No injury/unknown,FAILURE TO YIELD RIGHT OF WAY,N MAPLE & W 17TH ST,39.17904,-86.542096
2013,2,1,Weekend,1200,2-Car,No injury/unknown,IMPROPER TURNING,17TH ST & WOODLAWN,39.17903982,-86.52360029
2013,5,1,Weekend,1700,2-Car,Non-incapacitating,DISREGARD SIGNAL/REG SIGN,N KINSER & W 17TH ST,39.17903982,-86.53775028
2013,5,2,Weekday,2100,Moped/Motorcycle,Non-incapacitating,FAILURE TO YIELD RIGHT OF WAY,17TH & KINSER PIKE,39.17903982,-86.53775028
2013,11,4,Weekday,1300,2-Car,Non-incapacitating,FAILURE TO YIELD RIGHT OF WAY,17TH ST & KINSER,39.17903982,-86.53775028
2013,12,4,Weekday,1700,2-Car,No injury/unknown,FOLLOWING TOO CLOSELY,17TH ST & MADISON,39.17903982,-86.53775028
2013,1,6,Weekday,100,1-Car,No injury/unknown,IMPROPER LANE USAGE,E 17TH ST,39.17903837,-86.52827755
2013,9,3,Weekday,1600,2-Car,No injury/unknown,IMPROPER TURNING,EAST 17TH ST & FESS,39.17903286,-86.52526707
2013,8,4,Weekday,1800,2-Car,No injury/unknown,FAILURE TO YIELD RIGHT OF WAY,EAST 17TH ST & INDIANA,39.17903251,-86.52706252
2013,11,4,Weekday,1400,2-Car,No injury/unknown,DRIVER DISTRACTED - EXPLAIN IN NARRATIVE,EAST 17TH ST & INDIANA,39.17903251,-86.52706252
2013,9,3,Weekday,1700,2-Car,Non-incapacitating,FOLLOWING TOO CLOSELY,JACKSON & W 17TH ST,39.179024,-86.539616
2013,11,7,Weekend,200,1-Car,No injury/unknown,ANIMAL/OBJECT IN ROADWAY,17TH & SR46E,39.17901993,-86.52598367
2013,7,2,Weekday,1800,2-Car,No injury/unknown,FOLLOWING TOO CLOSELY,17TH & SR45N,39.17901993,-86.52600097
2013,10,1,Weekday,2100,2-Car,Non-incapacitating,OTHER (DRIVER) - EXPLAIN IN NARRATIVE,17TH & SR4546S,39.17901993,-86.52600097
2013,11,6,Weekday,1000,2-Car,No injury/unknown,FOLLOWING TOO CLOSELY,17TH & SR46S,39.17901993,-86.52600097
2013,11,6,Weekday,1300,2-Car,No injury/unknown,UNSAFE BACKING,17TH & SR46W,39.17901993,-86.52600097
2013,11,5,Weekday,700,2-Car,Incapacitating,FAILURE TO YIELD RIGHT OF WAY,17TH & SR46,39.17901993,-86.52600097
2013,10,6,Weekday,1200,2-Car,Non-incapacitating,DRIVER DISTRACTED - EXPLAIN IN NARRATIVE,17TH ST & WALNUT,39.1790197,-86.5210998
2013,6,3,Weekday,900,1-Car,No injury/unknown,OTHER (DRIVER) - EXPLAIN IN NARRATIVE,EAST 17TH (YELLOW LOT) ST & FESS,39.1790197,-86.52601318
2013,11,7,Weekend,1900,2-Car,No injury/unknown,UNSAFE LANE MOVEMENT,17TH ST & INDIANA,39.1790197,-86.52705028
2013,1,6,Weekday,1600,2-Car,No injury/unknown,ENGINE FAILURE OR DEFECTIVE,17TH ST & COLLEGE,39.1790197,-86.53470567
2013,8,3,Weekday,1500,2-Car,No injury/unknown,FOLLOWING TOO CLOSELY,17TH ST & WOODBURN,39.1790197,-86.53594985
2013,10,6,Weekday,1600,2-Car,No injury/unknown,DRIVER DISTRACTED - EXPLAIN IN NARRATIVE,17TH ST & JACKSON,39.1790197,-86.53967007
2013,8,3,Weekday,1300,1-Car,No injury/unknown,OTHER (DRIVER) - EXPLAIN IN NARRATIVE,WEST 17TH ST,39.17901461,-86.53064485
2013,11,2,Weekday,2100,Pedestrian,Non-incapacitating,PEDESTRIAN ACTION,17TH ST & DUNN,39.17901032,-86.5283297
2013,6,4,Weekday,900,2-Car,No injury/unknown,FAILURE TO YIELD RIGHT OF WAY,E 17TH ST,39.179008,-86.525888
2013,5,7,Weekend,2200,2-Car,No injury/unknown,UNSAFE BACKING,EAST 17TH ST,39.179008,-86.525888
2013,11,6,Weekday,1400,3+ Cars,No injury/unknown,UNSAFE BACKING,E 17TH ST,39.179008,-86.525888
2013,11,6,Weekday,1300,2-Car,No injury/unknown,UNSAFE BACKING,E 17TH ST,39.179008,-86.525888
2013,8,5,Weekday,1400,1-Car,No injury/unknown,OTHER (DRIVER) - EXPLAIN IN NARRATIVE,1001 EAST 17TH (LOADING DOCK) ST & FEE,39.17899797,-86.51885612
2013,6,3,Weekday,500,Pedestrian,Non-incapacitating,FAILURE TO YIELD RIGHT OF WAY,17TH ST & MADISON,39.178992,-86.537792
2013,6,6,Weekday,800,2-Car,Non-incapacitating,FOLLOWING TOO CLOSELY,17TH ST & KINSER,39.178992,-86.537792
2013,7,2,Weekday,2200,2-Car,No injury/unknown,IMPROPER PASSING,MADISON & W 17TH ST,39.178992,-86.537792
2013,10,4,Weekday,800,2-Car,No injury/unknown,DISREGARD SIGNAL/REG SIGN,N MADISON & W 17TH ST,39.178992,-86.537792
2013,11,7,Weekend,2300,2-Car,No injury/unknown,SPEED TOO FAST FOR WEATHER CONDITIONS,KINSER & W 17TH ST,39.178992,-86.537792
2013,8,6,Weekday,700,1-Car,No injury/unknown,ANIMAL/OBJECT IN ROADWAY,PACKING HOUSE & VERNAL PIKE,39.17899144,-86.56327218
2013,4,5,Weekday,2100,2-Car,No injury/unknown,FOLLOWING TOO CLOSELY,17TH ST & FEE,39.1789902,-86.51894482
2013,9,3,Weekday,1100,2-Car,No injury/unknown,FAILURE TO YIELD RIGHT OF WAY,W 17TH ST & WOODBURN,39.178976,-86.536032
2013,10,2,Weekday,1700,2-Car,No injury/unknown,UNSAFE BACKING,E 17TH ST,39.17897394,-86.52938043
2013,9,6,Weekday,1300,2-Car,No injury/unknown,IMPROPER PASSING,W 17TH ST & WOODBURN,39.17897363,-86.53583794
2013,12,6,Weekday,300,2-Car,No injury/unknown,IMPROPER LANE USAGE,17TH ST & GRANT,39.17897008,-86.5297003
2013,6,6,Weekday,1600,2-Car,Non-incapacitating,FAILURE TO YIELD RIGHT OF WAY,17TH ST & LINCOLN,39.17897008,-86.53097033
2013,8,6,Weekday,1500,2-Car,No injury/unknown,FOLLOWING TOO CLOSELY,17TH ST & LINCOLN,39.17897008,-86.53097033
2013,3,1,Weekend,1600,2-Car,No injury/unknown,FOLLOWING TOO CLOSELY,17TH ST & WALNUT,39.17897008,-86.53349027
2013,10,3,Weekday,2200,3+ Cars,No injury/unknown,BRAKE FAILURE OR DEFECTIVE,17TH & WALNUT ST,39.17897008,-86.53349027
2013,11,4,Weekday,1400,3+ Cars,Non-incapacitating,SPEED TOO FAST FOR WEATHER CONDITIONS,17TH & WALNUT ST,39.17897008,-86.53349027
2013,11,4,Weekday,1700,2-Car,No injury/unknown,SPEED TOO FAST FOR WEATHER CONDITIONS,17TH ST & WALNUT,39.17897008,-86.53349027
2013,12,6,Weekday,1200,2-Car,No injury/unknown,SPEED TOO FAST FOR WEATHER CONDITIONS,N WALNUT & W 17TH ST,39.17897008,-86.53349027
2013,10,5,Weekday,0,Pedestrian,Non-incapacitating,FAILURE TO YIELD RIGHT OF WAY,E 17TH & N GRANT ST,39.17896484,-86.52969872
2013,8,3,Weekday,1800,3+ Cars,No injury/unknown,FOLLOWING TOO CLOSELY,EAST 17TH & WASHINGTON ST,39.17896401,-86.53223986
2013,4,7,Weekend,2100,2-Car,No injury/unknown,OTHER (DRIVER) - EXPLAIN IN NARRATIVE,E 17TH ST,39.17896,-86.521088
2013,9,3,Weekday,1200,1-Car,No injury/unknown,OTHER (VEHICLE) - EXPLAIN IN NARRATIVE,EAST 17TH ST,39.17896,-86.521088
2013,9,7,Weekend,2200,2-Car,No injury/unknown,FOLLOWING TOO CLOSELY,17TH ST & WALNUT,39.17896,-86.521088
2013,11,7,Weekend,1300,2-Car,No injury/unknown,IMPROPER TURNING,E 17TH ST,39.17896,-86.521088
2013,1,1,Weekend,1400,2-Car,No injury/unknown,FOLLOWING TOO CLOSELY,17TH ST & COLLEGE,39.17896,-86.53472
2013,6,2,Weekday,0,2-Car,No injury/unknown,DISREGARD SIGNAL/REG SIGN,17TH & COLLEGE AVE,39.17896,-86.53472
2013,5,6,Weekday,1100,2-Car,No injury/unknown,FOLLOWING TOO CLOSELY,N COLLEGE & W 17TH ST,39.17896,-86.53472
2013,6,7,Weekend,2200,Moped/Motorcycle,Non-incapacitating,FAILURE TO YIELD RIGHT OF WAY,17TH & COLLEGE AVE,39.17896,-86.53472
2013,12,1,Weekend,1500,2-Car,No injury/unknown,FAILURE TO YIELD RIGHT OF WAY,NORTH COLLEGE ST & WEST 17TH,39.17896,-86.53472
2013,5,6,Weekday,1100,2-Car,No injury/unknown,UNSAFE BACKING,EAST 17TH ST,39.17895463,-86.52073632
2013,10,7,Weekend,1100,2-Car,No injury/unknown,IMPROPER TURNING,17TH ST & WALNUT,39.17895441,-86.53325148
2013,8,1,Weekday,2300,2-Car,No injury/unknown,VIEW OBSTRUCTED,E 17TH ST,39.17895065,-86.52955121
2013,9,3,Weekday,900,1-Car,No injury/unknown,OTHER (DRIVER) - EXPLAIN IN NARRATIVE,W 17TH ST,39.1789454,-86.52013144
2013,1,5,Weekday,2000,2-Car,No injury/unknown,SPEED TOO FAST FOR WEATHER CONDITIONS,17TH ST & WALNUT,39.178944,-86.533392
2013,2,2,Weekday,1200,2-Car,Non-incapacitating,DISREGARD SIGNAL/REG SIGN,17TH & N WALNUT ST,39.178944,-86.533392
2013,3,4,Weekday,600,2-Car,No injury/unknown,FAILURE TO YIELD RIGHT OF WAY,N WALNUT & W 17TH ST,39.178944,-86.533392
2013,9,1,Weekday,1900,Moped/Motorcycle,Incapacitating,SPEED TOO FAST FOR WEATHER CONDITIONS,17TH ST & WALNUT,39.178944,-86.533392
2013,10,5,Weekday,2100,2-Car,No injury/unknown,FOLLOWING TOO CLOSELY,E 17TH ST & N WALNUT,39.178944,-86.533392
2013,11,4,Weekday,1100,2-Car,No injury/unknown,FOLLOWING TOO CLOSELY,N WALNUT & W 17TH ST,39.178944,-86.533392
2013,12,5,Weekday,100,1-Car,No injury/unknown,SPEED TOO FAST FOR WEATHER CONDITIONS,17TH ST & WALNUT,39.178944,-86.533392
2013,10,1,Weekend,1200,2-Car,No injury/unknown,FOLLOWING TOO CLOSELY,17TH ST & FEE,39.17893608,-86.51952122
2013,10,1,Weekend,0,2-Car,Non-incapacitating,FAILURE TO YIELD RIGHT OF WAY,17TH ST & FEE,39.178928,-86.518992
2013,11,1,Weekend,0,1-Car,No injury/unknown,DRIVER DISTRACTED - EXPLAIN IN NARRATIVE,17TH ST & FEE,39.17891282,-86.51775706
2013,12,7,Weekend,600,1-Car,No injury/unknown,SPEED TOO FAST FOR WEATHER CONDITIONS,17TH ST & NORTH JORDAN,39.1789117,-86.51056504