Year,Month,Day,Weekend?,Hour,Collision Type,Injury Type,Primary Factor,Reported_Location,Latitude,Longitude
2013,4,7,Weekend,100,3+ Cars,No injury/unknown,UNSAFE BACKING,E 12TH & N LINCOLN ST,39.174416,-86.530992
2013,4,6,Weekend,2200,2-Car,No injury/unknown,FAILURE TO YIELD RIGHT OF WAY,12TH ST & INDIANA,39.174368,-86.527088
2013,7,5,Weekday,1500,2-Car,No injury/unknown,FAILURE TO YIELD RIGHT OF WAY,12TH & INDIANA AVE,39.174368,-86.527088
2013,10,7,Weekend,1100,2-Car,No injury/unknown,FAILURE TO YIELD RIGHT OF WAY,12TH ST & INDIANA,39.174368,-86.527088
2013,11,7,Weekend,1200,2-Car,No injury/unknown,FAILURE TO YIELD RIGHT OF WAY,12TH & INDIANA AVE,39.174368,-86.527088
2013,10,2,Weekday,1200,Moped/Motorcycle,No injury/unknown,UNSAFE BACKING,N MORTON ST,39.173216,-86.536
2013,4,7,Weekend,100,3+ Cars,No injury/unknown,OTHER (DRIVER) - EXPLAIN IN NARRATIVE,12TH ST & WASHINGTON,39.174368,-86.5324
2013,1,1,Weekend,1300,1-Car,No injury/unknown,RAN OFF ROAD RIGHT,INDIANA AVE & TWELVETH,39.17436283,-86.52699273
2013,4,7,Weekend,1600,2-Car,No injury/unknown,FAILURE TO YIELD RIGHT OF WAY,INDIANA & TWELVETH ST,39.17436283,-86.52699273
2013,4,3,Weekday,1500,Moped/Motorcycle,No injury/unknown,UNSAFE BACKING,12TH ST & SUMMIT,39.174352,-86.54852929
2013,1,1,Weekend,100,2-Car,No injury/unknown,IMPROPER PASSING,E 12TH & N WALNUT ST,39.174352,-86.533472
2013,1,4,Weekday,1800,2-Car,No injury/unknown,FAILURE TO YIELD RIGHT OF WAY,12TH & INDIANA AVE,39.17434998,-86.52698993
2013,9,4,Weekday,1600,3+ Cars,Non-incapacitating,FOLLOWING TOO CLOSELY,12TH & INDIANA AVE,39.17434998,-86.52698993
2013,10,5,Weekday,1400,Cyclist,Non-incapacitating,FAILURE TO YIELD RIGHT OF WAY,12TH ST & WOODLAWN,39.17428024,-86.52355
2013,4,4,Weekday,100,3+ Cars,No injury/unknown,UNSAFE LANE MOVEMENT,12TH & LINCOLN ST,39.17414134,-86.530992
2013,1,5,Weekday,2300,1-Car,Non-incapacitating,RAN OFF ROAD RIGHT,W VERNAL PIKE,39.17381823,-86.55565738
2013,11,4,Weekday,1700,2-Car,No injury/unknown,FAILURE TO YIELD RIGHT OF WAY,ATWATER & WOODLAWN AVE,39.17369428,-86.52261994
2013,2,5,Weekday,1600,2-Car,No injury/unknown,UNSAFE BACKING,DANIELS WAY,39.17368698,-86.59799957
2013,9,1,Weekend,1400,2-Car,No injury/unknown,FOLLOWING TOO CLOSELY,ATWATER & MITCHELL ST,39.17365404,-86.5141797
2013,1,2,Weekday,900,2-Car,No injury/unknown,UNSAFE SPEED,JORDAN & LAW LN,39.17364542,-86.51618343
2013,8,4,Weekday,2000,2-Car,No injury/unknown,,FOSTER DR & LAW,39.17359024,-86.51666007
2013,1,5,Weekday,1900,3+ Cars,Non-incapacitating,SPEED TOO FAST FOR WEATHER CONDITIONS,JORDAN & LAW LN,39.173552,-86.515488
2013,1,5,Weekday,1900,3+ Cars,No injury/unknown,SPEED TOO FAST FOR WEATHER CONDITIONS,JORDAN & LAW LN,39.173552,-86.515488
2013,2,5,Weekday,900,2-Car,No injury/unknown,IMPROPER TURNING,801 N JORDAN (DOCK) AVE & LAW,39.173552,-86.515488
2013,5,7,Weekend,1200,2-Car,No injury/unknown,DISREGARD SIGNAL/REG SIGN,JORDAN AVE & LAW,39.173552,-86.515488
2013,2,7,Weekend,800,2-Car,No injury/unknown,SPEED TOO FAST FOR WEATHER CONDITIONS,ELEVENTH & INDIANA AVE,39.17347472,-86.52699102
2013,2,5,Weekday,1700,1-Car,No injury/unknown,OTHER (DRIVER) - EXPLAIN IN NARRATIVE,11TH ST & GRANT,39.17347021,-86.52973987
2013,8,5,Weekday,1200,2-Car,No injury/unknown,FAILURE TO YIELD RIGHT OF WAY,11TH ST & INDIANA,39.17346016,-86.52696982
2013,8,1,Weekday,1900,2-Car,No injury/unknown,UNSAFE BACKING,E 11TH ST,39.17344,-86.528112
2013,1,1,Weekend,1200,2-Car,No injury/unknown,FAILURE TO YIELD RIGHT OF WAY,E 11TH ST & N GRANT,39.17344,-86.529696
2013,9,5,Weekday,200,3+ Cars,No injury/unknown,UNSAFE LANE MOVEMENT,11TH & LINCOLN ST,39.17344,-86.530992
2013,2,2,Weekday,2100,2-Car,No injury/unknown,OTHER (DRIVER) - EXPLAIN IN NARRATIVE,MAPLE ST & SMITH,39.17343404,-86.54222019
2013,8,4,Weekday,1600,3+ Cars,Non-incapacitating,FOLLOWING TOO CLOSELY,SMITH & WALNUT ST,39.17342398,-86.53362974
2013,1,2,Weekday,1700,2-Car,No injury/unknown,UNSAFE BACKING,JORDAN & LAW LN,39.17340986,-86.51542237
2013,12,5,Weekday,1700,2-Car,No injury/unknown,WRONG WAY ON ONE WAY,JORDAN & LAW LN,39.17340986,-86.51543448
2013,3,3,Weekday,1000,2-Car,No injury/unknown,UNSAFE BACKING,JORDAN & LAW LN,39.17340986,-86.51543967
2013,6,5,Weekday,1500,2-Car,No injury/unknown,FOLLOWING TOO CLOSELY,JORDAN & LAW LN,39.17340986,-86.51545697
2013,5,5,Weekday,800,2-Car,No injury/unknown,,N MAPLE & W 11TH ST,39.173408,-86.542
2013,12,6,Weekday,1200,2-Car,No injury/unknown,UNSAFE BACKING,E 10TH ST,39.17339325,-86.49424743
2013,1,3,Weekday,900,2-Car,No injury/unknown,OTHER (DRIVER) - EXPLAIN IN NARRATIVE,EAST ELEVENTH ST,39.17337365,-86.5222337
2013,10,6,Weekday,900,2-Car,No injury/unknown,FAILURE TO YIELD RIGHT OF WAY,MONROE & W 11TH ST,39.173344,-86.547104
2013,5,7,Weekend,1300,2-Car,No injury/unknown,FAILURE TO YIELD RIGHT OF WAY,WEST 11TH ST,39.173344,-86.54734825
2013,2,5,Weekday,700,2-Car,Non-incapacitating,IMPROPER TURNING,N LINDBERGH & W 11TH ST,39.173344,-86.552592
2013,4,4,Weekday,1300,2-Car,No injury/unknown,FAILURE TO YIELD RIGHT OF WAY,NORTH JORDAN AVE,39.17328849,-86.51554025
2013,8,4,Weekday,1300,2-Car,No injury/unknown,FAILURE TO YIELD RIGHT OF WAY,11TH & WALNUT ST,39.17327978,-86.53359018
2013,2,4,Weekday,2200,2-Car,No injury/unknown,FOLLOWING TOO CLOSELY,11TH & COLLEGE AVE,39.17327978,-86.53479985
2013,3,6,Weekend,1900,2-Car,No injury/unknown,FAILURE TO YIELD RIGHT OF WAY,11TH & COLLEGE AVE,39.17327978,-86.53479985
2013,10,3,Weekday,1400,2-Car,No injury/unknown,FOLLOWING TOO CLOSELY,11TH ST & COLLEGE,39.17327978,-86.53479985
2013,12,5,Weekday,1500,2-Car,No injury/unknown,UNSAFE LANE MOVEMENT,11TH & COLLEGE AVE,39.17327978,-86.53479985
2013,9,4,Weekday,1800,Moped/Motorcycle,No injury/unknown,FAILURE TO YIELD RIGHT OF WAY,11TH ST & MORTON,39.17326972,-86.53605982
2013,10,3,Weekday,1500,2-Car,No injury/unknown,FAILURE TO YIELD RIGHT OF WAY,11TH ST & MORTON,39.17326972,-86.53605982
2013,1,4,Weekday,800,Bus,No injury/unknown,OTHER (DRIVER) - EXPLAIN IN NARRATIVE,11TH ST & BLAIR,39.17326972,-86.54378995
2013,5,4,Weekday,1800,1-Car,Non-incapacitating,DRIVER ILLNESS,11TH ST & ROGERS,39.17326033,-86.53858408
2013,8,5,Weekday,2100,2-Car,No injury/unknown,FAILURE TO YIELD RIGHT OF WAY,11TH & WALNUT ST,39.173248,-86.533488
2013,9,3,Weekday,1100,2-Car,No injury/unknown,UNSAFE LANE MOVEMENT,11TH & N WALNUT ST,39.173248,-86.533488
2013,12,1,Weekend,1800,2-Car,No injury/unknown,OTHER (DRIVER) - EXPLAIN IN NARRATIVE,11TH ST & ADAMS,39.17324021,-86.54981017
2013,3,6,Weekend,2200,1-Car,No injury/unknown,VIEW OBSTRUCTED,ELEVENTH ST & FORREST,39.17323718,-86.52214409
2013,2,1,Weekend,200,2-Car,No injury/unknown,FAILURE TO YIELD RIGHT OF WAY,11TH ST & COLLEGE,39.173232,-86.534752
2013,6,6,Weekday,1200,2-Car,No injury/unknown,IMPROPER TURNING,11TH ST & COLLEGE,39.173232,-86.534752
2013,7,5,Weekday,1000,2-Car,No injury/unknown,FOLLOWING TOO CLOSELY,11TH & COLLEGE AVE,39.173232,-86.534752
2013,9,3,Weekday,800,2-Car,No injury/unknown,FOLLOWING TOO CLOSELY,11TH & COLLEGE AVE,39.173232,-86.534752
2013,12,2,Weekday,1900,2-Car,No injury/unknown,DISREGARD SIGNAL/REG SIGN,11TH & NORTH COLLEGE ST,39.173232,-86.534752
2013,2,3,Weekday,1300,2-Car,No injury/unknown,FOLLOWING TOO CLOSELY,11TH ST & LINDBURGH,39.17323016,-86.55252993
2013,1,5,Weekday,2100,2-Car,No injury/unknown,ROADWAY SURFACE CONDITION,11TH & N MORTON ST,39.173216,-86.536
2013,1,5,Weekday,2100,2-Car,No injury/unknown,SPEED TOO FAST FOR WEATHER CONDITIONS,11TH ST & ROGERS,39.173184,-86.538528
2013,9,6,Weekday,1000,2-Car,No injury/unknown,VIEW OBSTRUCTED,11TH & ROGERS ST,39.173184,-86.538528
2013,11,7,Weekend,1500,1-Car,No injury/unknown,ANIMAL/OBJECT IN ROADWAY,SMITH & SR45,39.17304602,-86.48245722
2013,5,6,Weekend,2000,2-Car,No injury/unknown,UNSAFE BACKING,LAW LN,39.17302832,-86.51339918
2013,5,5,Weekday,1800,2-Car,No injury/unknown,UNSAFE BACKING,E LAW LN,39.17302832,-86.51339918
2013,9,2,Weekday,1400,2-Car,No injury/unknown,UNSAFE BACKING,E LAW LN,39.17302832,-86.51339918
2013,3,7,Weekend,1800,2-Car,No injury/unknown,WRONG WAY ON ONE WAY,11TH & LINCOLN ST,39.17302802,-86.530992
2013,7,7,Weekend,1100,2-Car,No injury/unknown,BRAKE FAILURE OR DEFECTIVE,E LAW LN,39.17297448,-86.51331469
2013,10,5,Weekday,700,2-Car,No injury/unknown,LEFT OF CENTER,E LAW LN & N UNION,39.17293655,-86.51315181
2013,5,4,Weekday,1300,Moped/Motorcycle,Non-incapacitating,OVERCORRECTING/OVERSTEERING,SR37N & VERNAL,39.17285105,-86.56762445
2013,1,4,Weekday,300,1-Car,No injury/unknown,UNSAFE BACKING,N FEE LN,39.17281455,-86.51879273
2013,1,5,Weekday,1900,1-Car,No injury/unknown,SPEED TOO FAST FOR WEATHER CONDITIONS,N FEE LN,39.17281455,-86.51879273
2013,2,1,Weekend,1800,2-Car,No injury/unknown,FAILURE TO YIELD RIGHT OF WAY,N FEE LN,39.17281455,-86.51879273
2013,2,4,Weekday,1000,2-Car,No injury/unknown,OTHER (DRIVER) - EXPLAIN IN NARRATIVE,E 10TH & N SMITH RD,39.172752,-86.482288
2013,5,7,Weekend,1700,2-Car,No injury/unknown,SPEED TOO FAST FOR WEATHER CONDITIONS,10 TH ST & SMITH,39.172752,-86.482288
2013,5,3,Weekday,1700,2-Car,Non-incapacitating,FOLLOWING TOO CLOSELY,E 10TH ST & N SMITH,39.172752,-86.482288
2013,10,4,Weekday,1100,1-Car,No injury/unknown,RAN OFF ROAD RIGHT,E 10TH ST & SMITH,39.172752,-86.482288
2013,2,1,Weekend,400,1-Car,No injury/unknown,UNSAFE BACKING,N LINCOLN ST,39.17268898,-86.530992
2013,9,6,Weekday,1200,2-Car,No injury/unknown,FOLLOWING TOO CLOSELY,10TH & SR46N,39.17264788,-86.5026808
2013,3,2,Weekday,1500,2-Car,No injury/unknown,FAILURE TO YIELD RIGHT OF WAY,COTTAGE GROVE & INDIANA AVE,39.17264,-86.52704
2013,10,3,Weekday,700,2-Car,No injury/unknown,FAILURE TO YIELD RIGHT OF WAY,COTTAGE GROVE & INDIANA AVE,39.17264,-86.52704
2013,3,2,Weekday,0,3+ Cars,No injury/unknown,UNSAFE BACKING,E COTTAGE GROVE AVE,39.17264,-86.528272
2013,11,7,Weekend,1200,2-Car,No injury/unknown,DISREGARD SIGNAL/REG SIGN,COTTAGE GROVE & N GRANT ST,39.17264,-86.529696
2013,11,4,Weekday,700,2-Car,No injury/unknown,FAILURE TO YIELD RIGHT OF WAY,GATES & SR48W,39.17263031,-86.57347869
2013,9,2,Weekday,900,2-Car,No injury/unknown,UNSAFE BACKING,RANGE RD,39.17257033,-86.49535194
2013,1,1,Weekend,1100,2-Car,No injury/unknown,WRONG WAY ON ONE WAY,COTTAGE GROVE & INDIANA AVE,39.17256866,-86.52697412
2013,11,7,Weekend,1600,2-Car,No injury/unknown,FAILURE TO YIELD RIGHT OF WAY,COTTAGE GROVE & INDIANA AVE,39.17256027,-86.52696982
2013,10,5,Weekday,1800,Bus,No injury/unknown,FAILURE TO YIELD RIGHT OF WAY,COTTAGE GROVE & WOODLAWN AVE,39.1725301,-86.52351982
2013,4,2,Weekday,1800,2-Car,No injury/unknown,FOLLOWING TOO CLOSELY,COTTAGE GROVE & WALNUT ST,39.1725301,-86.53359018
2013,9,6,Weekday,1600,3+ Cars,No injury/unknown,DRIVER DISTRACTED - EXPLAIN IN NARRATIVE,COTTAGE GROVE & WALNUT ST,39.1725301,-86.53359018
2013,2,2,Weekday,1300,2-Car,No injury/unknown,FAILURE TO YIELD RIGHT OF WAY,COTTAGE GRV & FORREST,39.17252004,-86.5224
2013,8,1,Weekend,1500,1-Car,No injury/unknown,UNSAFE BACKING,COTTAGE & FORREST AVE,39.17252004,-86.5224
2013,11,5,Weekday,1400,2-Car,No injury/unknown,UNSAFE BACKING,COTTAGE GROVE AVE & FORREST,39.17252004,-86.52240865
2013,9,6,Weekday,1700,3+ Cars,Incapacitating,FOLLOWING TOO CLOSELY,SR46 & UNIONVILLE,39.17251405,-86.50278374
2013,3,2,Weekday,1700,1-Car,No injury/unknown,UNSAFE BACKING,NORTH FEE LN,39.17250261,-86.51898354
2013,4,3,Weekday,2100,1-Car,Incapacitating,UNSAFE SPEED,NORTH FEE LN,39.17250261,-86.51898354
2013,10,7,Weekend,2100,2-Car,No injury/unknown,UNSAFE BACKING,N FEE LN,39.17250261,-86.51898354
2013,11,5,Weekday,1900,1-Car,No injury/unknown,OTHER (DRIVER) - EXPLAIN IN NARRATIVE,NORTH FEE LN,39.17250261,-86.51898354
2013,4,2,Weekday,1700,3+ Cars,No injury/unknown,FOLLOWING TOO CLOSELY,E 10TH & SR46E,39.17239791,-86.5025346
2013,9,1,Weekend,1800,2-Car,No injury/unknown,,BARRINGTON DR,39.17236246,-86.48777671
2013,10,3,Weekday,1600,1-Car,No injury/unknown,,BARRINGTON DR,39.17236246,-86.48777671
2013,9,3,Weekday,1700,Pedestrian,Non-incapacitating,UNSAFE LANE MOVEMENT,LAW LN & UNION,39.17234033,-86.50956883
2013,9,2,Weekday,900,1-Car,No injury/unknown,OTHER (DRIVER) - EXPLAIN IN NARRATIVE,LAW & UNION ST,39.17234033,-86.50966018
2013,8,6,Weekday,0,2-Car,No injury/unknown,,E BARRINGTON DR,39.17219684,-86.48835472
2013,10,7,Weekend,2300,2-Car,No injury/unknown,OTHER (DRIVER) - EXPLAIN IN NARRATIVE,N UNION ST,39.172144,-86.509392
2013,11,6,Weekday,400,1-Car,No injury/unknown,ANIMAL/OBJECT IN ROADWAY,10TH & RANGE RD,39.17205331,-86.49530932
2013,2,5,Weekday,700,2-Car,No injury/unknown,FAILURE TO YIELD RIGHT OF WAY,10TH & COLLEGE AVE,39.17201865,-86.53476505
2013,11,4,Weekday,1500,2-Car,No injury/unknown,FOLLOWING TOO CLOSELY,10TH & COLLEGE AVE,39.17199118,-86.53476534
2013,7,3,Weekday,2000,2-Car,No injury/unknown,FAILURE TO YIELD RIGHT OF WAY,2ND & WALNUT ST,39.17197385,-86.53362974
2013,2,4,Weekday,1000,3+ Cars,Non-incapacitating,ACCELERATOR FAILURE OR DEFECTIVE,SO ROGERS ST & W 2ND,39.17197385,-86.53867028
2013,9,1,Weekend,1400,2-Car,No injury/unknown,FAILURE TO YIELD RIGHT OF WAY,2ND & EAST ALLEY OF WALNUT ST,39.17197334,-86.53362757
2013,6,3,Weekday,1400,2-Car,No injury/unknown,FOLLOWING TOO CLOSELY,CURRY PIKE & PROFILE,39.17196013,-86.5829797
2013,4,1,Weekend,200,2-Car,No injury/unknown,,10TH & PARK AVE,39.17192257,-86.52461686
2013,9,2,Weekday,700,2-Car,No injury/unknown,FOLLOWING TOO CLOSELY,10TH ST & GRANDVIEW,39.17189978,-86.48744009
2013,10,5,Weekday,1600,2-Car,Non-incapacitating,FOLLOWING TOO CLOSELY,10TH & SR46,39.17189797,-86.5022422
2013,10,5,Weekday,1100,2-Car,No injury/unknown,FOLLOWING TOO CLOSELY,COLLEGE AVE & KIRKWOOD,39.17188723,-86.53488032
2013,12,7,Weekend,700,1-Car,Non-incapacitating,ROADWAY SURFACE CONDITION,10TH ST & GRANDVIEW,39.17187203,-86.48713756
2013,11,6,Weekday,800,2-Car,No injury/unknown,IMPROPER LANE USAGE,N JACOB & WHITE HALL CROSSING BLVD,39.17183004,-86.57166011
2013,4,7,Weekend,1200,2-Car,Non-incapacitating,UNSAFE LANE MOVEMENT,N JACOB & W WHITEHALL CROSSING BLVD,39.17183004,-86.57167743
2013,3,5,Weekday,2300,2-Car,No injury/unknown,RAN OFF ROAD RIGHT,N PARK AVE,39.17174922,-86.52461127
2013,2,4,Weekday,1500,2-Car,Non-incapacitating,FOLLOWING TOO CLOSELY,10TH ST & GRANDVIEW,39.17174873,-86.48853997
2013,8,6,Weekday,100,1-Car,No injury/unknown,OTHER (DRIVER) - EXPLAIN IN NARRATIVE,10TH ST & COLLEGE,39.171744,-86.53441515
2013,1,7,Weekend,2200,2-Car,No injury/unknown,FAILURE TO YIELD RIGHT OF WAY,N WALNUT & W 10TH ST,39.171744,-86.53352
2013,4,7,Weekend,700,Moped/Motorcycle,Non-incapacitating,DISREGARD SIGNAL/REG SIGN,10TH ST & WALNUT,39.171744,-86.53352
2013,6,4,Weekday,800,2-Car,No injury/unknown,DISREGARD SIGNAL/REG SIGN,10TH & WALNUT ST,39.171744,-86.53352
2013,9,4,Weekday,1100,2-Car,No injury/unknown,UNSAFE LANE MOVEMENT,10TH & N WALNUT ST,39.171744,-86.53352
2013,4,5,Weekday,1300,2-Car,No injury/unknown,,N COLLEGE AVE,39.171744,-86.534768
2013,5,6,Weekday,1100,2-Car,No injury/unknown,SPEED TOO FAST FOR WEATHER CONDITIONS,10TH & COLLEGE AVE,39.171744,-86.534768
2013,6,2,Weekday,1000,2-Car,No injury/unknown,FAILURE TO YIELD RIGHT OF WAY,10TH & COLLEGE AVE,39.171744,-86.534768
2013,7,6,Weekday,1000,2-Car,No injury/unknown,IMPROPER TURNING,10TH & COLLEGE AVE,39.171744,-86.534768
2013,9,4,Weekday,900,2-Car,No injury/unknown,IMPROPER LANE USAGE,N COLLEGE AVE & W 10TH,39.171744,-86.534768
2013,12,4,Weekday,1700,2-Car,No injury/unknown,IMPROPER TURNING,10TH & COLLEGE AVE,39.171744,-86.534768
2013,3,6,Weekend,1900,2-Car,No injury/unknown,UNSAFE BACKING,N MORTON ST,39.171744,-86.536
2013,9,6,Weekday,800,2-Car,No injury/unknown,DRIVER DISTRACTED - EXPLAIN IN NARRATIVE,10TH & N MORTON ST,39.171744,-86.536
2013,6,7,Weekend,1600,2-Car,No injury/unknown,FOLLOWING TOO CLOSELY,10TH ST & WASHINGTON,39.171728,-86.5324
2013,9,4,Weekday,1700,2-Car,No injury/unknown,FAILURE TO YIELD RIGHT OF WAY,10TH ST & WASHINGTON,39.171728,-86.5324
2013,1,6,Weekend,2300,2-Car,No injury/unknown,UNSAFE BACKING,10TH & LINCOLN ST,39.171712,-86.530992
2013,5,6,Weekday,1600,2-Car,No injury/unknown,IMPROPER TURNING,S FESS AVE,39.17170384,-86.52576065
2013,1,2,Weekday,900,2-Car,No injury/unknown,FAILURE TO YIELD RIGHT OF WAY,10TH ST & GRANT,39.171696,-86.529696
2013,4,5,Weekday,2300,2-Car,No injury/unknown,UNSAFE BACKING,10TH & GRANT ST,39.171696,-86.529696
2013,7,7,Weekend,900,2-Car,No injury/unknown,FAILURE TO YIELD RIGHT OF WAY,10TH ST & GRANT,39.171696,-86.529696
2013,8,3,Weekday,1100,2-Car,No injury/unknown,DRIVER DISTRACTED - EXPLAIN IN NARRATIVE,SR45N & TENTH,39.17169189,-86.53102874
2013,8,5,Weekday,1700,2-Car,No injury/unknown,DRIVER DISTRACTED - EXPLAIN IN NARRATIVE,10TH ST & 46,39.17169189,-86.53102874
2013,9,4,Weekday,1800,2-Car,No injury/unknown,FOLLOWING TOO CLOSELY,10TH & SR4546S,39.17169189,-86.53102874
2013,9,3,Weekday,2100,2-Car,No injury/unknown,FOLLOWING TOO CLOSELY,10TH & SR4546S,39.17169189,-86.53102874
2013,10,4,Weekday,0,2-Car,No injury/unknown,FOLLOWING TOO CLOSELY,10TH & SR46E,39.17169189,-86.53102874
2013,10,4,Weekday,1900,Bus,No injury/unknown,OTHER (DRIVER) - EXPLAIN IN NARRATIVE,10TH ST & SR4546S,39.17169189,-86.53102874
2013,10,5,Weekday,1000,2-Car,No injury/unknown,UNSAFE SPEED,10TH & SR46E,39.17169189,-86.53102874
2013,10,4,Weekday,1700,Moped/Motorcycle,No injury/unknown,FOLLOWING TOO CLOSELY,10TH ST & LINCOLN,39.1716899,-86.53103001
2013,10,5,Weekday,1100,2-Car,No injury/unknown,FAILURE TO YIELD RIGHT OF WAY,10TH ST & LINCOLN,39.1716899,-86.53103001
2013,12,3,Weekday,1200,1-Car,No injury/unknown,UNSAFE BACKING,EAST 10TH ST,39.17168118,-86.50658033
2013,12,7,Weekend,2100,2-Car,No injury/unknown,FAILURE TO YIELD RIGHT OF WAY,GRANT & TENTH ST,39.17168001,-86.52978264
2013,4,1,Weekday,2200,2-Car,Non-incapacitating,DRIVER DISTRACTED - EXPLAIN IN NARRATIVE,10TH ST & INDIANA,39.17168,-86.527024
2013,4,5,Weekday,1000,2-Car,No injury/unknown,DISREGARD SIGNAL/REG SIGN,E 10TH ST & N INDIANA,39.17168,-86.527024
2013,10,6,Weekend,2000,2-Car,Non-incapacitating,DISREGARD SIGNAL/REG SIGN,E 10TH ST & N INDIANA,39.17168,-86.527024
2013,11,2,Weekday,1700,2-Car,No injury/unknown,FAILURE TO YIELD RIGHT OF WAY,10TH & INDIANA AVE,39.17168,-86.527024
2013,12,6,Weekday,1500,3+ Cars,No injury/unknown,DISREGARD SIGNAL/REG SIGN,10TH ST & INDIANA,39.17168,-86.527024
2013,2,6,Weekday,0,2-Car,No injury/unknown,ROADWAY SURFACE CONDITION,10TH & N DUNN ST,39.17168,-86.528256
2013,1,3,Weekday,2300,2-Car,No injury/unknown,FAILURE TO YIELD RIGHT OF WAY,10TH ST & DUNN,39.17168,-86.528256
2013,10,1,Weekend,100,2-Car,No injury/unknown,FAILURE TO YIELD RIGHT OF WAY,10TH ST & DUNN,39.17168,-86.528256
2013,10,4,Weekday,1100,2-Car,No injury/unknown,FOLLOWING TOO CLOSELY,E 10TH ST & N DUNN,39.17168,-86.528256
2013,12,5,Weekday,1700,2-Car,Non-incapacitating,FOLLOWING TOO CLOSELY,DUNN & TENTH ST,39.17168,-86.528256
2013,4,3,Weekday,1200,2-Car,Incapacitating,FOLLOWING TOO CLOSELY,10TH & SR46N,39.17167282,-86.52827453
2013,8,7,Weekend,2100,2-Car,No injury/unknown,FOLLOWING TOO CLOSELY,10TH ST & BARRINGTON,39.17166978,-86.48929014
2013,8,5,Weekday,2200,2-Car,No injury/unknown,FOLLOWING TOO CLOSELY,E 10TH ST & E BARRINGTON,39.17166978,-86.48929014
2013,8,6,Weekday,1500,2-Car,Non-incapacitating,OTHER (DRIVER) - EXPLAIN IN NARRATIVE,BARRINGTON & E 10TH ST,39.17166978,-86.48929014
2013,9,3,Weekday,1700,2-Car,Non-incapacitating,FAILURE TO YIELD RIGHT OF WAY,10TH ST & BARRINGTON,39.17166978,-86.48929014
2013,10,4,Weekday,1400,2-Car,No injury/unknown,FAILURE TO YIELD RIGHT OF WAY,10TH ST & BARRINGTON,39.17166978,-86.48929014
2013,10,4,Weekday,1100,2-Car,No injury/unknown,FAILURE TO YIELD RIGHT OF WAY,BARRINGTON & E 10TH ST,39.17166978,-86.48929014
2013,12,3,Weekday,500,1-Car,Non-incapacitating,RAN OFF ROAD RIGHT,BARRINGTON DR & E 10TH,39.17166978,-86.48929014
2013,1,5,Weekday,1400,2-Car,No injury/unknown,FAILURE TO YIELD RIGHT OF WAY,10TH ST & GRANT,39.17166978,-86.52975998
2013,6,6,Weekday,1500,3+ Cars,Non-incapacitating,DISREGARD SIGNAL/REG SIGN,10TH ST & GRANT,39.17166978,-86.52975998
2013,4,6,Weekday,1000,2-Car,No injury/unknown,FAILURE TO YIELD RIGHT OF WAY,E 10TH ST & N FESS,39.171664,-86.52576
2013,9,4,Weekday,1600,2-Car,No injury/unknown,FOLLOWING TOO CLOSELY,10TH ST & INDIANA,39.17165972,-86.52696982
2013,12,6,Weekday,0,2-Car,No injury/unknown,FOLLOWING TOO CLOSELY,10TH ST & INDIANA,39.17165972,-86.52696982
2013,4,4,Weekday,1800,2-Car,No injury/unknown,FOLLOWING TOO CLOSELY,10TH ST & WALNUT,39.17165972,-86.53358012
2013,10,5,Weekday,2000,2-Car,No injury/unknown,FOLLOWING TOO CLOSELY,TENTH & WALNUT ST,39.17165972,-86.53358012
2013,5,4,Weekday,1300,2-Car,No injury/unknown,IMPROPER TURNING,10TH & COLLEGE AVE,39.17165972,-86.53483003
2013,11,2,Weekday,1000,2-Car,No injury/unknown,IMPROPER TURNING,10TH & COLLEGE AVE,39.17165972,-86.53483003
2013,12,1,Weekday,2000,2-Car,No injury/unknown,FAILURE TO YIELD RIGHT OF WAY,10TH & COLLEGE AVE,39.17165972,-86.53483003
2013,12,4,Weekday,600,2-Car,No injury/unknown,IMPROPER TURNING,EAST 10TH ST,39.17165503,-86.51853963
2013,10,4,Weekday,1500,1-Car,No injury/unknown,UNSAFE BACKING,E TENTH ST,39.17165369,-86.51814199
2013,4,5,Weekday,1700,2-Car,No injury/unknown,FAILURE TO YIELD RIGHT OF WAY,10TH ST & WASHINGTON,39.17165034,-86.53233021
2013,5,4,Weekday,1700,2-Car,No injury/unknown,FOLLOWING TOO CLOSELY,10TH ST & WASHINGTON,39.17165034,-86.53233021
2013,8,3,Weekday,1500,2-Car,Non-incapacitating,FAILURE TO YIELD RIGHT OF WAY,10TH ST & WASHINGTON,39.17165034,-86.53233021
2013,7,6,Weekday,1500,1-Car,Non-incapacitating,DRIVER ASLEEP OR FATIGUED,E 10TH ST & JEFFERSON,39.17164801,-86.50638231