Year,Month,Day,Weekend?,Hour,Collision Type,Injury Type,Primary Factor,Reported_Location,Latitude,Longitude
2013,6,6,Weekday,1200,1-Car,No injury/unknown,OTHER (VEHICLE) - EXPLAIN IN NARRATIVE,10TH ST & JEFFERSON,39.171648,-86.50691158
2013,10,5,Weekday,500,1-Car,No injury/unknown,SPEED TOO FAST FOR WEATHER CONDITIONS,10TH ST & JEFFERSON,39.171648,-86.50694686
2013,1,3,Weekday,1500,2-Car,No injury/unknown,UNSAFE LANE MOVEMENT,E 10TH & SR46,39.171648,-86.502096
2013,2,2,Weekday,1600,2-Car,No injury/unknown,FOLLOWING TOO CLOSELY,E 10TH & SR46E,39.171648,-86.502096
2013,7,5,Weekday,600,2-Car,No injury/unknown,DRIVER ASLEEP OR FATIGUED,10TH & SR46N,39.171648,-86.502096
2013,10,5,Weekday,2300,2-Car,No injury/unknown,OTHER (DRIVER) - EXPLAIN IN NARRATIVE,SR45E & SR46,39.171648,-86.502096
2013,10,4,Weekday,900,2-Car,No injury/unknown,UNSAFE LANE MOVEMENT,10TH ST & SR46N,39.171648,-86.502096
2013,12,6,Weekday,700,2-Car,No injury/unknown,SPEED TOO FAST FOR WEATHER CONDITIONS,10TH & SR46E,39.171648,-86.502096
2013,10,5,Weekday,2000,2-Car,No injury/unknown,UNSAFE BACKING,E 10TH ST,39.171648,-86.50362639
2013,2,1,Weekend,1700,2-Car,No injury/unknown,,E 10TH ST,39.171648,-86.50435515
2013,10,6,Weekday,1800,1-Car,No injury/unknown,UNSAFE BACKING,E 10TH ST,39.171648,-86.50435515
2013,2,2,Weekday,400,1-Car,No injury/unknown,UNSAFE SPEED,E 10TH ST & N JEFFERSON,39.171648,-86.507088
2013,8,5,Weekday,2000,1-Car,No injury/unknown,UNSAFE SPEED,E 10TH ST & N JEFFERSON,39.171648,-86.507088
2013,12,4,Weekday,700,2-Car,No injury/unknown,FOLLOWING TOO CLOSELY,JEFFERSON & TENTH ST,39.171648,-86.507088
2013,3,3,Weekday,1700,2-Car,No injury/unknown,FAILURE TO YIELD RIGHT OF WAY,E 10TH ST & N PARK,39.171648,-86.524608
2013,7,5,Weekday,1500,3+ Cars,No injury/unknown,FOLLOWING TOO CLOSELY,10TH ST & PARK,39.171648,-86.524608
2013,5,4,Weekday,2100,2-Car,No injury/unknown,UNSAFE LANE MOVEMENT,10TH ST & SR46,39.17164438,-86.50191964
2013,7,5,Weekday,1100,2-Car,Non-incapacitating,FOLLOWING TOO CLOSELY,E 10TH ST,39.1716433,-86.50186748
2013,2,6,Weekday,1200,3+ Cars,Non-incapacitating,UNSAFE SPEED,10TH ST & WOODLAWN,39.17164028,-86.52349365
2013,4,4,Weekday,2000,2-Car,Non-incapacitating,FAILURE TO YIELD RIGHT OF WAY,10TH ST & WOODLAWN,39.17164028,-86.52349971
2013,6,3,Weekday,800,2-Car,Non-incapacitating,UNSAFE LANE MOVEMENT,10TH ST & WOODLAWN,39.17164028,-86.52349971
2013,7,4,Weekday,1200,2-Car,No injury/unknown,UNSAFE BACKING,10TH ST & WOODLAWN,39.17164028,-86.52349971
2013,9,2,Weekday,1900,Cyclist,Non-incapacitating,FAILURE TO YIELD RIGHT OF WAY,10TH ST & WOODLAWN,39.17164028,-86.52349971
2013,10,5,Weekday,2100,Moped/Motorcycle,Incapacitating,FAILURE TO YIELD RIGHT OF WAY,10TH ST & WOODLAWN,39.17164028,-86.52349971
2013,11,4,Weekday,1900,3+ Cars,No injury/unknown,DRIVER DISTRACTED - EXPLAIN IN NARRATIVE,10TH ST & WOODLAWN,39.17164028,-86.52349971
2013,9,1,Weekend,1600,2-Car,No injury/unknown,DRIVER DISTRACTED - EXPLAIN IN NARRATIVE,TENTH ST & WALNUT GROVE,39.17163221,-86.52137986
2013,5,3,Weekday,1400,2-Car,No injury/unknown,OTHER (DRIVER) - EXPLAIN IN NARRATIVE,10TH ST & WOODLAWN,39.171632,-86.523536
2013,8,5,Weekday,0,2-Car,No injury/unknown,FAILURE TO YIELD RIGHT OF WAY,10TH ST & WOODLAWN,39.171632,-86.523536
2013,7,4,Weekday,800,3+ Cars,No injury/unknown,OTHER (DRIVER) - EXPLAIN IN NARRATIVE,TENTH ST & WOODLAWN,39.171632,-86.523536
2013,8,2,Weekday,1100,3+ Cars,No injury/unknown,FOLLOWING TOO CLOSELY,10TH ST & WOODLAWN,39.171632,-86.523536
2013,9,1,Weekend,1800,1-Car,No injury/unknown,UNSAFE BACKING,E 10TH ST,39.171632,-86.523536
2013,9,4,Weekday,1200,2-Car,No injury/unknown,UNSAFE BACKING,10TH ST & WOODLAWN,39.171632,-86.523536
2013,10,4,Weekday,1600,1-Car,No injury/unknown,OTHER (DRIVER) - EXPLAIN IN NARRATIVE,E 10TH ST,39.171632,-86.523536
2013,10,3,Weekday,1600,2-Car,No injury/unknown,UNSAFE BACKING,EAST 10TH ST,39.171632,-86.523536
2013,12,6,Weekday,1500,Bus,No injury/unknown,FOLLOWING TOO CLOSELY,10TH & WOODLAWN AVE,39.171632,-86.523536
2013,8,4,Weekday,1900,2-Car,No injury/unknown,UNSAFE SPEED,10TH ST & FORREST,39.17163022,-86.52237989
2013,9,6,Weekday,0,1-Car,No injury/unknown,DRIVER DISTRACTED - EXPLAIN IN NARRATIVE,10TH ST & FORREST,39.17163022,-86.52237989
2013,11,6,Weekday,1200,2-Car,No injury/unknown,FAILURE TO YIELD RIGHT OF WAY,10TH ST & FORREST,39.17163022,-86.52237989
2013,11,7,Weekend,1600,2-Car,No injury/unknown,DISREGARD SIGNAL/REG SIGN,FEE LN & TENTH,39.17163013,-86.51902446
2013,12,5,Weekday,0,2-Car,No injury/unknown,UNSAFE BACKING,FEE & TENTH ST,39.17163011,-86.51901956
2013,8,2,Weekday,1600,2-Car,No injury/unknown,FAILURE TO YIELD RIGHT OF WAY,TENTH & WOODLAWN AVE,39.17162998,-86.52351778
2013,2,2,Weekday,1700,2-Car,Non-incapacitating,IMPROPER PASSING,10TH & N SMITH RD,39.17162407,-86.48129791
2013,1,3,Weekday,1200,2-Car,No injury/unknown,UNSAFE BACKING,EAST 10TH ST,39.17162087,-86.50077565
2013,4,4,Weekday,1600,2-Car,No injury/unknown,IMPROPER TURNING,E 10TH ST,39.17162087,-86.50077565
2013,10,4,Weekday,700,1-Car,No injury/unknown,UNSAFE BACKING,E 10TH ST,39.1716193,-86.50069948
2013,6,6,Weekday,1000,2-Car,No injury/unknown,UNSAFE SPEED,10TH ST & FEE,39.1716101,-86.51903273
2013,10,2,Weekday,2000,2-Car,No injury/unknown,FOLLOWING TOO CLOSELY,10TH ST & FEE,39.1716101,-86.51903273
2013,12,7,Weekend,1700,2-Car,No injury/unknown,FOLLOWING TOO CLOSELY,E 10TH ST & N FEE,39.1716101,-86.51903705
2013,8,7,Weekend,1900,2-Car,No injury/unknown,FOLLOWING TOO CLOSELY,10TH ST & FEE,39.1716101,-86.51906301
2013,1,5,Weekday,1900,2-Car,No injury/unknown,SPEED TOO FAST FOR WEATHER CONDITIONS,10TH ST & WALNUNT GROVE,39.1716101,-86.52099416
2013,3,4,Weekday,1700,3+ Cars,Non-incapacitating,FOLLOWING TOO CLOSELY,10TH ST & WALNUT GROVE,39.17160131,-86.52101949
2013,3,6,Weekday,1100,3+ Cars,No injury/unknown,DRIVER DISTRACTED - EXPLAIN IN NARRATIVE,10TH ST & WALNUT,39.1716,-86.520896
2013,3,4,Weekday,1200,2-Car,No injury/unknown,IMPROPER TURNING,TENTH ST & WALNUT,39.1716,-86.520896
2013,5,6,Weekday,1600,2-Car,No injury/unknown,FOLLOWING TOO CLOSELY,10TH ST & WALNUT GROVE,39.1716,-86.520896
2013,11,4,Weekday,1300,2-Car,Non-incapacitating,FOLLOWING TOO CLOSELY,TENTH ST & WALNUT,39.1716,-86.520896
2013,12,6,Weekday,1400,2-Car,No injury/unknown,FOLLOWING TOO CLOSELY,E 10TH ST & N WALNUT GROVE,39.1716,-86.520896
2013,10,3,Weekday,1300,2-Car,No injury/unknown,UNSAFE BACKING,1309 E 10TH (DOCK) ST & NORTH FEE,39.17159884,-86.51902426
2013,9,1,Weekday,2300,2-Car,No injury/unknown,UNSAFE BACKING,JORDAN & TENTH ST,39.17159746,-86.51259531
2013,5,5,Weekday,1200,2-Car,No injury/unknown,UNSAFE BACKING,1320 E 10TH (S PARKING LOT) ST & JORDAN,39.1715952,-86.51566449
2013,3,6,Weekday,1700,2-Car,No injury/unknown,FOLLOWING TOO CLOSELY,10TH ST & CAMPBELL,39.17158999,-86.51394031
2013,1,6,Weekday,1200,Pedestrian,Non-incapacitating,FAILURE TO YIELD RIGHT OF WAY,10TH ST & JORDAN,39.17158999,-86.51563433
2013,10,3,Weekday,2200,3+ Cars,No injury/unknown,FOLLOWING TOO CLOSELY,10TH ST & JORDAN,39.17158999,-86.5156473
2013,10,5,Weekday,2300,1-Car,No injury/unknown,SPEED TOO FAST FOR WEATHER CONDITIONS,10TH ST & JORDAN,39.17158999,-86.51565163
2013,11,5,Weekday,1800,Pedestrian,No injury/unknown,SPEED TOO FAST FOR WEATHER CONDITIONS,10TH ST & JORDAN,39.17158999,-86.51565163
2013,2,2,Weekday,1700,3+ Cars,No injury/unknown,DRIVER DISTRACTED - EXPLAIN IN NARRATIVE,10TH & JORDAN AVE,39.17158999,-86.51566028
2013,4,4,Weekday,1900,Bus,No injury/unknown,FAILURE TO YIELD RIGHT OF WAY,10TH & JORDAN AVE,39.17158999,-86.51566028
2013,9,5,Weekday,800,Bus,No injury/unknown,SPEED TOO FAST FOR WEATHER CONDITIONS,10TH & JORDAN AVE,39.17158999,-86.51566028
2013,3,6,Weekday,1400,1-Car,No injury/unknown,OVERCORRECTING/OVERSTEERING,10TH ST,39.17158931,-86.50409527
2013,10,6,Weekday,700,2-Car,No injury/unknown,UNSAFE BACKING,E 10TH ST,39.17158931,-86.50409527
2013,4,6,Weekday,900,2-Car,No injury/unknown,UNSAFE BACKING,1315 N FEE (PARKING LOT) LN & FEE,39.171584,-86.518688
2013,10,3,Weekday,900,2-Car,Non-incapacitating,UNSAFE SPEED,10TH ST & FEE,39.171584,-86.518688
2013,8,1,Weekday,1900,2-Car,No injury/unknown,FOLLOWING TOO CLOSELY,10TH ST & SUNRISE,39.17157993,-86.51247639
2013,2,5,Weekday,2000,3+ Cars,No injury/unknown,DRIVER DISTRACTED - EXPLAIN IN NARRATIVE,10TH ST & SUNRISE,39.17157993,-86.51247985
2013,3,7,Weekend,1600,2-Car,No injury/unknown,FOLLOWING TOO CLOSELY,10TH ST & SUNRISE,39.17157993,-86.51247985
2013,4,2,Weekday,1800,2-Car,No injury/unknown,DISREGARD SIGNAL/REG SIGN,10TH ST & SUNRISE,39.17157993,-86.51247985
2013,9,7,Weekend,1600,Cyclist,Non-incapacitating,FAILURE TO YIELD RIGHT OF WAY,10TH & SUNRISE DR,39.17157993,-86.51247985
2013,2,6,Weekday,1200,2-Car,No injury/unknown,FAILURE TO YIELD RIGHT OF WAY,10TH ST & SUNRISE,39.17157993,-86.51249715
2013,4,6,Weekday,1600,2-Car,No injury/unknown,FAILURE TO YIELD RIGHT OF WAY,E 10TH ST & N SUNRISE,39.17157993,-86.51250581
2013,5,5,Weekday,1200,2-Car,No injury/unknown,UNSAFE BACKING,E 10TH ST,39.17157943,-86.51826514
2013,1,5,Weekday,1500,2-Car,No injury/unknown,IMPROPER PASSING,E 10TH ST,39.17157747,-86.51808392
2013,1,4,Weekday,1900,2-Car,No injury/unknown,OTHER (VEHICLE) - EXPLAIN IN NARRATIVE,E 10TH ST,39.17157747,-86.51808392
2013,5,4,Weekday,2300,2-Car,No injury/unknown,UNSAFE BACKING,E 10TH ST,39.17157747,-86.51808392
2013,11,2,Weekday,1200,2-Car,No injury/unknown,UNSAFE BACKING,EAST 10TH ST,39.17157747,-86.51808392
2013,12,4,Weekday,700,2-Car,No injury/unknown,UNSAFE SPEED,10TH ST & FEE,39.17157638,-86.51798237
2013,1,3,Weekday,1700,2-Car,No injury/unknown,UNSAFE LANE MOVEMENT,TENTH & UNION ST,39.17157235,-86.50945322
2013,1,3,Weekday,1900,2-Car,No injury/unknown,DRIVER DISTRACTED - EXPLAIN IN NARRATIVE,TENTH & UNION ST,39.17157235,-86.50945322
2013,12,6,Weekday,1300,2-Car,No injury/unknown,SPEED TOO FAST FOR WEATHER CONDITIONS,TENTH ST & UNION,39.17157235,-86.50945322
2013,8,6,Weekday,1600,2-Car,No injury/unknown,FOLLOWING TOO CLOSELY,SR46 & UNIONVILLE,39.17156644,-86.50228603
2013,9,3,Weekday,1700,3+ Cars,No injury/unknown,FOLLOWING TOO CLOSELY,SR45 & SR46,39.1715658,-86.50228603
2013,12,4,Weekday,900,2-Car,No injury/unknown,SPEED TOO FAST FOR WEATHER CONDITIONS,SR45 & SR46,39.1715658,-86.50228603
2013,12,6,Weekend,1900,3+ Cars,No injury/unknown,FOLLOWING TOO CLOSELY,SR46 & UNIONVILLE,39.1715658,-86.50228603
2013,4,5,Weekday,800,2-Car,No injury/unknown,OTHER (VEHICLE) - EXPLAIN IN NARRATIVE,E TENTH ST,39.17156383,-86.51814334
2013,1,3,Weekday,700,2-Car,Non-incapacitating,OTHER (DRIVER) - EXPLAIN IN NARRATIVE,JORDAN & TENTH ST,39.171552,-86.515728
2013,4,7,Weekend,1500,2-Car,No injury/unknown,UNSAFE SPEED,10TH & WOODBRIDGE DR,39.17154975,-86.49086996
2013,8,4,Weekday,1500,Moped/Motorcycle,Non-incapacitating,FAILURE TO YIELD RIGHT OF WAY,10TH ST & JOHN HINKLE,39.17154975,-86.49086996
2013,8,5,Weekday,2100,2-Car,Non-incapacitating,FAILURE TO YIELD RIGHT OF WAY,EAST 10TH ST & WOODBRIDGE,39.17154975,-86.49086996
2013,9,1,Weekend,0,2-Car,No injury/unknown,FAILURE TO YIELD RIGHT OF WAY,10TH ST & N DRIVE TO HILLTOP GARDENS,39.17154975,-86.50485031
2013,7,4,Weekday,1200,2-Car,No injury/unknown,UNSAFE BACKING,TENTH ST & UNION,39.17154975,-86.50943905
2013,3,6,Weekday,1400,2-Car,No injury/unknown,UNSAFE BACKING,10TH & UNION ST,39.17154975,-86.5094503
2013,8,5,Weekday,1500,Bus,No injury/unknown,DRIVER DISTRACTED - EXPLAIN IN NARRATIVE,10TH ST & UNION,39.17154975,-86.5094503
2013,11,7,Weekend,2200,2-Car,Non-incapacitating,FOLLOWING TOO CLOSELY,10TH ST & UNION,39.17154975,-86.5094503
2013,11,5,Weekday,2100,2-Car,No injury/unknown,FOLLOWING TOO CLOSELY,10TH ST & UNION,39.17154975,-86.50945462
2013,5,5,Weekday,1700,Pedestrian,Incapacitating,FAILURE TO YIELD RIGHT OF WAY,10TH ST & UNION,39.17154975,-86.50945678
2013,1,5,Weekday,1500,2-Car,No injury/unknown,FOLLOWING TOO CLOSELY,10TH & 45 46 BYPASS ST,39.17153031,-86.50220967
2013,5,7,Weekend,1600,2-Car,No injury/unknown,FOLLOWING TOO CLOSELY,10TH ST & 45 46,39.17153031,-86.50220967
2013,9,1,Weekend,1500,2-Car,No injury/unknown,FOLLOWING TOO CLOSELY,10TH & 45 46 BYP,39.17153031,-86.50220967
2013,10,3,Weekday,1500,2-Car,No injury/unknown,DRIVER DISTRACTED - EXPLAIN IN NARRATIVE,10TH ST & 45 46,39.17153031,-86.50220967
2013,10,1,Weekend,1800,2-Car,Non-incapacitating,FOLLOWING TOO CLOSELY,10TH ST & 45 46,39.17153031,-86.50220967
2013,2,3,Weekday,1400,2-Car,No injury/unknown,UNSAFE LANE MOVEMENT,EAST TENTH ST & STATE ROAD 45 46,39.17152876,-86.50224706
2013,2,6,Weekday,1700,2-Car,No injury/unknown,FOLLOWING TOO CLOSELY,E 10TH ST & JORDAN,39.1715274,-86.51396405
2013,5,3,Weekday,1300,Cyclist,Non-incapacitating,FOLLOWING TOO CLOSELY,SR45 & SR46,39.17152599,-86.49774101
2013,11,4,Weekday,1400,3+ Cars,No injury/unknown,FAILURE TO YIELD RIGHT OF WAY,EAST TENTH ST,39.17150684,-86.5092726
2013,9,4,Weekday,1600,2-Car,No injury/unknown,IMPROPER PASSING,E 10TH ST & RANGE,39.171504,-86.49478273
2013,1,1,Weekend,1800,3+ Cars,No injury/unknown,FOLLOWING TOO CLOSELY,10 ST & PETE ELLIS,39.171504,-86.495312
2013,1,4,Weekday,1800,2-Car,No injury/unknown,FOLLOWING TOO CLOSELY,10TH ST & PETE ELLIS,39.171504,-86.495312
2013,6,1,Weekend,1000,2-Car,No injury/unknown,DISREGARD SIGNAL/REG SIGN,10TH ST & RANGE,39.171504,-86.495312
2013,4,3,Weekday,1600,Cyclist,Non-incapacitating,FAILURE TO YIELD RIGHT OF WAY,10TH ST & RANGE,39.171504,-86.495312
2013,9,6,Weekday,1700,2-Car,Non-incapacitating,FAILURE TO YIELD RIGHT OF WAY,RANGE & SR46E,39.171504,-86.495312
2013,11,3,Weekday,1200,2-Car,No injury/unknown,FOLLOWING TOO CLOSELY,E 10TH ST & PETE ELLIS,39.171504,-86.495312
2013,2,5,Weekday,1900,2-Car,No injury/unknown,UNSAFE BACKING,E 10TH ST,39.171504,-86.512288
2013,6,1,Weekend,1700,2-Car,No injury/unknown,UNSAFE BACKING,E 10TH ST,39.171504,-86.512288
2013,5,5,Weekday,1600,2-Car,No injury/unknown,FAILURE TO YIELD RIGHT OF WAY,E 10TH ST,39.171504,-86.512288
2013,6,2,Weekday,1900,2-Car,No injury/unknown,UNSAFE BACKING,BLOCK OF EAST 10TH ST,39.171504,-86.512288
2013,8,3,Weekday,1300,2-Car,No injury/unknown,UNSAFE BACKING,EAST 10TH ST,39.171504,-86.512288
2013,9,4,Weekday,2000,1-Car,No injury/unknown,OTHER (DRIVER) - EXPLAIN IN NARRATIVE,E 10TH ST,39.171504,-86.512288
2013,11,5,Weekday,900,2-Car,No injury/unknown,,E 10TH ST,39.17149326,-86.51131082
2013,2,3,Weekday,1700,3+ Cars,Non-incapacitating,DISREGARD SIGNAL/REG SIGN,10TH ST & PETE ELLIS,39.17149007,-86.4953801
2013,3,6,Weekend,1900,2-Car,No injury/unknown,DISREGARD SIGNAL/REG SIGN,10TH ST & RANGE,39.17149007,-86.4953801
2013,5,6,Weekday,1300,2-Car,No injury/unknown,UNSAFE SPEED,10TH ST & PETE ELLIS,39.17149007,-86.4953801
2013,10,6,Weekday,800,1-Car,No injury/unknown,UNSAFE BACKING,10TH ST & RANGE,39.17149007,-86.4953801
2013,11,1,Weekend,1500,2-Car,Non-incapacitating,DISREGARD SIGNAL/REG SIGN,10TH ST & PETE ELLIS,39.17149007,-86.4953801
2013,11,7,Weekend,500,1-Car,No injury/unknown,ANIMAL/OBJECT IN ROADWAY,10TH ST & PETE ELLIS,39.17149007,-86.4953974
2013,9,6,Weekday,1300,1-Car,No injury/unknown,UNSAFE BACKING,2931 E 10TH (LOT) ST & NORTH RANGE,39.17148598,-86.49537255
2013,2,5,Weekday,1800,2-Car,Non-incapacitating,FOLLOWING TOO CLOSELY,E 10TH ST & UNION,39.17148364,-86.51043443
2013,10,5,Weekday,2000,2-Car,No injury/unknown,IMPROPER TURNING,E 10TH ST,39.17148317,-86.51039227
2013,12,4,Weekday,1400,2-Car,No injury/unknown,IMPROPER TURNING,10TH ST,39.17148166,-86.51025546
2013,7,6,Weekday,1400,2-Car,No injury/unknown,UNSAFE BACKING,E 10TH ST,39.17148145,-86.51023592
2013,5,1,Weekend,1800,2-Car,No injury/unknown,FOLLOWING TOO CLOSELY,10TH ST & UNION,39.17147782,-86.50990522
2013,1,2,Weekday,1300,2-Car,No injury/unknown,UNSAFE BACKING,N UNION ST,39.171472,-86.509376
2013,1,2,Weekday,2200,1-Car,No injury/unknown,IMPROPER TURNING,E 10TH & UNION ST,39.171472,-86.509376
2013,4,6,Weekend,2200,2-Car,No injury/unknown,UNSAFE BACKING,E 10TH ST,39.171472,-86.509376
2013,4,6,Weekend,2100,2-Car,Non-incapacitating,FAILURE TO YIELD RIGHT OF WAY,E 10TH ST,39.171472,-86.509376
2013,8,2,Weekday,2000,2-Car,No injury/unknown,FAILURE TO YIELD RIGHT OF WAY,E 10TH ST,39.171472,-86.509376
2013,8,5,Weekday,1500,2-Car,No injury/unknown,UNSAFE BACKING,N UNION ST,39.171472,-86.509376
2013,7,2,Weekday,2300,Moped/Motorcycle,Non-incapacitating,UNSAFE SPEED,10TH ST & UNION,39.171472,-86.509376
2013,8,3,Weekday,1100,2-Car,No injury/unknown,FAILURE TO YIELD RIGHT OF WAY,10TH & UNION ST,39.171472,-86.509376
2013,7,6,Weekday,1600,Moped/Motorcycle,Non-incapacitating,OTHER (DRIVER) - EXPLAIN IN NARRATIVE,PETE ELLIS DR & SR45,39.17146144,-86.49541336
2013,12,6,Weekend,1900,2-Car,No injury/unknown,UNSAFE LANE MOVEMENT,PETE ELLIS DR & SR45,39.17146144,-86.49541336
2013,4,2,Weekday,2200,2-Car,No injury/unknown,FOLLOWING TOO CLOSELY,10TH & JORDAN AVE,39.17144254,-86.51574009
2013,4,1,Weekend,100,1-Car,No injury/unknown,OTHER (DRIVER) - EXPLAIN IN NARRATIVE,W 10TH ST,39.17144,-86.548192
2013,9,6,Weekday,1800,2-Car,No injury/unknown,OTHER (DRIVER) - EXPLAIN IN NARRATIVE,EAST 10TH ST,39.17144,-86.548192
2013,12,6,Weekday,1300,2-Car,Non-incapacitating,SPEED TOO FAST FOR WEATHER CONDITIONS,800 NORTH SMITH RD & MEADOW BROOK APT,39.171425,-86.479675
2013,12,6,Weekday,1300,1-Car,No injury/unknown,SPEED TOO FAST FOR WEATHER CONDITIONS,10TH ST & JEFFERSON,39.17141028,-86.50722728
2013,8,1,Weekend,1200,2-Car,No injury/unknown,OTHER (DRIVER) - EXPLAIN IN NARRATIVE,N WALNUT ST,39.17132767,-86.53352555
2013,2,6,Weekday,1300,2-Car,No injury/unknown,UNSAFE BACKING,EAST 10TH ST,39.171312,-86.5492
2013,2,4,Weekday,1100,2-Car,No injury/unknown,UNSAFE BACKING,10TH ST,39.171312,-86.5492
2013,6,4,Weekday,700,2-Car,No injury/unknown,UNSAFE BACKING,EAST 10TH ST,39.171312,-86.5492
2013,10,5,Weekday,1400,1-Car,No injury/unknown,UNSAFE BACKING,E 10TH ST,39.171312,-86.5492
2013,5,5,Weekday,2200,1-Car,No injury/unknown,UNSAFE BACKING,N GATES DR,39.17126846,-86.57679748
2013,5,4,Weekday,900,2-Car,No injury/unknown,FAILURE TO YIELD RIGHT OF WAY,N SMITH RD,39.171248,-86.481328
2013,1,4,Weekday,2200,2-Car,No injury/unknown,IMPROPER LANE USAGE,10TH & UNION ST,39.17119738,-86.50937067
2013,8,5,Weekday,2200,1-Car,No injury/unknown,UNSAFE BACKING,WALNUT ST,39.17115625,-86.53352784
2013,11,3,Weekday,900,2-Car,No injury/unknown,FAILURE TO YIELD RIGHT OF WAY,10TH & UNION ST,39.17106006,-86.509368
2013,8,1,Weekend,1700,2-Car,Incapacitating,FOLLOWING TOO CLOSELY,SR46 & UNIONVILLE,39.17098821,-86.5019736
2013,9,4,Weekday,1400,2-Car,No injury/unknown,UNSAFE BACKING,S COLLEGE AVE,39.17088686,-86.534768
2013,11,3,Weekday,1400,2-Car,No injury/unknown,FAILURE TO YIELD RIGHT OF WAY,S COLLEGE AVE,39.17088686,-86.534768
2013,11,1,Weekend,1300,2-Car,Non-incapacitating,DRIVER DISTRACTED - EXPLAIN IN NARRATIVE,E 10TH & SR46E,39.17088014,-86.50171207
2013,6,2,Weekday,2000,2-Car,No injury/unknown,UNSAFE BACKING,N WALNUT ST,39.17086237,-86.53353176
2013,4,3,Weekday,1800,2-Car,No injury/unknown,DRIVER DISTRACTED - EXPLAIN IN NARRATIVE,E HILLSIDE DR,39.170848,-86.503696
2013,8,6,Weekday,1200,2-Car,No injury/unknown,UNSAFE BACKING,E HILLSIDE DR,39.170848,-86.503696
2013,3,6,Weekday,1400,2-Car,No injury/unknown,OTHER (DRIVER) - EXPLAIN IN NARRATIVE,4TH & GRANT ST,39.17084706,-86.52981966
2013,1,5,Weekday,1500,2-Car,No injury/unknown,OTHER (DRIVER) - EXPLAIN IN NARRATIVE,N WALNUT ST,39.17073992,-86.53353339
2013,4,5,Weekday,1100,Bus,No injury/unknown,IMPROPER TURNING,E JOHN HINKLE & N PETE ELLIS DR,39.17072,-86.4956
2013,9,6,Weekday,1700,2-Car,No injury/unknown,SPEED TOO FAST FOR WEATHER CONDITIONS,JOHN HINKLE & PETE ELLIS DR,39.17072,-86.4956
2013,9,6,Weekday,1600,3+ Cars,No injury/unknown,FOLLOWING TOO CLOSELY,9TH & WALNUT ST,39.17068132,-86.53353417
2013,7,4,Weekday,1600,2-Car,No injury/unknown,UNSAFE BACKING,N PARK AVE,39.17058906,-86.52456196
2013,2,3,Weekday,1200,2-Car,No injury/unknown,UNSAFE BACKING,N JACOBS DR,39.17057008,-86.5723139
2013,2,4,Weekday,1100,2-Car,No injury/unknown,UNSAFE BACKING,N JACOBS DR,39.17057008,-86.5723139
2013,6,6,Weekday,1000,2-Car,Non-incapacitating,UNSAFE BACKING,N JACOB DR,39.17057008,-86.5723139
2013,7,3,Weekday,700,1-Car,No injury/unknown,OTHER (DRIVER) - EXPLAIN IN NARRATIVE,NINTH ST & WOODLAWN,39.170544,-86.523488
2013,1,3,Weekday,800,2-Car,No injury/unknown,OTHER (DRIVER) - EXPLAIN IN NARRATIVE,9TH ST & PARK,39.170544,-86.52456
2013,6,4,Weekday,1400,2-Car,No injury/unknown,UNSAFE BACKING,E 9TH ST,39.170544,-86.52793437
2013,7,2,Weekday,700,2-Car,No injury/unknown,,501 N DUNN ST & 9TH,39.170544,-86.52824
2013,8,7,Weekend,1900,2-Car,No injury/unknown,UNSAFE BACKING,BLOCK OF DUNN ST,39.170544,-86.52824
2013,9,2,Weekday,1000,Cyclist,Non-incapacitating,PEDESTRIAN ACTION,9TH & N DUNN ST,39.170544,-86.52824
2013,8,4,Weekday,1600,2-Car,No injury/unknown,FAILURE TO YIELD RIGHT OF WAY,E 9TH ST & GRANT,39.170544,-86.529696
2013,5,6,Weekday,1800,2-Car,No injury/unknown,SPEED TOO FAST FOR WEATHER CONDITIONS,W 9TH ST & WALNUT,39.170544,-86.533536
2013,7,7,Weekend,1900,Pedestrian,Non-incapacitating,FAILURE TO YIELD RIGHT OF WAY,E 9TH ST & WALNUT,39.170544,-86.533536
2013,1,5,Weekday,1800,Bus,No injury/unknown,SPEED TOO FAST FOR WEATHER CONDITIONS,9TH & NORTH COLLEGE AVE,39.170544,-86.534768
2013,3,4,Weekday,1100,2-Car,No injury/unknown,FAILURE TO YIELD RIGHT OF WAY,N COLLEGE AVE & W 9TH,39.170544,-86.534768
2013,3,7,Weekend,1000,2-Car,Non-incapacitating,FAILURE TO YIELD RIGHT OF WAY,9TH & N COLLEGE AVE,39.170544,-86.534768
2013,1,7,Weekend,1400,1-Car,No injury/unknown,OTHER (DRIVER) - EXPLAIN IN NARRATIVE,EAST JOHN HINKLE PL,39.17053986,-86.49426269