Year,Month,Day,Weekend?,Hour,Collision Type,Injury Type,Primary Factor,Reported_Location,Latitude,Longitude
2013,5,4,Weekday,1500,2-Car,No injury/unknown,FAILURE TO YIELD RIGHT OF WAY,9TH & GRANT ST,39.1704601,-86.52977004
2013,1,4,Weekday,1800,2-Car,No injury/unknown,FOLLOWING TOO CLOSELY,9TH & WALNUT ST,39.1704601,-86.53356
2013,1,4,Weekday,1700,2-Car,No injury/unknown,IMPROPER TURNING,9TH & WALNUT ST,39.1704601,-86.53356
2013,8,6,Weekday,1600,2-Car,No injury/unknown,FOLLOWING TOO CLOSELY,9TH & WALNUT ST,39.1704601,-86.53356
2013,2,5,Weekday,1800,2-Car,No injury/unknown,FAILURE TO YIELD RIGHT OF WAY,9TH & COLLEGE AVE,39.1704601,-86.53485015
2013,10,7,Weekend,2200,2-Car,No injury/unknown,UNSAFE LANE MOVEMENT,9TH & COLLEGE AVE,39.1704601,-86.53485015
2013,1,3,Weekday,1400,2-Car,No injury/unknown,IMPROPER LANE USAGE,9TH ST & WOODLAWN,39.17042993,-86.52349971
2013,11,4,Weekday,0,2-Car,No injury/unknown,,HILLSDALE & HILLSDALE DR,39.17040712,-86.50305993
2013,12,2,Weekday,600,1-Car,No injury/unknown,ANIMAL/OBJECT IN ROADWAY,BOTTOM & SR37N,39.17035524,-86.55792236
2013,3,3,Weekday,1300,2-Car,No injury/unknown,UNSAFE BACKING,NORTH JACOB DR,39.1702919,-86.57196044
2013,3,3,Weekday,1900,2-Car,No injury/unknown,FAILURE TO YIELD RIGHT OF WAY,EASTGATE & SR4546N,39.17024,-86.501392
2013,12,6,Weekday,1800,3+ Cars,Non-incapacitating,BRAKE FAILURE OR DEFECTIVE,EASTGATE & SR45N,39.17024,-86.501392
2013,9,3,Weekday,800,2-Car,No injury/unknown,UNSAFE BACKING,8TH & HOPEWELL ST,39.17022931,-86.552192
2013,9,2,Weekday,900,2-Car,No injury/unknown,UNSAFE BACKING,E EASTGATE LN,39.170159,-86.501186
2013,10,6,Weekday,1400,2-Car,No injury/unknown,DRIVER DISTRACTED - EXPLAIN IN NARRATIVE,EASTGATE & SR45S,39.17015076,-86.5014801
2013,6,4,Weekday,1600,2-Car,No injury/unknown,FAILURE TO YIELD RIGHT OF WAY,N DANIELS WAY & ZENITTH,39.17015031,-86.59829981
2013,2,5,Weekday,1000,2-Car,No injury/unknown,UNSAFE BACKING,N PARK RIDGE RD,39.170144,-86.474896
2013,11,2,Weekday,1200,2-Car,No injury/unknown,,N COLLEGE AVE,39.17009861,-86.53477518
2013,12,1,Weekend,300,2-Car,No injury/unknown,UNSAFE BACKING,NORTH WALNUT ST,39.17002869,-86.53322601
2013,11,7,Weekend,1000,1-Car,No injury/unknown,UNSAFE BACKING,SOUTH WALNUT ST,39.16999739,-86.53354482
2013,4,5,Weekday,1400,2-Car,No injury/unknown,FAILURE TO YIELD RIGHT OF WAY,CATHCART & SOUTH WILCOX ST,39.1699906,-86.49986006
2013,8,4,Weekday,1400,1-Car,No injury/unknown,DRIVER ILLNESS,NORTH COLLEGE AVE,39.16997528,-86.53449249
2013,7,1,Weekend,1300,2-Car,No injury/unknown,UNSAFE BACKING,GATES DR,39.1698761,-86.57495117
2013,8,7,Weekend,1800,2-Car,No injury/unknown,UNSAFE BACKING,NORTH GATES DR,39.1698761,-86.57495117
2013,2,1,Weekend,1200,2-Car,No injury/unknown,IMPROPER TURNING,8TH & N COLLEGE AVE,39.16982663,-86.53477957
2013,10,1,Weekend,1100,2-Car,No injury/unknown,FOLLOWING TOO CLOSELY,8TH & COLLEGE AVE,39.16982663,-86.53477957
2013,1,3,Weekday,100,1-Car,No injury/unknown,OVERCORRECTING/OVERSTEERING,W SMITH AVE,39.1698213,-86.48138871
2013,9,3,Weekday,1200,2-Car,No injury/unknown,OTHER (DRIVER) - EXPLAIN IN NARRATIVE,BELL TRACE CIR,39.16973121,-86.49048909
2013,1,4,Weekday,1300,1-Car,No injury/unknown,OTHER (VEHICLE) - EXPLAIN IN NARRATIVE,WEST 8TH TRLR 6 ST,39.16972931,-86.55493061
2013,10,5,Weekday,1400,2-Car,No injury/unknown,OTHER (DRIVER) - EXPLAIN IN NARRATIVE,SEVENTH & UNION ST,39.16970103,-86.50943432
2013,12,7,Weekend,1500,2-Car,No injury/unknown,OTHER (DRIVER) - EXPLAIN IN NARRATIVE,8TH & WALNUT ST,39.16968932,-86.53354979
2013,8,2,Weekday,1600,1-Car,No injury/unknown,UNSAFE BACKING,WALNUT ST,39.1696883,-86.53351038
2013,10,6,Weekday,1600,2-Car,Non-incapacitating,FAILURE TO YIELD RIGHT OF WAY,EAST 8TH & NORTH DUNN ST,39.169648,-86.52824
2013,1,7,Weekend,1200,2-Car,No injury/unknown,UNSAFE BACKING,NORTH JORDAN AVE,39.16964203,-86.51621751
2013,2,2,Weekday,1900,2-Car,No injury/unknown,,E 8TH ST & INDIANA,39.169616,-86.52696
2013,1,3,Weekday,1200,2-Car,No injury/unknown,DRIVER DISTRACTED - EXPLAIN IN NARRATIVE,EAST 8TH ST,39.169616,-86.5432
2013,2,4,Weekday,1400,2-Car,No injury/unknown,,N ROGERS,39.16961371,-86.53857567
2013,9,2,Weekday,1000,2-Car,No injury/unknown,FAILURE TO YIELD RIGHT OF WAY,N PETE ELLIS DR,39.169584,-86.495904
2013,3,5,Weekday,1200,2-Car,No injury/unknown,FAILURE TO YIELD RIGHT OF WAY,8TH & N ROGERS ST,39.169584,-86.538576
2013,9,4,Weekday,800,2-Car,No injury/unknown,FAILURE TO YIELD RIGHT OF WAY,8TH & S ROGERS ST,39.169584,-86.538576
2013,10,4,Weekday,1700,2-Car,No injury/unknown,FAILURE TO YIELD RIGHT OF WAY,8TH & ROGERS ST,39.169584,-86.538576
2013,11,1,Weekend,1500,Moped/Motorcycle,Fatal,LEFT OF CENTER,SR48W & VERNAL,39.1695645,-86.67307377
2013,6,1,Weekend,1200,2-Car,Non-incapacitating,WRONG WAY ON ONE WAY,E 8TH & N LINCOLN ST,39.169552,-86.530992
2013,5,7,Weekend,1900,3+ Cars,Non-incapacitating,FAILURE TO YIELD RIGHT OF WAY,8TH & N WALNUT ST,39.169552,-86.533552
2013,12,3,Weekday,2200,Pedestrian,Non-incapacitating,IMPROPER TURNING,8TH & N WALNUT ST,39.169552,-86.533552
2013,2,7,Weekend,200,2-Car,Non-incapacitating,UNSAFE LANE MOVEMENT,8TH & COLLEGE AVE,39.169552,-86.534784
2013,10,1,Weekend,1100,2-Car,No injury/unknown,UNSAFE LANE MOVEMENT,N COLLEGE AVE & W 8TH,39.169552,-86.534784
2013,11,5,Weekday,2300,2-Car,No injury/unknown,FAILURE TO YIELD RIGHT OF WAY,8TH & COLLEGE ST,39.169552,-86.534784
2013,12,6,Weekday,1100,2-Car,No injury/unknown,FAILURE TO YIELD RIGHT OF WAY,N COLLEGE AVE & W 8TH,39.169552,-86.534784
2013,10,2,Weekday,1100,2-Car,No injury/unknown,FAILURE TO YIELD RIGHT OF WAY,8TH & ROGERS ST,39.16951999,-86.53866022
2013,10,5,Weekday,1000,2-Car,Non-incapacitating,DISREGARD SIGNAL/REG SIGN,EIGHTH & INDIANA AVE,39.16951018,-86.52696246
2013,5,2,Weekday,1700,2-Car,No injury/unknown,UNSAFE LANE MOVEMENT,8TH & COLLEGE AVE,39.16950993,-86.53484009
2013,8,5,Weekday,1000,2-Car,No injury/unknown,UNSAFE SPEED,KERR CREEK RD & SR46,39.16950736,-86.45889222
2013,11,3,Weekday,1800,2-Car,No injury/unknown,FAILURE TO YIELD RIGHT OF WAY,EIGHTH & WALNUT ST,39.16949578,-86.53357019
2013,4,5,Weekday,200,1-Car,Non-incapacitating,DRIVER DISTRACTED - EXPLAIN IN NARRATIVE,8TH & INDIANA AVE,39.16948982,-86.52695976
2013,1,2,Weekday,1400,2-Car,No injury/unknown,OTHER (DRIVER) - EXPLAIN IN NARRATIVE,DUNN & E 8TH ST,39.16948982,-86.528283
2013,11,4,Weekday,1100,2-Car,No injury/unknown,FAILURE TO YIELD RIGHT OF WAY,EIGHTH & WOODLAWN AVE,39.16947976,-86.52349032
2013,3,7,Weekend,2000,Pedestrian,Non-incapacitating,FAILURE TO YIELD RIGHT OF WAY,8TH & WALNUT ST,39.16947976,-86.53357006
2013,4,5,Weekday,2100,2-Car,No injury/unknown,FAILURE TO YIELD RIGHT OF WAY,8TH & WALNUT ST,39.16947976,-86.53357006
2013,9,5,Weekday,1700,Bus,No injury/unknown,FAILURE TO YIELD RIGHT OF WAY,E 8TH ST & WOODLAWN,39.16947817,-86.52349401
2013,3,2,Weekday,800,1-Car,No injury/unknown,ROADWAY SURFACE CONDITION,NORTH HARTSTRAIGHT RD,39.16925049,-86.61382293
2013,2,7,Weekend,1100,1-Car,No injury/unknown,DISREGARD SIGNAL/REG SIGN,7TH & ADAMS ST,39.16912327,-86.54953919
2013,2,1,Weekend,0,2-Car,No injury/unknown,,SOUTH MORTON ST,39.169056,-86.536
2013,4,3,Weekday,1100,3+ Cars,Non-incapacitating,FAILURE TO YIELD RIGHT OF WAY,7TH & UNION ST,39.16899987,-86.509328
2013,11,7,Weekend,0,1-Car,No injury/unknown,ANIMAL/OBJECT IN ROADWAY,SR48 & VERNAL,39.16898809,-86.66456348
2013,3,7,Weekend,1400,Cyclist,No injury/unknown,DISREGARD SIGNAL/REG SIGN,7TH & JORDAN AVE,39.168944,-86.516016
2013,9,4,Weekday,1800,Moped/Motorcycle,Non-incapacitating,IMPROPER LANE USAGE,7TH ST & JORDAN,39.168944,-86.516016
2013,10,4,Weekday,1400,Pedestrian,Non-incapacitating,FAILURE TO YIELD RIGHT OF WAY,7TH & JORDAN AVE,39.168944,-86.516016
2013,7,6,Weekday,1000,Cyclist,Non-incapacitating,OTHER (DRIVER) - EXPLAIN IN NARRATIVE,S WALNUT ST,39.16890057,-86.53356343
2013,5,4,Weekday,1600,2-Car,No injury/unknown,,E EASTGATE LN,39.16887492,-86.49876303
2013,3,2,Weekday,900,2-Car,No injury/unknown,,E EASTGATE LN,39.16887492,-86.49906545
2013,10,4,Weekday,1900,Cyclist,No injury/unknown,FAILURE TO YIELD RIGHT OF WAY,7TH & JORDAN AVE,39.16885011,-86.51615984
2013,10,3,Weekday,1900,Cyclist,Non-incapacitating,FAILURE TO YIELD RIGHT OF WAY,7TH & JORDAN AVE,39.16885011,-86.51615984
2013,3,6,Weekend,1900,2-Car,No injury/unknown,FAILURE TO YIELD RIGHT OF WAY,7TH ST & JORDAN,39.16885011,-86.51616849
2013,2,4,Weekday,1300,2-Car,No injury/unknown,FOLLOWING TOO CLOSELY,7TH & N COLLEGE AVE,39.16876586,-86.534784
2013,9,1,Weekend,0,2-Car,No injury/unknown,,COLLEGE AVE,39.16876495,-86.53479784
2013,11,6,Weekday,1200,2-Car,No injury/unknown,DISREGARD SIGNAL/REG SIGN,GATES DR & JONATHAN,39.16876025,-86.57641969
2013,12,2,Weekday,1000,2-Car,Non-incapacitating,FOLLOWING TOO CLOSELY,GATES & JONATHAN DR,39.16876025,-86.57641969
2013,3,6,Weekday,1400,2-Car,No injury/unknown,OTHER (DRIVER) - EXPLAIN IN NARRATIVE,E 7TH ST,39.168752,-86.5436
2013,6,1,Weekend,1800,2-Car,No injury/unknown,,E 7TH ST,39.168752,-86.5436
2013,9,5,Weekday,2300,1-Car,No injury/unknown,RAN OFF ROAD RIGHT,EAST 7TH ST,39.168752,-86.5436
2013,9,2,Weekday,1200,2-Car,No injury/unknown,,E 7TH ST,39.168752,-86.5436
2013,11,6,Weekday,1200,2-Car,No injury/unknown,UNSAFE BACKING,EAST 7TH ST,39.168752,-86.5436
2013,4,5,Weekday,0,2-Car,No injury/unknown,UNSAFE LANE MOVEMENT,826 W 7TH ST & WALDRON,39.16874825,-86.5432472
2013,11,7,Weekend,800,2-Car,No injury/unknown,OTHER (DRIVER) - EXPLAIN IN NARRATIVE,N COLLEGE AVE,39.16874743,-86.534784
2013,4,4,Weekday,900,2-Car,No injury/unknown,UNSAFE BACKING,E 7TH ST & N CAMPBELL,39.16873199,-86.51390544
2013,12,2,Weekday,300,1-Car,No injury/unknown,RAN OFF ROAD RIGHT,SR43 & SR48W,39.16873169,-86.68357953
2013,2,1,Weekend,0,2-Car,Non-incapacitating,FAILURE TO YIELD RIGHT OF WAY,NORTH ROGERS ST & WEST 7TH,39.168704,-86.538576
2013,5,3,Weekday,600,1-Car,Non-incapacitating,RAN OFF ROAD RIGHT,N ROGERS ST & W 7TH,39.168704,-86.538576
2013,5,6,Weekday,800,2-Car,No injury/unknown,UNSAFE BACKING,7TH & ROGERS ST,39.168704,-86.538576
2013,12,7,Weekend,1600,2-Car,No injury/unknown,FOLLOWING TOO CLOSELY,S ROGERS ST & W 7TH,39.168704,-86.538576
2013,10,3,Weekday,1700,2-Car,No injury/unknown,FOLLOWING TOO CLOSELY,SR37N & VERNAL,39.16868722,-86.56252288
2013,1,4,Weekday,1300,2-Car,No injury/unknown,UNSAFE LANE MOVEMENT,SR37 & SR48,39.16867843,-86.57236845
2013,7,3,Weekday,1200,Bus,No injury/unknown,UNSAFE BACKING,7TH & MORTON ST,39.168672,-86.536
2013,8,6,Weekday,800,1-Car,Non-incapacitating,DRIVER DISTRACTED - EXPLAIN IN NARRATIVE,N WALNUT ST,39.16865861,-86.53356767
2013,8,7,Weekend,100,2-Car,No injury/unknown,,N WALNUT ST,39.16865861,-86.53356767
2013,4,6,Weekday,1200,2-Car,No injury/unknown,FAILURE TO YIELD RIGHT OF WAY,COLLEGE & SEVENTH ST,39.168656,-86.534784
2013,2,1,Weekend,0,2-Car,No injury/unknown,FAILURE TO YIELD RIGHT OF WAY,S COLLEGE & W 7TH ST,39.168656,-86.534784
2013,5,5,Weekday,1500,2-Car,No injury/unknown,UNSAFE BACKING,N COLLEGE AVE,39.168656,-86.534784
2013,9,6,Weekday,1500,3+ Cars,No injury/unknown,FOLLOWING TOO CLOSELY,7TH & NORTH COLLEGE AVE,39.168656,-86.534784
2013,9,7,Weekend,0,Pedestrian,Non-incapacitating,DISREGARD SIGNAL/REG SIGN,7TH & N COLLEGE AVE,39.168656,-86.534784
2013,10,3,Weekday,800,2-Car,No injury/unknown,,COLLEGE & WEST 7TH ST,39.168656,-86.534784
2013,1,1,Weekend,200,2-Car,No injury/unknown,OTHER (DRIVER) - EXPLAIN IN NARRATIVE,7TH ST & WALNUT,39.16864232,-86.53374439
2013,12,5,Weekday,1200,2-Car,No injury/unknown,FAILURE TO YIELD RIGHT OF WAY,N OAK & W 7TH ST,39.16864023,-86.54687985
2013,9,6,Weekday,800,2-Car,No injury/unknown,DRIVER DISTRACTED - EXPLAIN IN NARRATIVE,7TH ST & OAK,39.16864023,-86.54688634
2013,11,3,Weekday,1400,Bus,No injury/unknown,UNSAFE LANE MOVEMENT,E 7TH ST & WASHINGTON,39.16864,-86.53257642
2013,10,5,Weekday,1300,2-Car,No injury/unknown,VIEW OBSTRUCTED,7TH ST & WOODLAWN,39.16864,-86.523392
2013,11,3,Weekday,1300,1-Car,No injury/unknown,UNSAFE BACKING,7TH & WOODLAWN AVE,39.16864,-86.523392
2013,6,4,Weekday,1800,1-Car,No injury/unknown,OTHER (ENVIRONMENTAL) - EXPLAIN IN NARR,7TH & INDIANA AVE,39.16864,-86.526944
2013,1,7,Weekend,1700,1-Car,No injury/unknown,STEERING FAILURE,7TH ST & INDIANA,39.16864,-86.52697928
2013,1,5,Weekday,100,2-Car,No injury/unknown,IMPROPER LANE USAGE,7TH ST & GRANT,39.16864,-86.529696
2013,3,2,Weekday,1500,1-Car,No injury/unknown,IMPROPER TURNING,EAST 7TH ST,39.16864,-86.529696
2013,4,4,Weekday,1900,2-Car,No injury/unknown,,7TH & NORTH LINCOLN ST,39.16864,-86.530992
2013,9,1,Weekend,0,2-Car,No injury/unknown,,7TH ST & WASHINGTON,39.16864,-86.5324
2013,11,4,Weekday,1100,2-Car,No injury/unknown,FAILURE TO YIELD RIGHT OF WAY,E 7TH ST & S WASHINGTON,39.16864,-86.5324
2013,1,6,Weekday,1000,2-Car,No injury/unknown,FAILURE TO YIELD RIGHT OF WAY,7TH & WALNUT ST,39.16864,-86.533568
2013,4,2,Weekday,1900,2-Car,No injury/unknown,UNSAFE LANE MOVEMENT,7TH & WALNUT ST,39.16864,-86.533568
2013,3,5,Weekday,2300,2-Car,No injury/unknown,IMPROPER TURNING,205 N WALNUT ST & 7TH,39.16864,-86.533568
2013,9,7,Weekend,200,2-Car,No injury/unknown,UNSAFE LANE MOVEMENT,7TH & WALNUT ST,39.16864,-86.533568
2013,10,7,Weekend,200,2-Car,No injury/unknown,UNSAFE BACKING,N WALNUT ST,39.16864,-86.533568
2013,12,6,Weekday,200,2-Car,No injury/unknown,FAILURE TO YIELD RIGHT OF WAY,N WALNUT AVE & W 7TH,39.16864,-86.533568
2013,1,2,Weekday,1100,2-Car,No injury/unknown,FAILURE TO YIELD RIGHT OF WAY,7TH & ROGERS ST,39.16858993,-86.53867028
2013,4,3,Weekday,1500,2-Car,Non-incapacitating,DRIVER DISTRACTED - EXPLAIN IN NARRATIVE,7TH & ROGERS ST,39.16858993,-86.53867028
2013,11,4,Weekday,1100,2-Car,Non-incapacitating,FAILURE TO YIELD RIGHT OF WAY,7TH & ROGERS ST,39.16858993,-86.53867028
2013,9,6,Weekday,700,Cyclist,No injury/unknown,FAILURE TO YIELD RIGHT OF WAY,7TH ST & MADISON,39.16857988,-86.53740458
2013,7,4,Weekday,1100,2-Car,Non-incapacitating,IMPROPER TURNING,7TH & COLLEGE AVE,39.16855976,-86.5348602
2013,9,1,Weekend,1200,Bus,No injury/unknown,LEFT OF CENTER,7TH ST & COLLEGE,39.16855976,-86.5348602
2013,1,6,Weekday,1800,2-Car,No injury/unknown,DRIVER DISTRACTED - EXPLAIN IN NARRATIVE,7TH & WALNUT ST,39.1685497,-86.53359018
2013,1,3,Weekday,1400,2-Car,No injury/unknown,FAILURE TO YIELD RIGHT OF WAY,7TH ST & WALNUT,39.1685497,-86.53359018
2013,3,6,Weekday,1400,2-Car,No injury/unknown,OTHER (DRIVER) - EXPLAIN IN NARRATIVE,7TH ST & WALNUT,39.1685497,-86.53359018
2013,4,6,Weekday,0,Pedestrian,Non-incapacitating,FAILURE TO YIELD RIGHT OF WAY,7TH & WALNUT ST,39.1685497,-86.53359018
2013,7,6,Weekday,1400,2-Car,No injury/unknown,DRIVER DISTRACTED - EXPLAIN IN NARRATIVE,7TH & WALNUT ST,39.1685497,-86.53359018
2013,4,2,Weekday,1300,2-Car,Non-incapacitating,FAILURE TO YIELD RIGHT OF WAY,7TH ST & WALNUT,39.1685497,-86.53361614
2013,4,5,Weekday,1800,2-Car,Non-incapacitating,FOLLOWING TOO CLOSELY,7TH ST & LINCOLN,39.16854031,-86.53106018
2013,10,2,Weekday,1700,2-Car,No injury/unknown,UNSAFE BACKING,7TH & WASHINGTON ST,39.16854031,-86.53233021
2013,4,3,Weekday,2300,Pedestrian,Non-incapacitating,LEFT OF CENTER,7TH ST & SUNRISE,39.16853026,-86.51242017
2013,4,2,Weekday,900,2-Car,No injury/unknown,UNSAFE BACKING,JACOB DR,39.16852154,-86.57362014
2013,11,7,Weekend,1000,2-Car,No injury/unknown,UNSAFE LANE MOVEMENT,7TH ST & DUNN,39.16851014,-86.5282499
2013,12,4,Weekday,1900,Pedestrian,Non-incapacitating,FAILURE TO YIELD RIGHT OF WAY,7TH ST & DUNN,39.16851014,-86.5282499
2013,12,5,Weekday,1700,2-Car,No injury/unknown,,NORTH GATES DR,39.16850746,-86.57636202
2013,7,6,Weekday,1800,2-Car,No injury/unknown,OTHER (VEHICLE) - EXPLAIN IN NARRATIVE,DANLYN RD & TAPP,39.16850053,-86.57611995
2013,10,2,Weekday,1000,2-Car,No injury/unknown,OTHER (ENVIRONMENTAL) - EXPLAIN IN NARR,7TH ST & FESS,39.16850008,-86.52578026
2013,1,3,Weekday,1400,2-Car,Non-incapacitating,FAILURE TO YIELD RIGHT OF WAY,7TH ST & INDIANA,39.16850008,-86.5269497
2013,11,3,Weekday,1700,2-Car,No injury/unknown,UNSAFE SPEED,7TH ST & INDIANA,39.16850008,-86.5269497
2013,12,6,Weekend,2000,Cyclist,No injury/unknown,FAILURE TO YIELD RIGHT OF WAY,PARK AVE & SEVENTH,39.16849932,-86.52462619
2013,1,7,Weekend,1000,Bus,No injury/unknown,UNSAFE BACKING,SEVENTH & WOODLAWN AVE,39.16848867,-86.52347771
2013,5,2,Weekday,1100,1-Car,No injury/unknown,OTHER (VEHICLE) - EXPLAIN IN NARRATIVE,7TH & FORREST AVE,39.16846991,-86.52236701
2013,6,7,Weekend,2200,2-Car,No injury/unknown,UNSAFE BACKING,E 7TH ST & FORREST,39.16846991,-86.52239297
2013,6,5,Weekday,1700,Pedestrian,Non-incapacitating,BRAKE FAILURE OR DEFECTIVE,E EASTGATE LN,39.168434,-86.498863
2013,4,4,Weekday,1700,2-Car,No injury/unknown,FOLLOWING TOO CLOSELY,E ATWATER & S FACULTY AVE,39.16838627,-86.52105767
2013,8,2,Weekday,1600,2-Car,No injury/unknown,UNSAFE BACKING,7TH ST,39.16837311,-86.54669952
2013,1,6,Weekday,1300,2-Car,No injury/unknown,FAILURE TO YIELD RIGHT OF WAY,CURRY PIKE & JONATHAN,39.16835994,-86.5829797
2013,7,5,Weekday,1900,2-Car,No injury/unknown,FOLLOWING TOO CLOSELY,JONATHAN & N CURRY PIKE,39.16835994,-86.5829797
2013,7,2,Weekday,1500,2-Car,No injury/unknown,FAILURE TO YIELD RIGHT OF WAY,JOHNATHAN & N CURRY PIKE PIKE,39.16835994,-86.5829797
2013,9,5,Weekday,1300,2-Car,No injury/unknown,UNSAFE LANE MOVEMENT,CURRY PIKE & JONATHAN,39.16835994,-86.5829797
2013,10,1,Weekend,1300,Moped/Motorcycle,No injury/unknown,FOLLOWING TOO CLOSELY,CUURY PIKE & JONATHAN,39.16835994,-86.5829797
2013,11,5,Weekday,1700,Moped/Motorcycle,Non-incapacitating,FAILURE TO YIELD RIGHT OF WAY,CURRY PIKE & JONATHAN,39.16835994,-86.5829797
2013,12,6,Weekday,1700,3+ Cars,Non-incapacitating,FAILURE TO YIELD RIGHT OF WAY,CURRY PIKE & JONATHAN,39.16835994,-86.5829797
2013,5,4,Weekday,1500,1-Car,Non-incapacitating,DRIVER ILLNESS,CURRY & JONATHAN DR,39.16835994,-86.58298403
2013,7,4,Weekday,1000,Bus,No injury/unknown,IMPROPER PASSING,ATWATER & JORDAN AVE,39.16833684,-86.51638984
2013,12,4,Weekday,1700,2-Car,No injury/unknown,,NORTH JORDAN AVE,39.16833115,-86.51569366
2013,11,5,Weekday,1500,2-Car,No injury/unknown,FAILURE TO YIELD RIGHT OF WAY,CURRY & JONATHAN DR,39.16830909,-86.58298388
2013,10,6,Weekday,900,1-Car,Non-incapacitating,ANIMAL/OBJECT IN ROADWAY,KINGS & SR46E,39.16830826,-86.44885152
2013,1,2,Weekday,800,2-Car,No injury/unknown,UNSAFE BACKING,CAMBRIDGE DR & PARKRIDGE,39.16830624,-86.47511712
2013,7,5,Weekday,1500,3+ Cars,Non-incapacitating,FOLLOWING TOO CLOSELY,SR37S & TAPP,39.16828969,-86.5544281
2013,2,4,Weekday,1500,2-Car,No injury/unknown,FAILURE TO YIELD RIGHT OF WAY,7TH & UNION ST,39.16825839,-86.5093136
2013,9,4,Weekday,1900,2-Car,No injury/unknown,,N GATES DR,39.16825801,-86.5763399
2013,10,2,Weekday,900,2-Car,No injury/unknown,IMPROPER TURNING,11TH & 709 N FEE GARAGE LN,39.16825648,-86.54174
2013,3,4,Weekday,800,3+ Cars,No injury/unknown,SPEED TOO FAST FOR WEATHER CONDITIONS,7TH ST & ROSE,39.16822509,-86.51123526
2013,5,3,Weekday,1700,2-Car,No injury/unknown,UNSAFE BACKING,7TH & N CLARK ST,39.168224,-86.504832
2013,3,5,Weekday,1600,1-Car,No injury/unknown,UNSAFE BACKING,BRAESIDE DR,39.16819967,-86.49439707
2013,1,5,Weekday,1800,1-Car,No injury/unknown,ROADWAY SURFACE CONDITION,7TH ST & UNION,39.168176,-86.509312
2013,1,5,Weekday,1900,2-Car,No injury/unknown,SPEED TOO FAST FOR WEATHER CONDITIONS,7TH ST & UNION,39.168176,-86.509312
2013,3,1,Weekend,800,2-Car,No injury/unknown,UNSAFE BACKING,NORTH COLLEGE AVE,39.16810057,-86.534784
2013,3,2,Weekday,1600,2-Car,No injury/unknown,DRIVER DISTRACTED - EXPLAIN IN NARRATIVE,7TH ST & UNION,39.16809976,-86.50945968
2013,7,3,Weekday,900,2-Car,No injury/unknown,FAILURE TO YIELD RIGHT OF WAY,7TH & UNION ST,39.16809976,-86.50945968
2013,2,6,Weekend,1900,2-Car,No injury/unknown,UNSAFE BACKING,N GATES DR,39.16803807,-86.57621853
2013,9,6,Weekday,400,2-Car,No injury/unknown,FOLLOWING TOO CLOSELY,JONATHAN DR,39.16797638,-86.58177185
2013,10,3,Weekday,1500,1-Car,No injury/unknown,RAN OFF ROAD RIGHT,BRAESIDE & PETE ELLIS DR,39.16791735,-86.49504
2013,12,1,Weekday,2200,2-Car,No injury/unknown,FOLLOWING TOO CLOSELY,FISHERS & JORDAN AVE,39.16790047,-86.5168599
2013,2,6,Weekday,1700,2-Car,No injury/unknown,OTHER (DRIVER) - EXPLAIN IN NARRATIVE,S FRANKLIN RD,39.16789246,-86.57160186
2013,4,5,Weekday,700,1-Car,No injury/unknown,OTHER (DRIVER) - EXPLAIN IN NARRATIVE,N MADISON ST,39.16787298,-86.537296
2013,6,3,Weekday,1300,Cyclist,Non-incapacitating,OTHER (DRIVER) - EXPLAIN IN NARRATIVE,6TH & MORTON ST,39.16786999,-86.536
2013,3,7,Weekend,1600,2-Car,No injury/unknown,,N GATES DR,39.16781209,-86.57606229
2013,10,5,Weekday,1500,2-Car,No injury/unknown,UNSAFE BACKING,N GATES DR,39.16781209,-86.57606229
2013,3,4,Weekday,700,2-Car,No injury/unknown,ROADWAY SURFACE CONDITION,DANIELS & SR48W,39.16778946,-86.5989685
2013,7,7,Weekend,1200,2-Car,No injury/unknown,,NORTH MORTON ST,39.16778743,-86.536
2013,4,1,Weekend,1700,2-Car,No injury/unknown,FOLLOWING TOO CLOSELY,6TH & ADAMS ST,39.167728,-86.5496
2013,11,7,Weekend,1500,2-Car,No injury/unknown,FAILURE TO YIELD RIGHT OF WAY,ADAMS & WEST 6TH ST,39.167728,-86.5496
2013,7,3,Weekday,800,2-Car,No injury/unknown,UNSAFE BACKING,N ELM ST & W 6TH,39.167712,-86.5452
2013,1,3,Weekday,1600,2-Car,No injury/unknown,FOLLOWING TOO CLOSELY,N ROGERS ST & WEST 6TH,39.16768,-86.538592
2013,6,3,Weekday,1400,2-Car,No injury/unknown,FAILURE TO YIELD RIGHT OF WAY,N ROGERS & WEST 6TH ST,39.16768,-86.538592
2013,11,1,Weekday,2000,2-Car,No injury/unknown,,NORTH ROGERS & WEST 6TH ST,39.16768,-86.538592
2013,9,5,Weekday,1200,2-Car,No injury/unknown,FAILURE TO YIELD RIGHT OF WAY,6TH ST & MADISON,39.167664,-86.53701374
2013,3,2,Weekday,0,2-Car,No injury/unknown,UNSAFE BACKING,N MORTON ST & W 6TH,39.167664,-86.536