Year,Month,Day,Weekend?,Hour,Collision Type,Injury Type,Primary Factor,Reported_Location,Latitude,Longitude
2013,9,2,Weekday,1000,Pedestrian,Non-incapacitating,UNSAFE BACKING,N MORTON ST & W 6TH,39.167664,-86.536
2013,9,4,Weekday,1100,Pedestrian,Incapacitating,FAILURE TO YIELD RIGHT OF WAY,MORTON & W 6TH ST,39.167664,-86.536
2013,11,2,Weekday,1500,2-Car,No injury/unknown,UNSAFE BACKING,6TH & MORTON ST,39.167664,-86.536
2013,6,5,Weekday,1200,2-Car,No injury/unknown,FAILURE TO YIELD RIGHT OF WAY,6TH & MADISON ST,39.167664,-86.537296
2013,9,1,Weekend,1800,2-Car,No injury/unknown,UNSAFE BACKING,BLOCK OF E 6TH AND DUNN ST,39.167664,-86.537296
2013,1,4,Weekday,1400,2-Car,No injury/unknown,UNSAFE BACKING,6TH ST & WALNUT,39.16765038,-86.53340761
2013,10,6,Weekday,1600,2-Car,No injury/unknown,FAILURE TO YIELD RIGHT OF WAY,6TH & ADAMS ST,39.16764982,-86.54965996
2013,6,6,Weekday,1200,2-Car,No injury/unknown,FOLLOWING TOO CLOSELY,6TH ST & WALNUT,39.167648,-86.53376041
2013,3,1,Weekend,1700,2-Car,No injury/unknown,UNSAFE LANE MOVEMENT,E 6TH & N WALNUT ST,39.167648,-86.533584
2013,6,4,Weekday,2100,2-Car,No injury/unknown,UNSAFE LANE MOVEMENT,6TH & WALNUT ST,39.167648,-86.533584
2013,4,7,Weekend,1200,2-Car,No injury/unknown,UNSAFE LANE MOVEMENT,100 N WALNUT ST & 6TH,39.167648,-86.533584
2013,5,6,Weekday,1100,2-Car,Non-incapacitating,IMPROPER TURNING,6TH & WALNUT ST,39.167648,-86.533584
2013,3,3,Weekday,1100,2-Car,No injury/unknown,UNSAFE BACKING,COLLEGE & W 6TH ST,39.167648,-86.534784
2013,11,3,Weekday,1300,2-Car,No injury/unknown,DISREGARD SIGNAL/REG SIGN,6TH & COLLEGE AVE,39.167648,-86.534784
2013,11,7,Weekend,1300,Bus,No injury/unknown,IMPROPER TURNING,COLLEGE & W 6TH ST,39.167648,-86.534784
2013,4,3,Weekday,1300,2-Car,No injury/unknown,FAILURE TO YIELD RIGHT OF WAY,6TH ST & ELM,39.16763976,-86.54527992
2013,7,2,Weekday,1900,2-Car,No injury/unknown,FOLLOWING TOO CLOSELY,ROGERS ST & SIXTH,39.16759014,-86.53867967
2013,7,3,Weekday,1300,2-Car,Non-incapacitating,FAILURE TO YIELD RIGHT OF WAY,6 TH & ROGERS ST,39.16759014,-86.53867967
2013,10,6,Weekday,1800,2-Car,Non-incapacitating,FAILURE TO YIELD RIGHT OF WAY,6TH & ROGERS ST,39.16759014,-86.53867967
2013,12,4,Weekday,1200,2-Car,No injury/unknown,DRIVER DISTRACTED - EXPLAIN IN NARRATIVE,6TH & N MORTON ST,39.16758008,-86.53611011
2013,7,2,Weekday,1600,2-Car,No injury/unknown,DISREGARD SIGNAL/REG SIGN,6 TH & COLLEGE AVE,39.16757002,-86.5348602
2013,9,4,Weekday,2100,2-Car,No injury/unknown,UNSAFE BACKING,NORTH JORDAN AVE,39.16756058,-86.51656341
2013,10,3,Weekday,2200,1-Car,No injury/unknown,IMPROPER LANE USAGE,NORTH JORDAN AVE,39.16756058,-86.51656341
2013,5,1,Weekend,1500,Moped/Motorcycle,Non-incapacitating,OTHER (VEHICLE) - EXPLAIN IN NARRATIVE,6TH & WALNUT ST,39.16754991,-86.53360024
2013,8,7,Weekend,1800,2-Car,No injury/unknown,UNSAFE LANE MOVEMENT,6TH & WALNUT ST,39.16754991,-86.53360024
2013,3,6,Weekday,1100,2-Car,No injury/unknown,IMPROPER TURNING,GRANT ST & SIXTH,39.16753985,-86.52979016
2013,6,6,Weekday,1300,2-Car,No injury/unknown,,6TH ST & DUNN,39.16752979,-86.52825996
2013,7,1,Weekend,1700,2-Car,No injury/unknown,UNSAFE BACKING,INDIANA AVE & SIXTH,39.16751336,-86.5269452
2013,8,3,Weekday,1300,Cyclist,Non-incapacitating,FOLLOWING TOO CLOSELY,6TH & N DUNN ST,39.16745336,-86.52820396
2013,4,6,Weekend,1900,2-Car,No injury/unknown,UNSAFE BACKING,E LONGVIEW AVE,39.16742706,-86.49233245
2013,9,7,Weekend,1200,2-Car,No injury/unknown,OTHER (DRIVER) - EXPLAIN IN NARRATIVE,KINGSTON DR,39.16742706,-86.49314117
2013,9,1,Weekend,1500,1-Car,No injury/unknown,RAN OFF ROAD RIGHT,CONCORD & LONGVIEW AVE,39.16734003,-86.48723886
2013,9,2,Weekday,2100,1-Car,No injury/unknown,ANIMAL/OBJECT IN ROADWAY,GETTYS CREEK & SR46E,39.1673317,-86.41666713
2013,7,3,Weekday,100,2-Car,No injury/unknown,,FRANKLIN RD,39.16729736,-86.57054138
2013,12,6,Weekday,1200,2-Car,No injury/unknown,UNSAFE BACKING,FRANKLIN RD,39.16729736,-86.57054138
2013,1,2,Weekday,1000,2-Car,No injury/unknown,UNSAFE BACKING,E KIRKWOOD AVE,39.16724212,-86.52359627
2013,9,5,Weekday,1200,2-Car,No injury/unknown,UNSAFE BACKING,S FRANKLIN RD,39.16719437,-86.57176971
2013,8,4,Weekday,1000,Cyclist,Non-incapacitating,FAILURE TO YIELD RIGHT OF WAY,JORDAN AVE & READ N,39.16716892,-86.51593924
2013,4,1,Weekend,1400,1-Car,No injury/unknown,OTHER (DRIVER) - EXPLAIN IN NARRATIVE,NORTH JORDAN AVE,39.16711003,-86.51624299
2013,6,5,Weekday,1300,2-Car,No injury/unknown,OTHER (VEHICLE) - EXPLAIN IN NARRATIVE,N DANIELS WAY,39.16710265,-86.59823788
2013,10,5,Weekday,1800,1-Car,No injury/unknown,,N JOHNSON AVE,39.16708441,-86.564992
2013,2,3,Weekday,300,2-Car,No injury/unknown,OTHER (DRIVER) - EXPLAIN IN NARRATIVE,W KIRKWOOD AVE,39.16697693,-86.55130767
2013,7,2,Weekday,800,Moped/Motorcycle,Non-incapacitating,OTHER (DRIVER) - EXPLAIN IN NARRATIVE,W KIRKWOOD AVE,39.1669693,-86.55064392
2013,9,3,Weekday,1500,2-Car,No injury/unknown,DRIVER DISTRACTED - EXPLAIN IN NARRATIVE,E LONGVIEW DR & PETE ELLIS,39.166944,-86.495056
2013,11,2,Weekday,0,2-Car,No injury/unknown,,KIRKWOOD & PINE ST,39.16693722,-86.5482951
2013,3,6,Weekday,1000,2-Car,No injury/unknown,DISREGARD SIGNAL/REG SIGN,LONGVIEW & PETE ELLIS DR,39.1669102,-86.4949201
2013,11,7,Weekend,1700,2-Car,Non-incapacitating,FAILURE TO YIELD RIGHT OF WAY,LONGVIEW & PETE ELLIS DR,39.1669102,-86.4949201
2013,10,4,Weekday,1200,1-Car,No injury/unknown,OTHER (DRIVER) - EXPLAIN IN NARRATIVE,E KIRKWOOD AVE,39.16686662,-86.52211166
2013,3,7,Weekend,1500,1-Car,No injury/unknown,DRIVER DISTRACTED - EXPLAIN IN NARRATIVE,FORREST AVE & KIRKWOOD,39.16684985,-86.52156986
2013,2,3,Weekday,400,1-Car,No injury/unknown,RAN OFF ROAD RIGHT,HOPEWELL & KIRKWOOD AVE,39.16684985,-86.55232589
2013,8,1,Weekend,1700,1-Car,No injury/unknown,OTHER (DRIVER) - EXPLAIN IN NARRATIVE,E LONGVIEW DR,39.166848,-86.495088
2013,5,4,Weekday,2100,2-Car,No injury/unknown,UNSAFE BACKING,E 5TH & N ROOSEVELT ST,39.166848,-86.505888
2013,3,2,Weekday,1800,2-Car,No injury/unknown,FAILURE TO YIELD RIGHT OF WAY,5TH & N JEFFERSON ST,39.166848,-86.506992
2013,9,6,Weekday,1800,2-Car,No injury/unknown,UNSAFE BACKING,FAIRVIEW LN & KIRKWOOD,39.16684133,-86.5408
2013,3,5,Weekday,2000,2-Car,No injury/unknown,IMPROPER TURNING,EAST KIRKWOOD AVE,39.16681671,-86.52758789
2013,6,1,Weekend,1100,2-Car,No injury/unknown,FOLLOWING TOO CLOSELY,KIRKWOOD & S ADAMS ST,39.166816,-86.549488
2013,12,7,Weekend,700,2-Car,No injury/unknown,UNSAFE BACKING,JORDAN AVE,39.16680895,-86.51620209
2013,12,3,Weekday,900,2-Car,No injury/unknown,IMPROPER TURNING,DUNN ST & KIRKWOOD,39.16680478,-86.52819442
2013,10,6,Weekday,1500,2-Car,No injury/unknown,OTHER (ENVIRONMENTAL) - EXPLAIN IN NARR,PINE & WEST KIRKWOOD ST,39.1668,-86.548288
2013,5,7,Weekend,800,2-Car,No injury/unknown,FAILURE TO YIELD RIGHT OF WAY,KIRKWOOD AVE & OAK,39.1667878,-86.54715279
2013,1,3,Weekday,1700,2-Car,No injury/unknown,UNSAFE BACKING,E KIRKWOOD AVE,39.16678078,-86.52203053
2013,1,5,Weekday,1900,1-Car,No injury/unknown,SPEED TOO FAST FOR WEATHER CONDITIONS,E KIRKWOOD AVE,39.16678078,-86.52203053
2013,2,4,Weekday,800,2-Car,No injury/unknown,OTHER (DRIVER) - EXPLAIN IN NARRATIVE,EAST KIRKWOOD AVE,39.16678078,-86.52203053
2013,2,6,Weekday,1700,2-Car,No injury/unknown,UNSAFE BACKING,E KIRKWOOD AVE,39.16678078,-86.52203053
2013,9,3,Weekday,1800,2-Car,No injury/unknown,IMPROPER LANE USAGE,EAST KIRKWOOD AVE,39.16678078,-86.52203053
2013,10,4,Weekday,2000,1-Car,No injury/unknown,UNSAFE BACKING,E KIRKWOOD AVE,39.16678078,-86.52203053
2013,4,2,Weekday,1500,2-Car,No injury/unknown,IMPROPER LANE USAGE,KIRKWOOD & N COLLEGE AVE,39.16677732,-86.53479782
2013,9,2,Weekday,1100,2-Car,No injury/unknown,UNSAFE BACKING,N ROGERS ST,39.16677486,-86.53860637
2013,4,5,Weekday,800,2-Car,Non-incapacitating,FAILURE TO YIELD RIGHT OF WAY,ELM ST & KIRKWOOD,39.166768,-86.5452
2013,9,1,Weekend,100,Bus,No injury/unknown,FAILURE TO YIELD RIGHT OF WAY,N ELM & W KIRKWOOD AVE,39.166768,-86.5452
2013,11,6,Weekday,0,2-Car,No injury/unknown,UNSAFE BACKING,E KIRKWOOD AVE,39.16674793,-86.52246639
2013,1,7,Weekend,1600,2-Car,No injury/unknown,UNSAFE BACKING,GRANT ST & KIRKWOOD,39.16673613,-86.529696
2013,6,4,Weekday,1100,2-Car,No injury/unknown,OVERCORRECTING/OVERSTEERING,N DANIELS WAY,39.16673116,-86.59909039
2013,8,4,Weekday,1900,2-Car,No injury/unknown,UNSAFE BACKING,N DANIELS WAY,39.16673116,-86.59909039
2013,10,4,Weekday,1200,2-Car,No injury/unknown,UNSAFE BACKING,NORTH DANIELS WAY,39.16673116,-86.59909039
2013,2,2,Weekday,1600,3+ Cars,No injury/unknown,FOLLOWING TOO CLOSELY,KIRKWOOD AVE & MAPLE,39.16672,-86.542096
2013,3,4,Weekday,200,2-Car,No injury/unknown,UNSAFE LANE MOVEMENT,KIRKWOOD AVE & MAPLE,39.16671674,-86.54183142
2013,1,4,Weekday,1000,2-Car,No injury/unknown,UNSAFE BACKING,EAST KIRKWOOD ST,39.166704,-86.5408
2013,8,5,Weekday,1400,2-Car,No injury/unknown,UNSAFE BACKING,N FAIRVIEW ST & W KIRKWOOD,39.166704,-86.5408
2013,4,2,Weekday,1600,2-Car,No injury/unknown,FOLLOWING TOO CLOSELY,ADAMS & KIRKWOOD AVE,39.16670032,-86.54963985
2013,2,4,Weekday,1500,2-Car,No injury/unknown,OTHER (DRIVER) - EXPLAIN IN NARRATIVE,KIRKWOOD AVE,39.1666849,-86.54194727
2013,8,2,Weekday,900,2-Car,No injury/unknown,FAILURE TO YIELD RIGHT OF WAY,ROGERS & W KIRKWOOD AVE,39.16667482,-86.53881966
2013,11,2,Weekday,1100,2-Car,No injury/unknown,FAILURE TO YIELD RIGHT OF WAY,KIRKWOOD AVE & ROGERS,39.16667435,-86.53878439
2013,8,7,Weekend,900,Moped/Motorcycle,Non-incapacitating,OTHER (DRIVER) - EXPLAIN IN NARRATIVE,W KIRKWOOD AVE,39.16667233,-86.53863249
2013,3,7,Weekend,1600,Moped/Motorcycle,Incapacitating,OTHER (DRIVER) - EXPLAIN IN NARRATIVE,KIRKWOOD & ROGERS ST,39.166672,-86.538608
2013,12,2,Weekday,2300,2-Car,Non-incapacitating,DISREGARD SIGNAL/REG SIGN,ROGERS & W KIRKWOOD AVE,39.166672,-86.538608
2013,3,6,Weekday,1300,2-Car,No injury/unknown,FAILURE TO YIELD RIGHT OF WAY,KIRKWOOD AVE & MADISON,39.166656,-86.537296
2013,3,2,Weekday,0,2-Car,No injury/unknown,,KIRKWOOD AVE & MADISON,39.1666513,-86.53694323
2013,2,4,Weekday,1400,2-Car,No injury/unknown,IMPROPER PASSING,NORTH CURRY PIKE,39.16664802,-86.58291265
2013,5,4,Weekday,1700,3+ Cars,No injury/unknown,FOLLOWING TOO CLOSELY,E KIRKWOOD AVE & FAIRVIEW,39.16664424,-86.54092183
2013,9,7,Weekend,1200,2-Car,No injury/unknown,UNSAFE BACKING,E KIRKWOOD AVE & GRANT,39.16664,-86.52872574
2013,9,6,Weekday,400,Pedestrian,Non-incapacitating,FAILURE TO YIELD RIGHT OF WAY,INDIANA & KIRKWOOD AVE,39.16664,-86.52707241
2013,8,4,Weekday,1300,2-Car,No injury/unknown,UNSAFE BACKING,GRANT & KIRKWOOD AVE,39.16664,-86.52946667
2013,6,2,Weekday,1100,2-Car,No injury/unknown,IMPROPER TURNING,KIRKWOOD AVE & WALNUT,39.16664,-86.53324718
2013,5,6,Weekday,700,3+ Cars,No injury/unknown,FAILURE TO YIELD RIGHT OF WAY,E KIRKWOOD AVE & WALNUT,39.16664,-86.53342359
2013,9,4,Weekday,1800,2-Car,No injury/unknown,UNSAFE BACKING,COLLEGE & KIRKWOOD AVE,39.16664,-86.53453538
2013,1,7,Weekend,1700,3+ Cars,Non-incapacitating,FOLLOWING TOO CLOSELY,KINGS & SR46E,39.16664,-86.454992
2013,10,5,Weekday,200,1-Car,No injury/unknown,ANIMAL/OBJECT IN ROADWAY,KERR CREEK & SR46E,39.16664,-86.462496
2013,10,7,Weekend,1100,2-Car,No injury/unknown,SPEED TOO FAST FOR WEATHER CONDITIONS,46 & SR4546N,39.16664,-86.462496
2013,9,7,Weekend,2300,2-Car,No injury/unknown,FAILURE TO YIELD RIGHT OF WAY,DUNN ST & KIRKWOOD,39.16664,-86.528192
2013,10,1,Weekend,1100,2-Car,No injury/unknown,UNSAFE LANE MOVEMENT,E KIRKWOOD & N DUNN ST,39.16664,-86.528192
2013,11,7,Weekend,1400,Pedestrian,Non-incapacitating,OTHER (DRIVER) - EXPLAIN IN NARRATIVE,DUNN ST & KIRKWOOD,39.16664,-86.528192
2013,11,7,Weekend,300,1-Car,No injury/unknown,RAN OFF ROAD RIGHT,DUNN & KIRKWOOD AVE,39.16664,-86.528192
2013,6,7,Weekend,200,1-Car,No injury/unknown,OTHER (DRIVER) - EXPLAIN IN NARRATIVE,E KIRKWOOD AVE,39.16664,-86.52923559
2013,12,3,Weekday,200,2-Car,No injury/unknown,IMPROPER TURNING,E KIRKWOOD AVE,39.16664,-86.52923559
2013,3,5,Weekday,1300,2-Car,No injury/unknown,UNSAFE BACKING,KIRKWOOD & S GRANT ST,39.16664,-86.529696
2013,11,7,Weekend,900,Cyclist,Non-incapacitating,FAILURE TO YIELD RIGHT OF WAY,110 S LINCOLN & S LINCOLN ST,39.16664,-86.530992
2013,6,2,Weekday,700,1-Car,No injury/unknown,RAN OFF ROAD RIGHT,E KIRKWOOD AVE & N WASHINGTON,39.16664,-86.5324
2013,8,6,Weekday,1600,2-Car,No injury/unknown,UNSAFE BACKING,KIRKWOOD AVE,39.16664,-86.5324
2013,3,5,Weekday,1200,2-Car,No injury/unknown,FOLLOWING TOO CLOSELY,KIRKWOOD & WALNUT ST,39.16664,-86.5336
2013,6,3,Weekday,1800,Cyclist,Incapacitating,DISREGARD SIGNAL/REG SIGN,KIRKWOOD AVE & N WALNUT,39.16664,-86.5336
2013,4,2,Weekday,1600,3+ Cars,Non-incapacitating,FAILURE TO YIELD RIGHT OF WAY,E KIRKWOOD AVE & WALNUT,39.16664,-86.5336
2013,4,1,Weekend,200,3+ Cars,No injury/unknown,WRONG WAY ON ONE WAY,KIRKWOOD & S WALNUT ST,39.16664,-86.5336
2013,6,4,Weekday,1000,Pedestrian,Incapacitating,FAILURE TO YIELD RIGHT OF WAY,KIRKWOOD & N WALNUT ST,39.16664,-86.5336
2013,7,3,Weekday,800,2-Car,Non-incapacitating,UNSAFE LANE MOVEMENT,KIRKWOOD & S WALNUT ST,39.16664,-86.5336
2013,9,3,Weekday,1800,2-Car,No injury/unknown,DISREGARD SIGNAL/REG SIGN,KIRKWOOD & WALNUT ST,39.16664,-86.5336
2013,12,6,Weekday,1400,2-Car,No injury/unknown,UNSAFE BACKING,KIRKWOOD & WALNUT ST,39.16664,-86.5336
2013,1,3,Weekday,1100,2-Car,No injury/unknown,FAILURE TO YIELD RIGHT OF WAY,COLLEGE & KIRKWOOD AVE,39.16664,-86.5348
2013,1,7,Weekend,900,2-Car,No injury/unknown,DISREGARD SIGNAL/REG SIGN,KIRKWOOD & N COLLEGE AVE,39.16664,-86.5348
2013,3,6,Weekday,0,3+ Cars,No injury/unknown,IMPROPER LANE USAGE,N COLLEGE AVE & W KIRKWOOD,39.16664,-86.5348
2013,5,7,Weekend,900,2-Car,No injury/unknown,DISREGARD SIGNAL/REG SIGN,COLLEGE AVE & KIRKWOOD,39.16664,-86.5348
2013,7,4,Weekday,900,2-Car,Non-incapacitating,DISREGARD SIGNAL/REG SIGN,COLLEGE & KIRKWOOD AVE,39.16664,-86.5348
2013,8,7,Weekend,1200,2-Car,No injury/unknown,FAILURE TO YIELD RIGHT OF WAY,COLLEGE AVE & KIRKWOOD,39.16664,-86.5348
2013,11,3,Weekday,1200,2-Car,No injury/unknown,UNSAFE LANE MOVEMENT,N COLLEGE & W KIRKWOOD AVE,39.16664,-86.5348
2013,12,7,Weekend,700,2-Car,No injury/unknown,DISREGARD SIGNAL/REG SIGN,COLLEGE AVE & KIRKWOOD,39.16664,-86.5348
2013,10,6,Weekday,1500,2-Car,No injury/unknown,UNSAFE BACKING,FAIRVIEW & W KIRKWOOD AVE,39.16663997,-86.54091566
2013,1,1,Weekend,1700,3+ Cars,No injury/unknown,FOLLOWING TOO CLOSELY,KIRKWOOD AVE & MAPLE,39.16663997,-86.54220007
2013,8,4,Weekday,1400,2-Car,No injury/unknown,OTHER (VEHICLE) - EXPLAIN IN NARRATIVE,KIRKWOOD AVE & MAPLE,39.16663997,-86.54220007
2013,2,3,Weekday,1700,3+ Cars,No injury/unknown,DRIVER DISTRACTED - EXPLAIN IN NARRATIVE,JACKSON & KIRKWOOD AVE,39.16662991,-86.53985335
2013,6,3,Weekday,1700,2-Car,No injury/unknown,FOLLOWING TOO CLOSELY,JACKSON & KIRKWOOD AVE,39.16662991,-86.53985984
2013,1,5,Weekday,400,2-Car,No injury/unknown,OTHER (VEHICLE) - EXPLAIN IN NARRATIVE,S JORDAN AVE,39.1666165,-86.51632212
2013,2,5,Weekday,1700,2-Car,No injury/unknown,UNSAFE BACKING,S JORDAN AVE,39.1666165,-86.51632212
2013,4,3,Weekday,1600,2-Car,No injury/unknown,FAILURE TO YIELD RIGHT OF WAY,KIRKWOOD AVE & ROGERS,39.16660979,-86.53868324
2013,3,6,Weekday,1700,2-Car,No injury/unknown,FAILURE TO YIELD RIGHT OF WAY,KIRKWOOD AVE & ROGERS,39.16660979,-86.53868973
2013,9,2,Weekday,1400,2-Car,No injury/unknown,FAILURE TO YIELD RIGHT OF WAY,KIRKWOOD AVE & ROGERS,39.16660979,-86.53868973
2013,5,6,Weekday,1200,2-Car,No injury/unknown,FAILURE TO YIELD RIGHT OF WAY,E KIRKWOOD AVE,39.16660376,-86.53088383
2013,5,1,Weekday,2300,2-Car,No injury/unknown,OTHER (DRIVER) - EXPLAIN IN NARRATIVE,COLLEGE AVE & KIRKWOOD,39.16659974,-86.53488032
2013,9,6,Weekday,1400,2-Car,No injury/unknown,IMPROPER TURNING,COLLEGE AVE & KIRKWOOD,39.16659974,-86.53488032
2013,10,5,Weekday,1800,2-Car,No injury/unknown,UNSAFE BACKING,COLLEGE & KIRKWOOD AVE,39.16659974,-86.53488032
2013,6,4,Weekday,1400,Pedestrian,Non-incapacitating,PEDESTRIAN ACTION,RODGERS & WEST KIRKWOOD AVE,39.16659496,-86.53870046
2013,5,5,Weekday,1500,2-Car,No injury/unknown,OTHER (VEHICLE) - EXPLAIN IN NARRATIVE,E KINGS & SR46E,39.16659254,-86.45501392
2013,12,6,Weekday,700,1-Car,No injury/unknown,RAN OFF ROAD RIGHT,KINGS & SR46,39.16659092,-86.45510893
2013,4,1,Weekend,1800,2-Car,No injury/unknown,OTHER (DRIVER) - EXPLAIN IN NARRATIVE,KIRKWOOD & MORTON ST,39.16658968,-86.53604976
2013,12,3,Weekday,1100,Cyclist,Non-incapacitating,IMPROPER PASSING,KIRKWOOD AVE & MORTON,39.16658968,-86.53604976
2013,1,2,Weekday,1400,1-Car,No injury/unknown,RAN OFF ROAD RIGHT,KIRKWOOD & WALNUT ST,39.16658029,-86.53361029
2013,9,5,Weekday,1800,Pedestrian,No injury/unknown,FAILURE TO YIELD RIGHT OF WAY,KIRKWOOD & WALNUT ST,39.16658029,-86.53361029
2013,10,4,Weekday,1400,1-Car,No injury/unknown,OTHER (DRIVER) - EXPLAIN IN NARRATIVE,KIRKWOOD AVE & WALNUT,39.16658029,-86.53361029
2013,10,5,Weekday,900,2-Car,No injury/unknown,DISREGARD SIGNAL/REG SIGN,KIRKWOOD & WALNUT ST,39.16658029,-86.53361029
2013,8,4,Weekday,800,2-Car,No injury/unknown,DRIVER DISTRACTED - EXPLAIN IN NARRATIVE,LINGLEBACH & NORTH JORDAN AVE,39.16657237,-86.51253014
2013,1,6,Weekday,500,1-Car,No injury/unknown,OTHER (DRIVER) - EXPLAIN IN NARRATIVE,WEST KIRKWOOD AVE,39.16656822,-86.53888486
2013,7,6,Weekday,1000,1-Car,No injury/unknown,BRAKE FAILURE OR DEFECTIVE,WEST KIRKWOOD AVE,39.16656822,-86.53888486
2013,7,5,Weekday,2000,Moped/Motorcycle,No injury/unknown,FAILURE TO YIELD RIGHT OF WAY,GRANT ST & KIRKWOOD,39.16655011,-86.52981027
2013,8,5,Weekday,1500,Cyclist,Non-incapacitating,FAILURE TO YIELD RIGHT OF WAY,GRANT & KIRKWOOD AVE,39.16655011,-86.52981027
2013,8,1,Weekend,300,Moped/Motorcycle,No injury/unknown,UNSAFE BACKING,DUNN & KIRKWOOD AVE,39.16654006,-86.52824298
2013,4,3,Weekday,1700,2-Car,No injury/unknown,UNSAFE LANE MOVEMENT,DUNN ST & KIRKWOOD,39.16654006,-86.5282499
2013,8,6,Weekday,1800,Bus,No injury/unknown,IMPROPER TURNING,DUNN ST & KIRKWOOD,39.16654006,-86.5282499
2013,5,5,Weekday,1500,2-Car,No injury/unknown,UNSAFE BACKING,E KIRKWOOD AVE,39.16650385,-86.52963392
2013,4,6,Weekday,1200,2-Car,No injury/unknown,FOLLOWING TOO CLOSELY,DUNN ST & KIRKWOOD,39.16650277,-86.52818536
2013,2,6,Weekday,1600,2-Car,No injury/unknown,FAILURE TO YIELD RIGHT OF WAY,KIRKWOOD & S COLLEGE AVE,39.16650267,-86.5348
2013,1,3,Weekday,1400,2-Car,No injury/unknown,FAILURE TO YIELD RIGHT OF WAY,KIRKWOOD AVE,39.16650251,-86.52938783
2013,12,7,Weekend,1000,1-Car,No injury/unknown,OTHER (DRIVER) - EXPLAIN IN NARRATIVE,S FRANKLIN RD,39.166496,-86.571216
2013,10,3,Weekday,1500,2-Car,Non-incapacitating,FAILURE TO YIELD RIGHT OF WAY,CURRY PIKE & GRAND,39.16648977,-86.58297032
2013,3,4,Weekday,1600,2-Car,No injury/unknown,SPEED TOO FAST FOR WEATHER CONDITIONS,MORNINGSIDE & SMITH RD,39.166432,-86.4812
2013,3,6,Weekday,500,2-Car,No injury/unknown,FOLLOWING TOO CLOSELY,MORNINGSIDE & SMITH RD,39.166432,-86.4812
2013,8,6,Weekday,1100,2-Car,No injury/unknown,FAILURE TO YIELD RIGHT OF WAY,E MORNINGSIDE & N SMITH RD,39.166432,-86.4812
2013,9,6,Weekday,1500,2-Car,Non-incapacitating,SPEED TOO FAST FOR WEATHER CONDITIONS,MORNINGSIDE & SMITH RD,39.166432,-86.4812
2013,10,4,Weekday,400,2-Car,No injury/unknown,OVERCORRECTING/OVERSTEERING,MORNINGSIDE & SARATOGA DR,39.16638985,-86.48047479
2013,11,5,Weekday,1900,2-Car,No injury/unknown,FAILURE TO YIELD RIGHT OF WAY,3RD & SOUTH FRANKLIN RD,39.16633588,-86.57121338
2013,7,5,Weekday,1400,Moped/Motorcycle,Incapacitating,ACCELERATOR FAILURE OR DEFECTIVE,W KIRKWOOD AVE,39.16630554,-86.53767395
2013,10,5,Weekday,1500,3+ Cars,No injury/unknown,FAILURE TO YIELD RIGHT OF WAY,10TH & UNION ST,39.16626159,-86.5094503
2013,7,5,Weekday,0,2-Car,No injury/unknown,UNSAFE BACKING,EAST KIRKWOOD AVE,39.16624832,-86.52851104
2013,8,6,Weekday,1400,2-Car,No injury/unknown,,E KIRWOOD AVE,39.16624832,-86.52851104
2013,1,1,Weekday,2200,2-Car,No injury/unknown,UNSAFE BACKING,N ROSE AVE,39.1662177,-86.51097988
2013,6,6,Weekend,2300,2-Car,No injury/unknown,UNSAFE BACKING,SOUTH ROSE AVE,39.1662177,-86.51097988
2013,11,4,Weekday,2100,2-Car,No injury/unknown,IMPROPER TURNING,N ROSE AVE,39.1662177,-86.51097988
2013,9,3,Weekday,2000,2-Car,No injury/unknown,FAILURE TO YIELD RIGHT OF WAY,E 3RD & SR46N,39.16619049,-86.46728758
2013,5,3,Weekday,400,2-Car,Non-incapacitating,UNSAFE SPEED,CR480N & SR45W,39.16612236,-86.57302593
2013,8,2,Weekday,1600,2-Car,No injury/unknown,FOLLOWING TOO CLOSELY,NORTH ROGERS ST & WEST 10TH,39.16611058,-86.53859778
2013,12,7,Weekend,1200,2-Car,No injury/unknown,UNSAFE BACKING,N GATES DR,39.16609012,-86.57594829
2013,6,2,Weekday,800,2-Car,Non-incapacitating,OTHER TELEMATICS IN USE,SR37N & VERNAL,39.1660428,-86.56252288
2013,1,6,Weekday,1200,2-Car,No injury/unknown,FAILURE TO YIELD RIGHT OF WAY,E BUICK CADILLAC & SO COLLEGE MALL RD,39.16603939,-86.49788998
2013,1,6,Weekday,900,3+ Cars,No injury/unknown,ROADWAY SURFACE CONDITION,4TH & S WALNUT ST,39.16592266,-86.5336
2013,1,2,Weekday,1200,2-Car,Non-incapacitating,FOLLOWING TOO CLOSELY,3RD & SR37S,39.16584824,-86.57304798
2013,5,4,Weekday,1000,2-Car,Non-incapacitating,FAILURE TO YIELD RIGHT OF WAY,ROGERS & W 4TH ST,39.165696,-86.53894482
2013,1,1,Weekend,100,2-Car,No injury/unknown,FAILURE TO YIELD RIGHT OF WAY,4TH & N ROGERS ST,39.165696,-86.538592
2013,4,7,Weekend,0,2-Car,No injury/unknown,OTHER (DRIVER) - EXPLAIN IN NARRATIVE,S ROGERS ST,39.165696,-86.538592
2013,2,4,Weekday,1200,2-Car,No injury/unknown,FOLLOWING TOO CLOSELY,S ROGERS ST & W 4TH,39.165696,-86.538592
2013,3,6,Weekday,1200,2-Car,No injury/unknown,FOLLOWING TOO CLOSELY,4TH & S ROGERS ST,39.165696,-86.538592