Year,Month,Day,Weekend?,Hour,Collision Type,Injury Type,Primary Factor,Reported_Location,Latitude,Longitude
2013,6,2,Weekday,1700,2-Car,No injury/unknown,DISREGARD SIGNAL/REG SIGN,COLLEGE & W 4TH ST,39.165664,-86.5348
2013,10,3,Weekday,2300,2-Car,No injury/unknown,DISREGARD SIGNAL/REG SIGN,4TH & S COLLEGE AVE,39.165664,-86.5348
2013,11,3,Weekday,1600,2-Car,No injury/unknown,UNSAFE BACKING,W 4TH ST,39.16564865,-86.53364898
2013,3,1,Weekday,2000,2-Car,No injury/unknown,,4TH ST & INDIANA,39.165648,-86.52755364
2013,9,3,Weekday,1500,2-Car,No injury/unknown,OTHER (DRIVER) - EXPLAIN IN NARRATIVE,BLOCK OF S INDIANA (GILMORE) AVE,39.165648,-86.526848
2013,9,6,Weekend,2200,Pedestrian,Non-incapacitating,PEDESTRIAN ACTION,E 4TH & S INDIANA AVE,39.165648,-86.526848
2013,2,7,Weekend,1500,2-Car,No injury/unknown,UNSAFE BACKING,E 4TH ST,39.165648,-86.52774727
2013,2,4,Weekday,1200,2-Car,No injury/unknown,FOLLOWING TOO CLOSELY,E 4TH & S LINCOLN ST,39.165648,-86.531008
2013,2,7,Weekend,2100,2-Car,No injury/unknown,SPEED TOO FAST FOR WEATHER CONDITIONS,N WALNUT ST,39.165648,-86.5336
2013,3,4,Weekday,300,1-Car,No injury/unknown,SPEED TOO FAST FOR WEATHER CONDITIONS,NORTH WALNUT ST,39.165648,-86.5336
2013,3,6,Weekend,1900,2-Car,No injury/unknown,UNSAFE BACKING,NORTH WALNUT ST,39.165648,-86.5336
2013,5,4,Weekday,1900,1-Car,Non-incapacitating,RAN OFF ROAD RIGHT,N WALNUT ST,39.165648,-86.5336
2013,6,5,Weekday,2200,1-Car,No injury/unknown,UNSAFE BACKING,SOUTH WALNUT ST,39.165648,-86.5336
2013,6,3,Weekday,1300,2-Car,No injury/unknown,FAILURE TO YIELD RIGHT OF WAY,4TH ST & WALNUT,39.165648,-86.5336
2013,7,1,Weekend,1200,2-Car,No injury/unknown,,WALNUT STREET PIKE,39.165648,-86.5336
2013,7,2,Weekday,800,2-Car,No injury/unknown,FAILURE TO YIELD RIGHT OF WAY,N WALNUT ST,39.165648,-86.5336
2013,10,1,Weekend,1000,2-Car,No injury/unknown,DISREGARD SIGNAL/REG SIGN,E 4TH & S WALNUT ST,39.165648,-86.5336
2013,11,7,Weekend,0,2-Car,No injury/unknown,OTHER (DRIVER) - EXPLAIN IN NARRATIVE,WALNUT SPRINGS DR,39.165648,-86.5336
2013,11,5,Weekday,1900,2-Car,No injury/unknown,,N WALNUT ST,39.165648,-86.5336
2013,11,7,Weekend,300,2-Car,No injury/unknown,UNSAFE BACKING,4TH & CLARK ST,39.16562006,-86.50497972
2013,2,5,Weekday,1900,3+ Cars,No injury/unknown,CELL PHONE USAGE,4TH ST & MADISON,39.16561,-86.53742543
2013,6,4,Weekday,1300,Bus,No injury/unknown,UNSAFE LANE MOVEMENT,S MADISON & W 4TH ST,39.16561,-86.53742976
2013,12,3,Weekday,1800,3+ Cars,Non-incapacitating,FOLLOWING TOO CLOSELY,SR46E & TRAILWAY,39.16559982,-86.42546331
2013,10,5,Weekday,1200,2-Car,Non-incapacitating,FOLLOWING TOO CLOSELY,4TH & COLLEGE AVE,39.16558988,-86.53488971
2013,1,2,Weekday,900,1-Car,No injury/unknown,ANIMAL/OBJECT IN ROADWAY,AZALEA & HIGHLAND AVE,39.16558806,-86.51739969
2013,3,6,Weekday,1500,2-Car,Non-incapacitating,FOLLOWING TOO CLOSELY,4TH ST & LINCOLN,39.16557983,-86.53108969
2013,9,5,Weekday,800,2-Car,Non-incapacitating,DISREGARD SIGNAL/REG SIGN,4TH ST & LINCOLN,39.16557983,-86.53108969
2013,3,2,Weekday,1400,2-Car,No injury/unknown,DISREGARD SIGNAL/REG SIGN,4TH ST & WALNUT,39.16557983,-86.53361968
2013,11,1,Weekday,2100,2-Car,No injury/unknown,,4TH & WALNUT ST,39.16557983,-86.53361968
2013,11,6,Weekend,1900,2-Car,No injury/unknown,DISREGARD SIGNAL/REG SIGN,4TH ST & WALNUT,39.16557983,-86.53361968
2013,11,2,Weekday,2300,Pedestrian,Non-incapacitating,FAILURE TO YIELD RIGHT OF WAY,4TH & DUNN ST,39.16555971,-86.52822978
2013,4,5,Weekday,2200,2-Car,No injury/unknown,SPEED TOO FAST FOR WEATHER CONDITIONS,4TH & GRANT ST,39.16555971,-86.52981966
2013,5,3,Weekday,1200,2-Car,No injury/unknown,UNSAFE BACKING,4TH ST & INDIANA,39.16555032,-86.52689283
2013,9,6,Weekday,1300,2-Car,No injury/unknown,UNSAFE LANE MOVEMENT,4TH & INDIANA AVE,39.16555032,-86.52691014
2013,7,6,Weekday,1100,2-Car,No injury/unknown,OTHER (DRIVER) - EXPLAIN IN NARRATIVE,DUNN & FOURTH ST,39.16554922,-86.52753224
2013,9,7,Weekend,1300,2-Car,No injury/unknown,IMPROPER LANE USAGE,FOURTH ST & INDIANA,39.16554919,-86.52753862
2013,12,4,Weekday,1300,2-Car,No injury/unknown,UNSAFE BACKING,EAST 4TH ST,39.1655349,-86.53344266
2013,6,4,Weekday,1300,2-Car,No injury/unknown,FAILURE TO YIELD RIGHT OF WAY,GATES DR,39.1654826,-86.57605759
2013,11,2,Weekday,1500,2-Car,No injury/unknown,OTHER (DRIVER) - EXPLAIN IN NARRATIVE,SOUTH WALNUT ST,39.16546286,-86.5336
2013,2,3,Weekday,2000,2-Car,No injury/unknown,FAILURE TO YIELD RIGHT OF WAY,JONES & JORDAN AVE,39.16540012,-86.51640996
2013,12,7,Weekend,1900,2-Car,No injury/unknown,FOLLOWING TOO CLOSELY,JONES & JORDAN AVE,39.16540012,-86.51640996
2013,10,6,Weekday,1000,2-Car,No injury/unknown,UNSAFE BACKING,JONES AVE & JORDAN,39.16540012,-86.51642726
2013,1,2,Weekday,900,2-Car,No injury/unknown,OTHER (VEHICLE) - EXPLAIN IN NARRATIVE,JONES AVE & JORDAN,39.16540012,-86.51643591
2013,9,5,Weekday,1500,2-Car,No injury/unknown,FAILURE TO YIELD RIGHT OF WAY,4TH & S INDIANA AVE,39.16537348,-86.52683702
2013,5,2,Weekday,1900,1-Car,No injury/unknown,UNSAFE BACKING,SOUTH HAWTHORNE DR,39.1653163,-86.52071893
2013,8,6,Weekday,1500,1-Car,No injury/unknown,OBSTRUCTION NOT MARKED,JONES & ROSE AVE,39.16529015,-86.51089354
2013,1,6,Weekend,2000,2-Car,No injury/unknown,UNSAFE LANE MOVEMENT,SR446 & SR46,39.16527834,-86.46954813
2013,4,7,Weekend,900,1-Car,No injury/unknown,OTHER (DRIVER) - EXPLAIN IN NARRATIVE,SO PETE ELLIS DR,39.16527808,-86.49487584
2013,3,5,Weekday,1400,2-Car,No injury/unknown,FAILURE TO YIELD RIGHT OF WAY,JACOB DR,39.1652565,-86.57556915
2013,4,5,Weekday,1400,2-Car,No injury/unknown,UNSAFE LANE MOVEMENT,9TH & COLLEGE AVE,39.16517209,-86.53485015
2013,7,4,Weekday,1300,2-Car,No injury/unknown,UNSAFE BACKING,WEST THIRD ST,39.16516876,-86.57852172
2013,5,6,Weekday,1400,2-Car,No injury/unknown,FOLLOWING TOO CLOSELY,HILLSDALE & S HILLSDALE DR,39.165152,-86.50296
2013,5,1,Weekend,600,1-Car,No injury/unknown,RAN OFF ROAD RIGHT,N TRAILWAY & SR46E,39.16510298,-86.42990248
2013,4,3,Weekday,1200,2-Car,No injury/unknown,FOLLOWING TOO CLOSELY,3700 W 3RD ST & LIBERTY,39.165016,-86.57989001
2013,8,4,Weekday,800,2-Car,Non-incapacitating,FOLLOWING TOO CLOSELY,3700 W 3RD ST & LIBERTY,39.165016,-86.57989434
2013,3,3,Weekday,1600,2-Car,No injury/unknown,IMPROPER TURNING,3RD & DUNN ST,39.16499705,-86.52811796
2013,11,7,Weekend,1000,2-Car,No injury/unknown,FAILURE TO YIELD RIGHT OF WAY,N HARTSTRAIT RD & W STATE 48,39.164944,-86.611296
2013,11,2,Weekday,600,2-Car,Non-incapacitating,FOLLOWING TOO CLOSELY,HARTSTRAIGHT ROAD & SR48W,39.164944,-86.611296
2013,10,5,Weekday,800,2-Car,Non-incapacitating,FAILURE TO YIELD RIGHT OF WAY,KIRBY RD & SR48,39.16491475,-86.61097062
2013,1,4,Weekday,1600,2-Car,No injury/unknown,UNSAFE SPEED,WEST 3RD ST,39.164848,-86.57487674
2013,11,6,Weekday,800,2-Car,No injury/unknown,FAILURE TO YIELD RIGHT OF WAY,W 3RD ST,39.164848,-86.57634041
2013,10,3,Weekday,1600,2-Car,Non-incapacitating,FAILURE TO YIELD RIGHT OF WAY,W 3RD ST,39.164848,-86.57962482
2013,3,6,Weekday,1300,2-Car,No injury/unknown,,W 3RD ST,39.16484379,-86.58164716
2013,10,4,Weekday,1300,2-Car,No injury/unknown,UNSAFE BACKING,W 3RD ST,39.16484379,-86.58164716
2013,12,7,Weekend,1600,1-Car,No injury/unknown,OTHER (DRIVER) - EXPLAIN IN NARRATIVE,W 3RD ST,39.16484379,-86.58164716
2013,7,7,Weekend,1200,1-Car,No injury/unknown,UNSAFE BACKING,W 3RD ST,39.164832,-86.582048
2013,5,5,Weekday,1400,2-Car,No injury/unknown,LEFT OF CENTER,W 3RD ST,39.16482122,-86.5789551
2013,6,3,Weekday,1300,Moped/Motorcycle,Non-incapacitating,ENGINE FAILURE OR DEFECTIVE,13 & WEST 3RD ST,39.16480652,-86.57295227
2013,3,5,Weekday,1600,2-Car,Non-incapacitating,OTHER (DRIVER) - EXPLAIN IN NARRATIVE,3RD ST & SR37,39.1648,-86.573792
2013,5,7,Weekend,1300,2-Car,No injury/unknown,DISREGARD SIGNAL/REG SIGN,SOUTH 37 & WEST 3RD ST,39.1648,-86.573792
2013,2,7,Weekend,1300,2-Car,No injury/unknown,FAILURE TO YIELD RIGHT OF WAY,3RD & PETE ELLIS DR,39.16478931,-86.495088
2013,9,5,Weekday,1100,2-Car,No injury/unknown,OTHER (DRIVER) - EXPLAIN IN NARRATIVE,E THIRD ST,39.16477585,-86.4952774
2013,2,7,Weekend,600,2-Car,No injury/unknown,FOLLOWING TOO CLOSELY,KINGS & SR46E,39.164763,-86.45072501
2013,4,4,Weekday,700,2-Car,No injury/unknown,OTHER (DRIVER) - EXPLAIN IN NARRATIVE,3RD ST & JACKSON,39.164752,-86.53984
2013,1,2,Weekday,1200,2-Car,Non-incapacitating,FOLLOWING TOO CLOSELY,3RD & SR37S,39.164752,-86.573104
2013,5,6,Weekday,1100,2-Car,No injury/unknown,OTHER (DRIVER) - EXPLAIN IN NARRATIVE,SR37 & W 3RD ST,39.164752,-86.573104
2013,6,7,Weekend,1800,Pedestrian,Non-incapacitating,PEDESTRIAN ACTION,3RD ST & US37N,39.164752,-86.573104
2013,6,5,Weekday,2200,2-Car,No injury/unknown,DISREGARD SIGNAL/REG SIGN,37 & WEST 3RD ST ST,39.164752,-86.573104
2013,7,3,Weekday,1000,2-Car,No injury/unknown,FOLLOWING TOO CLOSELY,SR37 & W 3RD ST,39.164752,-86.573104
2013,9,3,Weekday,700,2-Car,No injury/unknown,FAILURE TO YIELD RIGHT OF WAY,SR37 & SR48W,39.164752,-86.573104
2013,9,6,Weekday,1700,2-Car,Non-incapacitating,FOLLOWING TOO CLOSELY,SR37 & W 3RD ST,39.164752,-86.573104
2013,9,1,Weekday,2100,2-Car,No injury/unknown,FOLLOWING TOO CLOSELY,3RD ST & SR37,39.164752,-86.573104
2013,10,5,Weekday,1300,3+ Cars,Non-incapacitating,FOLLOWING TOO CLOSELY,3RD & SR37,39.164752,-86.573104
2013,10,7,Weekend,1600,2-Car,No injury/unknown,FOLLOWING TOO CLOSELY,3RD & SR37N,39.164752,-86.573104
2013,11,3,Weekday,500,2-Car,No injury/unknown,FAILURE TO YIELD RIGHT OF WAY,SR37 & W 3RD ST,39.164752,-86.573104
2013,12,2,Weekday,1200,3+ Cars,No injury/unknown,FOLLOWING TOO CLOSELY,3RD ST & STATE ROAD 37,39.164752,-86.573104
2013,1,3,Weekday,2200,2-Car,No injury/unknown,UNSAFE LANE MOVEMENT,3RD ST,39.16474251,-86.57282163
2013,1,3,Weekday,1900,2-Car,No injury/unknown,,W 3RD ST,39.16474251,-86.57282163
2013,3,4,Weekday,0,2-Car,No injury/unknown,OTHER (VEHICLE) - EXPLAIN IN NARRATIVE,W 3RD ST,39.16474251,-86.57282163
2013,4,4,Weekday,1600,2-Car,No injury/unknown,SPEED TOO FAST FOR WEATHER CONDITIONS,PARK SQUARE DR & WEST STATE ROAD 48,39.16474029,-86.59259006
2013,8,4,Weekday,1400,2-Car,No injury/unknown,OVERCORRECTING/OVERSTEERING,W 3RD ST,39.16473898,-86.57271675
2013,9,3,Weekday,1600,3+ Cars,No injury/unknown,UNSAFE SPEED,PROFILE & SR48,39.16473203,-86.59292201
2013,3,6,Weekday,1200,2-Car,No injury/unknown,FOLLOWING TOO CLOSELY,SR37 & WEST 3RD ST,39.16472831,-86.57239903
2013,6,7,Weekend,1500,2-Car,No injury/unknown,,E 3RD ST,39.16472732,-86.57236983
2013,3,2,Weekday,2000,1-Car,No injury/unknown,UNSAFE SPEED,ROGERS ST,39.16472,-86.538592
2013,5,7,Weekend,1100,1-Car,No injury/unknown,RAN OFF ROAD RIGHT,SOUTH ROGERS ST,39.16472,-86.538592
2013,7,3,Weekday,1500,1-Car,No injury/unknown,DRIVER DISTRACTED - EXPLAIN IN NARRATIVE,S ROGERS ST,39.16472,-86.538592
2013,7,6,Weekend,2000,2-Car,No injury/unknown,UNSAFE BACKING,E 3RD ST,39.16470933,-86.57183467
2013,9,4,Weekday,1500,2-Car,No injury/unknown,OTHER (DRIVER) - EXPLAIN IN NARRATIVE,E 3RD ST,39.16470933,-86.57183467
2013,10,6,Weekday,1400,2-Car,No injury/unknown,OTHER (DRIVER) - EXPLAIN IN NARRATIVE,E 3RD ST,39.16470933,-86.57183467
2013,3,5,Weekday,1600,2-Car,No injury/unknown,UNSAFE BACKING,E 3RD ST,39.16470536,-86.57171634
2013,11,5,Weekday,1800,Cyclist,Non-incapacitating,,3RD & S MADISON ST,39.164704,-86.537296
2013,7,6,Weekday,1700,2-Car,No injury/unknown,OTHER (DRIVER) - EXPLAIN IN NARRATIVE,E 3RD ST,39.1647021,-86.57161953
2013,10,5,Weekday,1700,3+ Cars,No injury/unknown,OTHER (DRIVER) - EXPLAIN IN NARRATIVE,FRANKLIN & W 3RD ST,39.16469985,-86.57155249
2013,7,5,Weekday,1200,2-Car,No injury/unknown,OTHER (DRIVER) - EXPLAIN IN NARRATIVE,FRANKLIN & WEST THIRD ST,39.164688,-86.5712
2013,9,3,Weekday,300,1-Car,Non-incapacitating,UNSAFE LANE MOVEMENT,FRANKLIN RD & W 3RD,39.164688,-86.5712
2013,1,5,Weekday,1300,Bus,No injury/unknown,FOLLOWING TOO CLOSELY,WEST 3RD ST & WYNNDALE,39.164672,-86.570288
2013,6,6,Weekend,1900,2-Car,No injury/unknown,FAILURE TO YIELD RIGHT OF WAY,EAST 3RD ST,39.16466933,-86.57021333
2013,4,1,Weekend,1200,2-Car,No injury/unknown,UNSAFE BACKING,E 3RD ST,39.16466933,-86.57021333
2013,7,6,Weekday,1100,2-Car,No injury/unknown,OTHER (DRIVER) - EXPLAIN IN NARRATIVE,EAST 3RD ST,39.16466933,-86.57021333
2013,7,3,Weekday,1500,2-Car,No injury/unknown,FAILURE TO YIELD RIGHT OF WAY,E 3RD ST,39.16466933,-86.57021333
2013,6,2,Weekday,1200,2-Car,No injury/unknown,,WEST THIRD ST,39.1646605,-86.57929301
2013,1,1,Weekend,1400,2-Car,Incapacitating,FAILURE TO YIELD RIGHT OF WAY,3RD ST & CURRY,39.16465983,-86.58292002
2013,4,5,Weekday,1200,2-Car,No injury/unknown,FOLLOWING TOO CLOSELY,S CURRY & SR 48 RD,39.16465983,-86.58292002
2013,8,5,Weekday,1700,2-Car,No injury/unknown,FOLLOWING TOO CLOSELY,CURRY & W 3RD ST,39.16465983,-86.58292002
2013,9,3,Weekday,700,2-Car,Non-incapacitating,FAILURE TO YIELD RIGHT OF WAY,CURRY PIKE & W THIRD,39.16465983,-86.58292002
2013,9,3,Weekday,1100,2-Car,No injury/unknown,OTHER (DRIVER) - EXPLAIN IN NARRATIVE,3RD ST & CURRY,39.16465983,-86.58292002
2013,10,5,Weekday,1600,2-Car,No injury/unknown,OTHER (ENVIRONMENTAL) - EXPLAIN IN NARR,3RD & CURRY PIKE,39.16465983,-86.58292002
2013,9,3,Weekday,1800,2-Car,No injury/unknown,FOLLOWING TOO CLOSELY,CURRY & THIRD ST,39.16465983,-86.58293734
2013,8,2,Weekday,600,2-Car,Non-incapacitating,IMPROPER TURNING,S CURRY & W 3RD ST,39.16465983,-86.58293951
2013,12,7,Weekend,2200,3+ Cars,No injury/unknown,FOLLOWING TOO CLOSELY,S COLLEGE AVE & W 1ST,39.16465636,-86.53499029
2013,7,2,Weekday,1400,2-Car,Non-incapacitating,FAILURE TO YIELD RIGHT OF WAY,3800 BLK W 3RD ST & S CURRY,39.16465575,-86.58296153
2013,12,4,Weekday,1200,2-Car,No injury/unknown,FAILURE TO YIELD RIGHT OF WAY,W 3RD ST,39.16465513,-86.57863721
2013,10,4,Weekday,1300,2-Car,No injury/unknown,DRIVER DISTRACTED - EXPLAIN IN NARRATIVE,3RD ST & WASHINGTON,39.16464,-86.53257641
2013,2,2,Weekday,2000,1-Car,No injury/unknown,ANIMAL/OBJECT IN ROADWAY,3RD ST & WALNUT,39.16464,-86.53324719
2013,4,5,Weekday,1100,2-Car,Non-incapacitating,FOLLOWING TOO CLOSELY,3RD ST & WALNUT,39.16464,-86.53333539
2013,2,1,Weekend,1200,2-Car,No injury/unknown,FAILURE TO YIELD RIGHT OF WAY,E 3RD ST & GRANT,39.16464,-86.529728
2013,1,7,Weekend,900,2-Car,No injury/unknown,FAILURE TO YIELD RIGHT OF WAY,3RD ST & GRANT,39.16464,-86.529728
2013,2,5,Weekday,1900,2-Car,No injury/unknown,FAILURE TO YIELD RIGHT OF WAY,EAST 3RD ST & GRANT,39.16464,-86.529728
2013,4,2,Weekday,200,2-Car,No injury/unknown,OTHER (DRIVER) - EXPLAIN IN NARRATIVE,3RD & GRANT ST,39.16464,-86.529728
2013,4,7,Weekend,1200,2-Car,No injury/unknown,FAILURE TO YIELD RIGHT OF WAY,E 3RD ST & S GRANT,39.16464,-86.529728
2013,10,6,Weekday,1300,2-Car,No injury/unknown,UNSAFE LANE MOVEMENT,E 3RD ST & GRANT,39.16464,-86.529728
2013,5,4,Weekday,1100,Bus,No injury/unknown,UNSAFE SPEED,3RD ST & LINCOLN,39.16464,-86.531024
2013,10,4,Weekday,1300,2-Car,No injury/unknown,DISREGARD SIGNAL/REG SIGN,EAST 3RD ST & SOUTH LINCOLN,39.16464,-86.531024
2013,2,6,Weekday,1600,3+ Cars,Non-incapacitating,DISREGARD SIGNAL/REG SIGN,3RD ST & WASHINGTON,39.16464,-86.5324
2013,1,5,Weekday,1900,2-Car,No injury/unknown,DISREGARD SIGNAL/REG SIGN,E 3RD ST & S WASHINGTON,39.16464,-86.5324
2013,4,6,Weekday,1100,2-Car,No injury/unknown,,S WASHINGTON ST,39.16464,-86.5324
2013,10,2,Weekday,1100,2-Car,Non-incapacitating,CELL PHONE USAGE,E 3RD ST & WASHINGTON,39.16464,-86.5324
2013,11,3,Weekday,900,2-Car,No injury/unknown,UNSAFE BACKING,E 3RD ST,39.16464,-86.5324
2013,12,5,Weekday,1200,2-Car,No injury/unknown,DISREGARD SIGNAL/REG SIGN,3RD ST & WASHINGTON,39.16464,-86.5324
2013,12,3,Weekday,1100,2-Car,No injury/unknown,DISREGARD SIGNAL/REG SIGN,3RD ST & WASHINGTON,39.16464,-86.5324
2013,1,1,Weekend,100,2-Car,No injury/unknown,OTHER (VEHICLE) - EXPLAIN IN NARRATIVE,SOUTH WALNUT ST,39.16464,-86.5336
2013,3,6,Weekday,1500,2-Car,No injury/unknown,,S WALNUT ST,39.16464,-86.5336
2013,5,3,Weekday,1000,3+ Cars,No injury/unknown,FOLLOWING TOO CLOSELY,3RD & S WALNUT ST,39.16464,-86.5336
2013,8,3,Weekday,1600,2-Car,No injury/unknown,FAILURE TO YIELD RIGHT OF WAY,S WALNUT ST,39.16464,-86.5336
2013,11,3,Weekday,1100,2-Car,No injury/unknown,UNSAFE BACKING,SOUTH WALNUT ST,39.16464,-86.5336
2013,11,3,Weekday,1200,2-Car,No injury/unknown,UNSAFE BACKING,S WALNUT ST & SR37,39.16464,-86.5336
2013,1,5,Weekday,2200,3+ Cars,No injury/unknown,SPEED TOO FAST FOR WEATHER CONDITIONS,COLLEGE & SR37S,39.16464,-86.534816
2013,1,3,Weekday,1100,2-Car,No injury/unknown,IMPROPER TURNING,SO COLLEGE AVE & W 3RD,39.16464,-86.534816
2013,2,2,Weekday,1900,2-Car,Non-incapacitating,DISREGARD SIGNAL/REG SIGN,3RD ST & COLLEGE,39.16464,-86.534816
2013,4,3,Weekday,1400,2-Car,Non-incapacitating,FAILURE TO YIELD RIGHT OF WAY,COLLEGE & WEST 3RD ST,39.16464,-86.534816
2013,5,1,Weekend,1100,2-Car,No injury/unknown,DISREGARD SIGNAL/REG SIGN,S COLLEGE AVE & W 3RD,39.16464,-86.534816
2013,8,4,Weekday,1800,2-Car,No injury/unknown,DISREGARD SIGNAL/REG SIGN,3RD & COLLEGE AVE,39.16464,-86.534816
2013,7,6,Weekday,1200,Cyclist,Non-incapacitating,DISREGARD SIGNAL/REG SIGN,S COLLEGE AVE & W 3RD,39.16464,-86.534816
2013,11,5,Weekday,2300,2-Car,Non-incapacitating,FAILURE TO YIELD RIGHT OF WAY,E 3RD & S COLLEGE AVE,39.16464,-86.534816
2013,4,5,Weekday,1100,2-Car,No injury/unknown,FOLLOWING TOO CLOSELY,3RD ST & KIMBLE,39.16464,-86.568
2013,6,5,Weekday,1500,3+ Cars,Non-incapacitating,FOLLOWING TOO CLOSELY,KIMBLE & WEST THIRD ST,39.16464,-86.568
2013,6,7,Weekend,1300,3+ Cars,No injury/unknown,DRIVER DISTRACTED - EXPLAIN IN NARRATIVE,2500 W 3RD ST & S KIMBLE,39.16464,-86.568
2013,6,4,Weekday,1300,2-Car,No injury/unknown,FOLLOWING TOO CLOSELY,KIMBLE & W 3RD ST,39.16464,-86.568
2013,5,6,Weekday,1200,2-Car,No injury/unknown,FOLLOWING TOO CLOSELY,KIMBLE & WEST 3RD ST,39.16464,-86.568
2013,9,4,Weekday,2100,2-Car,No injury/unknown,IMPROPER LANE USAGE,3RD ST & KIMBLE,39.16464,-86.568
2013,11,5,Weekday,1600,2-Car,No injury/unknown,UNSAFE BACKING,E 3RD ST,39.16464,-86.56905455
2013,3,4,Weekday,1300,2-Car,No injury/unknown,UNSAFE BACKING,E 3RD ST,39.16464,-86.56913891
2013,10,4,Weekday,800,3+ Cars,Non-incapacitating,FOLLOWING TOO CLOSELY,CURRY & W 3RD ST,39.16463971,-86.58292002
2013,11,4,Weekday,1000,2-Car,No injury/unknown,FOLLOWING TOO CLOSELY,3RD ST & CURRY,39.16463971,-86.58292002
2013,11,7,Weekend,2200,2-Car,No injury/unknown,FAILURE TO YIELD RIGHT OF WAY,3RD & CURRY PIKE,39.16463971,-86.58292002
2013,11,6,Weekday,1800,2-Car,No injury/unknown,FOLLOWING TOO CLOSELY,S CURRY & W 3RD ST,39.16463971,-86.58296332
2013,4,4,Weekday,1700,2-Car,No injury/unknown,FAILURE TO YIELD RIGHT OF WAY,W THIRD ST,39.16462563,-86.57083064
2013,9,6,Weekday,800,1-Car,Non-incapacitating,OTHER (DRIVER) - EXPLAIN IN NARRATIVE,W 3RD ST,39.16462094,-86.58336393
2013,7,3,Weekday,1100,2-Car,No injury/unknown,FAILURE TO YIELD RIGHT OF WAY,3RD ST & MADISON,39.16462027,-86.53741031
2013,3,5,Weekday,1900,2-Car,No injury/unknown,FAILURE TO YIELD RIGHT OF WAY,3RD ST & LIBERTY,39.16461021,-86.57908677
2013,12,3,Weekday,1200,2-Car,No injury/unknown,OTHER (DRIVER) - EXPLAIN IN NARRATIVE,3RD ST & LIBERTY,39.16461021,-86.57911708
2013,3,2,Weekday,900,2-Car,No injury/unknown,DISREGARD SIGNAL/REG SIGN,3RD ST & LIBERTY,39.16461021,-86.57913006
2013,5,3,Weekday,2200,2-Car,No injury/unknown,FAILURE TO YIELD RIGHT OF WAY,3RD ST & LIBERTY,39.16461021,-86.57913006
2013,7,2,Weekday,2000,2-Car,No injury/unknown,FAILURE TO YIELD RIGHT OF WAY,3RD ST & LIBERTY,39.16461021,-86.57913006
2013,8,2,Weekday,1300,2-Car,No injury/unknown,FOLLOWING TOO CLOSELY,S LIBERTY & W 3RD ST,39.16461021,-86.57913006
2013,12,5,Weekday,800,2-Car,No injury/unknown,FAILURE TO YIELD RIGHT OF WAY,3RD & LIBERTY DR,39.16461021,-86.57913006
2013,9,7,Weekend,1300,2-Car,No injury/unknown,UNSAFE LANE MOVEMENT,LIBERTY & W 3RD ST,39.16461021,-86.57913872
2013,3,7,Weekend,1100,2-Car,No injury/unknown,FAILURE TO YIELD RIGHT OF WAY,SO LIBERTY & W 3RD ST,39.16461021,-86.57914045
2013,8,3,Weekday,1800,2-Car,Non-incapacitating,DISREGARD SIGNAL/REG SIGN,3RD ST & WASHINGTON,39.16460015,-86.53235971
2013,10,7,Weekend,1600,2-Car,Non-incapacitating,FOLLOWING TOO CLOSELY,3RD ST & WASHINGTON,39.16460015,-86.53235971
2013,11,4,Weekday,1600,2-Car,No injury/unknown,DISREGARD SIGNAL/REG SIGN,3RD ST & WASHINGTON,39.16460015,-86.53235971
2013,7,6,Weekday,1100,Moped/Motorcycle,Non-incapacitating,FAILURE TO YIELD RIGHT OF WAY,3RD & WALNUT ST,39.16460015,-86.53362974
2013,11,2,Weekday,1300,2-Car,No injury/unknown,FOLLOWING TOO CLOSELY,THIRD ST & WALNUT,39.16460015,-86.53362974
2013,2,6,Weekend,2000,2-Car,No injury/unknown,FAILURE TO YIELD RIGHT OF WAY,3RD ST & COLLEGE,39.16460015,-86.53489977
2013,9,6,Weekday,1500,2-Car,No injury/unknown,FAILURE TO YIELD RIGHT OF WAY,3RD ST & COLLEGE,39.16460015,-86.53489977
2013,11,6,Weekday,1200,2-Car,No injury/unknown,DISREGARD SIGNAL/REG SIGN,3RD & COLLEGE AVE,39.16460015,-86.53489977
2013,11,7,Weekend,2100,2-Car,No injury/unknown,DISREGARD SIGNAL/REG SIGN,3RD ST & COLLEGE,39.16460015,-86.53489977
2013,10,4,Weekday,700,1-Car,No injury/unknown,OTHER (DRIVER) - EXPLAIN IN NARRATIVE,W 3RD ST,39.16460015,-86.58302865
2013,7,1,Weekend,0,Moped/Motorcycle,Non-incapacitating,RAN OFF ROAD RIGHT,3RD & ROGERS ST,39.16459641,-86.538592
2013,7,2,Weekday,1700,2-Car,No injury/unknown,FOLLOWING TOO CLOSELY,3RD & LINCOLN ST,39.16459009,-86.5311098
2013,9,5,Weekday,1600,3+ Cars,Non-incapacitating,FOLLOWING TOO CLOSELY,GATES & W 3RD ST,39.16459009,-86.57617378
2013,2,5,Weekday,1600,2-Car,No injury/unknown,DRIVER DISTRACTED - EXPLAIN IN NARRATIVE,GATES & W 3RD ST,39.16459009,-86.57619975