Year,Month,Day,Weekend?,Hour,Collision Type,Injury Type,Primary Factor,Reported_Location,Latitude,Longitude
2013,3,4,Weekday,1800,Bus,No injury/unknown,DISREGARD SIGNAL/REG SIGN,3RD ST & GATES,39.16459009,-86.57619975
2013,4,7,Weekend,1100,2-Car,No injury/unknown,FAILURE TO YIELD RIGHT OF WAY,GATES & W 3RD ST,39.16459009,-86.57619975
2013,5,2,Weekday,2200,2-Car,No injury/unknown,DISREGARD SIGNAL/REG SIGN,GATES & WEST 3RD ST,39.16459009,-86.57619975
2013,4,4,Weekday,1600,Bus,No injury/unknown,FAILURE TO YIELD RIGHT OF WAY,3RD & GATES DR,39.16459009,-86.57619975
2013,8,3,Weekday,1100,2-Car,No injury/unknown,FOLLOWING TOO CLOSELY,GATES & W 3RD ST,39.16459009,-86.57619975
2013,8,5,Weekday,1400,2-Car,No injury/unknown,FOLLOWING TOO CLOSELY,3RD ST & GATES,39.16459009,-86.57619975
2013,6,1,Weekend,1800,1-Car,Non-incapacitating,RAN OFF ROAD RIGHT,3RD ST & GATES,39.16459009,-86.57619975
2013,6,3,Weekday,1600,3+ Cars,Non-incapacitating,FOLLOWING TOO CLOSELY,GATES & W 3RD ST,39.16459009,-86.57619975
2013,8,5,Weekday,1600,3+ Cars,No injury/unknown,FOLLOWING TOO CLOSELY,GATES & W 3RD ST,39.16459009,-86.57619975
2013,11,3,Weekday,1600,3+ Cars,No injury/unknown,FOLLOWING TOO CLOSELY,3RD ST & GATES,39.16459009,-86.57619975
2013,12,4,Weekday,1400,2-Car,No injury/unknown,FAILURE TO YIELD RIGHT OF WAY,3RD ST & GATES,39.16459009,-86.57619975
2013,1,3,Weekday,800,2-Car,No injury/unknown,FAILURE TO YIELD RIGHT OF WAY,GATES & SR48,39.16458572,-86.57618347
2013,2,1,Weekend,1200,1-Car,No injury/unknown,OTHER (DRIVER) - EXPLAIN IN NARRATIVE,400 3RD ST & DUNN,39.16457778,-86.52830149
2013,1,1,Weekend,1700,1-Car,No injury/unknown,RAN OFF ROAD RIGHT,GRANT ST & THIRD,39.16456997,-86.52982972
2013,5,6,Weekday,1300,2-Car,No injury/unknown,,3RD ST & GRANT,39.16456997,-86.52982972
2013,5,3,Weekday,1400,2-Car,Non-incapacitating,FAILURE TO YIELD RIGHT OF WAY,3RD ST & GRANT,39.16456997,-86.52982972
2013,7,3,Weekday,1500,2-Car,No injury/unknown,FOLLOWING TOO CLOSELY,3RD ST & GRANT,39.16456997,-86.52982972
2013,11,1,Weekend,1200,2-Car,Non-incapacitating,UNSAFE LANE MOVEMENT,E 3RD ST & S GRANT,39.16456997,-86.52982972
2013,3,7,Weekend,1200,2-Car,No injury/unknown,UNSAFE BACKING,(NS ALLEY) E 3RD ST & S GRANT,39.16456997,-86.52984703
2013,5,3,Weekday,1400,2-Car,No injury/unknown,UNSAFE BACKING,EAST 3RD ST,39.16456,-86.5550845
2013,8,2,Weekday,1500,2-Car,No injury/unknown,FAILURE TO YIELD RIGHT OF WAY,THIRD ST & YANCY,39.16455992,-86.56948015
2013,2,6,Weekday,1200,2-Car,No injury/unknown,DRIVER DISTRACTED - EXPLAIN IN NARRATIVE,3RD ST & FRANKLIN,39.16455992,-86.5701816
2013,4,1,Weekend,1300,Moped/Motorcycle,Non-incapacitating,FAILURE TO YIELD RIGHT OF WAY,3RD ST & FRANKLIN,39.16455992,-86.57019026
2013,8,6,Weekday,1600,2-Car,Non-incapacitating,FOLLOWING TOO CLOSELY,3RD ST & FRANKLIN,39.16455992,-86.57019026
2013,9,1,Weekend,1500,2-Car,Non-incapacitating,BRAKE FAILURE OR DEFECTIVE,3RD ST & WYNNEDALE,39.16455992,-86.57019026
2013,12,6,Weekday,300,1-Car,No injury/unknown,RAN OFF ROAD RIGHT,FRANKLIN RD & W 3RD,39.16455992,-86.57019026
2013,12,2,Weekday,2200,3+ Cars,No injury/unknown,FOLLOWING TOO CLOSELY,THIRD & WYNNEDALE DR,39.16455992,-86.57019026
2013,2,1,Weekend,1800,2-Car,No injury/unknown,,W 3RD ST,39.16455981,-86.55584763
2013,7,3,Weekday,100,2-Car,No injury/unknown,UNSAFE BACKING,W 3RD ST,39.16454406,-86.55360366
2013,2,4,Weekday,1600,2-Car,No injury/unknown,FAILURE TO YIELD RIGHT OF WAY,3RD & CORY LN,39.164544,-86.560096
2013,3,2,Weekday,1700,2-Car,No injury/unknown,DRIVER ASLEEP OR FATIGUED,S CURRY PIKE & W 3RD,39.164544,-86.560096
2013,5,2,Weekday,1300,2-Car,No injury/unknown,UNSAFE LANE MOVEMENT,3RD & CURRY PIKE,39.164544,-86.560096
2013,8,7,Weekend,1600,2-Car,No injury/unknown,FAILURE TO YIELD RIGHT OF WAY,CORY & THIRD ST,39.164544,-86.560096
2013,10,4,Weekday,1600,2-Car,Non-incapacitating,FOLLOWING TOO CLOSELY,KIMBLE & THIRD ST,39.1645398,-86.56798152
2013,1,3,Weekday,200,1-Car,No injury/unknown,RAN OFF ROAD RIGHT,S KIMBLE DR & W 3RD,39.1645398,-86.56799018
2013,5,5,Weekday,1700,2-Car,No injury/unknown,FOLLOWING TOO CLOSELY,3RD ST & KIMBLE,39.1645398,-86.56799018
2013,6,5,Weekday,1700,2-Car,Non-incapacitating,FOLLOWING TOO CLOSELY,3RD ST & KIMBLE,39.1645398,-86.56799018
2013,11,6,Weekday,1700,2-Car,No injury/unknown,FOLLOWING TOO CLOSELY,3RD ST & KIMBLE,39.1645398,-86.56799018
2013,9,5,Weekday,1100,2-Car,No injury/unknown,LEFT OF CENTER,S ADAMS & W 3RD ST,39.164512,-86.550624
2013,5,6,Weekday,1700,2-Car,No injury/unknown,DRIVER DISTRACTED - EXPLAIN IN NARRATIVE,3RD ST & MULLER,39.16450024,-86.56267422
2013,1,5,Weekday,1900,2-Car,No injury/unknown,SPEED TOO FAST FOR WEATHER CONDITIONS,MULLER & W 3RD ST,39.16450024,-86.56270019
2013,2,4,Weekday,1600,2-Car,Non-incapacitating,FAILURE TO YIELD RIGHT OF WAY,3RD ST & MULLER,39.16450024,-86.56270019
2013,3,6,Weekday,1700,2-Car,No injury/unknown,UNSAFE LANE MOVEMENT,MULLER & WEST 3 ST ST,39.16450024,-86.56270019
2013,3,2,Weekday,800,2-Car,No injury/unknown,SPEED TOO FAST FOR WEATHER CONDITIONS,MULLER PKWY & W 3RD,39.16450024,-86.56270019
2013,6,6,Weekday,200,1-Car,No injury/unknown,RAN OFF ROAD RIGHT,S MULLER PKWY & W 3RD,39.16450024,-86.56270019
2013,4,7,Weekend,1900,2-Car,No injury/unknown,FAILURE TO YIELD RIGHT OF WAY,MULLER & WEST THIRD ST,39.16450024,-86.56270019
2013,8,5,Weekday,1400,1-Car,No injury/unknown,DISREGARD SIGNAL/REG SIGN,3RD ST & MULLER,39.16450024,-86.56270019
2013,4,7,Weekend,800,1-Car,No injury/unknown,,MULLER & W 3RD ST,39.16450024,-86.56271318
2013,9,3,Weekday,1200,3+ Cars,No injury/unknown,OTHER (VEHICLE) - EXPLAIN IN NARRATIVE,E 3RD ST,39.164491,-86.549814
2013,1,1,Weekend,1400,2-Car,No injury/unknown,UNSAFE BACKING,3RD ST,39.164488,-86.54969829
2013,12,6,Weekday,1600,1-Car,No injury/unknown,OBSTRUCTION NOT MARKED,E 3RD ST,39.164488,-86.54969829
2013,9,6,Weekday,1600,2-Car,No injury/unknown,DRIVER ASLEEP OR FATIGUED,3RD ST & CORY,39.16448012,-86.56015008
2013,12,4,Weekday,1000,2-Car,No injury/unknown,IMPROPER LANE USAGE,CORY & THIRD ST,39.16448012,-86.56015008
2013,6,7,Weekend,1300,1-Car,Non-incapacitating,RAN OFF ROAD RIGHT,WEST 3RD ST,39.16447742,-86.54929031
2013,7,2,Weekday,900,2-Car,No injury/unknown,FOLLOWING TOO CLOSELY,SR37N,39.16446797,-86.57233285
2013,9,6,Weekday,800,2-Car,No injury/unknown,,S COLLEGE AVE,39.16446694,-86.53481763
2013,5,3,Weekday,1200,2-Car,No injury/unknown,UNSAFE BACKING,EAST 3RD ST,39.1644625,-86.54871471
2013,11,4,Weekday,1200,2-Car,No injury/unknown,OVERCORRECTING/OVERSTEERING,E 3RD ST,39.1644625,-86.54871471
2013,12,6,Weekday,0,2-Car,No injury/unknown,SPEED TOO FAST FOR WEATHER CONDITIONS,3RD ST & DUNN,39.16444995,-86.52821972
2013,1,2,Weekday,1300,2-Car,Non-incapacitating,FOLLOWING TOO CLOSELY,E 3RD ST & SR 45 46 BYPASS,39.164448,-86.471888
2013,2,4,Weekday,800,3+ Cars,Non-incapacitating,FOLLOWING TOO CLOSELY,3RD ST & SR 45 46,39.164448,-86.471888
2013,3,2,Weekday,1300,2-Car,No injury/unknown,FOLLOWING TOO CLOSELY,3RD & SR 45 46 BYP,39.164448,-86.471888
2013,7,6,Weekday,1200,2-Car,Non-incapacitating,FOLLOWING TOO CLOSELY,EAST THIRD ST & SR4546,39.164448,-86.471888
2013,1,3,Weekday,800,2-Car,No injury/unknown,FOLLOWING TOO CLOSELY,FESS & THIRD ST,39.164448,-86.525792
2013,3,5,Weekday,1300,2-Car,Non-incapacitating,FAILURE TO YIELD RIGHT OF WAY,FESS & THIRD ST,39.164448,-86.525792
2013,9,6,Weekday,1700,3+ Cars,No injury/unknown,FOLLOWING TOO CLOSELY,E 3RD ST & S FESS,39.164448,-86.525792
2013,11,1,Weekend,1500,3+ Cars,No injury/unknown,FOLLOWING TOO CLOSELY,3RD ST & FESS,39.164448,-86.525792
2013,12,4,Weekday,1200,2-Car,No injury/unknown,FAILURE TO YIELD RIGHT OF WAY,FESS & THIRD ST,39.164448,-86.525792
2013,7,2,Weekday,1200,2-Car,No injury/unknown,FAILURE TO YIELD RIGHT OF WAY,3RD ST & INDIANA,39.164448,-86.52591797
2013,1,3,Weekday,1500,2-Car,No injury/unknown,FOLLOWING TOO CLOSELY,3RD ST & INDIANA,39.164448,-86.52669416
2013,8,2,Weekday,1400,2-Car,No injury/unknown,UNSAFE LANE MOVEMENT,INDIANA & THIRD ST,39.164448,-86.5268
2013,8,6,Weekday,800,1-Car,No injury/unknown,UNSAFE BACKING,3RD ST & INDIANA,39.164448,-86.5268
2013,9,2,Weekday,1300,2-Car,No injury/unknown,FOLLOWING TOO CLOSELY,3RD ST & INDIANA,39.164448,-86.5268
2013,12,7,Weekend,100,2-Car,No injury/unknown,SPEED TOO FAST FOR WEATHER CONDITIONS,E 3RD ST & S INDIANA,39.164448,-86.5268
2013,12,6,Weekend,2100,2-Car,No injury/unknown,FAILURE TO YIELD RIGHT OF WAY,INDIANA 37 & W 3RD ST,39.164448,-86.5268
2013,1,3,Weekday,2000,2-Car,No injury/unknown,LEFT OF CENTER,3RD ST & ATWATER,39.164448,-86.528096
2013,1,1,Weekday,1900,2-Car,No injury/unknown,ROADWAY SURFACE CONDITION,DUNN & THIRD ST,39.164448,-86.528096
2013,4,2,Weekday,600,2-Car,No injury/unknown,DISREGARD SIGNAL/REG SIGN,DUNN & E 3RD ST,39.164448,-86.528096
2013,3,6,Weekday,1200,3+ Cars,Non-incapacitating,UNSAFE LANE MOVEMENT,E 3RD & S DUNN ST,39.164448,-86.528096
2013,5,6,Weekday,200,1-Car,No injury/unknown,UNSAFE BACKING,ATWATER AVE & DUNN,39.164448,-86.528096
2013,9,7,Weekend,1900,2-Car,No injury/unknown,UNSAFE LANE MOVEMENT,3RD ST & DUNN,39.164448,-86.528096
2013,10,5,Weekday,700,2-Car,No injury/unknown,UNSAFE LANE MOVEMENT,DUNN & E 3RD ST,39.164448,-86.528096
2013,9,7,Weekend,1600,2-Car,No injury/unknown,UNSAFE BACKING,E 3RD ST,39.16444703,-86.52575968
2013,3,2,Weekday,2300,2-Car,No injury/unknown,FAILURE TO YIELD RIGHT OF WAY,E 3RD ST,39.16443758,-86.54775367
2013,9,4,Weekday,2000,2-Car,No injury/unknown,FOLLOWING TOO CLOSELY,3RD ST & FESS,39.16443214,-86.52526318
2013,4,2,Weekday,1100,2-Car,No injury/unknown,FAILURE TO YIELD RIGHT OF WAY,LANDMARK & W  3RD ST,39.16442983,-86.55629252
2013,1,5,Weekday,1500,2-Car,No injury/unknown,FOLLOWING TOO CLOSELY,LANDMARK & WEST THIRD ST,39.16442983,-86.55630983
2013,8,4,Weekday,1400,2-Car,No injury/unknown,FAILURE TO YIELD RIGHT OF WAY,LANDMARK & THIRD ST,39.16442983,-86.55630983
2013,8,6,Weekday,1200,2-Car,No injury/unknown,FAILURE TO YIELD RIGHT OF WAY,3RD ST & LANDMARK,39.16442983,-86.55630983
2013,9,4,Weekday,900,Cyclist,Non-incapacitating,BRAKE FAILURE OR DEFECTIVE,S LANDMARK & W 3RD ST,39.16442983,-86.55630983
2013,10,3,Weekday,1700,3+ Cars,Non-incapacitating,DISREGARD SIGNAL/REG SIGN,3RD ST & LANDMARK,39.16442983,-86.55630983
2013,6,4,Weekday,1200,2-Car,No injury/unknown,UNSAFE LANE MOVEMENT,LANDMARK & WEST THIRD ST,39.16442983,-86.5563358
2013,7,4,Weekday,1700,2-Car,No injury/unknown,UNSAFE BACKING,WEST THIRD ST,39.16442983,-86.57200276
2013,1,5,Weekday,1400,2-Car,No injury/unknown,UNSAFE BACKING,EAST 3RD ST,39.16442667,-86.52508089
2013,10,3,Weekday,1500,2-Car,No injury/unknown,FOLLOWING TOO CLOSELY,E 3RD ST,39.16442667,-86.52508089
2013,10,3,Weekday,1600,2-Car,No injury/unknown,FAILURE TO YIELD RIGHT OF WAY,E 3RD ST,39.16442667,-86.52508089
2013,6,6,Weekday,1300,2-Car,No injury/unknown,UNSAFE BACKING,3RD ST & WESTPLEX,39.16440971,-86.5538964
2013,4,3,Weekday,1700,2-Car,Non-incapacitating,FOLLOWING TOO CLOSELY,3RD ST & WESTPLEX,39.16440971,-86.55389986
2013,9,2,Weekday,1700,2-Car,Non-incapacitating,FOLLOWING TOO CLOSELY,3RD ST & WESTPLEX,39.16440971,-86.55389986
2013,9,7,Weekend,800,2-Car,No injury/unknown,UNSAFE LANE MOVEMENT,E 3RD ST & SR446,39.1644096,-86.47214797
2013,9,2,Weekday,1900,1-Car,No injury/unknown,,W THIRD ST & WALKER,39.1644,-86.546304
2013,7,7,Weekend,0,1-Car,No injury/unknown,UNSAFE LANE MOVEMENT,S PATTERSON & W 3RD ST,39.16439943,-86.55195948
2013,9,1,Weekend,1700,2-Car,No injury/unknown,FOLLOWING TOO CLOSELY,SOUTH PATTERSON & WEST 3RD ST,39.16439943,-86.55195948
2013,5,3,Weekday,1300,2-Car,No injury/unknown,,W THIRD ST,39.16438675,-86.58110809
2013,10,7,Weekend,1200,2-Car,No injury/unknown,FAILURE TO YIELD RIGHT OF WAY,400 E 3RD ST & S GRANT,39.164375,-86.52949665
2013,4,3,Weekday,800,2-Car,No injury/unknown,IMPROPER TURNING,HENDERSON ST & HUNTER,39.1643687,-86.52682873
2013,4,6,Weekday,500,1-Car,No injury/unknown,RAN OFF ROAD RIGHT,S UNION ST,39.16435494,-86.509296
2013,3,7,Weekend,1000,2-Car,No injury/unknown,FOLLOWING TOO CLOSELY,E 3RD & SO HIGH ST,39.164352,-86.508288
2013,3,3,Weekday,900,2-Car,Non-incapacitating,FOLLOWING TOO CLOSELY,3RD ST & HIGH,39.164352,-86.50855261
2013,3,7,Weekend,1400,3+ Cars,No injury/unknown,FOLLOWING TOO CLOSELY,3RD ST & UNION,39.164352,-86.5088
2013,9,1,Weekday,1900,1-Car,No injury/unknown,IMPROPER TURNING,E 3RD & UNION ST,39.164352,-86.5088
2013,5,3,Weekday,1100,Cyclist,Non-incapacitating,OTHER (DRIVER) - EXPLAIN IN NARRATIVE,EAST 3RD ST & ROSE,39.164352,-86.510944
2013,10,4,Weekday,1800,2-Car,No injury/unknown,IMPROPER TURNING,3RD ST & ROSE,39.164352,-86.510944
2013,1,4,Weekday,1400,1-Car,No injury/unknown,UNSAFE BACKING,E 3RD ST,39.164352,-86.521088
2013,10,7,Weekend,1000,2-Car,No injury/unknown,SPEED TOO FAST FOR WEATHER CONDITIONS,3RD ST & FACULTY,39.164352,-86.521088
2013,12,4,Weekday,1200,2-Car,No injury/unknown,FOLLOWING TOO CLOSELY,S FACULTY & THIRD ST,39.164352,-86.521088
2013,12,4,Weekday,1200,2-Car,No injury/unknown,FOLLOWING TOO CLOSELY,FACULTY & THIRD ST,39.164352,-86.521088
2013,5,3,Weekday,1100,1-Car,No injury/unknown,OTHER (DRIVER) - EXPLAIN IN NARRATIVE,SOUTH WOODLAWN AVE,39.164352,-86.522592
2013,7,3,Weekday,1700,1-Car,No injury/unknown,UNSAFE BACKING,S WOODLAWN AVE,39.164352,-86.522592
2013,2,6,Weekday,800,1-Car,No injury/unknown,SPEED TOO FAST FOR WEATHER CONDITIONS,WEST 3RD ST,39.16432953,-86.5832901
2013,4,4,Weekday,1600,2-Car,No injury/unknown,FAILURE TO YIELD RIGHT OF WAY,W 3RD ST,39.16432953,-86.5832901
2013,2,5,Weekday,1300,2-Car,No injury/unknown,FOLLOWING TOO CLOSELY,E 3RD ST & S BRYAN,39.16432,-86.50824
2013,5,1,Weekend,1200,2-Car,Incapacitating,FAILURE TO YIELD RIGHT OF WAY,BURMA ROAD & SR37N,39.16432,-86.50824
2013,7,4,Weekday,1300,2-Car,No injury/unknown,FOLLOWING TOO CLOSELY,E 3RD ST & SO BRYAN,39.16432,-86.50824
2013,10,4,Weekday,1500,2-Car,No injury/unknown,IMPROPER LANE USAGE,E THIRD ST,39.16431248,-86.50218285
2013,1,6,Weekday,1400,3+ Cars,No injury/unknown,DRIVER DISTRACTED - EXPLAIN IN NARRATIVE,E 3RD ST & ROOSEVELT,39.164304,-86.505792
2013,3,6,Weekday,1300,2-Car,No injury/unknown,FOLLOWING TOO CLOSELY,E 3RD ST & S ROOSEVELT,39.164304,-86.505792
2013,9,6,Weekday,100,2-Car,No injury/unknown,FAILURE TO YIELD RIGHT OF WAY,EAST THIRD ST & ROOSEVELT,39.164304,-86.505792
2013,9,2,Weekday,1200,2-Car,No injury/unknown,FOLLOWING TOO CLOSELY,EAST 3RD ST & ROOSEVELT,39.164304,-86.505792
2013,10,1,Weekend,1200,2-Car,No injury/unknown,FOLLOWING TOO CLOSELY,E 3RD ST & S ROOSEVELT,39.164304,-86.505792
2013,2,4,Weekday,1200,2-Car,No injury/unknown,FOLLOWING TOO CLOSELY,3RD ST & JEFFERSON,39.164304,-86.506992
2013,2,4,Weekday,1300,2-Car,No injury/unknown,FOLLOWING TOO CLOSELY,3RD ST & JEFFERSON,39.164304,-86.506992
2013,4,4,Weekday,300,1-Car,No injury/unknown,IMPROPER TURNING,E 3RD ST & JEFFERSON,39.164304,-86.506992
2013,8,3,Weekday,900,2-Car,No injury/unknown,UNSAFE BACKING,MAPLE ST & WEST 3RD,39.16429974,-86.54222019
2013,12,5,Weekday,900,2-Car,No injury/unknown,UNSAFE BACKING,EAST 3RD ST,39.16429505,-86.49985268
2013,2,3,Weekday,1500,Moped/Motorcycle,Non-incapacitating,OTHER (DRIVER) - EXPLAIN IN NARRATIVE,E 3RD ST & FESS,39.16428968,-86.52587444
2013,2,2,Weekday,1100,2-Car,No injury/unknown,FAILURE TO YIELD RIGHT OF WAY,FESS & THIRD ST,39.16428968,-86.52589174
2013,9,3,Weekday,1700,Cyclist,Non-incapacitating,IMPROPER LANE USAGE,HENDERSON & THIRD ST,39.16427777,-86.52588752
2013,7,4,Weekday,1100,2-Car,Non-incapacitating,UNSAFE LANE MOVEMENT,FESS & THIRD ST,39.1642777,-86.52587125
2013,5,2,Weekday,1600,2-Car,No injury/unknown,OTHER (DRIVER) - EXPLAIN IN NARRATIVE,S MADISON ST,39.16427589,-86.537296
2013,1,1,Weekday,1900,2-Car,No injury/unknown,FAILURE TO YIELD RIGHT OF WAY,JORDAN AVE & THIRD,39.16427532,-86.51640856
2013,1,2,Weekday,1500,Pedestrian,Non-incapacitating,PEDESTRIAN ACTION,JORDAN AVE & THIRD,39.16427532,-86.51640856
2013,6,3,Weekday,1700,2-Car,No injury/unknown,IMPROPER PASSING,JORDAN AVE & THIRD,39.16427532,-86.51640856
2013,7,4,Weekday,1200,2-Car,No injury/unknown,UNSAFE LANE MOVEMENT,JORDAN & THIRD ST,39.16427532,-86.51640856
2013,8,4,Weekday,1700,2-Car,No injury/unknown,UNSAFE BACKING,E JONES & JORDAN AVE,39.16427532,-86.51640856
2013,2,5,Weekday,1900,2-Car,Non-incapacitating,IMPROPER TURNING,BALLANTINE RD & THIRD,39.16427388,-86.5191192
2013,8,2,Weekday,1400,2-Car,No injury/unknown,UNSAFE LANE MOVEMENT,BALLANTINE RD & THIRD,39.16427388,-86.5191192
2013,7,2,Weekday,1300,2-Car,Non-incapacitating,IMPROPER LANE USAGE,SWAIN & THIRD ST,39.16427358,-86.51583434
2013,1,5,Weekday,1700,3+ Cars,No injury/unknown,UNSAFE LANE MOVEMENT,E THIRD ST & OVERHILL,39.164272,-86.501488
2013,3,6,Weekday,1000,2-Car,No injury/unknown,FAILURE TO YIELD RIGHT OF WAY,E 3RD ST & S OVERHILL,39.164272,-86.501488
2013,7,4,Weekday,700,2-Car,No injury/unknown,FAILURE TO YIELD RIGHT OF WAY,EAST THIRD ST & OVERHILL,39.164272,-86.501488
2013,6,7,Weekend,1100,2-Car,No injury/unknown,IMPROPER TURNING,E 3RD ST,39.164272,-86.50177208
2013,2,6,Weekday,1300,2-Car,No injury/unknown,UNSAFE BACKING,E 3RD ST,39.164272,-86.50199935
2013,9,3,Weekday,2200,2-Car,No injury/unknown,UNSAFE BACKING,W 3RD ST,39.164272,-86.50232131
2013,3,2,Weekday,1200,2-Car,No injury/unknown,FAILURE TO YIELD RIGHT OF WAY,3RD & SO WOODSCREST DR,39.164272,-86.502416
2013,3,4,Weekday,1200,2-Car,No injury/unknown,FOLLOWING TOO CLOSELY,3RD & WOODSCREST DR,39.164272,-86.502416
2013,4,6,Weekday,1000,2-Car,No injury/unknown,OTHER (DRIVER) - EXPLAIN IN NARRATIVE,3RD & WOODSCREST DR,39.164272,-86.502416
2013,6,4,Weekday,1000,2-Car,No injury/unknown,FOLLOWING TOO CLOSELY,3RD & SR46E,39.16427161,-86.47362489
2013,10,2,Weekday,0,2-Car,No injury/unknown,OTHER (DRIVER) - EXPLAIN IN NARRATIVE,MITCHELL ST & THIRD,39.16427137,-86.51420373
2013,3,4,Weekday,1200,2-Car,No injury/unknown,DISREGARD SIGNAL/REG SIGN,3RD ST & WOODSCREST,39.16427024,-86.50241017
2013,10,6,Weekday,1400,2-Car,No injury/unknown,FAILURE TO YIELD RIGHT OF WAY,E 3RD ST & S WOODSCREST,39.16427024,-86.50241882
2013,9,5,Weekday,700,2-Car,No injury/unknown,UNSAFE BACKING,3RD ST & ROOSEVELT,39.16427024,-86.50600969
2013,3,3,Weekday,1200,2-Car,No injury/unknown,FOLLOWING TOO CLOSELY,3RD ST & ROOSEVELT,39.16427024,-86.50601834
2013,7,6,Weekday,1800,3+ Cars,No injury/unknown,FOLLOWING TOO CLOSELY,3RD ST & JEFFERSON,39.16427024,-86.50710001
2013,9,7,Weekend,1900,2-Car,No injury/unknown,FOLLOWING TOO CLOSELY,3RD ST & JEFFERSON,39.16427024,-86.50710001
2013,8,3,Weekday,1900,2-Car,No injury/unknown,UNSAFE LANE MOVEMENT,3RD ST & SWAIN,39.16425012,-86.51525996
2013,10,5,Weekday,1500,2-Car,No injury/unknown,FOLLOWING TOO CLOSELY,3RD ST & JEFFERSON,39.16427024,-86.50710001
2013,8,5,Weekday,1200,2-Car,Non-incapacitating,FOLLOWING TOO CLOSELY,3RD ST & UNION,39.16427024,-86.50910027
2013,10,3,Weekday,2000,2-Car,No injury/unknown,FAILURE TO YIELD RIGHT OF WAY,3RD ST & UNION,39.16427024,-86.50910027
2013,11,3,Weekday,1800,2-Car,No injury/unknown,IMPROPER PASSING,3RD ST & UNION,39.16427024,-86.50910027
2013,1,7,Weekend,1000,2-Car,No injury/unknown,DISREGARD SIGNAL/REG SIGN,E 3RD ST & S ARBUTUS,39.16427024,-86.51217006
2013,5,6,Weekday,1600,2-Car,No injury/unknown,IMPROPER TURNING,3RD ST & ARBUTUS,39.16427024,-86.51217006
2013,8,4,Weekday,1300,2-Car,No injury/unknown,IMPROPER TURNING,EASTSIDE & THIRD ST,39.16427024,-86.51321008
2013,1,2,Weekday,700,2-Car,No injury/unknown,FOLLOWING TOO CLOSELY,3RD ST & HIGHLAND,39.16427024,-86.51772022
2013,3,2,Weekday,1300,2-Car,No injury/unknown,IMPROPER LANE USAGE,HIGHLAND & THIRD ST,39.16427024,-86.51772022
2013,8,6,Weekday,1300,2-Car,No injury/unknown,IMPROPER LANE USAGE,3RD ST & HIGHLAND,39.16427024,-86.51772022
2013,11,1,Weekend,1400,2-Car,No injury/unknown,IMPROPER TURNING,3RD ST & HIGHLAND,39.16427024,-86.51772022
2013,6,3,Weekday,1600,2-Car,No injury/unknown,FAILURE TO YIELD RIGHT OF WAY,3RD ST & HIGHLAND,39.16427024,-86.51772454
2013,10,6,Weekday,1100,2-Car,No injury/unknown,UNSAFE LANE MOVEMENT,3RD ST & HIGHLAND,39.16427024,-86.51772454
2013,1,3,Weekday,1000,2-Car,No injury/unknown,UNSAFE LANE MOVEMENT,BALLANTINE & EAST THIRD ST,39.16427024,-86.51912972
2013,3,3,Weekday,1700,2-Car,No injury/unknown,UNSAFE LANE MOVEMENT,3RD ST & BALLANTINE,39.16427024,-86.51912972
2013,6,3,Weekday,900,2-Car,No injury/unknown,IMPROPER LANE USAGE,3RD ST & BALLANTINE,39.16427024,-86.51912972
2013,10,3,Weekday,1200,2-Car,No injury/unknown,FOLLOWING TOO CLOSELY,3RD ST & BALLANTINE,39.16427024,-86.51912972
2013,11,5,Weekday,1800,2-Car,No injury/unknown,UNSAFE LANE MOVEMENT,3RD ST & BALLENTINE,39.16427024,-86.51912972
2013,6,6,Weekday,1100,2-Car,Non-incapacitating,UNSAFE SPEED,FACULTY & THIRD ST,39.16427024,-86.52104499
2013,9,3,Weekday,1700,2-Car,No injury/unknown,FOLLOWING TOO CLOSELY,3RD ST & FACULTY,39.16427024,-86.52104672
2013,2,7,Weekend,1100,2-Car,No injury/unknown,IMPROPER TURNING,SWAIN & THIRD ST,39.16426988,-86.51527565
2013,2,6,Weekday,1500,2-Car,Non-incapacitating,FAILURE TO YIELD RIGHT OF WAY,SWAIN AVE & THIRD,39.16426988,-86.51527565
2013,8,7,Weekend,1800,2-Car,No injury/unknown,IMPROPER TURNING,SWAIN & THIRD ST,39.16426988,-86.51527565
2013,8,7,Weekend,1900,2-Car,No injury/unknown,IMPROPER TURNING,SWAIN AVE & THIRD,39.16426988,-86.51527565
2013,7,6,Weekend,1900,2-Car,No injury/unknown,UNSAFE LANE MOVEMENT,SWAIN & THIRD ST,39.16426988,-86.51527565
2013,1,5,Weekday,500,1-Car,No injury/unknown,RAN OFF ROAD RIGHT,ARBUTUS & SR46E,39.16426849,-86.51208237
2013,4,2,Weekday,1400,2-Car,No injury/unknown,UNSAFE LANE MOVEMENT,3RD ST & FESS,39.16426449,-86.5226336
2013,7,7,Weekend,2000,2-Car,No injury/unknown,IMPROPER TURNING,THIRD & WOODLAWN AVE,39.16426449,-86.5226336