Year,Month,Day,Weekend?,Hour,Collision Type,Injury Type,Primary Factor,Reported_Location,Latitude,Longitude
2013,10,5,Weekday,2100,2-Car,No injury/unknown,FAILURE TO YIELD RIGHT OF WAY,THIRD ST & UNION,39.16426449,-86.50938642
2013,4,5,Weekday,2000,2-Car,No injury/unknown,FOLLOWING TOO CLOSELY,CLIFTON AVE & THIRD,39.16426413,-86.50969852
2013,7,2,Weekday,1900,2-Car,No injury/unknown,IMPROPER TURNING,HIGHLAND AVE & THIRD,39.16426229,-86.51775641
2013,9,6,Weekday,1600,2-Car,No injury/unknown,IMPROPER TURNING,HIGHLAND & THIRD ST,39.16426229,-86.51775641
2013,9,2,Weekday,1200,2-Car,No injury/unknown,UNSAFE BACKING,E 3RD ST,39.16426048,-86.50037632
2013,2,6,Weekday,1000,2-Car,Non-incapacitating,FOLLOWING TOO CLOSELY,3RD ST & OVERHILL,39.16426018,-86.50164976
2013,1,1,Weekend,1300,2-Car,No injury/unknown,UNSAFE LANE MOVEMENT,3RD ST & JORDAN,39.16426018,-86.5163999
2013,1,2,Weekday,1200,2-Car,Non-incapacitating,FAILURE TO YIELD RIGHT OF WAY,3RD ST & JORDAN,39.16426018,-86.5163999
2013,3,4,Weekday,2200,2-Car,No injury/unknown,IMPROPER PASSING,3RD & JORDAN AVE,39.16426018,-86.5163999
2013,7,6,Weekday,1300,2-Car,No injury/unknown,IMPROPER LANE USAGE,EAST 3RD ST & JORDAN,39.16426018,-86.5163999
2013,7,4,Weekday,1200,2-Car,No injury/unknown,DISREGARD SIGNAL/REG SIGN,JORDAN & THIRD ST,39.16426018,-86.5163999
2013,7,5,Weekday,1500,2-Car,No injury/unknown,DISREGARD SIGNAL/REG SIGN,3RD ST & JORDAN,39.16426018,-86.5163999
2013,9,5,Weekday,1600,2-Car,No injury/unknown,UNSAFE LANE MOVEMENT,3RD ST & JORDAN,39.16426018,-86.5163999
2013,10,5,Weekday,900,Bus,No injury/unknown,FOLLOWING TOO CLOSELY,3RD ST & JORDAN,39.16426018,-86.5163999
2013,11,7,Weekend,1300,Cyclist,Non-incapacitating,PEDESTRIAN ACTION,3RD & JORDAN AVE,39.16426018,-86.5163999
2013,11,4,Weekday,1000,2-Car,No injury/unknown,UNSAFE SPEED,EAST 3RD ST & JORDAN,39.16426018,-86.51640639
2013,10,3,Weekday,1500,2-Car,No injury/unknown,UNSAFE BACKING,E 3RD ST,39.16425856,-86.50019104
2013,11,2,Weekday,1600,2-Car,Non-incapacitating,FOLLOWING TOO CLOSELY,SR37N,39.16425751,-86.57243729
2013,12,6,Weekday,1000,1-Car,No injury/unknown,DRIVER DISTRACTED - EXPLAIN IN NARRATIVE,E 3RD ST,39.16425344,-86.49969696
2013,8,5,Weekday,900,2-Car,No injury/unknown,UNSAFE LANE MOVEMENT,FACULTY & THIRD ST,39.16425212,-86.52107176
2013,12,6,Weekday,1600,2-Car,No injury/unknown,IMPROPER TURNING,FACULTY AVE & THIRD,39.16425212,-86.52107176
2013,8,1,Weekend,1600,2-Car,No injury/unknown,UNSAFE LANE MOVEMENT,3RD ST & SR446S,39.16425012,-86.47205024
2013,10,3,Weekday,1100,2-Car,No injury/unknown,UNSAFE LANE MOVEMENT,MITCHELL & THIRD ST,39.16425012,-86.51422134
2013,3,1,Weekend,600,1-Car,No injury/unknown,WRONG WAY ON ONE WAY,MITCHELL & THIRD ST,39.16425012,-86.51422999
2013,3,7,Weekend,1100,2-Car,No injury/unknown,FAILURE TO YIELD RIGHT OF WAY,3RD ST & SWAIN,39.16425012,-86.51525131
2013,2,2,Weekday,1200,2-Car,No injury/unknown,IMPROPER LANE USAGE,3RD ST & SWAIN,39.16425012,-86.51525996
2013,2,6,Weekday,1100,2-Car,No injury/unknown,IMPROPER LANE USAGE,3RD ST & SWAIN,39.16425012,-86.51525996
2013,4,6,Weekday,1300,2-Car,No injury/unknown,IMPROPER LANE USAGE,3RD ST & SWAIN,39.16425012,-86.51525996
2013,6,1,Weekday,2000,2-Car,No injury/unknown,IMPROPER LANE USAGE,3RD ST & SWAIN,39.16425012,-86.51525996
2013,5,4,Weekday,800,2-Car,No injury/unknown,IMPROPER TURNING,EAST 3RD ST & SWAIN,39.16425012,-86.51525996
2013,6,2,Weekday,2000,2-Car,No injury/unknown,UNSAFE LANE MOVEMENT,3RD ST & SWAIN,39.16425012,-86.51525996
2013,8,2,Weekday,1700,2-Car,No injury/unknown,UNSAFE LANE MOVEMENT,3RD ST & SWAIN,39.16425012,-86.51525996
2013,8,3,Weekday,1900,2-Car,No injury/unknown,IMPROPER TURNING,3RD ST & SWAIN,39.16425012,-86.51525996
2013,8,6,Weekday,1200,2-Car,No injury/unknown,IMPROPER LANE USAGE,3RD ST & SWAIN,39.16425012,-86.51525996
2013,9,5,Weekday,1900,3+ Cars,No injury/unknown,UNSAFE LANE MOVEMENT,3RD ST & SWAIN,39.16425012,-86.51525996
2013,10,4,Weekday,1700,Pedestrian,Non-incapacitating,IMPROPER TURNING,3RD ST & SWAIN,39.16425012,-86.51525996
2013,1,4,Weekday,1500,2-Car,No injury/unknown,UNSAFE LANE MOVEMENT,HAWTHORNE & THIRD ST,39.16425012,-86.52008995
2013,3,5,Weekday,1600,2-Car,No injury/unknown,UNSAFE LANE MOVEMENT,E 3RD ST & S HAWTHORNE,39.16425012,-86.52008995
2013,4,3,Weekday,1200,1-Car,No injury/unknown,UNSAFE BACKING,HAWTHORNE & THIRD ST,39.16425012,-86.52008995
2013,9,6,Weekday,800,2-Car,No injury/unknown,FOLLOWING TOO CLOSELY,3RD ST & HAWTHORNE,39.16425012,-86.52008995
2013,4,1,Weekend,1500,2-Car,Non-incapacitating,FOLLOWING TOO CLOSELY,3RD ST & WOODLAWN,39.16425012,-86.52257668
2013,1,6,Weekday,1500,2-Car,No injury/unknown,FOLLOWING TOO CLOSELY,3RD ST & WOODLAWN,39.16425012,-86.52261994
2013,9,3,Weekday,1900,2-Car,No injury/unknown,FOLLOWING TOO CLOSELY,3RD ST & WOODLAWN,39.16425012,-86.52261994
2013,9,6,Weekday,1400,2-Car,No injury/unknown,FOLLOWING TOO CLOSELY,3RD ST & WOODLAWN,39.16425012,-86.52261994
2013,8,5,Weekday,2300,1-Car,No injury/unknown,ANIMAL/OBJECT IN ROADWAY,PARK SQUARE & SR48W,39.16424942,-86.59249774
2013,10,5,Weekday,1500,2-Car,No injury/unknown,FOLLOWING TOO CLOSELY,PARK SQUARE & SR48W,39.16424942,-86.5925064
2013,10,5,Weekday,1500,Pedestrian,Non-incapacitating,DRIVER DISTRACTED - EXPLAIN IN NARRATIVE,PARK SQUARE & SR48W,39.16424942,-86.5925064
2013,7,2,Weekday,1100,Pedestrian,Non-incapacitating,PEDESTRIAN ACTION,CLARIZZ BLVD & EAST THIRD,39.16424087,-86.49102688
2013,6,6,Weekday,1300,2-Car,No injury/unknown,FAILURE TO YIELD RIGHT OF WAY,3RD ST & COLLEGE MALL,39.16424006,-86.49820098
2013,3,4,Weekday,1600,2-Car,No injury/unknown,FAILURE TO YIELD RIGHT OF WAY,3RD ST & COLLEGE MALL,39.16424006,-86.49827018
2013,4,3,Weekday,2200,2-Car,No injury/unknown,FOLLOWING TOO CLOSELY,3RD & COLLEGE MALL RD,39.16424006,-86.49827018
2013,6,4,Weekday,2000,2-Car,No injury/unknown,UNSAFE BACKING,SR46S & THIRD,39.16424006,-86.49827018
2013,5,5,Weekday,100,2-Car,No injury/unknown,FOLLOWING TOO CLOSELY,COLLEGE MALL & THIRD ST,39.16424006,-86.49828056
2013,3,2,Weekday,1500,2-Car,No injury/unknown,FAILURE TO YIELD RIGHT OF WAY,E 3RD ST & PARK RIDGE,39.16424001,-86.47786005
2013,9,2,Weekday,800,2-Car,No injury/unknown,FOLLOWING TOO CLOSELY,3RD ST & MEADOWBROOK,39.16424001,-86.48473681
2013,5,5,Weekday,1600,2-Car,Non-incapacitating,FOLLOWING TOO CLOSELY,3900 BLK E 3RD ST & SMITH,39.16424,-86.47857115
2013,2,4,Weekday,800,2-Car,No injury/unknown,SPEED TOO FAST FOR WEATHER CONDITIONS,EAST THIRD ST & SR46,39.16424,-86.473296
2013,3,7,Weekend,1000,2-Car,No injury/unknown,UNSAFE LANE MOVEMENT,E 3RD ST & MORNINGSIDE,39.16424,-86.473696
2013,5,6,Weekday,1200,2-Car,No injury/unknown,FOLLOWING TOO CLOSELY,E 3RD ST & MORNINGSIDE,39.16424,-86.473696
2013,6,3,Weekday,1900,2-Car,No injury/unknown,DRIVER DISTRACTED - EXPLAIN IN NARRATIVE,E 3RD ST & MORNINGSIDE,39.16424,-86.473696
2013,9,5,Weekday,800,3+ Cars,Non-incapacitating,FOLLOWING TOO CLOSELY,E 3RD ST & MORNINGSIDE,39.16424,-86.473696
2013,6,6,Weekday,200,2-Car,No injury/unknown,DISREGARD SIGNAL/REG SIGN,3RD ST & PARK RIDGE,39.16424,-86.476096
2013,4,4,Weekday,1100,2-Car,No injury/unknown,FAILURE TO YIELD RIGHT OF WAY,E 3RD ST & PARK RIDGE,39.16424,-86.476096
2013,6,2,Weekday,1300,2-Car,No injury/unknown,FAILURE TO YIELD RIGHT OF WAY,E 3RD ST & PARK RIDGE,39.16424,-86.476096
2013,10,3,Weekday,1600,2-Car,No injury/unknown,SPEED TOO FAST FOR WEATHER CONDITIONS,EAST 3RD ST & SMITH,39.16424,-86.47962957
2013,5,2,Weekday,1500,1-Car,No injury/unknown,RAN OFF ROAD RIGHT,WEST 3RD ST,39.16424,-86.48057698
2013,1,5,Weekday,1800,2-Car,No injury/unknown,IMPROPER LANE USAGE,EAST 3RD ST & SMITH,39.16424,-86.480688
2013,3,6,Weekday,1700,3+ Cars,No injury/unknown,OTHER (DRIVER) - EXPLAIN IN NARRATIVE,EAST THIRD ST & NORTH SMITH,39.16424,-86.480688
2013,3,7,Weekend,900,1-Car,No injury/unknown,LEFT OF CENTER,SMITHVILLE RD & SR37,39.16424,-86.480688
2013,5,4,Weekday,500,2-Car,No injury/unknown,DRIVER ASLEEP OR FATIGUED,SMITHVILLE & SR37S,39.16424,-86.480688
2013,5,6,Weekday,1200,2-Car,Non-incapacitating,BRAKE FAILURE OR DEFECTIVE,3RD & N SMITH RD,39.16424,-86.480688
2013,9,2,Weekday,1400,1-Car,Non-incapacitating,DRIVER ILLNESS,SMITHVILLE & SR37S,39.16424,-86.480688
2013,12,4,Weekday,2100,2-Car,Non-incapacitating,FOLLOWING TOO CLOSELY,3RD & SMITH RD,39.16424,-86.480688
2013,7,2,Weekday,1800,3+ Cars,No injury/unknown,LEFT OF CENTER,E SMITHVILLE RD,39.16424,-86.4812
2013,6,3,Weekday,1200,2-Car,No injury/unknown,,W 3RD ST,39.16424,-86.488
2013,1,2,Weekday,1200,2-Car,No injury/unknown,UNSAFE BACKING,WEST 3RD ST,39.16424,-86.48955556
2013,11,1,Weekend,1300,1-Car,No injury/unknown,UNSAFE BACKING,WEST 3RD ST,39.16424,-86.4903102
2013,1,1,Weekday,1900,2-Car,No injury/unknown,FAILURE TO YIELD RIGHT OF WAY,3RD & S CLARIZZ BLVD,39.16424,-86.4908
2013,6,6,Weekday,1200,2-Car,Non-incapacitating,FAILURE TO YIELD RIGHT OF WAY,E3RD & SO CLARIZZ BLVD,39.16424,-86.4908
2013,12,6,Weekday,900,2-Car,Non-incapacitating,FOLLOWING TOO CLOSELY,3RD ST & CLARIZZ,39.16424,-86.4908
2013,6,6,Weekday,800,2-Car,No injury/unknown,UNSAFE BACKING,E 3RD ST,39.16424,-86.49250645
2013,10,5,Weekday,1600,2-Car,No injury/unknown,FAILURE TO YIELD RIGHT OF WAY,E 3RD ST,39.16424,-86.49250645
2013,5,5,Weekday,1600,1-Car,No injury/unknown,UNSAFE BACKING,E 3RD ST,39.16424,-86.49259396
2013,4,4,Weekday,1200,2-Car,No injury/unknown,DRIVER DISTRACTED - EXPLAIN IN NARRATIVE,3200 E THIRD ST & KINGSTON,39.16424,-86.492944
2013,2,7,Weekend,1600,2-Car,No injury/unknown,FAILURE TO YIELD RIGHT OF WAY,E 3RD & S KINGSTON DR,39.16424,-86.492944
2013,3,4,Weekday,300,1-Car,No injury/unknown,RAN OFF ROAD RIGHT,E THIRD ST & KINGSTON,39.16424,-86.492944
2013,5,5,Weekday,1000,Pedestrian,Non-incapacitating,FAILURE TO YIELD RIGHT OF WAY,E 3RD ST & SOUTH KINGSTON,39.16424,-86.492944
2013,9,7,Weekend,1300,2-Car,Non-incapacitating,FOLLOWING TOO CLOSELY,3RD ST & KINGSTON,39.16424,-86.492944
2013,9,6,Weekday,1300,3+ Cars,No injury/unknown,UNSAFE SPEED,E 3RD ST & KINGSTON,39.16424,-86.492944
2013,10,4,Weekday,1500,2-Car,Non-incapacitating,FAILURE TO YIELD RIGHT OF WAY,E 3RD ST & KINGSTON,39.16424,-86.492944
2013,6,6,Weekday,1300,2-Car,No injury/unknown,OTHER (DRIVER) - EXPLAIN IN NARRATIVE,W 3RD ST,39.16424,-86.49307941
2013,9,4,Weekday,1000,2-Car,No injury/unknown,OTHER (DRIVER) - EXPLAIN IN NARRATIVE,W 3RD ST,39.16424,-86.49307941
2013,2,6,Weekend,2100,1-Car,No injury/unknown,UNSAFE BACKING,E 3RD ST,39.16424,-86.49368135
2013,6,7,Weekend,2200,2-Car,No injury/unknown,IMPROPER TURNING,E 3RD ST,39.16424,-86.4939483
2013,2,6,Weekday,1300,2-Car,No injury/unknown,UNSAFE BACKING,E 3RD ST,39.16424,-86.49406114
2013,4,2,Weekday,1300,2-Car,No injury/unknown,IMPROPER TURNING,E 3RD ST,39.16424,-86.49425989
2013,4,7,Weekend,1000,2-Car,No injury/unknown,UNSAFE BACKING,E 3RD ST,39.16424,-86.49425989
2013,5,5,Weekday,1200,2-Car,No injury/unknown,UNSAFE BACKING,E 3RD ST,39.16424,-86.49425989
2013,7,5,Weekday,1600,2-Car,No injury/unknown,UNSAFE BACKING,E 3RD ST,39.16424,-86.49425989
2013,9,6,Weekday,1100,2-Car,No injury/unknown,UNSAFE BACKING,E 3RD ST,39.16424,-86.49425989
2013,9,2,Weekday,1400,2-Car,No injury/unknown,,E 3RD ST,39.16424,-86.49425989
2013,7,5,Weekday,2100,1-Car,No injury/unknown,UNSAFE BACKING,E 3RD ST,39.16424,-86.49462535
2013,3,1,Weekday,2000,2-Car,Non-incapacitating,DISREGARD SIGNAL/REG SIGN,3RD ST & PETE ELLIS,39.16424,-86.495088
2013,8,5,Weekday,1100,2-Car,Non-incapacitating,FAILURE TO YIELD RIGHT OF WAY,E 3RD ST & PETE ELLIS,39.16424,-86.495088
2013,8,7,Weekend,1300,2-Car,No injury/unknown,FAILURE TO YIELD RIGHT OF WAY,E 3RD ST & PETE ELLIS,39.16424,-86.495088
2013,10,2,Weekday,1100,2-Car,No injury/unknown,FAILURE TO YIELD RIGHT OF WAY,E THIRD ST & PETE ELLIS,39.16424,-86.495088
2013,12,5,Weekday,1500,2-Car,No injury/unknown,FOLLOWING TOO CLOSELY,3RD ST & PETE ELLIS,39.16424,-86.495088
2013,2,6,Weekday,1200,2-Car,No injury/unknown,FOLLOWING TOO CLOSELY,3RD & S COLLEGE MALL RD,39.16424,-86.4984
2013,1,7,Weekend,900,2-Car,No injury/unknown,FAILURE TO YIELD RIGHT OF WAY,COLLEGE MALL RD & E 3RD,39.16424,-86.4984
2013,1,6,Weekday,1200,2-Car,No injury/unknown,DISREGARD SIGNAL/REG SIGN,3RD ST & COLLEGE MALL,39.16424,-86.4984
2013,2,7,Weekend,2000,2-Car,No injury/unknown,IMPROPER TURNING,E 3RD ST,39.16424,-86.4984
2013,4,7,Weekend,1100,2-Car,No injury/unknown,UNSAFE BACKING,E 3RD ST,39.16424,-86.4984
2013,4,1,Weekend,1500,2-Car,No injury/unknown,UNSAFE LANE MOVEMENT,3RD ST & COLLEGE MALL,39.16424,-86.4984
2013,2,3,Weekday,1900,2-Car,Non-incapacitating,LEFT OF CENTER,3RD & COLLEGE MALL RD,39.16424,-86.4984
2013,6,3,Weekday,1200,2-Car,No injury/unknown,FAILURE TO YIELD RIGHT OF WAY,3RD & COLLEGE MALL RD,39.16424,-86.4984
2013,4,2,Weekday,2300,2-Car,Non-incapacitating,FOLLOWING TOO CLOSELY,EAST 3RD ST & SOUTH COLLEGE MALL,39.16424,-86.4984
2013,4,7,Weekend,1400,2-Car,No injury/unknown,FAILURE TO YIELD RIGHT OF WAY,E 3RD ST & S COLLEGE MALL,39.16424,-86.4984
2013,4,7,Weekend,1800,2-Car,No injury/unknown,FOLLOWING TOO CLOSELY,3RD & SOUTH COLLEGE MALL RD,39.16424,-86.4984
2013,5,3,Weekday,1200,2-Car,No injury/unknown,OTHER (DRIVER) - EXPLAIN IN NARRATIVE,COLLEGE MALL & EAST THIRD ST,39.16424,-86.4984
2013,6,6,Weekday,1800,2-Car,No injury/unknown,FAILURE TO YIELD RIGHT OF WAY,3RD ST & COLLEGE MALL,39.16424,-86.4984
2013,7,1,Weekday,1900,2-Car,No injury/unknown,IMPROPER TURNING,3RD ST & COLLEGE MALL,39.16424,-86.4984
2013,8,1,Weekend,1200,3+ Cars,No injury/unknown,FOLLOWING TOO CLOSELY,E 3RD & S COLLEGE MALL RD,39.16424,-86.4984
2013,12,1,Weekend,1800,2-Car,No injury/unknown,FOLLOWING TOO CLOSELY,3RD & S COLLEGE MALL RD,39.16424,-86.4984
2013,12,3,Weekday,1400,2-Car,Non-incapacitating,OTHER (DRIVER) - EXPLAIN IN NARRATIVE,3RD ST & COLLEGE MALL,39.16424,-86.4984
2013,1,5,Weekday,800,2-Car,No injury/unknown,OTHER (DRIVER) - EXPLAIN IN NARRATIVE,EAST THIRD ST & SWAIN,39.16424,-86.5152
2013,2,7,Weekend,1300,2-Car,No injury/unknown,UNSAFE BACKING,EAST 3RD ST,39.16424,-86.51605714
2013,10,2,Weekday,2100,2-Car,No injury/unknown,UNSAFE BACKING,EAST 3RD ST,39.16424,-86.51605714
2013,6,2,Weekday,1800,1-Car,No injury/unknown,OTHER (DRIVER) - EXPLAIN IN NARRATIVE,E 3RD ST,39.16424,-86.51757551
2013,5,1,Weekend,1600,2-Car,No injury/unknown,FOLLOWING TOO CLOSELY,3RD ST & HIGHLAND,39.16424,-86.5176
2013,2,2,Weekday,1400,2-Car,No injury/unknown,OTHER (DRIVER) - EXPLAIN IN NARRATIVE,E 3RD ST,39.16423861,-86.49522852
2013,4,5,Weekday,1200,1-Car,No injury/unknown,RAN OFF ROAD RIGHT,E 3RD ST,39.16423861,-86.49522852
2013,5,2,Weekday,1500,2-Car,No injury/unknown,FAILURE TO YIELD RIGHT OF WAY,E 3RD ST,39.16423861,-86.49522852
2013,5,2,Weekday,800,1-Car,No injury/unknown,OTHER (DRIVER) - EXPLAIN IN NARRATIVE,EAST THIRD ST,39.16423604,-86.52510769
2013,2,6,Weekday,1100,2-Car,No injury/unknown,FAILURE TO YIELD RIGHT OF WAY,E 3RD ST & PARK RIDGE,39.16421995,-86.4763002
2013,4,6,Weekday,1700,2-Car,No injury/unknown,FOLLOWING TOO CLOSELY,3RD ST & PARK RIDGE,39.16421995,-86.4763002
2013,6,7,Weekend,1700,2-Car,Non-incapacitating,SPEED TOO FAST FOR WEATHER CONDITIONS,E 3RD ST & PARKRIDGE,39.16421995,-86.4763002
2013,8,6,Weekday,1300,2-Car,Non-incapacitating,FAILURE TO YIELD RIGHT OF WAY,PARK RIDGE & THIRD ST,39.16421995,-86.4763002
2013,7,2,Weekday,1900,2-Car,Non-incapacitating,FOLLOWING TOO CLOSELY,3RD & SR37N,39.1642189,-86.48274993
2013,10,6,Weekday,1100,2-Car,No injury/unknown,FOLLOWING TOO CLOSELY,3RD & SR46E,39.1642189,-86.48274993
2013,5,6,Weekday,1400,1-Car,Non-incapacitating,RAN OFF ROAD RIGHT,E 3RD ST & S PARKRIDGE,39.16421882,-86.47630972
2013,9,1,Weekend,1700,2-Car,No injury/unknown,OTHER (DRIVER) - EXPLAIN IN NARRATIVE,3RD & S HIGH ST,39.16421467,-86.508288
2013,3,6,Weekday,1100,2-Car,No injury/unknown,UNSAFE BACKING,E THIRD ST,39.16421391,-86.51622354
2013,11,6,Weekday,1400,2-Car,Non-incapacitating,FOLLOWING TOO CLOSELY,3RD & SR46N,39.16421127,-86.49083709
2013,12,4,Weekday,1100,3+ Cars,Non-incapacitating,OTHER (DRIVER) - EXPLAIN IN NARRATIVE,3RD & SR46E,39.16421127,-86.49083709
2013,1,4,Weekday,1200,2-Car,Non-incapacitating,OTHER (DRIVER) - EXPLAIN IN NARRATIVE,3RD ST & SMITH,39.16420989,-86.48122005
2013,3,6,Weekday,1800,2-Car,No injury/unknown,LEFT OF CENTER,SMITH RD & THIRD,39.16420989,-86.48122005
2013,10,1,Weekday,1900,2-Car,Non-incapacitating,DISREGARD SIGNAL/REG SIGN,3RD ST & SMITH,39.16420989,-86.48122005
2013,10,2,Weekday,1600,2-Car,No injury/unknown,UNSAFE LANE MOVEMENT,3RD ST & SMITH,39.16420989,-86.48129356
2013,5,4,Weekday,1800,2-Car,No injury/unknown,FOLLOWING TOO CLOSELY,3RD ST & PLEASANT RIDGE,39.16420989,-86.48928008
2013,7,3,Weekday,1800,2-Car,Non-incapacitating,DISREGARD SIGNAL/REG SIGN,3RD ST & KINGSTON,39.16420989,-86.49303987
2013,12,5,Weekday,1400,Bus,No injury/unknown,FOLLOWING TOO CLOSELY,3RD ST & KINGSTON,39.16420989,-86.49303987
2013,11,6,Weekday,1600,2-Car,No injury/unknown,UNSAFE BACKING,3RD ST,39.16420519,-86.49962872
2013,12,6,Weekday,1300,2-Car,No injury/unknown,ROADWAY SURFACE CONDITION,BASSWOOD DR & GREEN LEAF,39.16420139,-86.5725097
2013,3,5,Weekday,1800,2-Car,No injury/unknown,DISREGARD SIGNAL/REG SIGN,E THIRD ST,39.16416496,-86.49437427
2013,4,2,Weekday,1500,2-Car,No injury/unknown,OTHER (DRIVER) - EXPLAIN IN NARRATIVE,THIRD ST,39.16416496,-86.49437427
2013,5,2,Weekday,1900,2-Car,No injury/unknown,UNSAFE BACKING,EAST THIRD ST,39.16416496,-86.4947424
2013,7,4,Weekday,1400,2-Car,No injury/unknown,UNSAFE BACKING,EAST THIRD ST,39.16416496,-86.4947424
2013,9,5,Weekday,100,2-Car,No injury/unknown,FAILURE TO YIELD RIGHT OF WAY,EAST THIRD ST,39.16416496,-86.4947424
2013,10,7,Weekend,1300,2-Car,No injury/unknown,FAILURE TO YIELD RIGHT OF WAY,E THIRD ST,39.16416496,-86.4947424
2013,11,3,Weekday,1200,2-Car,No injury/unknown,OTHER (DRIVER) - EXPLAIN IN NARRATIVE,WEST 3RD ST,39.16414261,-86.58426666
2013,1,4,Weekday,2100,2-Car,No injury/unknown,OTHER (DRIVER) - EXPLAIN IN NARRATIVE,3RD & CLIFTON AVE,39.16410267,-86.5096
2013,3,5,Weekday,1800,2-Car,No injury/unknown,UNSAFE BACKING,S FESS AVE,39.16406237,-86.52593381
2013,5,5,Weekday,2100,1-Car,No injury/unknown,IMPROPER TURNING,S FESS AVE,39.16406237,-86.52593381
2013,11,7,Weekend,1200,2-Car,No injury/unknown,IMPROPER TURNING,SOUTH FESS AVE,39.16406237,-86.52593381
2013,12,3,Weekday,1500,2-Car,No injury/unknown,FAILURE TO YIELD RIGHT OF WAY,S COLLEGE MALL RD,39.16405257,-86.49835886
2013,10,7,Weekend,2100,2-Car,No injury/unknown,,3RD & S COLLEGE MALL RD,39.16403695,-86.49835543
2013,7,3,Weekday,1300,2-Car,No injury/unknown,UNSAFE SPEED,OARD & SR48W,39.16400931,-86.62335763
2013,2,3,Weekday,1000,2-Car,No injury/unknown,UNSAFE BACKING,HENDERSON AVE,39.16398928,-86.52733393
2013,10,2,Weekday,1800,2-Car,No injury/unknown,FAILURE TO YIELD RIGHT OF WAY,3RD & KINGSTON DR,39.16396575,-86.49296313
2013,4,7,Weekend,1300,2-Car,No injury/unknown,IMPROPER TURNING,S COLLEGE MALL RD,39.16394547,-86.49833535
2013,7,6,Weekday,800,1-Car,No injury/unknown,DRIVER ASLEEP OR FATIGUED,CAVE & SR48W,39.16394376,-86.63364868
2013,10,5,Weekday,1500,2-Car,No injury/unknown,UNSAFE BACKING,EAST THIRD ST,39.16390228,-86.52293395
2013,2,7,Weekend,1300,2-Car,No injury/unknown,UNSAFE BACKING,S COLLEGE MALL RD,39.16387595,-86.49826213
2013,11,6,Weekday,1800,1-Car,No injury/unknown,ANIMAL/OBJECT IN ROADWAY,CAVE & SR48,39.16387512,-86.6342742
2013,9,5,Weekday,1600,2-Car,No injury/unknown,UNSAFE SPEED,CAVE & SR48,39.16377133,-86.63544109
2013,4,4,Weekday,500,1-Car,No injury/unknown,UNSAFE SPEED,S WALNUT ST ST,39.16376229,-86.5336
2013,10,7,Weekend,1500,Pedestrian,Non-incapacitating,UNSAFE BACKING,S CURRY PIKE,39.16371971,-86.58282481
2013,8,4,Weekday,1800,2-Car,No injury/unknown,UNSAFE BACKING,SOUTH SWAIN AVE,39.16365433,-86.51498413
2013,1,5,Weekday,2100,1-Car,No injury/unknown,ANIMAL/OBJECT IN ROADWAY,BENDER & SR46E,39.163648,-86.438
2013,6,1,Weekday,2000,1-Car,No injury/unknown,ANIMAL/OBJECT IN ROADWAY,BENDER & SR46E,39.16362283,-86.43932262
2013,2,6,Weekday,1400,2-Car,Non-incapacitating,FOLLOWING TOO CLOSELY,3000 W 3RD ST & RAMP 13,39.16362,-86.49514
2013,11,4,Weekday,600,2-Car,Non-incapacitating,FOLLOWING TOO CLOSELY,SR37N,39.16360866,-86.57265186
2013,1,6,Weekend,2200,2-Car,No injury/unknown,FOLLOWING TOO CLOSELY,SR46E & TWINLEAF,39.16359844,-86.44433578
2013,5,5,Weekday,1600,2-Car,No injury/unknown,FOLLOWING TOO CLOSELY,SR46E & TWINLEAF,39.16359844,-86.44436171
2013,2,2,Weekday,1100,2-Car,Non-incapacitating,FAILURE TO YIELD RIGHT OF WAY,SO COLLEGE MALL RD,39.16355896,-86.49880218
2013,3,6,Weekend,2000,2-Car,No injury/unknown,UNSAFE BACKING,S SWAIN AVE,39.16355811,-86.51532769
2013,5,7,Weekend,1200,2-Car,No injury/unknown,OTHER (DRIVER) - EXPLAIN IN NARRATIVE,GARRISON CHAPEL & SR48W,39.163552,-86.649696
2013,7,5,Weekday,2200,1-Car,No injury/unknown,IMPROPER TURNING,GARRISON CHAPEL & SR48W,39.163552,-86.649696
2013,11,6,Weekend,1900,2-Car,No injury/unknown,UNSAFE BACKING,KIRBY RD & SR48,39.16352949,-86.61068058
2013,7,3,Weekday,1500,2-Car,No injury/unknown,,S COLLEGE MALL RD,39.16348837,-86.49819239
2013,9,2,Weekday,1400,2-Car,No injury/unknown,FOLLOWING TOO CLOSELY,SR48W & STONECHASE,39.16347885,-86.59490863
2013,1,4,Weekday,700,2-Car,No injury/unknown,UNSAFE BACKING,3RD ST & PATTERSON,39.16344009,-86.55128002
2013,3,4,Weekday,700,2-Car,No injury/unknown,SPEED TOO FAST FOR WEATHER CONDITIONS,PATTERSON & W 3RD ST,39.16344009,-86.55128002
2013,3,4,Weekday,700,2-Car,No injury/unknown,SPEED TOO FAST FOR WEATHER CONDITIONS,PATTERSON & THIRD ST,39.16344009,-86.55128002
2013,6,2,Weekday,1500,2-Car,No injury/unknown,OTHER (DRIVER) - EXPLAIN IN NARRATIVE,PATTERSON & W 3RD ST,39.16344009,-86.55128002