Year,Month,Day,Weekend?,Hour,Collision Type,Injury Type,Primary Factor,Reported_Location,Latitude,Longitude
2013,1,3,Weekday,1600,2-Car,No injury/unknown,FAILURE TO YIELD RIGHT OF WAY,E SECOND ST,39.16099325,-86.50563217
2013,4,2,Weekday,1500,2-Car,No injury/unknown,,E 2ND ST,39.16097581,-86.4992237
2013,9,2,Weekday,1500,Cyclist,Non-incapacitating,PEDESTRIAN ACTION,2ND ST & COLLEGE MALL,39.16094401,-86.49857798
2013,3,6,Weekend,1900,2-Car,Non-incapacitating,FAILURE TO YIELD RIGHT OF WAY,2ND & COLLEGE MALL RD,39.160944,-86.497696
2013,8,5,Weekday,1400,3+ Cars,Non-incapacitating,BRAKE FAILURE OR DEFECTIVE,2ND & COLLEGE MALL RD,39.160944,-86.497696
2013,8,5,Weekday,1100,2-Car,No injury/unknown,FAILURE TO YIELD RIGHT OF WAY,COLLEGE MALL RD & E 2ND,39.160944,-86.497696
2013,12,4,Weekday,1700,2-Car,No injury/unknown,SPEED TOO FAST FOR WEATHER CONDITIONS,COLLEGE MALL ENTRANCE & S COLLEGE MALL RD,39.160944,-86.497696
2013,12,6,Weekday,1100,2-Car,No injury/unknown,FAILURE TO YIELD RIGHT OF WAY,2ND ST & COLLEGE MALL,39.160944,-86.497696
2013,9,7,Weekend,1300,2-Car,No injury/unknown,LEFT OF CENTER,E 2ND ST & S CLIFTON,39.160944,-86.509584
2013,3,3,Weekday,2100,2-Car,No injury/unknown,IMPROPER TURNING,COLLEGE MALL RD & SECOND,39.16094027,-86.49772033
2013,5,2,Weekday,1100,2-Car,No injury/unknown,FOLLOWING TOO CLOSELY,2ND & COLLEGE MALL RD,39.16094027,-86.49772033
2013,8,7,Weekend,1500,2-Car,No injury/unknown,IMPROPER LANE USAGE,2ND ST & COLLEGE MALL,39.16094027,-86.49772033
2013,10,4,Weekday,2100,2-Car,No injury/unknown,FAILURE TO YIELD RIGHT OF WAY,2ND & COLLEGE MALL RD,39.16094027,-86.49772033
2013,10,6,Weekend,1900,Bus,No injury/unknown,IMPROPER LANE USAGE,2ND & COLLEGE MALL RD,39.16094027,-86.49772033
2013,10,2,Weekday,1900,3+ Cars,Non-incapacitating,FAILURE TO YIELD RIGHT OF WAY,2ND & COLLEGE MALL RD,39.16094027,-86.49772033
2013,11,6,Weekday,1800,2-Car,No injury/unknown,FOLLOWING TOO CLOSELY,2ND ST & COLLEGE MALL,39.16094027,-86.49772033
2013,6,3,Weekday,1100,2-Car,No injury/unknown,FAILURE TO YIELD RIGHT OF WAY,2ND ST & WOODSCREST,39.16092016,-86.50238485
2013,7,2,Weekday,1100,2-Car,No injury/unknown,FOLLOWING TOO CLOSELY,E 2ND ST & S WOODSCREST,39.16092016,-86.50244973
2013,1,4,Weekday,1900,2-Car,Non-incapacitating,FOLLOWING TOO CLOSELY,2ND ST & WOODSCREST,39.16092016,-86.50246271
2013,2,3,Weekday,800,Bus,No injury/unknown,IMPROPER LANE USAGE,2ND & WALNUT ST,39.16089069,-86.5336
2013,4,3,Weekday,1700,2-Car,No injury/unknown,FAILURE TO YIELD RIGHT OF WAY,LIBERTY DR & SR45W,39.16087376,-86.57777018
2013,7,5,Weekday,1700,2-Car,No injury/unknown,FOLLOWING TOO CLOSELY,10TH & ROGERS ST,39.16082394,-86.53859987
2013,12,4,Weekday,1700,3+ Cars,No injury/unknown,FOLLOWING TOO CLOSELY,SR37N & VERNAL,39.16075395,-86.56252288
2013,10,5,Weekday,1100,2-Car,Incapacitating,FAILURE TO YIELD RIGHT OF WAY,S PATTERSON DR & W 2ND,39.16075,-86.54851238
2013,1,1,Weekend,1600,2-Car,Non-incapacitating,FAILURE TO YIELD RIGHT OF WAY,PATTERSON & WEST SECOND ST,39.16074984,-86.54850997
2013,3,2,Weekday,1200,2-Car,No injury/unknown,FOLLOWING TOO CLOSELY,2ND & PATTERSON DR,39.16074984,-86.54850997
2013,3,6,Weekday,1200,3+ Cars,No injury/unknown,FOLLOWING TOO CLOSELY,2ND & PATTERSON DR,39.16074984,-86.54850997
2013,4,7,Weekend,2300,2-Car,No injury/unknown,UNSAFE BACKING,2ND & PATTERSON DR,39.16074984,-86.54850997
2013,8,4,Weekday,2200,2-Car,No injury/unknown,BRAKE FAILURE OR DEFECTIVE,2ND & PATTERSON DR,39.16074984,-86.54850997
2013,6,7,Weekend,1700,2-Car,Non-incapacitating,FOLLOWING TOO CLOSELY,2ND & PATTERSON DR,39.16074984,-86.54850997
2013,7,3,Weekday,800,2-Car,Non-incapacitating,OTHER (DRIVER) - EXPLAIN IN NARRATIVE,S PATTERSON DR & W 2ND,39.16074984,-86.54850997
2013,9,3,Weekday,1700,3+ Cars,No injury/unknown,SPEED TOO FAST FOR WEATHER CONDITIONS,2ND & PATTERSON DR,39.16074984,-86.54850997
2013,9,7,Weekend,1500,2-Car,No injury/unknown,FOLLOWING TOO CLOSELY,2ND ST & PATTERSON,39.16074984,-86.54850997
2013,10,6,Weekday,1600,3+ Cars,Non-incapacitating,FOLLOWING TOO CLOSELY,2ND ST & PATTERSON,39.16074984,-86.54850997
2013,11,6,Weekday,800,2-Car,Non-incapacitating,FOLLOWING TOO CLOSELY,PATTERSON & W 2ND ST,39.16074984,-86.54850997
2013,12,7,Weekend,1800,2-Car,No injury/unknown,FOLLOWING TOO CLOSELY,2ND ST & PATTERSON,39.16074984,-86.54850997
2013,12,5,Weekday,800,2-Car,No injury/unknown,FOLLOWING TOO CLOSELY,2ND & PATTERSON DR,39.16074984,-86.54850997
2013,9,4,Weekday,1600,2-Car,No injury/unknown,,E 2ND ST,39.1606636,-86.50541687
2013,7,2,Weekday,1700,2-Car,No injury/unknown,UNSAFE BACKING,2ND & S ADAMS ST,39.160544,-86.5508
2013,1,5,Weekday,1400,2-Car,No injury/unknown,OTHER (DRIVER) - EXPLAIN IN NARRATIVE,SOUTH LANDMARK AVE,39.16051246,-86.55401453
2013,7,5,Weekday,1400,1-Car,No injury/unknown,OTHER (DRIVER) - EXPLAIN IN NARRATIVE,SOUTH LANDMARK AVE,39.16051246,-86.55401453
2013,10,3,Weekday,1100,2-Car,No injury/unknown,OTHER (DRIVER) - EXPLAIN IN NARRATIVE,BLOOMFIELD RD,39.16042462,-86.55086025
2013,9,5,Weekday,1700,2-Car,No injury/unknown,FOLLOWING TOO CLOSELY,ADAMS & BLOOMFIELD RD,39.16037969,-86.55082142
2013,9,3,Weekday,700,2-Car,No injury/unknown,FAILURE TO YIELD RIGHT OF WAY,LINCOLN & UNIVERSITY ST,39.16034765,-86.53071925
2013,5,3,Weekday,1700,Cyclist,Non-incapacitating,FAILURE TO YIELD RIGHT OF WAY,S WOODLAWN AVE & UNIVERSITY,39.160304,-86.52256
2013,12,7,Weekend,1700,3+ Cars,Non-incapacitating,FAILURE TO YIELD RIGHT OF WAY,E UNIVERSITY & S PARK AVE,39.160304,-86.52392
2013,2,6,Weekend,2200,2-Car,No injury/unknown,UNSAFE BACKING,W BLOOMFIELD RD,39.16021541,-86.55312471
2013,9,3,Weekday,1600,2-Car,No injury/unknown,UNSAFE BACKING,W BLOOMFIELD RD,39.15998862,-86.55307876
2013,2,6,Weekday,1500,2-Car,No injury/unknown,OTHER (DRIVER) - EXPLAIN IN NARRATIVE,SOUTH ROGERS ST,39.1599617,-86.53781127
2013,11,2,Weekday,1300,2-Car,No injury/unknown,OTHER (DRIVER) - EXPLAIN IN NARRATIVE,SOUTH ROGERS ST,39.1599617,-86.53781127
2013,9,5,Weekday,1600,2-Car,No injury/unknown,FAILURE TO YIELD RIGHT OF WAY,SOUTH LANDMARK & WEST BLOOMFIED RD,39.15993981,-86.55382007
2013,10,3,Weekday,900,2-Car,No injury/unknown,OTHER (DRIVER) - EXPLAIN IN NARRATIVE,LANDMARK & W BLOOMFIELD RD,39.15993981,-86.55382007
2013,10,3,Weekday,1700,2-Car,No injury/unknown,FAILURE TO YIELD RIGHT OF WAY,SOUTH LANDMARK DR & WEST BLOOMFIELD,39.15993981,-86.55382007
2013,2,1,Weekend,100,1-Car,No injury/unknown,RAN OFF ROAD RIGHT,1ST & COLLEGE AVE,39.15985195,-86.53487341
2013,5,3,Weekday,1000,2-Car,No injury/unknown,VIEW OBSTRUCTED,BLOOMFIELD RD,39.1596756,-86.55188751
2013,11,6,Weekend,2200,2-Car,No injury/unknown,IMPROPER PASSING,BUICK CADILLAC & S CLARIZZ BLVD,39.1596,-86.490784
2013,9,1,Weekend,1600,2-Car,No injury/unknown,FAILURE TO YIELD RIGHT OF WAY,6TH & INDIANA AVE,39.15958831,-86.52694031
2013,2,2,Weekday,1400,2-Car,No injury/unknown,UNSAFE BACKING,1020 E KIRKWOOD (GARAGE) AVE & EAST UNIVERSITY,39.15954045,-86.546143
2013,8,6,Weekday,1100,2-Car,Non-incapacitating,FOLLOWING TOO CLOSELY,HERITAGE WOODS & SR446S,39.1595389,-86.47155494
2013,4,6,Weekday,1100,2-Car,No injury/unknown,UNSAFE LANE MOVEMENT,1ST & S COLLEGE AVE,39.15944,-86.53488
2013,4,2,Weekday,1200,2-Car,Incapacitating,FOLLOWING TOO CLOSELY,COLLEGE & W 1ST ST,39.15944,-86.53488
2013,12,6,Weekday,800,2-Car,No injury/unknown,DISREGARD SIGNAL/REG SIGN,1ST ST & COLLEGE,39.15944,-86.53488
2013,12,4,Weekday,1000,2-Car,No injury/unknown,UNSAFE BACKING,BLOOMFIELD & RANSOM LN,39.15944,-86.555296
2013,9,2,Weekday,900,Bus,No injury/unknown,LEFT OF CENTER,BUICK CADILLAC BLVD & CLARIZZ,39.15943019,-86.49062991
2013,11,4,Weekday,1300,2-Car,No injury/unknown,SPEED TOO FAST FOR WEATHER CONDITIONS,BUICK CADILLAC & CLARIZZ BLVD,39.15943019,-86.49062991
2013,9,4,Weekday,2300,Cyclist,No injury/unknown,FAILURE TO YIELD RIGHT OF WAY,1ST ST & MORTON,39.15938996,-86.53629988
2013,4,6,Weekday,1400,Moped/Motorcycle,No injury/unknown,FOLLOWING TOO CLOSELY,1ST & COLLEGE AVE,39.15936984,-86.53499029
2013,9,6,Weekday,1400,3+ Cars,Non-incapacitating,FOLLOWING TOO CLOSELY,1ST & WALNUT ST,39.15935978,-86.53365992
2013,10,6,Weekday,900,2-Car,No injury/unknown,FOLLOWING TOO CLOSELY,1ST & WALNUT ST,39.15935978,-86.53365992
2013,8,3,Weekday,1300,1-Car,Incapacitating,DRIVER ILLNESS,E 1ST ST,39.159344,-86.51893616
2013,12,1,Weekend,1400,2-Car,Non-incapacitating,FAILURE TO YIELD RIGHT OF WAY,1ST ST & HAWTHORNE,39.159344,-86.520096
2013,4,4,Weekday,800,2-Car,No injury/unknown,DISREGARD SIGNAL/REG SIGN,1ST & WALNUT ST,39.159344,-86.5336
2013,7,5,Weekday,1100,2-Car,No injury/unknown,DISREGARD SIGNAL/REG SIGN,1ST & S WALNUT ST,39.159344,-86.5336
2013,12,5,Weekday,1400,2-Car,No injury/unknown,DISREGARD SIGNAL/REG SIGN,1ST & WALNUT ST,39.159344,-86.5336
2013,5,2,Weekday,1900,2-Car,No injury/unknown,FAILURE TO YIELD RIGHT OF WAY,1ST ST & HAWTHORNE,39.15927999,-86.52019992
2013,1,3,Weekday,1200,2-Car,Non-incapacitating,FOLLOWING TOO CLOSELY,S RANSOM & W BLOOMFIELD RD,39.15925987,-86.55527986
2013,2,3,Weekday,1300,2-Car,No injury/unknown,IMPROPER TURNING,BLOOMFIELD RD & RANSOM,39.15925987,-86.55527986
2013,9,3,Weekday,1100,2-Car,Non-incapacitating,FAILURE TO YIELD RIGHT OF WAY,1ST & W 1ST ST,39.159248,-86.508288
2013,12,6,Weekday,300,2-Car,No injury/unknown,UNSAFE SPEED,BASSWOOD DR,39.15919751,-86.56694814
2013,3,6,Weekday,1700,2-Car,No injury/unknown,UNSAFE SPEED,BENNINGTON & SMITH RD,39.15917002,-86.48069031
2013,12,5,Weekday,1100,2-Car,No injury/unknown,FAILURE TO YIELD RIGHT OF WAY,S WALNUT ST,39.15916114,-86.5336
2013,9,1,Weekend,1300,2-Car,No injury/unknown,UNSAFE BACKING,3RD & CLIFTON AVE,39.15899037,-86.50968911
2013,8,6,Weekday,1500,1-Car,No injury/unknown,OTHER (DRIVER) - EXPLAIN IN NARRATIVE,S COLLEGE MALL RD,39.15896988,-86.49852752
2013,5,5,Weekday,1200,2-Car,No injury/unknown,UNSAFE BACKING,SOUTH BASSWOOD DR,39.15895544,-86.56739205
2013,10,7,Weekend,800,1-Car,No injury/unknown,OVERCORRECTING/OVERSTEERING,HEDRICKS & SR46W,39.15888977,-86.66201885
2013,1,2,Weekday,300,2-Car,No injury/unknown,RAN OFF ROAD RIGHT,S MITCHELL ST,39.15853882,-86.51346588
2013,7,4,Weekday,1300,2-Car,No injury/unknown,FAILURE TO YIELD RIGHT OF WAY,MONON & WALNUT ST,39.15851277,-86.53369009
2013,2,2,Weekday,1500,3+ Cars,No injury/unknown,UNSAFE LANE MOVEMENT,SOUTH WALNUT ST & WYLIE,39.158448,-86.5336
2013,7,3,Weekday,1300,2-Car,No injury/unknown,FOLLOWING TOO CLOSELY,CURRY & SR45W,39.15835953,-86.58262325
2013,7,6,Weekday,1100,2-Car,No injury/unknown,FAILURE TO YIELD RIGHT OF WAY,CURRY & SR45W,39.15835953,-86.58264923
2013,7,4,Weekday,1600,2-Car,No injury/unknown,FOLLOWING TOO CLOSELY,CURRY & SR45W,39.15835953,-86.58264923
2013,10,1,Weekend,1600,2-Car,Non-incapacitating,FAILURE TO YIELD RIGHT OF WAY,SOUTH CURRY & SR45W,39.15835953,-86.58264923
2013,10,7,Weekend,1500,2-Car,Non-incapacitating,FAILURE TO YIELD RIGHT OF WAY,CURRY & SR45W,39.15835953,-86.58264923
2013,11,4,Weekday,1000,2-Car,No injury/unknown,FOLLOWING TOO CLOSELY,CURRY & SR46W,39.15835953,-86.58264923
2013,1,2,Weekday,1700,2-Car,No injury/unknown,FAILURE TO YIELD RIGHT OF WAY,AUTO MALL & BUICK CADILLAC BLVD,39.15831976,-86.49611033
2013,5,2,Weekday,1200,2-Car,No injury/unknown,FAILURE TO YIELD RIGHT OF WAY,AUTO MALL & E BUICK CADILLAC BLVD,39.15831976,-86.49611033
2013,10,1,Weekend,1300,2-Car,No injury/unknown,IMPROPER TURNING,AUTO MALL & BUICK CADILLAC BLVD,39.15831976,-86.49611033
2013,1,6,Weekday,1200,3+ Cars,Non-incapacitating,DISREGARD SIGNAL/REG SIGN,BUICK CADILLAC & COLLEGE MALL RD,39.15816,-86.497792
2013,1,3,Weekday,2000,2-Car,Non-incapacitating,FOLLOWING TOO CLOSELY,BUICK CADILLAC & S COLLEGE MALL RD,39.15816,-86.497792
2013,2,6,Weekday,1700,2-Car,No injury/unknown,FAILURE TO YIELD RIGHT OF WAY,BUICK CADILLAC & COLLEGE MALL RD,39.15816,-86.497792
2013,9,2,Weekday,1100,2-Car,No injury/unknown,OTHER (DRIVER) - EXPLAIN IN NARRATIVE,BUICK CADILLAC & COLLEGE MALL RD,39.15816,-86.497792
2013,10,2,Weekday,1000,Cyclist,No injury/unknown,FAILURE TO YIELD RIGHT OF WAY,COLLEGE MALL & E BUICK CADILLAC BLVD,39.15816,-86.497792
2013,10,2,Weekday,1400,3+ Cars,Non-incapacitating,FOLLOWING TOO CLOSELY,BUICK CADILLAC & S COLLEGE MALL RD,39.15816,-86.497792
2013,11,6,Weekday,1000,2-Car,No injury/unknown,IMPROPER TURNING,E BUICK CADILLAC BLVD,39.15816,-86.497792
2013,6,2,Weekday,1200,2-Car,Non-incapacitating,FAILURE TO YIELD RIGHT OF WAY,BUICK CADILLAC & COLLEGE MALL RD,39.15810987,-86.49788998
2013,5,5,Weekday,1200,2-Car,No injury/unknown,DISREGARD SIGNAL/REG SIGN,BUICK CADILLAC & COLLEGE MALL RD,39.15810987,-86.49788998
2013,10,2,Weekday,1300,2-Car,No injury/unknown,DRIVER DISTRACTED - EXPLAIN IN NARRATIVE,COLLEGE MALL & E BUICK CADILLAC BLVD,39.15810987,-86.49788998
2013,7,3,Weekday,1700,Moped/Motorcycle,Non-incapacitating,FAILURE TO YIELD RIGHT OF WAY,CURRY PIKE & DOYLE,39.15805019,-86.58263973
2013,9,6,Weekday,1100,2-Car,No injury/unknown,CELL PHONE USAGE,DOYLE AVE & VILLAGE,39.15805019,-86.58376023
2013,2,3,Weekday,1300,2-Car,No injury/unknown,FOLLOWING TOO CLOSELY,ANNA LEE & BLOOMFIELD RD,39.15802002,-86.55768653
2013,6,7,Weekend,800,2-Car,No injury/unknown,FAILURE TO YIELD RIGHT OF WAY,HENDERSON ST & MAXWELL,39.157952,-86.527088
2013,8,6,Weekday,1000,2-Car,No injury/unknown,FAILURE TO YIELD RIGHT OF WAY,E BUICK CADILLAC BLVD,39.15781021,-86.49728393
2013,6,1,Weekday,2300,2-Car,No injury/unknown,BRAKE FAILURE OR DEFECTIVE,ATWATER & HAWTHORNE DR,39.15780305,-86.52020998
2013,10,4,Weekday,800,2-Car,No injury/unknown,OTHER (DRIVER) - EXPLAIN IN NARRATIVE,HIGH ST & MAXWELL,39.157792,-86.508288
2013,1,1,Weekend,1700,2-Car,No injury/unknown,UNSAFE LANE MOVEMENT,SIERRA & SIERRA DR,39.15210977,-86.58777239
2013,11,1,Weekend,900,2-Car,No injury/unknown,DISREGARD SIGNAL/REG SIGN,E MAXWELL & S HIGH ST,39.157792,-86.508288
2013,11,7,Weekend,1000,2-Car,No injury/unknown,FAILURE TO YIELD RIGHT OF WAY,MAXWELL LN & MITCHELL,39.15777996,-86.51372976
2013,3,4,Weekday,900,1-Car,No injury/unknown,SPEED TOO FAST FOR WEATHER CONDITIONS,BASSWOOD DR & BLOOMFIELD,39.1577081,-86.56889006
2013,2,7,Weekend,100,2-Car,No injury/unknown,FAILURE TO YIELD RIGHT OF WAY,COLLEGE ST & DODDS,39.15756445,-86.53479809
2013,8,3,Weekday,1100,2-Car,No injury/unknown,FAILURE TO YIELD RIGHT OF WAY,COLLEGE AVE & DODDS,39.15756002,-86.53479985
2013,6,5,Weekday,2000,2-Car,No injury/unknown,UNSAFE BACKING,DODDS ST & FAIRVIEW,39.15751979,-86.54101265
2013,9,7,Weekend,1100,2-Car,No injury/unknown,FAILURE TO YIELD RIGHT OF WAY,E DODDS & S LINCOLN ST,39.157504,-86.531104
2013,8,5,Weekday,900,2-Car,No injury/unknown,DISREGARD SIGNAL/REG SIGN,DODDS & ROGERS ST,39.15747017,-86.53869979
2013,12,5,Weekday,1000,2-Car,No injury/unknown,FAILURE TO YIELD RIGHT OF WAY,DODDS & ROGERS ST,39.15747017,-86.53869979
2013,7,4,Weekday,1300,1-Car,No injury/unknown,IMPROPER TURNING,DODDS & MADISON ST,39.15746011,-86.53749011
2013,8,3,Weekday,1300,2-Car,No injury/unknown,FAILURE TO YIELD RIGHT OF WAY,E DODDS & S WASHINGTON ST,39.15738511,-86.53242936
2013,3,2,Weekday,1000,2-Car,No injury/unknown,FAILURE TO YIELD RIGHT OF WAY,DODDS & LINCOLN ST,39.15737025,-86.53130024
2013,5,4,Weekday,1600,2-Car,No injury/unknown,FAILURE TO YIELD RIGHT OF WAY,DODDS & LINCOLN ST,39.15737025,-86.53130024
2013,12,6,Weekday,1300,2-Car,Non-incapacitating,FAILURE TO YIELD RIGHT OF WAY,DODDS & LINCOLN ST,39.15737025,-86.53130024
2013,6,7,Weekend,700,2-Car,No injury/unknown,UNSAFE BACKING,BASSWOOD DR,39.15734482,-86.57202148
2013,9,7,Weekend,1800,2-Car,No injury/unknown,FOLLOWING TOO CLOSELY,SOUTH CORY & WEST BLOOMFIELD RD,39.157248,-86.559792
2013,6,1,Weekend,400,1-Car,No injury/unknown,IMPROPER LANE USAGE,S CURRY PIKE,39.15717697,-86.58368682
2013,7,3,Weekday,1200,2-Car,No injury/unknown,UNSAFE BACKING,CURRY PIKE,39.15717697,-86.58368682
2013,2,6,Weekday,700,2-Car,Non-incapacitating,FOLLOWING TOO CLOSELY,BLOOMFIELD RD & CORY,39.15710002,-86.55969441
2013,6,1,Weekend,1600,2-Car,No injury/unknown,FAILURE TO YIELD RIGHT OF WAY,S COLLEGE MALL RD,39.15699609,-86.4977505
2013,4,5,Weekday,800,1-Car,No injury/unknown,SPEED TOO FAST FOR WEATHER CONDITIONS,MCARTNEY & S SARE RD,39.15699266,-86.49695992
2013,4,5,Weekday,800,2-Car,No injury/unknown,FOLLOWING TOO CLOSELY,MCCARTNEY & SO SARE RD,39.15699266,-86.49695992
2013,10,1,Weekend,1400,2-Car,No injury/unknown,FOLLOWING TOO CLOSELY,CURRY & GIFFORD RD,39.156896,-86.582704
2013,5,1,Weekend,1600,2-Car,No injury/unknown,UNSAFE BACKING,W DIXIE ST,39.15684128,-86.54282379
2013,1,5,Weekday,1600,2-Car,No injury/unknown,UNSAFE BACKING,SMITH RD,39.15675603,-86.48058436
2013,5,7,Weekend,100,1-Car,No injury/unknown,RAN OFF ROAD RIGHT,S BASSWOOD DR & S COPPER BEACH,39.15669031,-86.57108008
2013,4,4,Weekday,1200,2-Car,No injury/unknown,FOLLOWING TOO CLOSELY,S LIBERTY DR & W 3RD,39.15667937,-86.57913006
2013,1,6,Weekday,800,2-Car,No injury/unknown,IMPROPER LANE USAGE,CURRY PIKE & GIFFPRD,39.1566702,-86.58263973
2013,4,4,Weekday,1200,2-Car,No injury/unknown,DISREGARD SIGNAL/REG SIGN,CURRY PIKE PIKE & GIFFORD,39.1566702,-86.58263973
2013,9,6,Weekday,400,2-Car,Non-incapacitating,FAILURE TO YIELD RIGHT OF WAY,CURRY PIKE & GIFFORD,39.1566702,-86.58263973
2013,5,7,Weekend,2100,1-Car,No injury/unknown,UNSAFE BACKING,E DIXIE ST,39.15665817,-86.53293609
2013,12,2,Weekday,2200,1-Car,No injury/unknown,RAN OFF ROAD RIGHT,DIXIE ST & LINCOLN,39.156576,-86.53112
2013,6,5,Weekday,1600,1-Car,No injury/unknown,OTHER (DRIVER) - EXPLAIN IN NARRATIVE,COLLEGE MALL RD,39.15651329,-86.49772904
2013,2,1,Weekend,800,2-Car,Incapacitating,CELL PHONE USAGE,W ALLEN ST,39.15638351,-86.55406938
2013,1,2,Weekday,1100,2-Car,Non-incapacitating,FAILURE TO YIELD RIGHT OF WAY,ALLEN & BLOOMFIELD RD,39.15612973,-86.56139999
2013,5,4,Weekday,1700,2-Car,Incapacitating,DRIVER ILLNESS,ALLEN & BLOOMFIELD RD,39.15612973,-86.56139999
2013,11,7,Weekend,400,2-Car,No injury/unknown,,W ALLEN ST,39.156128,-86.560912
2013,6,5,Weekday,1600,2-Car,No injury/unknown,FAILURE TO YIELD RIGHT OF WAY,DUNN ST & KIRKWOOD,39.15596509,-86.5282499
2013,2,4,Weekday,1600,2-Car,No injury/unknown,FOLLOWING TOO CLOSELY,ADAMS & ALLEN ST,39.155952,-86.550592
2013,3,3,Weekday,1800,2-Car,No injury/unknown,FAILURE TO YIELD RIGHT OF WAY,ADAMS & W ALLEN ST,39.155952,-86.550592
2013,10,3,Weekday,500,Cyclist,Non-incapacitating,FAILURE TO YIELD RIGHT OF WAY,ADAMS & ALLEN ST,39.15586017,-86.5505368
2013,4,6,Weekday,1500,2-Car,No injury/unknown,FAILURE TO YIELD RIGHT OF WAY,SOUTH ADAM & WEST ALLEN ST,39.15586017,-86.55054979
2013,7,3,Weekday,2300,2-Car,No injury/unknown,FAILURE TO YIELD RIGHT OF WAY,ADAMS & ALLEN ST,39.15586017,-86.55054979
2013,7,5,Weekday,1200,2-Car,No injury/unknown,OTHER (VEHICLE) - EXPLAIN IN NARRATIVE,E BURKS DR,39.15584,-86.506496
2013,8,6,Weekday,1800,2-Car,Non-incapacitating,DRIVER DISTRACTED - EXPLAIN IN NARRATIVE,ALLEN & S ROGERS ST,39.155776,-86.538592
2013,9,6,Weekday,1600,2-Car,Non-incapacitating,FAILURE TO YIELD RIGHT OF WAY,LARKSPUR & W ALLEN ST,39.1557502,-86.54797017
2013,2,1,Weekday,2000,2-Car,No injury/unknown,FOLLOWING TOO CLOSELY,10TH & JORDAN AVE,39.15572549,-86.51566028
2013,12,3,Weekday,900,1-Car,No injury/unknown,ROADWAY SURFACE CONDITION,GIFFORD RD & S CURRY,39.15567612,-86.58483597
2013,3,6,Weekday,1500,2-Car,No injury/unknown,OVERCORRECTING/OVERSTEERING,WOODLAWN AVE,39.1556523,-86.5227165
2013,4,4,Weekday,1100,2-Car,No injury/unknown,UNSAFE BACKING,ALLEN & STRONG DR,39.15565029,-86.54431968
2013,6,7,Weekend,1600,2-Car,Non-incapacitating,SPEED TOO FAST FOR WEATHER CONDITIONS,ALLEN & PATTERSON DR,39.15563017,-86.54330983
2013,8,7,Weekend,1300,2-Car,No injury/unknown,UNSAFE BACKING,BLOOMFIELD RD,39.15562615,-86.56230993
2013,7,4,Weekday,900,2-Car,No injury/unknown,,E ALLEN ST & S WASHINGTON,39.15560048,-86.53245497
2013,3,3,Weekday,1200,2-Car,No injury/unknown,DISREGARD SIGNAL/REG SIGN,E ALLEN & S WASHINGTON ST,39.15560048,-86.53245237
2013,5,4,Weekday,1400,2-Car,Non-incapacitating,FOLLOWING TOO CLOSELY,ALLEN & WALNUT ST,39.1556,-86.53368003
2013,6,2,Weekday,900,2-Car,No injury/unknown,FAILURE TO YIELD RIGHT OF WAY,ALLEN & S ROGERS ST,39.15558994,-86.53874002
2013,11,2,Weekday,1800,1-Car,No injury/unknown,VIEW OBSTRUCTED,ALLEN & ROGERS ST,39.15558994,-86.53874002
2013,9,5,Weekday,1100,2-Car,Non-incapacitating,SPEED TOO FAST FOR WEATHER CONDITIONS,SR37N & VERNAL,39.15546511,-86.56252288
2013,11,6,Weekday,1800,2-Car,No injury/unknown,FOLLOWING TOO CLOSELY,SR37N & WEST VERNAL,39.15546511,-86.56252288
2013,8,6,Weekday,300,1-Car,Incapacitating,RAN OFF ROAD RIGHT,CIRCLE DR & SOUTHDOWNS,39.15544,-86.512288
2013,11,5,Weekday,600,1-Car,No injury/unknown,ANIMAL/OBJECT IN ROADWAY,BLOOMFIELD RD & LAKECREST,39.15544,-86.562192
2013,3,6,Weekday,1800,2-Car,No injury/unknown,FOLLOWING TOO CLOSELY,BLOOMFIELD RD & LAKECREST,39.15543973,-86.5624997
2013,12,5,Weekday,2100,2-Car,No injury/unknown,SPEED TOO FAST FOR WEATHER CONDITIONS,GARRISON CHAPEL RD & GIFFORD,39.15539909,-86.64539743
2013,11,7,Weekend,1000,3+ Cars,No injury/unknown,OVERCORRECTING/OVERSTEERING,COPPER BEECH WAY,39.15529288,-86.57032974
2013,5,2,Weekday,1700,2-Car,No injury/unknown,UNSAFE BACKING,E COVENANTER DR,39.15524058,-86.4948564
2013,1,7,Weekend,600,2-Car,Non-incapacitating,FAILURE TO YIELD RIGHT OF WAY,COLLEGE MALL RD & COVENANTER,39.15518023,-86.49773977
2013,3,3,Weekday,700,2-Car,No injury/unknown,SPEED TOO FAST FOR WEATHER CONDITIONS,COLLEGE MALL RD & COVENANTER,39.15518023,-86.49773977
2013,3,3,Weekday,800,2-Car,No injury/unknown,SPEED TOO FAST FOR WEATHER CONDITIONS,COLLEGE MALL & COVENANTER DR,39.15518023,-86.49773977
2013,5,2,Weekday,800,2-Car,No injury/unknown,DISREGARD SIGNAL/REG SIGN,COLLEGE MALL RD & COVENANTER,39.15518023,-86.49773977