Year,Month,Day,Weekend?,Hour,Collision Type,Injury Type,Primary Factor,Reported_Location,Latitude,Longitude
2013,5,7,Weekend,2200,2-Car,No injury/unknown,FAILURE TO YIELD RIGHT OF WAY,MOORES & SMITH RD,39.150224,-86.480464
2013,9,3,Weekday,1900,2-Car,No injury/unknown,DISREGARD SIGNAL/REG SIGN,MOORES & S SMITH RD,39.150224,-86.480464
2013,11,7,Weekend,1800,2-Car,No injury/unknown,FOLLOWING TOO CLOSELY,MOORES PIKE & SMITH,39.150224,-86.480464
2013,4,2,Weekday,900,2-Car,No injury/unknown,LEFT OF CENTER,MOORES & SMITH RD,39.15022016,-86.48046031
2013,6,6,Weekday,1300,2-Car,Non-incapacitating,DISREGARD SIGNAL/REG SIGN,MOORES PIKE & SMITH,39.15022016,-86.48046031
2013,2,2,Weekday,1600,1-Car,Non-incapacitating,RAN OFF ROAD RIGHT,E MOORES PIKE & FENBROOK,39.15022016,-86.48725106
2013,9,3,Weekday,800,2-Car,Non-incapacitating,DISREGARD SIGNAL/REG SIGN,E MOORES PIKE & SO SMITH,39.15021773,-86.48046161
2013,8,7,Weekend,2100,1-Car,No injury/unknown,ROADWAY SURFACE CONDITION,E MOORES PIKE & S OLCOTT,39.15018998,-86.48498989
2013,6,6,Weekday,900,2-Car,No injury/unknown,LEFT OF CENTER,MOORES PIKE & OLCOTT,39.15018998,-86.48500719
2013,12,6,Weekday,800,1-Car,No injury/unknown,SPEED TOO FAST FOR WEATHER CONDITIONS,INGRAM & SR37S,39.14997946,-86.59564208
2013,5,6,Weekday,1700,2-Car,No injury/unknown,UNSAFE BACKING,LIBERTY DR,39.14996719,-86.57511901
2013,11,7,Weekend,1400,2-Car,No injury/unknown,FOLLOWING TOO CLOSELY,SOUTH WALNUT ST,39.14982139,-86.53338645
2013,3,4,Weekday,900,2-Car,No injury/unknown,SPEED TOO FAST FOR WEATHER CONDITIONS,BASSWOOD DR & BLOOMFIELD,39.14978027,-86.56887707
2013,3,4,Weekday,900,2-Car,No injury/unknown,SPEED TOO FAST FOR WEATHER CONDITIONS,BASSWOOD DR & BLOOMIFIELD,39.14978027,-86.56888357
2013,2,6,Weekday,1000,2-Car,Non-incapacitating,FAILURE TO YIELD RIGHT OF WAY,BASSWOOD DR & BLOOMFIELD,39.14978027,-86.56889006
2013,3,6,Weekday,1800,2-Car,No injury/unknown,FAILURE TO YIELD RIGHT OF WAY,BASSWOOD & BLOOMFIELD RD,39.14978027,-86.56889006
2013,3,1,Weekday,2300,1-Car,No injury/unknown,RAN OFF ROAD RIGHT,BLOOMFIELD RD & OAKDALE,39.14978027,-86.56889006
2013,6,6,Weekday,1400,2-Car,Non-incapacitating,FAILURE TO YIELD RIGHT OF WAY,BASSWOOD & BLOOMFIELD RD,39.14978027,-86.56889006
2013,8,6,Weekday,500,2-Car,No injury/unknown,UNSAFE BACKING,BLOOMFIELD & OAKDALE DR,39.14978027,-86.56889006
2013,9,4,Weekday,1400,2-Car,No injury/unknown,IMPROPER TURNING,BASSWOOD DR & BLOOMFIELD,39.14978027,-86.56889006
2013,3,3,Weekday,700,1-Car,No injury/unknown,ANIMAL/OBJECT IN ROADWAY,S OAKDALE & SR45W,39.14978027,-86.56889343
2013,9,5,Weekday,500,3+ Cars,Non-incapacitating,LEFT OF CENTER,BLOOMFIELD RD & STONE,39.14978027,-86.56890045
2013,5,6,Weekday,1500,2-Car,No injury/unknown,IMPROPER PASSING,SOUTH BASSWOOD & WEST BLOOMFIELD RD,39.14978027,-86.56891603
2013,11,5,Weekday,1500,2-Car,Non-incapacitating,FOLLOWING TOO CLOSELY,S BASSWOOD & W BLOOMFIELD RD,39.14978027,-86.56895066
2013,11,3,Weekday,1900,2-Car,No injury/unknown,OTHER (DRIVER) - EXPLAIN IN NARRATIVE,S BASSWOOD CIR,39.14968,-86.57104
2013,12,1,Weekday,2300,1-Car,Non-incapacitating,RAN OFF ROAD RIGHT,S OAKDALE DR,39.14964549,-86.56884312
2013,5,5,Weekday,800,2-Car,No injury/unknown,OTHER (DRIVER) - EXPLAIN IN NARRATIVE,E SOUTHERN DR,39.14963531,-86.5329895
2013,1,6,Weekend,1900,1-Car,Non-incapacitating,RAN OFF ROAD RIGHT,CONSTITUTION & LIBERTY DR,39.149552,-86.575936
2013,3,5,Weekday,1100,3+ Cars,No injury/unknown,FAILURE TO YIELD RIGHT OF WAY,LIBERTY & S LIBERTY DR,39.149552,-86.575936
2013,4,2,Weekday,1400,2-Car,No injury/unknown,FOLLOWING TOO CLOSELY,CONSTITUTION & LIBERTY DR,39.149552,-86.575936
2013,5,5,Weekday,1400,2-Car,No injury/unknown,FOLLOWING TOO CLOSELY,CONSTITUTION & LIBERTY DR,39.149552,-86.575936
2013,5,6,Weekday,1500,Moped/Motorcycle,Non-incapacitating,FOLLOWING TOO CLOSELY,CONSTITUTION & S LIBERTY DR,39.149552,-86.575936
2013,8,2,Weekday,1100,2-Car,Non-incapacitating,FOLLOWING TOO CLOSELY,CONSTITUTION & S LIBERTY DR,39.149552,-86.575936
2013,11,5,Weekday,800,2-Car,No injury/unknown,SPEED TOO FAST FOR WEATHER CONDITIONS,LIBERTY & WEST CONSTITUTION AVE AVE,39.149552,-86.575936
2013,8,2,Weekday,2200,2-Car,No injury/unknown,UNSAFE BACKING,HIGHLAND & SKYLARK CT,39.14941554,-86.51726188
2013,6,3,Weekday,2300,1-Car,Non-incapacitating,RAN OFF ROAD RIGHT,MOORES & S SMITH RD,39.14940015,-86.48044628
2013,10,2,Weekday,1600,2-Car,No injury/unknown,FAILURE TO YIELD RIGHT OF WAY,BEASLEY & CURRY PIKE,39.149152,-86.582704
2013,6,4,Weekday,300,1-Car,Non-incapacitating,RAN OFF ROAD RIGHT,ROGERS ST,39.14894867,-86.53729248
2013,8,1,Weekend,900,2-Car,No injury/unknown,UNSAFE BACKING,SUDBURRY DR,39.14894812,-86.56257279
2013,5,6,Weekend,2000,2-Car,No injury/unknown,UNSAFE LANE MOVEMENT,EAST VERMILYA & SOUTH WALNUT ST,39.148928,-86.53312
2013,9,3,Weekday,1600,3+ Cars,Non-incapacitating,FOLLOWING TOO CLOSELY,S WALNUT ST & VERMILYA,39.148928,-86.53312
2013,9,1,Weekend,1600,2-Car,No injury/unknown,SPEED TOO FAST FOR WEATHER CONDITIONS,VERMILYA & WALNUT ST,39.148928,-86.53312
2013,12,2,Weekday,1600,2-Car,No injury/unknown,UNSAFE LANE MOVEMENT,SOUTH WALNUT ST & VERMILYA,39.148928,-86.53312
2013,2,4,Weekday,800,2-Car,No injury/unknown,UNSAFE LANE MOVEMENT,EAST VERMILYA & WALNUT ST,39.14891995,-86.53324015
2013,3,2,Weekday,1800,2-Car,No injury/unknown,FOLLOWING TOO CLOSELY,VERMILYA & WALNUT ST,39.14891995,-86.53324015
2013,2,5,Weekday,700,3+ Cars,No injury/unknown,UNSAFE SPEED,SR45 030 B & SR45N,39.14884425,-86.57041556
2013,8,3,Weekday,1500,2-Car,No injury/unknown,UNSAFE LANE MOVEMENT,1700 BLK S WALNUT ST & VERMILYA,39.14874069,-86.53306431
2013,1,7,Weekend,1200,2-Car,No injury/unknown,FAILURE TO YIELD RIGHT OF WAY,MULLER PKWY & W 3RD,39.14863861,-86.56270019
2013,9,2,Weekday,1500,2-Car,No injury/unknown,FOLLOWING TOO CLOSELY,EAST THORNTON & SOUTH HENDERSON ST,39.148544,-86.526912
2013,1,4,Weekday,1600,2-Car,No injury/unknown,FAILURE TO YIELD RIGHT OF WAY,BLOOMFIELD RD & OAKDALE,39.148544,-86.571504
2013,3,5,Weekday,1500,1-Car,No injury/unknown,RAN OFF ROAD RIGHT,BLOOMFIELD & OAKDALE DR,39.148544,-86.571504
2013,12,4,Weekday,1300,2-Car,No injury/unknown,FOLLOWING TOO CLOSELY,BLOOMFIELD RD & OAKDALE,39.148544,-86.571504
2013,4,3,Weekday,1500,2-Car,No injury/unknown,UNSAFE BACKING,S 446 HWY,39.148464,-86.471256
2013,5,7,Weekend,0,2-Car,No injury/unknown,IMPROPER TURNING,S SR 446 ST,39.148464,-86.471256
2013,9,4,Weekday,1500,2-Car,Non-incapacitating,FOLLOWING TOO CLOSELY,BLOOMFIELD DR & SR 37,39.14833413,-86.57183647
2013,2,4,Weekday,1100,2-Car,No injury/unknown,OTHER (DRIVER) - EXPLAIN IN NARRATIVE,SR37 & SR45W,39.14830876,-86.57299634
2013,1,2,Weekday,1900,2-Car,Non-incapacitating,FAILURE TO YIELD RIGHT OF WAY,BLOOMFIELD RD & SR37S,39.148144,-86.572992
2013,1,7,Weekend,1600,2-Car,No injury/unknown,DISREGARD SIGNAL/REG SIGN,BLOOMFIELD RD & SR37S,39.148144,-86.572992
2013,2,2,Weekday,1100,2-Car,No injury/unknown,FOLLOWING TOO CLOSELY,SR37S & SR45,39.148144,-86.572992
2013,3,4,Weekday,1200,2-Car,No injury/unknown,DISREGARD SIGNAL/REG SIGN,SR37 & SR46W,39.148144,-86.572992
2013,3,4,Weekday,800,3+ Cars,Non-incapacitating,FOLLOWING TOO CLOSELY,SR37N & W BLOOMFIELD RD,39.148144,-86.572992
2013,4,3,Weekday,800,2-Car,No injury/unknown,FOLLOWING TOO CLOSELY,BLOOMFIELD & SR37S,39.148144,-86.572992
2013,7,2,Weekday,1800,2-Car,No injury/unknown,FAILURE TO YIELD RIGHT OF WAY,SR3716 & SR45W,39.148144,-86.572992
2013,8,2,Weekday,1700,Moped/Motorcycle,Non-incapacitating,DISREGARD SIGNAL/REG SIGN,SR37 & SR45W,39.148144,-86.572992
2013,9,7,Weekend,1100,2-Car,No injury/unknown,FOLLOWING TOO CLOSELY,SR37S & SR45W,39.148144,-86.572992
2013,9,7,Weekend,800,2-Car,Non-incapacitating,OTHER (DRIVER) - EXPLAIN IN NARRATIVE,SR37S & SR45W,39.148144,-86.572992
2013,10,4,Weekday,1100,2-Car,No injury/unknown,FOLLOWING TOO CLOSELY,SR37S & SR45S,39.148144,-86.572992
2013,10,4,Weekday,900,2-Car,No injury/unknown,FOLLOWING TOO CLOSELY,SR37S & SR45,39.148144,-86.572992
2013,12,5,Weekday,700,2-Car,No injury/unknown,FAILURE TO YIELD RIGHT OF WAY,37 & SR45W,39.148144,-86.572992
2013,12,5,Weekday,1700,3+ Cars,No injury/unknown,FOLLOWING TOO CLOSELY,BLOOMFIELD RD & SR37N,39.148144,-86.572992
2013,3,6,Weekend,2300,2-Car,No injury/unknown,UNSAFE BACKING,S WALNUT ST,39.14802351,-86.5328542
2013,2,4,Weekday,700,2-Car,No injury/unknown,OTHER (DRIVER) - EXPLAIN IN NARRATIVE,SR37S & SR45W,39.14800683,-86.57298343
2013,7,2,Weekday,1700,2-Car,No injury/unknown,IMPROPER TURNING,E 17TH & E 45 46 BYP,39.14800265,-86.50719225
2013,4,6,Weekday,100,1-Car,No injury/unknown,RAN OFF ROAD RIGHT,E GRIMES & S WOODLAWN AVE,39.14798414,-86.52264006
2013,11,3,Weekday,1600,2-Car,No injury/unknown,FAILURE TO YIELD RIGHT OF WAY,CURRY PIKE & ROLL,39.14768637,-86.58261793
2013,12,2,Weekday,1000,2-Car,No injury/unknown,RAN OFF ROAD RIGHT,CHEROKEE & ROGERS ST,39.147539,-86.53873536
2013,7,4,Weekday,1400,2-Car,No injury/unknown,FOLLOWING TOO CLOSELY,BLOOMFIELD & SR37S,39.1475296,-86.57295227
2013,7,5,Weekday,700,2-Car,No injury/unknown,UNSAFE BACKING,BLOOMFIELD RD,39.1475296,-86.57295227
2013,10,6,Weekday,1500,2-Car,No injury/unknown,FOLLOWING TOO CLOSELY,SR37 & SR45,39.14749762,-86.57295382
2013,2,3,Weekday,100,2-Car,No injury/unknown,UNSAFE BACKING,S CURRY PIKE,39.14744568,-86.58229064
2013,3,2,Weekday,2200,2-Car,No injury/unknown,FAILURE TO YIELD RIGHT OF WAY,ROLL & S CURRY PIKE,39.14744,-86.582592
2013,7,5,Weekday,1700,2-Car,No injury/unknown,FOLLOWING TOO CLOSELY,CURRY PIKE & ROLL,39.14744,-86.582592
2013,10,4,Weekday,1000,2-Car,No injury/unknown,FAILURE TO YIELD RIGHT OF WAY,ROLL & S CURRY PIKE,39.14744,-86.582592
2013,9,4,Weekday,1300,2-Car,No injury/unknown,UNSAFE BACKING,MILLER DR,39.14733505,-86.52935791
2013,11,5,Weekday,800,1-Car,No injury/unknown,UNSAFE BACKING,17TH & WOODLAWN AVE,39.1473048,-86.52360029
2013,1,3,Weekday,1500,1-Car,No injury/unknown,,ROLL AVE,39.14727911,-86.58099554
2013,7,3,Weekday,1500,3+ Cars,No injury/unknown,UNSAFE LANE MOVEMENT,CURRY PIKE & W BEASLEY,39.14721441,-86.58262182
2013,5,3,Weekday,1100,3+ Cars,Non-incapacitating,FOLLOWING TOO CLOSELY,CURRY PIKE & ROLL,39.14719999,-86.58259011
2013,11,6,Weekday,800,2-Car,Non-incapacitating,FOLLOWING TOO CLOSELY,CURRY PIKE & ROLL,39.14719999,-86.58259011
2013,2,4,Weekday,1400,2-Car,No injury/unknown,UNSAFE BACKING,S SARE RD,39.147072,-86.498944
2013,3,4,Weekday,600,2-Car,No injury/unknown,UNSAFE BACKING,S SARE RD,39.147072,-86.498944
2013,11,3,Weekday,1200,2-Car,No injury/unknown,UNSAFE BACKING,W CHEROKEE DR,39.147008,-86.540528
2013,11,3,Weekday,1200,1-Car,No injury/unknown,OTHER (DRIVER) - EXPLAIN IN NARRATIVE,WEST CHEROKEE DR,39.147008,-86.540528
2013,3,6,Weekday,700,2-Car,No injury/unknown,,E MILLER DR,39.1469539,-86.5268176
2013,3,6,Weekday,700,2-Car,No injury/unknown,DISREGARD SIGNAL/REG SIGN,E MILLER & S WALNUT ST,39.146944,-86.532544
2013,6,5,Weekday,1300,2-Car,No injury/unknown,UNSAFE LANE MOVEMENT,MILLER & S WALNUT ST,39.146944,-86.532544
2013,9,5,Weekday,800,2-Car,No injury/unknown,OTHER (DRIVER) - EXPLAIN IN NARRATIVE,MILLER DR & S WALNUT,39.146944,-86.532544
2013,4,2,Weekday,1300,2-Car,No injury/unknown,FAILURE TO YIELD RIGHT OF WAY,MILLER DR & WALNUT,39.14689019,-86.5326241
2013,1,3,Weekday,1400,3+ Cars,Non-incapacitating,FOLLOWING TOO CLOSELY,MILLER & WALNUT ST,39.14689019,-86.53265006
2013,1,5,Weekday,1900,3+ Cars,No injury/unknown,SPEED TOO FAST FOR WEATHER CONDITIONS,MILLER & WALNUT ST,39.14689019,-86.53265006
2013,4,3,Weekday,1100,2-Car,No injury/unknown,FAILURE TO YIELD RIGHT OF WAY,MILLER DR & S WALNUT,39.14689019,-86.53267602
2013,6,4,Weekday,700,2-Car,No injury/unknown,FOLLOWING TOO CLOSELY,SR45,39.1466889,-86.57452203
2013,4,4,Weekday,1600,2-Car,Non-incapacitating,FOLLOWING TOO CLOSELY,SOUTH SAMS CLUB & SR45W,39.14667004,-86.5745616
2013,6,4,Weekday,1700,2-Car,No injury/unknown,FOLLOWING TOO CLOSELY,LIBERTY & SR45E,39.1465588,-86.5757369
2013,10,4,Weekday,1700,3+ Cars,No injury/unknown,FOLLOWING TOO CLOSELY,COUNTRY CLUB & WALNUT ST,39.14653696,-86.5311098
2013,2,5,Weekday,1000,2-Car,No injury/unknown,FOLLOWING TOO CLOSELY,SR37S & SR45W,39.1464386,-86.57504272
2013,3,2,Weekday,500,2-Car,No injury/unknown,IMPROPER TURNING,SR37N & SR45W,39.1464386,-86.57504272
2013,10,3,Weekday,900,2-Car,No injury/unknown,FOLLOWING TOO CLOSELY,SR37N & SR45S,39.1464386,-86.57504272
2013,11,6,Weekday,1400,2-Car,Non-incapacitating,FOLLOWING TOO CLOSELY,SR37S & SR45W,39.1464386,-86.57504272
2013,12,5,Weekday,1600,2-Car,Non-incapacitating,FAILURE TO YIELD RIGHT OF WAY,QUEENS WAY & RAMSEY,39.14617002,-86.50312028
2013,6,4,Weekday,700,2-Car,No injury/unknown,OTHER (DRIVER) - EXPLAIN IN NARRATIVE,YOST AVE,39.14601982,-86.5807823
2013,11,5,Weekday,700,1-Car,No injury/unknown,ANIMAL/OBJECT IN ROADWAY,MCCARTNEY & SO SARE RD,39.14588973,-86.49749971
2013,1,4,Weekday,1300,2-Car,Non-incapacitating,LEFT OF CENTER,S CURRY PIKE & WOODLYN,39.145856,-86.582592
2013,6,1,Weekend,400,1-Car,No injury/unknown,VIEW OBSTRUCTED,S WALNUT ST,39.145848,-86.532216
2013,9,7,Weekend,1700,2-Car,No injury/unknown,OTHER (DRIVER) - EXPLAIN IN NARRATIVE,S WALNUT ST,39.145848,-86.532216
2013,9,6,Weekday,1200,2-Car,No injury/unknown,WRONG WAY ON ONE WAY,S WALNUT ST,39.145848,-86.532216
2013,12,3,Weekday,1600,2-Car,No injury/unknown,BRAKE FAILURE OR DEFECTIVE,LIBERTY & SR45W,39.14579957,-86.57646028
2013,11,2,Weekday,2300,1-Car,No injury/unknown,ANIMAL/OBJECT IN ROADWAY,DILLMAN & SR37S,39.14574731,-86.54577636
2013,9,2,Weekday,1000,1-Car,No injury/unknown,RAN OFF ROAD RIGHT,ATLEE & WINSTON ST,39.14564967,-86.4935746
2013,6,1,Weekend,1000,1-Car,No injury/unknown,RAN OFF ROAD RIGHT,CHURCHILL & WINSTON ST,39.14564028,-86.49488333
2013,8,3,Weekday,1700,2-Car,Non-incapacitating,FAILURE TO YIELD RIGHT OF WAY,BLOOMFIELD & LIBERTY DR,39.14553844,-86.57816649
2013,4,4,Weekday,1600,2-Car,No injury/unknown,DRIVER DISTRACTED - EXPLAIN IN NARRATIVE,KIRKWOOD & ROGERS ST,39.14545982,-86.53868973
2013,4,2,Weekday,1600,2-Car,No injury/unknown,UNSAFE BACKING,S OAKDALE DR,39.14545923,-86.56818397
2013,1,3,Weekday,2100,2-Car,Non-incapacitating,FAILURE TO YIELD RIGHT OF WAY,HENDERSON ST,39.14541028,-86.52689069
2013,10,6,Weekday,1600,2-Car,No injury/unknown,FAILURE TO YIELD RIGHT OF WAY,HENDERSON ST,39.14541028,-86.52689069
2013,7,4,Weekday,1900,2-Car,No injury/unknown,UNSAFE BACKING,MAXWELL ST & TYLERS TURN,39.14539017,-86.51506014
2013,7,1,Weekend,300,2-Car,No injury/unknown,RAN OFF ROAD RIGHT,ADAMS ST & ALLEN,39.14528809,-86.55054979
2013,11,2,Weekday,700,2-Car,Non-incapacitating,FOLLOWING TOO CLOSELY,SR37N & TAPP,39.14527945,-86.57298464
2013,1,7,Weekend,1300,2-Car,No injury/unknown,UNSAFE BACKING,LIBERTY DR,39.145264,-86.577616
2013,4,1,Weekend,1400,2-Car,No injury/unknown,UNSAFE BACKING,SOUTH LIBERTY DR,39.145264,-86.577616
2013,3,6,Weekday,700,2-Car,No injury/unknown,UNSAFE BACKING,LIBERTY DR,39.145264,-86.577616
2013,3,7,Weekend,1500,2-Car,No injury/unknown,UNSAFE BACKING,SOUTH LIBERTY DR,39.145264,-86.577616
2013,4,2,Weekday,0,Moped/Motorcycle,Non-incapacitating,OVERCORRECTING/OVERSTEERING,S LIBERTY DR,39.145264,-86.577616
2013,4,3,Weekday,800,2-Car,No injury/unknown,,LIBERTY DR,39.145264,-86.577616
2013,8,7,Weekend,1000,2-Car,No injury/unknown,UNSAFE BACKING,S LIBERTY DR,39.145264,-86.577616
2013,7,1,Weekend,1500,2-Car,No injury/unknown,UNSAFE BACKING,SOUTH LIBERTY DR,39.145264,-86.577616
2013,8,6,Weekday,1600,2-Car,No injury/unknown,FOLLOWING TOO CLOSELY,S LIBERTY DR,39.145264,-86.577616
2013,9,3,Weekday,1600,2-Car,No injury/unknown,UNSAFE BACKING,S LIBERTY DR,39.145264,-86.577616
2013,10,5,Weekday,1600,2-Car,No injury/unknown,OTHER (VEHICLE) - EXPLAIN IN NARRATIVE,S LIBERTY DR,39.145264,-86.577616
2013,11,3,Weekday,1000,2-Car,No injury/unknown,FAILURE TO YIELD RIGHT OF WAY,LIBERTY DR,39.145264,-86.577616
2013,11,3,Weekday,900,2-Car,No injury/unknown,OTHER (DRIVER) - EXPLAIN IN NARRATIVE,LIBERTY DR,39.145264,-86.577616
2013,12,4,Weekday,1000,2-Car,No injury/unknown,UNSAFE BACKING,LIBERTY DR,39.145264,-86.577616
2013,12,6,Weekend,2100,2-Car,No injury/unknown,IMPROPER TURNING,LIBERTY DR,39.145264,-86.577616
2013,7,1,Weekend,300,3+ Cars,No injury/unknown,OTHER (DRIVER) - EXPLAIN IN NARRATIVE,OAKDALE DR,39.14523594,-86.5684361
2013,4,7,Weekend,2300,2-Car,No injury/unknown,UNSAFE BACKING,S PECAN LN,39.1452232,-86.56960621
2013,1,1,Weekend,1500,2-Car,No injury/unknown,FOLLOWING TOO CLOSELY,LIBERTY DR & SR45,39.145152,-86.5776
2013,2,1,Weekend,1400,2-Car,No injury/unknown,FAILURE TO YIELD RIGHT OF WAY,LIBERTY & SR45E,39.145152,-86.5776
2013,3,7,Weekend,1500,2-Car,No injury/unknown,FAILURE TO YIELD RIGHT OF WAY,LIBERTY & SR45W,39.145152,-86.5776
2013,3,4,Weekday,1400,2-Car,No injury/unknown,OTHER (DRIVER) - EXPLAIN IN NARRATIVE,SOUTH PECAN LN,39.14514206,-86.56949155
2013,7,3,Weekday,1400,2-Car,Non-incapacitating,FAILURE TO YIELD RIGHT OF WAY,SAMS CLUB & SR45W,39.14503087,-86.57769442
2013,7,6,Weekday,1100,2-Car,No injury/unknown,FOLLOWING TOO CLOSELY,S LIBERTY DR & W 2ND,39.14502188,-86.57775915
2013,3,5,Weekday,1000,2-Car,No injury/unknown,FOLLOWING TOO CLOSELY,HICKORY LEAF & STATE ROAD 45 HWY,39.14502002,-86.57777018
2013,8,4,Weekday,1100,2-Car,No injury/unknown,FOLLOWING TOO CLOSELY,LIBERTY & SR45W,39.14502002,-86.57777018
2013,10,5,Weekday,800,2-Car,No injury/unknown,LEFT OF CENTER,COVENANTER DR & STRATUM,39.14478799,-86.49439975
2013,5,4,Weekday,900,2-Car,No injury/unknown,OTHER (DRIVER) - EXPLAIN IN NARRATIVE,EAST NORTH DR,39.14478739,-86.5296223
2013,8,4,Weekday,800,2-Car,No injury/unknown,FAILURE TO YIELD RIGHT OF WAY,NORTH & S WALNUT ST,39.144752,-86.531888
2013,9,7,Weekend,900,2-Car,Non-incapacitating,DRIVER DISTRACTED - EXPLAIN IN NARRATIVE,NORTH & S WALNUT ST,39.144752,-86.531888
2013,2,3,Weekday,1500,Bus,Non-incapacitating,UNSAFE SPEED,HENDERSON & NORTH DR,39.14454997,-86.5269511
2013,7,2,Weekday,1100,2-Car,Non-incapacitating,FAILURE TO YIELD RIGHT OF WAY,HENDERSON ST & NORTH,39.14454997,-86.52695976
2013,12,4,Weekday,800,2-Car,No injury/unknown,FAILURE TO YIELD RIGHT OF WAY,S HENDERSON ST & SUMMITVIEW,39.14454997,-86.52695976
2013,3,6,Weekend,1900,Bus,Non-incapacitating,RAN OFF ROAD RIGHT,FRIENDSHIP & LAMPKINS RIDGE RD,39.14445498,-86.41074027
2013,12,7,Weekend,1800,2-Car,No injury/unknown,FAILURE TO YIELD RIGHT OF WAY,S KNIGHTRIDGE & SR446S,39.14420245,-86.46687098
2013,8,6,Weekend,2300,2-Car,Non-incapacitating,FAILURE TO YIELD RIGHT OF WAY,DRIVE TO MILLENNIUM APTS & WEIMER RD,39.14407398,-86.5639776
2013,3,3,Weekday,1600,2-Car,No injury/unknown,FAILURE TO YIELD RIGHT OF WAY,INDUSTRIAL & SR45W,39.14393997,-86.58203887
2013,9,1,Weekend,1800,2-Car,No injury/unknown,FOLLOWING TOO CLOSELY,CURRY & INDUSTRIAL BLVD,39.14392971,-86.58262029
2013,6,7,Weekend,1900,2-Car,No injury/unknown,IMPROPER TURNING,INDUSTRIAL & SR45W,39.14389038,-86.58077239
2013,12,5,Weekday,1400,2-Car,No injury/unknown,FAILURE TO YIELD RIGHT OF WAY,INDUSTRIAL & SR45W,39.14389038,-86.58077239
2013,7,2,Weekday,1600,3+ Cars,Non-incapacitating,FOLLOWING TOO CLOSELY,S CURRY PIKE & W INDUSTRIAL,39.143808,-86.582592
2013,7,2,Weekday,1700,2-Car,No injury/unknown,IMPROPER TURNING,INDUSTRIAL & SOUTH CURRY PIKE,39.143808,-86.582592
2013,11,6,Weekday,800,2-Car,No injury/unknown,UNSAFE BACKING,WEST INDUSTRIAL BLVD,39.143808,-86.582592
2013,12,4,Weekday,1600,2-Car,No injury/unknown,IMPROPER TURNING,CURRY PIKE & INDUSTRIAL,39.143808,-86.582592
2013,5,4,Weekday,1700,3+ Cars,Incapacitating,FOLLOWING TOO CLOSELY,SOUTH WEIMER & SR45E,39.14378738,-86.56359863
2013,6,7,Weekend,2100,2-Car,No injury/unknown,OTHER (DRIVER) - EXPLAIN IN NARRATIVE,W 2ND ST,39.14363358,-86.58037049
2013,11,6,Weekday,1100,2-Car,No injury/unknown,FAILURE TO YIELD RIGHT OF WAY,3RD & LIBERTY DR,39.14346132,-86.57913006
2013,11,2,Weekday,1300,2-Car,No injury/unknown,FOLLOWING TOO CLOSELY,LIBERTY DR & W 3RD,39.14346132,-86.57913006
2013,11,4,Weekday,1300,3+ Cars,No injury/unknown,FAILURE TO YIELD RIGHT OF WAY,3RD & LIBERTY DR,39.14346132,-86.57913006
2013,7,3,Weekday,1300,2-Car,Non-incapacitating,FOLLOWING TOO CLOSELY,THIRD & WALNUT ST,39.14345126,-86.53362974
2013,7,3,Weekday,1600,2-Car,No injury/unknown,FOLLOWING TOO CLOSELY,FULLERTON & SR37S,39.14333745,-86.57353973
2013,3,6,Weekday,1000,1-Car,Non-incapacitating,RAN OFF ROAD RIGHT,JED & ROGERS ST,39.14307003,-86.53867909
2013,12,2,Weekday,1400,2-Car,No injury/unknown,OTHER (DRIVER) - EXPLAIN IN NARRATIVE,W STATE ROAD 45 HWY,39.143013,-86.57486724
2013,12,4,Weekday,800,2-Car,No injury/unknown,OTHER (DRIVER) - EXPLAIN IN NARRATIVE,S WALNUT ST,39.142555,-86.531238
2013,6,2,Weekday,1700,3+ Cars,No injury/unknown,FOLLOWING TOO CLOSELY,CURRY PIKE & SR45S,39.14223567,-86.58233447
2013,7,4,Weekday,2200,2-Car,No injury/unknown,OTHER (DRIVER) - EXPLAIN IN NARRATIVE,HUNTERS GLN & SARE,39.14218593,-86.49656071
2013,7,2,Weekday,1200,2-Car,No injury/unknown,UNSAFE BACKING,SOUTH DR & SOUTH WALNUT,39.14212445,-86.52756237
2013,1,7,Weekend,900,2-Car,No injury/unknown,UNSAFE LANE MOVEMENT,LEONARD SPRINGS & SR45E,39.142048,-86.582592
2013,5,7,Weekend,1600,2-Car,No injury/unknown,FOLLOWING TOO CLOSELY,S LEONARD SPRINGS RD & SR45W,39.142048,-86.582592
2013,9,4,Weekday,1900,2-Car,No injury/unknown,UNSAFE BACKING,S LEONARD SPRINGS RD,39.142048,-86.582592
2013,10,4,Weekday,2300,1-Car,No injury/unknown,UNSAFE SPEED,CURRY & SR45W,39.142048,-86.582592
2013,11,3,Weekday,1800,2-Car,No injury/unknown,FAILURE TO YIELD RIGHT OF WAY,LEONARD SPRINGS & SR45W,39.142048,-86.582592
2013,5,4,Weekday,1600,2-Car,Non-incapacitating,IMPROPER PASSING,LEONARD SPRINGS & STATE ROAD 45 RD,39.14195115,-86.5825912