Year,Month,Day,Weekend?,Hour,Collision Type,Injury Type,Primary Factor,Reported_Location,Latitude,Longitude
2013,2,5,Weekday,1100,1-Car,Incapacitating,UNSAFE SPEED,ISON RD & LEONARD SPRINGS,39.122352,-86.6056
2013,4,6,Weekend,2300,1-Car,No injury/unknown,RAN OFF ROAD RIGHT,S ISON RD & W LEONARD SPRINGS,39.122352,-86.6056
2013,1,5,Weekday,2000,1-Car,No injury/unknown,SPEED TOO FAST FOR WEATHER CONDITIONS,37 & FULLERTON PIKE,39.12229906,-86.56767463
2013,5,1,Weekend,1600,2-Car,No injury/unknown,FAILURE TO YIELD RIGHT OF WAY,FULLERTON PIKE & ROCKPORT,39.122224,-86.562688
2013,9,2,Weekday,1700,2-Car,Non-incapacitating,DISREGARD SIGNAL/REG SIGN,FULLERTON & SR37S,39.12221146,-86.57353973
2013,9,7,Weekend,2000,3+ Cars,Non-incapacitating,FAILURE TO YIELD RIGHT OF WAY,FULLERTON & SR37S,39.12221146,-86.57353973
2013,11,5,Weekday,1500,2-Car,Non-incapacitating,FAILURE TO YIELD RIGHT OF WAY,FULLERTON & SR37S,39.12221146,-86.57353973
2013,6,5,Weekday,1600,2-Car,Non-incapacitating,FAILURE TO YIELD RIGHT OF WAY,RENDY & WEST ELLER RD,39.122208,-86.615792
2013,1,2,Weekday,1700,2-Car,No injury/unknown,FAILURE TO YIELD RIGHT OF WAY,FULLERTON & SR37S,39.12220001,-86.56779479
2013,4,5,Weekday,1200,3+ Cars,No injury/unknown,FOLLOWING TOO CLOSELY,FULERTON & SR37S,39.12220001,-86.56779479
2013,1,5,Weekday,2000,2-Car,No injury/unknown,SPEED TOO FAST FOR WEATHER CONDITIONS,37 & FULLERTON PIKE,39.12220001,-86.56788136
2013,4,3,Weekday,1700,2-Car,No injury/unknown,FOLLOWING TOO CLOSELY,FULLERTON PIKE & JUDD,39.12209988,-86.57402984
2013,12,2,Weekday,700,1-Car,No injury/unknown,RAN OFF ROAD RIGHT,DILLMAN & SR37N,39.12189278,-86.54577636
2013,1,5,Weekday,2000,2-Car,No injury/unknown,SPEED TOO FAST FOR WEATHER CONDITIONS,GORDON PIKE & WICKENS,39.12181218,-86.54791696
2013,4,6,Weekend,2200,1-Car,No injury/unknown,RAN OFF ROAD RIGHT,E RHORER RD & HARRELL,39.1217467,-86.49666988
2013,11,4,Weekday,1600,2-Car,No injury/unknown,SPEED TOO FAST FOR WEATHER CONDITIONS,HARTSTRAIGHT RD & TEMPERANCE,39.12174554,-86.61594003
2013,9,1,Weekend,1300,1-Car,Non-incapacitating,TIRE FAILURE OR DEFECTIVE,HARRELL & RHORER RD,39.12160351,-86.49173694
2013,3,5,Weekday,1700,1-Car,Non-incapacitating,RAN OFF ROAD RIGHT,EAST MOORES CREEK RD & SNODDY,39.121584,-86.489744
2013,9,7,Weekend,300,1-Car,No injury/unknown,RAN OFF ROAD RIGHT,E MOORES CREEK RD & SNODDY,39.121584,-86.489744
2013,2,4,Weekday,1900,1-Car,No injury/unknown,RAN OFF ROAD RIGHT,GORDON PIKE & ROGERS,39.12156008,-86.53916411
2013,1,3,Weekday,0,2-Car,No injury/unknown,UNSAFE BACKING,GORDON & GORDON PIKE,39.121552,-86.531296
2013,1,3,Weekday,700,2-Car,No injury/unknown,FOLLOWING TOO CLOSELY,GORDON & OLD SR 37 RD,39.121552,-86.531296
2013,2,6,Weekday,300,1-Car,No injury/unknown,RAN OFF ROAD RIGHT,GORDON & S OLD STATE ROAD 37 RD,39.121552,-86.531296
2013,6,7,Weekend,2100,1-Car,No injury/unknown,ANIMAL/OBJECT IN ROADWAY,RHORER & SOUTH OLD STATE ROAD 37 HWY,39.121552,-86.531296
2013,7,4,Weekday,1400,2-Car,No injury/unknown,FAILURE TO YIELD RIGHT OF WAY,GORDON & OLD SR 37 RD,39.121552,-86.531296
2013,10,5,Weekday,2100,1-Car,No injury/unknown,ANIMAL/OBJECT IN ROADWAY,GORDON & SOUTH OLD STATE ROAD 37 HWY,39.121552,-86.531296
2013,11,6,Weekday,1200,1-Car,No injury/unknown,IMPROPER LANE USAGE,4025 SOUTH OLD SR 37 RD & RHORER,39.121552,-86.531296
2013,5,7,Weekend,1700,2-Car,No injury/unknown,UNSAFE BACKING,W GORDON PIKE,39.12154418,-86.53386009
2013,3,5,Weekday,500,1-Car,No injury/unknown,ANIMAL/OBJECT IN ROADWAY,1600 E RHORER RD & S JAMIE,39.12152,-86.51792
2013,7,7,Weekend,2100,1-Car,No injury/unknown,RAN OFF ROAD RIGHT,285 E RHORER RD & KENNEDY,39.121488,-86.528304
2013,9,6,Weekday,1600,2-Car,Non-incapacitating,FAILURE TO YIELD RIGHT OF WAY,E RHORER RD & S DEERFIELD,39.12146017,-86.50459782
2013,11,6,Weekday,700,2-Car,No injury/unknown,FOLLOWING TOO CLOSELY,RHORER RD & S WALNUT ST,39.12145871,-86.52720079
2013,6,3,Weekday,1700,2-Car,No injury/unknown,ROADWAY SURFACE CONDITION,NIMIT & RHORER RD,39.12145011,-86.52383968
2013,3,3,Weekday,2300,1-Car,No injury/unknown,RAN OFF ROAD RIGHT,NIMMIT & RHORER RD,39.12144607,-86.52387219
2013,8,7,Weekend,1200,2-Car,No injury/unknown,FAILURE TO YIELD RIGHT OF WAY,RHORER RD & WALNUT,39.12144282,-86.52614342
2013,1,5,Weekday,1400,3+ Cars,Non-incapacitating,FOLLOWING TOO CLOSELY,RHORER RD & SARE,39.12144005,-86.51149346
2013,5,2,Weekday,0,1-Car,Non-incapacitating,SPEED TOO FAST FOR WEATHER CONDITIONS,E ROHOER RD & S SARE,39.12144005,-86.51149346
2013,5,5,Weekday,1500,2-Car,No injury/unknown,FOLLOWING TOO CLOSELY,RHORER RD & SARE,39.12144005,-86.51156699
2013,4,5,Weekday,1800,2-Car,No injury/unknown,FAILURE TO YIELD RIGHT OF WAY,E RHORER RD & S SARE,39.12144005,-86.51157997
2013,4,3,Weekday,1200,3+ Cars,Non-incapacitating,FAILURE TO YIELD RIGHT OF WAY,RHORER RD & SARE,39.12144005,-86.51157997
2013,7,4,Weekday,1600,2-Car,No injury/unknown,FOLLOWING TOO CLOSELY,RHORER & SARE RD,39.12144005,-86.51157997
2013,10,5,Weekday,700,2-Car,No injury/unknown,FOLLOWING TOO CLOSELY,RHORER RD & SARE,39.12144005,-86.51166648
2013,1,5,Weekday,1700,2-Car,Non-incapacitating,FOLLOWING TOO CLOSELY,EAST RHORER & SOUTH WALNUT ST,39.12144,-86.526496
2013,2,3,Weekday,1300,2-Car,Non-incapacitating,DISREGARD SIGNAL/REG SIGN,E RHORER RD & S WALNUT,39.12144,-86.526496
2013,8,4,Weekday,1800,2-Car,No injury/unknown,DISREGARD SIGNAL/REG SIGN,RHORER RD & WALNUT STREET,39.12144,-86.526496
2013,7,6,Weekday,1500,2-Car,No injury/unknown,FAILURE TO YIELD RIGHT OF WAY,RHORER & S WALNUT ST,39.12144,-86.526496
2013,9,5,Weekday,700,2-Car,No injury/unknown,FOLLOWING TOO CLOSELY,RHORER RD & S WALNUT ST,39.12144,-86.526496
2013,11,7,Weekend,1400,2-Car,Non-incapacitating,DISREGARD SIGNAL/REG SIGN,RHORER & SOUTH WALNUT ST,39.12144,-86.526496
2013,10,3,Weekday,500,1-Car,No injury/unknown,DRIVER ASLEEP OR FATIGUED,E RHORER RD & WALNUT STREET,39.12144,-86.526496
2013,3,5,Weekday,1500,2-Car,No injury/unknown,UNSAFE LANE MOVEMENT,W GORDON LOT 117 PIKE,39.12143201,-86.53530478
2013,4,3,Weekday,1700,2-Car,No injury/unknown,UNSAFE BACKING,GORDON PIKE,39.12143201,-86.53530478
2013,5,4,Weekday,1500,2-Car,No injury/unknown,DRIVER DISTRACTED - EXPLAIN IN NARRATIVE,GORDON LOT 20 PIKE,39.12143201,-86.53530478
2013,8,6,Weekday,700,2-Car,Non-incapacitating,FOLLOWING TOO CLOSELY,OLD ST RD 37 SOUTH RD & RHORER,39.12141994,-86.53134986
2013,12,3,Weekday,1600,2-Car,No injury/unknown,FOLLOWING TOO CLOSELY,S WALNUT & W GORDON PIKE,39.12141994,-86.53134986
2013,4,4,Weekday,1400,Moped/Motorcycle,Non-incapacitating,OVERCORRECTING/OVERSTEERING,HOOSIER & WALNUT ST,39.12140529,-86.53143874
2013,6,7,Weekend,1600,2-Car,No injury/unknown,FOLLOWING TOO CLOSELY,RHORER & SR37S,39.12137985,-86.49404907
2013,6,3,Weekday,1600,2-Car,No injury/unknown,UNSAFE BACKING,E MOORES CREEK RD & S STERLING,39.12106702,-86.48835874
2013,11,5,Weekday,100,2-Car,No injury/unknown,UNSAFE SPEED,SOUTH OLD 37 HWY,39.1210556,-86.53090667
2013,9,5,Weekday,700,2-Car,No injury/unknown,FOLLOWING TOO CLOSELY,PINEWOOD & WALNUT ST,39.12095428,-86.53143033
2013,10,5,Weekday,700,2-Car,No injury/unknown,SPEED TOO FAST FOR WEATHER CONDITIONS,RHORER & S WALNUT ST,39.12075336,-86.526496
2013,8,3,Weekday,600,1-Car,No injury/unknown,ANIMAL/OBJECT IN ROADWAY,ELLER & SR45W,39.11961458,-86.61847596
2013,1,4,Weekday,800,2-Car,No injury/unknown,FOLLOWING TOO CLOSELY,SOUTH & WALNUT ST,39.11961185,-86.526808
2013,4,5,Weekday,700,2-Car,Non-incapacitating,FOLLOWING TOO CLOSELY,SOUTH & WALNUT ST,39.11961185,-86.526808
2013,9,7,Weekend,1000,1-Car,No injury/unknown,RAN OFF ROAD RIGHT,E BRYN MAWR & SNODDY RD,39.11954381,-86.48959296
2013,3,4,Weekday,700,1-Car,Non-incapacitating,ROADWAY SURFACE CONDITION,E BRYN MAWR & SNODDY RD,39.1195438,-86.48959295
2013,5,7,Weekend,900,1-Car,No injury/unknown,RAN OFF ROAD RIGHT,DUNLAP & SR45W,39.119344,-86.618896
2013,7,5,Weekday,800,2-Car,No injury/unknown,FOLLOWING TOO CLOSELY,DUNLAP RD & SR45W,39.119344,-86.618896
2013,11,6,Weekday,1500,2-Car,No injury/unknown,UNSAFE LANE MOVEMENT,DUNLAP & SR45W,39.119344,-86.618896
2013,2,6,Weekday,1800,1-Car,No injury/unknown,RAN OFF ROAD RIGHT,S ORCHARD LN,39.11902021,-86.53168845
2013,4,3,Weekday,1200,2-Car,No injury/unknown,BRAKE FAILURE OR DEFECTIVE,S OLD ST RD 37 RD & S ORCHARD,39.11893018,-86.53130024
2013,7,3,Weekday,900,2-Car,No injury/unknown,LEFT OF CENTER,DUNLAP & SR45W,39.11886349,-86.61975529
2013,10,1,Weekend,1300,2-Car,No injury/unknown,FOLLOWING TOO CLOSELY,2ND & SR37S,39.11883666,-86.54765319
2013,12,6,Weekday,200,2-Car,No injury/unknown,UNSAFE BACKING,JUDEE DR,39.11849316,-86.49050349
2013,8,1,Weekday,2300,2-Car,No injury/unknown,OTHER (VEHICLE) - EXPLAIN IN NARRATIVE,HOLLAND DR,39.1180687,-86.52586364
2013,7,6,Weekday,200,2-Car,No injury/unknown,LEFT OF CENTER,GARRISON CHAPLE & SR48W,39.11790085,-86.64187841
2013,7,4,Weekday,500,1-Car,No injury/unknown,RAN OFF ROAD RIGHT,FULLERTON & SR37S,39.11780593,-86.56724151
2013,12,7,Weekend,1700,2-Car,No injury/unknown,UNSAFE LANE MOVEMENT,S ROCKPORT & SR37S,39.117648,-86.567104
2013,6,4,Weekday,1300,2-Car,No injury/unknown,FAILURE TO YIELD RIGHT OF WAY,ROCKPORT & SR37,39.11755374,-86.56705561
2013,9,4,Weekday,1600,2-Car,No injury/unknown,FAILURE TO YIELD RIGHT OF WAY,ROCKPORT & SR37,39.11755374,-86.56705561
2013,6,7,Weekend,1700,1-Car,No injury/unknown,ROADWAY SURFACE CONDITION,ROCKPORT & SR37S,39.11744736,-86.56686323
2013,7,6,Weekday,600,1-Car,Incapacitating,RAN OFF ROAD RIGHT,S GARRISON CHAPPEL RD,39.11739731,-86.6419754
2013,1,6,Weekday,900,2-Car,No injury/unknown,SPEED TOO FAST FOR WEATHER CONDITIONS,DANIELS WAY & ZENITH,39.11727061,-86.59829981
2013,11,2,Weekday,1100,2-Car,Non-incapacitating,FAILURE TO YIELD RIGHT OF WAY,GORDAN PIKE,39.11717606,-86.53736114
2013,9,7,Weekend,1800,2-Car,No injury/unknown,DRIVER DISTRACTED - EXPLAIN IN NARRATIVE,GORDON PIKE LOT 11 PIKE,39.117176,-86.537361
2013,2,5,Weekday,1300,1-Car,No injury/unknown,RAN OFF ROAD RIGHT,LEONARD SPRINGS RD & SIMS,39.11607599,-86.58258005
2013,12,5,Weekday,2300,1-Car,No injury/unknown,SPEED TOO FAST FOR WEATHER CONDITIONS,7TH & JORDAN AVE,39.11597216,-86.51615984
2013,4,2,Weekday,1800,2-Car,No injury/unknown,FAILURE TO YIELD RIGHT OF WAY,SR37S & THAT RD,39.115552,-86.564592
2013,4,2,Weekday,900,2-Car,Non-incapacitating,FOLLOWING TOO CLOSELY,SR37 & THAT RD,39.115552,-86.564592
2013,5,1,Weekend,1600,1-Car,No injury/unknown,SPEED TOO FAST FOR WEATHER CONDITIONS,SR37S & W THAT RD,39.115552,-86.564592
2013,11,6,Weekday,500,1-Car,No injury/unknown,ANIMAL/OBJECT IN ROADWAY,SR37S & THAT,39.115552,-86.564592
2013,11,6,Weekday,1700,2-Car,No injury/unknown,FAILURE TO YIELD RIGHT OF WAY,SR37S & THAT,39.115552,-86.564592
2013,12,6,Weekday,700,1-Car,No injury/unknown,ANIMAL/OBJECT IN ROADWAY,SR37S & THAT,39.115552,-86.564592
2013,7,6,Weekday,800,1-Car,No injury/unknown,ANIMAL/OBJECT IN ROADWAY,SR37 & TAPP,39.11545529,-86.5544281
2013,8,2,Weekday,1600,2-Car,No injury/unknown,UNSAFE LANE MOVEMENT,SR37 & THAT,39.11536877,-86.56469338
2013,10,2,Weekday,1700,2-Car,No injury/unknown,FOLLOWING TOO CLOSELY,DUNLAP & SR45W,39.11513138,-86.61884204
2013,7,7,Weekend,1600,2-Car,No injury/unknown,FOLLOWING TOO CLOSELY,DUNLAP & SR45W,39.11513138,-86.6188507
2013,3,5,Weekday,600,1-Car,Non-incapacitating,RAN OFF ROAD RIGHT,SR37S & THAT,39.11507327,-86.56396013
2013,9,4,Weekday,1500,2-Car,No injury/unknown,UNSAFE SPEED,SR45W & W DINSMORE,39.11504,-86.630992
2013,12,7,Weekend,1000,1-Car,No injury/unknown,ROADWAY SURFACE CONDITION,HUGHES & MOORES CREEK RD,39.11503024,-86.47097037
2013,11,6,Weekday,600,2-Car,No injury/unknown,SPEED TOO FAST FOR WEATHER CONDITIONS,PATRICIA & THAT RD,39.11501013,-86.57337002
2013,8,7,Weekend,1600,1-Car,Non-incapacitating,LEFT OF CENTER,DINSMORE & SR45W,39.11500139,-86.62746724
2013,5,6,Weekday,800,2-Car,No injury/unknown,OTHER (DRIVER) - EXPLAIN IN NARRATIVE,WALNUT ST & WINSLOW,39.11483868,-86.5311109
2013,1,5,Weekday,2100,1-Car,No injury/unknown,SPEED TOO FAST FOR WEATHER CONDITIONS,ROY BAILEY & THAT RD,39.11473989,-86.55655162
2013,8,3,Weekday,1400,2-Car,No injury/unknown,FAILURE TO YIELD RIGHT OF WAY,ROGERS & THAT RD,39.11462992,-86.53982028
2013,6,7,Weekend,2000,1-Car,Incapacitating,ANIMAL/OBJECT IN ROADWAY,SR37S & THAT,39.11421156,-86.56282277
2013,8,4,Weekday,2200,1-Car,No injury/unknown,RAN OFF ROAD RIGHT,HOLLY & PINE GROVE RD,39.11377028,-86.42555393
2013,8,6,Weekday,800,1-Car,No injury/unknown,BRAKE FAILURE OR DEFECTIVE,HOLLY & PINEGROVE RD,39.11377028,-86.42562307
2013,8,4,Weekday,700,3+ Cars,No injury/unknown,FOLLOWING TOO CLOSELY,ISON & SR45N,39.11338048,-86.63700103
2013,11,1,Weekend,600,1-Car,No injury/unknown,ANIMAL/OBJECT IN ROADWAY,CROSSOVER & SR45W,39.11289707,-86.63531144
2013,9,2,Weekday,1500,Bus,No injury/unknown,IMPROPER TURNING,ELWREN & WEST ELWREN RD,39.11275756,-86.66818891
2013,1,5,Weekday,2200,1-Car,No injury/unknown,UNSAFE SPEED,GARRISON CHAPEL & SR45S,39.11249112,-86.635973
2013,11,3,Weekday,1000,2-Car,No injury/unknown,RAN OFF ROAD RIGHT,S ROGERS STREET ST,39.11194229,-86.54027557
2013,7,1,Weekend,1100,1-Car,No injury/unknown,ANIMAL/OBJECT IN ROADWAY,GARRISON CHAPEL & SR45W,39.11188918,-86.63693506
2013,6,5,Weekday,1400,2-Car,No injury/unknown,FAILURE TO YIELD RIGHT OF WAY,LIBERTY DR & WEST THIRD,39.11173798,-86.57913006
2013,3,7,Weekend,900,2-Car,No injury/unknown,IMPROPER LANE USAGE,COLLEGE AVE & THIRD,39.11172794,-86.53489977
2013,2,6,Weekday,1600,2-Car,No injury/unknown,UNSAFE LANE MOVEMENT,W CLEAR CREEK DR,39.11111623,-86.53511434
2013,7,5,Weekday,1700,2-Car,No injury/unknown,FAILURE TO YIELD RIGHT OF WAY,HARMONY & SR45W,39.111024,-86.638304
2013,12,2,Weekday,500,1-Car,No injury/unknown,ANIMAL/OBJECT IN ROADWAY,SOUTH HARMONY & SR45W,39.111024,-86.638304
2013,3,7,Weekend,700,1-Car,No injury/unknown,ANIMAL/OBJECT IN ROADWAY,OAK RIDGE & SR446S,39.11074582,-86.45161013
2013,4,5,Weekday,1500,2-Car,No injury/unknown,FOLLOWING TOO CLOSELY,PINEWOOD & WALNUT ST,39.11038877,-86.53143033
2013,6,7,Weekend,1500,2-Car,Non-incapacitating,RAN OFF ROAD RIGHT,4720 OLD STATE RD 37 RD & WAYSIDE,39.109248,-86.53128
2013,5,4,Weekday,1700,3+ Cars,No injury/unknown,FOLLOWING TOO CLOSELY,SOUTH & WALNUT ST,39.1090467,-86.526808
2013,10,3,Weekday,2300,1-Car,No injury/unknown,RAN OFF ROAD RIGHT,HARMONY & ISON RD,39.108848,-86.6384
2013,8,3,Weekday,1700,2-Car,No injury/unknown,UNSAFE BACKING,OLD STATE ROAD 37 SOUTH RD,39.10851331,-86.53132114
2013,3,7,Weekend,600,2-Car,No injury/unknown,FAILURE TO YIELD RIGHT OF WAY,HARRELL RD & SCHACHT,39.10844526,-86.49855535
2013,11,5,Weekday,2100,3+ Cars,Non-incapacitating,UNSAFE SPEED,ISON RD & TOWER,39.10791032,-86.61038987
2013,2,6,Weekday,1100,2-Car,Non-incapacitating,SPEED TOO FAST FOR WEATHER CONDITIONS,ELWREN & SR45,39.10781407,-86.64342778
2013,9,6,Weekday,700,Bus,No injury/unknown,UNSAFE BACKING,W CHURCH LN,39.10748823,-86.54649362
2013,6,7,Weekend,200,1-Car,Non-incapacitating,RAN OFF ROAD RIGHT,CHURCH LN & VICTOR,39.10748449,-86.54626781
2013,4,2,Weekday,700,Bus,No injury/unknown,FAILURE TO YIELD RIGHT OF WAY,WALNUT ST & WALNUT STREET,39.107344,-86.5264
2013,5,3,Weekday,1600,2-Car,No injury/unknown,FAILURE TO YIELD RIGHT OF WAY,WALNUT & WALNUT ST,39.107344,-86.5264
2013,11,4,Weekday,800,2-Car,No injury/unknown,FAILURE TO YIELD RIGHT OF WAY,S WALNUT ST & WALNUT,39.107344,-86.5264
2013,11,7,Weekend,900,2-Car,Non-incapacitating,FOLLOWING TOO CLOSELY,WALNUT & WALNUT STREET PIKE,39.107344,-86.5264
2013,2,4,Weekday,100,1-Car,No injury/unknown,RAN OFF ROAD RIGHT,CHURCH LN & COLLEGE,39.107328,-86.534992
2013,3,6,Weekday,1800,1-Car,No injury/unknown,RAN OFF ROAD RIGHT,CHURCH LN & WALNUT,39.10731014,-86.5281621
2013,11,2,Weekday,700,2-Car,No injury/unknown,UNSAFE BACKING,FAIRFAX & SOUTH OLD STATE ROAD 37 RD,39.10725988,-86.53149001
2013,10,3,Weekday,700,1-Car,Incapacitating,RAN OFF ROAD RIGHT,FAIRFAX RD & S WALNUT ST,39.10715997,-86.52649684
2013,2,7,Weekend,1600,1-Car,No injury/unknown,RAN OFF ROAD RIGHT,FAIRFAX RD & WALNUT STREET,39.10715997,-86.52650982
2013,7,6,Weekday,1800,3+ Cars,No injury/unknown,UNSAFE LANE MOVEMENT,S FAIRFAX RD & S WALNUT STREET,39.10715997,-86.52655308
2013,1,5,Weekday,600,2-Car,No injury/unknown,ANIMAL/OBJECT IN ROADWAY,S ROCKPORT RD & W HENNESEY,39.10706061,-86.55672021
2013,1,5,Weekday,1800,2-Car,No injury/unknown,LEFT OF CENTER,E SCHACT & S FAIRFAX RD,39.10688974,-86.52378
2013,11,3,Weekday,1100,1-Car,No injury/unknown,OVERCORRECTING/OVERSTEERING,E SCHACT ROAD & S FAIRFAX ROAD RD,39.10688974,-86.52378
2013,4,7,Weekend,2000,2-Car,No injury/unknown,IMPROPER TURNING,W ARCH HAVEN BLVD,39.106512,-86.573504
2013,3,6,Weekday,900,2-Car,No injury/unknown,UNSAFE BACKING,S VICTOR PIKE,39.10649041,-86.55034722
2013,12,4,Weekday,400,3+ Cars,Non-incapacitating,FOLLOWING TOO CLOSELY,S VICTOR & SR37S,39.10611653,-86.55187435
2013,11,4,Weekday,1000,2-Car,No injury/unknown,ANIMAL/OBJECT IN ROADWAY,6100 SOUTH FAIRFAX RD & DILLMAN,39.10587248,-86.52253083
2013,2,5,Weekday,1800,2-Car,No injury/unknown,SPEED TOO FAST FOR WEATHER CONDITIONS,SR37 & VICTOR,39.10574018,-86.55136078
2013,5,6,Weekday,1100,1-Car,Non-incapacitating,OTHER (DRIVER) - EXPLAIN IN NARRATIVE,FAIRFAX RD & MARIE,39.10568006,-86.5224798
2013,4,7,Weekend,2100,2-Car,No injury/unknown,FAILURE TO YIELD RIGHT OF WAY,SR37 & VICTOR,39.10564948,-86.55126849
2013,4,3,Weekday,1600,2-Car,No injury/unknown,DISREGARD SIGNAL/REG SIGN,SR37 & VICTOR,39.10564948,-86.55126849
2013,4,3,Weekday,1700,2-Car,No injury/unknown,FOLLOWING TOO CLOSELY,SR37S & VICTOR,39.105552,-86.551104
2013,10,5,Weekday,700,2-Car,Incapacitating,FAILURE TO YIELD RIGHT OF WAY,SR37S & VICTOR,39.105552,-86.551104
2013,12,6,Weekday,1500,2-Car,No injury/unknown,SPEED TOO FAST FOR WEATHER CONDITIONS,SR37N & VICTOR,39.105552,-86.551104
2013,9,1,Weekend,0,1-Car,No injury/unknown,ANIMAL/OBJECT IN ROADWAY,ISON RD & TOWER,39.104944,-86.61032
2013,6,5,Weekday,600,1-Car,No injury/unknown,ANIMAL/OBJECT IN ROADWAY,SR37S & TAPP,39.10488841,-86.5544281
2013,2,1,Weekend,700,2-Car,No injury/unknown,FOLLOWING TOO CLOSELY,GREEN COUNTY LINE & SR45W,39.10462952,-86.68247222
2013,7,2,Weekday,1600,1-Car,No injury/unknown,DRIVER ASLEEP OR FATIGUED,GREEN COUNTY LINE & SR45W,39.10462952,-86.68248956
2013,9,1,Weekend,1200,2-Car,Non-incapacitating,UNSAFE LANE MOVEMENT,PINE GROVE & SR446S,39.10371277,-86.43020291
2013,8,4,Weekday,1600,1-Car,No injury/unknown,IMPROPER TURNING,COMMERCIAL ST,39.1036731,-86.55181981
2013,12,6,Weekday,1800,1-Car,No injury/unknown,OTHER (ENVIRONMENTAL) - EXPLAIN IN NARR,SR37N & VICTOR PIKE,39.1035127,-86.54931096
2013,1,5,Weekday,1800,2-Car,No injury/unknown,ROADWAY SURFACE CONDITION,BRENNICK & SR45W,39.103302,-86.64743041
2013,7,2,Weekday,900,3+ Cars,Incapacitating,LEFT OF CENTER,BRENNWICK ROAD & SR45W,39.10329819,-86.64743041
2013,7,2,Weekday,900,1-Car,No injury/unknown,RAN OFF ROAD RIGHT,BRENNICK ROAD & SR45W,39.10329819,-86.64743041
2013,10,1,Weekend,1100,3+ Cars,Non-incapacitating,FOLLOWING TOO CLOSELY,BRENNICK & SR7950S,39.10329819,-86.64743041
2013,11,1,Weekend,1200,1-Car,No injury/unknown,RAN OFF ROAD RIGHT,S STATE ROUTE 37 & VICTOR PIKE,39.10269217,-86.55683398
2013,2,2,Weekday,1300,1-Car,No injury/unknown,ANIMAL/OBJECT IN ROADWAY,HINDS & SR45W,39.10133773,-86.64986539
2013,5,5,Weekday,1800,Moped/Motorcycle,Non-incapacitating,RAN OFF ROAD RIGHT,MESSA & STIPP RD,39.10030022,-86.49100845
2013,12,7,Weekend,1300,2-Car,Non-incapacitating,LEFT OF CENTER,EAST MOFFET LANE RD & S FAIRFAX,39.09984,-86.5176
2013,3,3,Weekday,600,1-Car,No injury/unknown,SPEED TOO FAST FOR WEATHER CONDITIONS,OLD STATE 37 RD & ROGERS,39.099408,-86.537904
2013,3,3,Weekday,600,1-Car,Non-incapacitating,SPEED TOO FAST FOR WEATHER CONDITIONS,OLD STATE 37 RD & ROGERS,39.099408,-86.537904
2013,5,2,Weekday,1700,2-Car,No injury/unknown,FAILURE TO YIELD RIGHT OF WAY,HINDS RD & SR45W,39.099152,-86.652
2013,5,4,Weekday,700,2-Car,No injury/unknown,FAILURE TO YIELD RIGHT OF WAY,HINDS & SR45W,39.099152,-86.652
2013,6,1,Weekend,1600,1-Car,No injury/unknown,OTHER (ENVIRONMENTAL) - EXPLAIN IN NARR,EMPIRE MILL & S OLD ST RD 37 RD,39.09911173,-86.54225975
2013,1,4,Weekday,1400,2-Car,No injury/unknown,DRIVER DISTRACTED - EXPLAIN IN NARRATIVE,BOLIN & ROCKPORT RD,39.0978812,-86.57508999
2013,1,3,Weekday,700,2-Car,No injury/unknown,FOLLOWING TOO CLOSELY,FAIRFAX & OLD STATE ROAD 37 RD,39.09670092,-86.53149001
2013,9,1,Weekend,1400,2-Car,No injury/unknown,FOLLOWING TOO CLOSELY,S OLD 37 HWY & W CHURCH,39.09670092,-86.53149001
2013,4,7,Weekend,2000,1-Car,No injury/unknown,ANIMAL/OBJECT IN ROADWAY,HUNTINGTON DR & THORNTON,39.0964486,-86.52083024
2013,5,5,Weekday,600,1-Car,No injury/unknown,ANIMAL/OBJECT IN ROADWAY,FULLERTON & SR37S,39.09579253,-86.56779479
2013,12,2,Weekday,500,2-Car,No injury/unknown,ROADWAY SURFACE CONDITION,SR37N & WEST DILLMAN,39.09571236,-86.54595204
2013,12,2,Weekday,600,1-Car,No injury/unknown,ROADWAY SURFACE CONDITION,SR37N & W DILLMAN,39.09571236,-86.54595204
2013,2,2,Weekday,600,2-Car,Non-incapacitating,FAILURE TO YIELD RIGHT OF WAY,EMPIRE & OLD ST RD 37 RD,39.09541994,-86.54263995
2013,8,4,Weekday,800,1-Car,No injury/unknown,DRIVER DISTRACTED - EXPLAIN IN NARRATIVE,MAY & ROCKPORT RD,39.09535099,-86.58439683
2013,6,4,Weekday,900,2-Car,Non-incapacitating,DISREGARD SIGNAL/REG SIGN,SR37S & VICTOR,39.09431839,-86.55906677
2013,7,1,Weekend,1000,Moped/Motorcycle,Non-incapacitating,FOLLOWING TOO CLOSELY,SR37S & VICTOR,39.09431839,-86.55906677
2013,9,1,Weekend,1800,2-Car,No injury/unknown,FOLLOWING TOO CLOSELY,FISCUS & HANDY RD,39.09400279,-86.48905297