Year,Month,Day,Weekend?,Hour,Collision Type,Injury Type,Primary Factor,Reported_Location,Latitude,Longitude
2013,10,5,Weekday,1400,2-Car,No injury/unknown,SPEED TOO FAST FOR WEATHER CONDITIONS,HINDS & SR45,39.09400177,-86.65358734
2013,7,2,Weekday,100,2-Car,No injury/unknown,UNSAFE BACKING,S HARMONY & W MAY RD,39.093744,-86.638304
2013,4,3,Weekday,1600,2-Car,No injury/unknown,FAILURE TO YIELD RIGHT OF WAY,SR45E,39.09357727,-86.66070073
2013,12,3,Weekday,1700,1-Car,No injury/unknown,RAN OFF ROAD RIGHT,WEST MAY RD,39.09336472,-86.63721466
2013,12,3,Weekday,400,1-Car,Non-incapacitating,ANIMAL/OBJECT IN ROADWAY,DILLMAN & SR37N,39.09324964,-86.5456784
2013,1,5,Weekday,1900,2-Car,No injury/unknown,FAILURE TO YIELD RIGHT OF WAY,DILLMAN & SR37S,39.09309006,-86.55418395
2013,6,7,Weekend,2000,1-Car,No injury/unknown,ANIMAL/OBJECT IN ROADWAY,PAYNETOWN & SR446S,39.09300355,-86.42329076
2013,7,4,Weekday,1900,2-Car,Non-incapacitating,FAILURE TO YIELD RIGHT OF WAY,DILLMAN & SR37S,39.092976,-86.545648
2013,6,2,Weekday,1900,2-Car,No injury/unknown,FAILURE TO YIELD RIGHT OF WAY,DILLMAN & WALNUT ST,39.09296938,-86.54417255
2013,8,6,Weekend,2000,2-Car,No injury/unknown,FAILURE TO YIELD RIGHT OF WAY,DILLMAN & SR37S,39.09296938,-86.54417255
2013,7,6,Weekend,2000,2-Car,No injury/unknown,FAILURE TO YIELD RIGHT OF WAY,DILLMAN RD & WALNUT,39.09296938,-86.54417255
2013,5,6,Weekday,900,2-Car,No injury/unknown,FAILURE TO YIELD RIGHT OF WAY,DILLMAN RD & OLD 37 SOUTH,39.09295969,-86.54416009
2013,6,4,Weekday,1600,2-Car,Non-incapacitating,FAILURE TO YIELD RIGHT OF WAY,DILLMAN & SOUTH OLD STATE ROAD 37 RD,39.092944,-86.544
2013,5,6,Weekend,2200,2-Car,Non-incapacitating,FAILURE TO YIELD RIGHT OF WAY,DILLMAN & OLD STATE ROAD 37 SOUTH RD,39.092944,-86.544
2013,12,6,Weekday,700,1-Car,No injury/unknown,ANIMAL/OBJECT IN ROADWAY,DILLMAN & FAIRFAX RD,39.09264,-86.51672
2013,1,3,Weekday,1700,1-Car,No injury/unknown,RAN OFF ROAD RIGHT,FAIRFAX RD & HUPP,39.09252898,-86.51706978
2013,9,3,Weekday,700,2-Car,No injury/unknown,FAILURE TO YIELD RIGHT OF WAY,E DILLMAN RD,39.09230804,-86.52320861
2013,12,6,Weekday,800,1-Car,No injury/unknown,RAN OFF ROAD RIGHT,RUSH RIDGE RD & SR446S,39.09225229,-86.42286855
2013,9,5,Weekday,800,2-Car,No injury/unknown,FOLLOWING TOO CLOSELY,ALLEN & PATTERSON ST,39.09219805,-86.54330983
2013,7,7,Weekend,2000,2-Car,No injury/unknown,FAILURE TO YIELD RIGHT OF WAY,PAYNETOWN & SR446S,39.092112,-86.422832
2013,12,1,Weekend,300,1-Car,Non-incapacitating,RAN OFF ROAD RIGHT,BURCH & SR45W,39.09171295,-86.66372607
2013,4,6,Weekday,1700,1-Car,Non-incapacitating,OVERCORRECTING/OVERSTEERING,2851 NORTH OLD SR 37 RD & CLUBHOUSE,39.09164213,-86.53674915
2013,6,4,Weekday,1600,2-Car,No injury/unknown,FAILURE TO YIELD RIGHT OF WAY,LIBERTY DR & W THIRD,39.09058909,-86.57913006
2013,11,7,Weekend,800,1-Car,No injury/unknown,ANIMAL/OBJECT IN ROADWAY,FULLERTON & SR37S,39.09052247,-86.57353973
2013,5,5,Weekday,1100,2-Car,No injury/unknown,OTHER (DRIVER) - EXPLAIN IN NARRATIVE,SR37S & VICTOR,39.0904007,-86.56349182
2013,8,4,Weekday,1300,2-Car,Non-incapacitating,FAILURE TO YIELD RIGHT OF WAY,SR45W & STANFORD,39.08993365,-86.66617511
2013,3,7,Weekend,0,1-Car,No injury/unknown,RAN OFF ROAD RIGHT,S HANDY RD,39.08984,-86.477104
2013,8,2,Weekday,1500,2-Car,No injury/unknown,UNSAFE BACKING,BURCH RD & SR45,39.08984,-86.666304
2013,8,6,Weekday,100,1-Car,No injury/unknown,ANIMAL/OBJECT IN ROADWAY,BIRCH & SR45,39.08982265,-86.66642368
2013,9,7,Weekend,1900,2-Car,No injury/unknown,WRONG WAY ON ONE WAY,PAYNETOWN RD,39.08946426,-86.42889643
2013,9,3,Weekday,1500,2-Car,No injury/unknown,FOLLOWING TOO CLOSELY,BURCH & SR45W,39.08942032,-86.66639709
2013,5,4,Weekday,1000,2-Car,No injury/unknown,FAILURE TO YIELD RIGHT OF WAY,S CENTER & W CENTER ST,39.08936855,-86.66519084
2013,2,2,Weekday,1400,2-Car,No injury/unknown,FOLLOWING TOO CLOSELY,LEONARD SPRINGS RD & STATE ROAD 45,39.0891086,-86.58259011
2013,11,3,Weekday,1800,3+ Cars,Fatal,LEFT OF CENTER,BREEDEN & SR45,39.0873344,-86.67042215
2013,12,1,Weekend,1100,1-Car,Non-incapacitating,ROADWAY SURFACE CONDITION,S BREEDEN & SR45W,39.0873344,-86.67042215
2013,9,1,Weekend,0,1-Car,No injury/unknown,RAN OFF ROAD RIGHT,BOLIN & ROCKPORT RD,39.08732335,-86.57508999
2013,8,4,Weekday,1800,1-Car,No injury/unknown,RAN OFF ROAD RIGHT,W SPARKS RD,39.08699417,-86.67037963
2013,1,5,Weekday,2100,2-Car,No injury/unknown,ROADWAY SURFACE CONDITION,BREEDEN & SR45W,39.086832,-86.671984
2013,7,3,Weekday,100,2-Car,Non-incapacitating,LEFT OF CENTER,BREEDEN & SR45W,39.08680743,-86.67480325
2013,12,7,Weekend,800,1-Car,No injury/unknown,RAN OFF ROAD RIGHT,8000 BLOCK WEST SR 45 RD & STANFORD,39.08680075,-86.67556892
2013,9,7,Weekend,1900,3+ Cars,No injury/unknown,FOLLOWING TOO CLOSELY,BREEDEN & SR45,39.08678588,-86.6772701
2013,12,7,Weekend,500,1-Car,No injury/unknown,OVERCORRECTING/OVERSTEERING,SR45W & STARKS,39.08671951,-86.66690856
2013,12,5,Weekday,1100,1-Car,Incapacitating,RAN OFF ROAD RIGHT,COUNTY LINE & SR45W,39.086689,-86.68230542
2013,1,6,Weekday,800,2-Car,No injury/unknown,DISREGARD SIGNAL/REG SIGN,OLD STATE ROAD 37 & SR37S,39.085632,-86.542304
2013,10,5,Weekday,1700,2-Car,No injury/unknown,FOLLOWING TOO CLOSELY,OLD STATE ROAD 37 & SR37S,39.085632,-86.542304
2013,8,7,Weekend,1800,2-Car,No injury/unknown,UNSAFE SPEED,SR37 & WALNUT,39.08547972,-86.54257852
2013,7,4,Weekday,700,3+ Cars,Non-incapacitating,FOLLOWING TOO CLOSELY,OLD SR37S & SR37N,39.08547972,-86.54257852
2013,12,3,Weekday,1700,3+ Cars,No injury/unknown,FOLLOWING TOO CLOSELY,S OLD STATE ROAD 37 & SR37S,39.08506103,-86.54181459
2013,4,2,Weekday,1000,2-Car,No injury/unknown,FAILURE TO YIELD RIGHT OF WAY,BLOOMFIELD & SR37N,39.08487992,-86.5715332
2013,10,3,Weekday,1800,1-Car,No injury/unknown,UNSAFE SPEED,RUSH RIDGE & SR446S,39.08472,-86.420688
2013,5,2,Weekday,2100,1-Car,No injury/unknown,ANIMAL/OBJECT IN ROADWAY,SOUTH OLD STATE ROAD 37 & SR37S,39.08426168,-86.54112943
2013,11,6,Weekday,700,1-Car,No injury/unknown,DRIVER ASLEEP OR FATIGUED,DUVALL RD,39.08322144,-86.60568237
2013,9,4,Weekday,700,2-Car,No injury/unknown,FOLLOWING TOO CLOSELY,ROGERS & SARE RD,39.08312665,-86.4965301
2013,3,3,Weekday,2000,1-Car,No injury/unknown,ANIMAL/OBJECT IN ROADWAY,FAIRFAX RD & LEISURE,39.08302925,-86.50356017
2013,7,5,Weekday,200,1-Car,No injury/unknown,ANIMAL/OBJECT IN ROADWAY,37 & SR37S,39.08029605,-86.53782338
2013,11,5,Weekday,1800,1-Car,No injury/unknown,ANIMAL/OBJECT IN ROADWAY,E FLEENER RD & E HASH,39.08008467,-86.40091001
2013,11,3,Weekday,700,1-Car,No injury/unknown,ANIMAL/OBJECT IN ROADWAY,OLD STATE ROAD 37 & SR37S,39.07988537,-86.53748218
2013,2,5,Weekday,2300,1-Car,No injury/unknown,RAN OFF ROAD RIGHT,KOONTZ RD & S HARMONY,39.07924801,-86.62969522
2013,12,7,Weekend,600,1-Car,No injury/unknown,ROADWAY SURFACE CONDITION,LODGE & ROCKPORT RD,39.07904,-86.594
2013,5,6,Weekday,1200,1-Car,No injury/unknown,RAN OFF ROAD RIGHT,LODGE & ROCKPORT RD,39.07883089,-86.59434062
2013,5,6,Weekday,1200,3+ Cars,No injury/unknown,FOLLOWING TOO CLOSELY,LEONARD SPRINGS RD & STATE ROAD 45,39.07854028,-86.58259011
2013,12,5,Weekday,1200,2-Car,Non-incapacitating,IMPROPER TURNING,CONSTITUTION & LIBERTY DR,39.07720406,-86.5768703
2013,11,2,Weekday,0,1-Car,Non-incapacitating,RAN OFF ROAD RIGHT,FLUCKMILL & VICTOR PIKE,39.07634285,-86.57097817
2013,3,1,Weekend,1500,2-Car,No injury/unknown,VIEW OBSTRUCTED,RAMP CREEK & S SHIELDS RDG,39.07623407,-86.46759869
2013,1,5,Weekday,2000,2-Car,No injury/unknown,LEFT OF CENTER,ALEXIS & FAIRFAX RD,39.07580679,-86.51703022
2013,1,4,Weekday,800,1-Car,No injury/unknown,RAN OFF ROAD RIGHT,HENNESSEY & ROCKPORT RD,39.07536678,-86.55672021
2013,11,6,Weekday,700,Bus,No injury/unknown,OTHER (DRIVER) - EXPLAIN IN NARRATIVE,ROCKPORT RD & W EVANS,39.07482334,-86.5988772
2013,10,5,Weekday,1800,1-Car,Non-incapacitating,SPEED TOO FAST FOR WEATHER CONDITIONS,CHURCH & RAMP CREEK RD,39.07399982,-86.48465739
2013,10,5,Weekday,1300,2-Car,Non-incapacitating,FAILURE TO YIELD RIGHT OF WAY,S SHIELDS RIDGE RD,39.0735928,-86.45449452
2013,8,5,Weekday,2000,1-Car,No injury/unknown,ANIMAL/OBJECT IN ROADWAY,EVANS & S ROCKPORT RD,39.07316566,-86.59987956
2013,2,7,Weekend,800,1-Car,No injury/unknown,SPEED TOO FAST FOR WEATHER CONDITIONS,ROCKPORT RD & TRAMWAY,39.07299727,-86.59276977
2013,8,4,Weekday,1700,Moped/Motorcycle,No injury/unknown,OTHER (DRIVER) - EXPLAIN IN NARRATIVE,METTATHA DRIVE DR,39.07188797,-86.4967041
2013,4,1,Weekday,1900,1-Car,No injury/unknown,ANIMAL/OBJECT IN ROADWAY,KETCHAM & SR37S,39.07170868,-86.545372
2013,5,5,Weekday,1500,2-Car,No injury/unknown,SPEED TOO FAST FOR WEATHER CONDITIONS,SR37N & VERNAL,39.07166916,-86.55998992
2013,9,3,Weekday,1900,2-Car,Non-incapacitating,FAILURE TO YIELD RIGHT OF WAY,S FAIRFAX RD & SMITHVILLE,39.071152,-86.503088
2013,5,6,Weekday,1200,2-Car,No injury/unknown,FAILURE TO YIELD RIGHT OF WAY,FAIRFAX & RAMP CREEK RD RD,39.07114112,-86.50317557
2013,1,5,Weekday,2200,2-Car,No injury/unknown,RAN OFF ROAD RIGHT,SMITHVILLE RD & ZIKES,39.07113992,-86.52535679
2013,1,5,Weekday,2200,1-Car,No injury/unknown,RAN OFF ROAD RIGHT,E SMITHVILLE RD & ZIKES,39.07113992,-86.52535679
2013,12,2,Weekday,1600,1-Car,No injury/unknown,RAN OFF ROAD RIGHT,S STRAIN RIDGE RD,39.07112,-86.507008
2013,6,4,Weekday,1400,2-Car,Non-incapacitating,FOLLOWING TOO CLOSELY,14 & SR45W,39.07110977,-86.50228881
2013,11,3,Weekday,800,2-Car,No injury/unknown,FAILURE TO YIELD RIGHT OF WAY,SITHVILLE ROAD & STRAIN RIDGE ROAD RD,39.07110974,-86.50704972
2013,3,4,Weekday,0,1-Car,No injury/unknown,SPEED TOO FAST FOR WEATHER CONDITIONS,MCCORMICK & SMITHVILLE RD,39.07109374,-86.50788183
2013,7,5,Weekday,1600,2-Car,No injury/unknown,VIEW OBSTRUCTED,SMITHVILLE & SR37S,39.0710907,-86.5088272
2013,6,3,Weekday,1800,1-Car,Non-incapacitating,UNSAFE SPEED,ROCKPORT RD,39.071088,-86.600928
2013,9,5,Weekday,700,2-Car,No injury/unknown,OTHER (DRIVER) - EXPLAIN IN NARRATIVE,HIGHWAY 37 SOUTH & SMITHVILLE RD,39.07097027,-86.53639979
2013,8,1,Weekend,1700,1-Car,Incapacitating,RAN OFF ROAD RIGHT,3555 RAMP CREEK RD & 3555 RAMPCREEK,39.07091847,-86.49124682
2013,5,2,Weekday,1600,2-Car,No injury/unknown,FOLLOWING TOO CLOSELY,SR37N & VERNAL,39.07084361,-86.56252288
2013,8,5,Weekday,1600,2-Car,No injury/unknown,FOLLOWING TOO CLOSELY,SR37N & VERNAL,39.07084361,-86.56252288
2013,6,7,Weekend,2300,1-Car,No injury/unknown,ANIMAL/OBJECT IN ROADWAY,SMITHVILLE RD & SR37,39.07081311,-86.52879767
2013,4,7,Weekend,2300,1-Car,No injury/unknown,RAN OFF ROAD RIGHT,E SMITHVILLE RD & S BAKERSFIELD,39.07062024,-86.51879037
2013,9,3,Weekday,700,1-Car,No injury/unknown,ANIMAL/OBJECT IN ROADWAY,FULLERTON & SR37S,39.06939647,-86.57353973
2013,5,3,Weekday,1300,2-Car,No injury/unknown,FOLLOWING TOO CLOSELY,14 & SR45W,39.06906128,-86.48796844
2013,11,7,Weekend,300,1-Car,No injury/unknown,OTHER (DRIVER) - EXPLAIN IN NARRATIVE,SOUTH OLD STATE ROAD 37 HWY & WEST GORDON,39.06859794,-86.53134887
2013,6,7,Weekend,1600,3+ Cars,No injury/unknown,ROADWAY SURFACE CONDITION,BERNICE & FAIRFAX RD,39.06838655,-86.50315137
2013,12,4,Weekday,800,1-Car,No injury/unknown,ANIMAL/OBJECT IN ROADWAY,SMITHVILLE ROAD & SR37S,39.06830953,-86.5356351
2013,3,4,Weekday,1200,1-Car,No injury/unknown,RAN OFF ROAD RIGHT,MOFFETT & SOUTH FAIRFAX RD,39.06823903,-86.5178503
2013,3,2,Weekday,0,2-Car,No injury/unknown,FOLLOWING TOO CLOSELY,SR446S,39.06389125,-86.41435861
2013,12,6,Weekend,2000,1-Car,No injury/unknown,RAN OFF ROAD RIGHT,CAROWINDS & S FAIRFAX RD,39.06104,-86.498448
2013,1,1,Weekend,500,1-Car,Non-incapacitating,RAN OFF ROAD RIGHT,E SECOND SANDERS & FAIRFAX RD,39.06099576,-86.51577025
2013,1,2,Weekday,2100,1-Car,No injury/unknown,ANIMAL/OBJECT IN ROADWAY,FAIRFAX RD & WILL SOWDERS,39.06000003,-86.49855986
2013,9,6,Weekend,1900,1-Car,Non-incapacitating,OVERCORRECTING/OVERSTEERING,SR37S & W THIRD,39.05885595,-86.53363037
2013,12,4,Weekday,700,1-Car,No injury/unknown,ANIMAL/OBJECT IN ROADWAY,FAIRFAX & SCOTT LN,39.05699907,-86.50107305
2013,5,5,Weekday,2100,1-Car,Non-incapacitating,DRIVER ILLNESS,SR37S & ZIKES,39.05688858,-86.52629089
2013,10,3,Weekday,1800,1-Car,No injury/unknown,ANIMAL/OBJECT IN ROADWAY,SR37S & ZIKES,39.05688858,-86.52629089
2013,3,3,Weekday,700,1-Car,Non-incapacitating,ROADWAY SURFACE CONDITION,SCOTT & SOUTH FAIRFAX RD,39.05687995,-86.49855986
2013,11,6,Weekday,1800,1-Car,No injury/unknown,ANIMAL/OBJECT IN ROADWAY,S ZIKES & SR37S,39.05670665,-86.53578801
2013,2,3,Weekday,600,1-Car,No injury/unknown,ROADWAY SURFACE CONDITION,5185 S FAIR FAX RD & WALNUT STREET,39.05645151,-86.52317
2013,10,7,Weekend,2200,1-Car,No injury/unknown,DRIVER ASLEEP OR FATIGUED,HARMONEY & SR45W,39.05585861,-86.61649116
2013,2,3,Weekday,2100,2-Car,No injury/unknown,LEFT OF CENTER,DELSVILLE & S OLD STATE ROAD 37 RD,39.05559242,-86.54152013
2013,10,4,Weekday,200,1-Car,No injury/unknown,RAN OFF ROAD RIGHT,BURGOON CHURCH & SR446S,39.05301072,-86.4077687
2013,5,5,Weekday,1000,1-Car,No injury/unknown,OTHER (VEHICLE) - EXPLAIN IN NARRATIVE,SR37S & ZIKES,39.05247711,-86.53584657
2013,8,7,Weekend,1600,Moped/Motorcycle,Incapacitating,IMPROPER PASSING,ALLENS CREEK & SR446S,39.05043758,-86.4416809
2013,11,1,Weekday,2300,1-Car,No injury/unknown,RAN OFF ROAD RIGHT,HARMONY RD,39.05023076,-86.60987824
2013,9,5,Weekday,900,1-Car,No injury/unknown,RAN OFF ROAD RIGHT,ANNE & S STRAIN RIDGE RD,39.04934026,-86.51104018
2013,8,4,Weekday,1700,1-Car,No injury/unknown,RAN OFF ROAD RIGHT,SOUTH OLD STATE ROAD 37 HWY,39.04816922,-86.54104841
2013,1,4,Weekday,400,1-Car,No injury/unknown,OVERCORRECTING/OVERSTEERING,ROCKPORT RD & WEST TARKINGTON,39.04703093,-86.61373721
2013,5,5,Weekday,700,2-Car,No injury/unknown,FOLLOWING TOO CLOSELY,3000 S WALNUT ST & W PINEWOOD,39.04613478,-86.532761
2013,10,7,Weekend,1800,2-Car,No injury/unknown,UNSAFE BACKING,ZIKES RD,39.0445552,-86.53508484
2013,6,3,Weekday,600,1-Car,No injury/unknown,RAN OFF ROAD RIGHT,HAYS & SR446S,39.04413864,-86.40735036
2013,9,6,Weekday,1700,1-Car,No injury/unknown,OTHER (DRIVER) - EXPLAIN IN NARRATIVE,CLEVE BUTCHER & FAIRFAX RD,39.04410097,-86.49121824
2013,10,7,Weekend,1200,2-Car,No injury/unknown,RAN OFF ROAD RIGHT,SMITHVILLE & STRAIN RIDGE RD,39.03946214,-86.50704972
2013,7,6,Weekend,2100,1-Car,No injury/unknown,ANIMAL/OBJECT IN ROADWAY,SR37 & ZIKES,39.03901302,-86.53613964
2013,12,2,Weekday,700,1-Car,No injury/unknown,ROADWAY SURFACE CONDITION,HARRODSBURG & SR37S,39.03740272,-86.54125976
2013,8,7,Weekend,1100,2-Car,Non-incapacitating,OTHER (DRIVER) - EXPLAIN IN NARRATIVE,EAST POINTE & STRAIN RIDGE RD,39.03492004,-86.51688002
2013,8,7,Weekend,1600,1-Car,No injury/unknown,OVERCORRECTING/OVERSTEERING,ALLENS CREEK & SR446N,39.03483594,-86.40770344
2013,8,7,Weekend,1800,1-Car,No injury/unknown,RAN OFF ROAD RIGHT,6400 E ALLENS CREEK RD & SR446,39.03448575,-86.40914126
2013,7,6,Weekend,1900,2-Car,No injury/unknown,UNSAFE BACKING,S FAIRFAX RD,39.03407288,-86.4906311
2013,12,5,Weekday,1100,1-Car,No injury/unknown,OTHER (VEHICLE) - EXPLAIN IN NARRATIVE,SOUTH POINTE RIDGE LANE RD,39.03360748,-86.50956726
2013,8,7,Weekend,0,1-Car,No injury/unknown,OTHER (DRIVER) - EXPLAIN IN NARRATIVE,POINTE CLUB DR & POINTE RETREAT,39.03340995,-86.51234976
2013,8,7,Weekend,900,1-Car,Non-incapacitating,OTHER (VEHICLE) - EXPLAIN IN NARRATIVE,FAIRFAX RD,39.03233573,-86.49001568
2013,3,4,Weekday,500,1-Car,No injury/unknown,ANIMAL/OBJECT IN ROADWAY,OLD STATE ROAD 37 HWY & ROGERS,39.03227831,-86.54097028
2013,5,7,Weekend,2200,1-Car,No injury/unknown,RAN OFF ROAD RIGHT,S CHAPEL HILL & SR446S,39.03107759,-86.40754521
2013,7,4,Weekday,700,2-Car,Non-incapacitating,FOLLOWING TOO CLOSELY,SR37S & TAPP,39.03092026,-86.5544281
2013,7,5,Weekday,700,1-Car,No injury/unknown,RAN OFF ROAD RIGHT,SNOW RD,39.030752,-86.660672
2013,4,1,Weekend,0,1-Car,Non-incapacitating,RAN OFF ROAD RIGHT,MONROE LAKE & SR37,39.03041108,-86.53417413
2013,2,4,Weekday,800,2-Car,No injury/unknown,FOLLOWING TOO CLOSELY,WALNUT ST & WINSLOW,39.03030313,-86.5311098
2013,8,6,Weekday,500,1-Car,No injury/unknown,RAN OFF ROAD RIGHT,S CHAPEL HILL & SR446S,39.02973795,-86.40788777
2013,6,7,Weekend,1200,2-Car,No injury/unknown,UNSAFE BACKING,FAIRFAX RD,39.02936116,-86.48948259
2013,8,4,Weekday,1100,1-Car,Non-incapacitating,RAN OFF ROAD RIGHT,E MORNING GLEN & S STRAIN RIDGE RD,39.02846163,-86.52142892
2013,5,7,Weekend,2100,2-Car,No injury/unknown,IMPROPER TURNING,S BAY POINTE CT,39.028032,-86.504368
2013,11,1,Weekend,400,1-Car,Incapacitating,RAN OFF ROAD RIGHT,8768 SOUTH OLD STATE ROAD 37 RD & GORE,39.02641863,-86.5405941
2013,6,3,Weekday,1800,2-Car,No injury/unknown,FOLLOWING TOO CLOSELY,MONROE DAM & SR37S,39.02545469,-86.53487473
2013,3,4,Weekday,1900,1-Car,No injury/unknown,ANIMAL/OBJECT IN ROADWAY,MONROE LAKE & SR37,39.02276509,-86.53554222
2013,9,3,Weekday,1800,Moped/Motorcycle,Non-incapacitating,OTHER (VEHICLE) - EXPLAIN IN NARRATIVE,MONROE DAM RD & SR37S,39.02048111,-86.53836059
2013,7,1,Weekend,200,1-Car,Non-incapacitating,RAN OFF ROAD RIGHT,MONROE DAM & SR37S,39.02032157,-86.5360806
2013,12,6,Weekday,1500,2-Car,No injury/unknown,RAN OFF ROAD RIGHT,MONROE DAM RD RD & SR37,39.020048,-86.536096
2013,11,6,Weekday,1300,2-Car,No injury/unknown,INSECURE/LEAKY LOAD,SR37S & WALNUT,39.01907975,-86.53352355
2013,11,2,Weekday,500,1-Car,No injury/unknown,ANIMAL/OBJECT IN ROADWAY,MONROE DAM & SR37N,39.01897096,-86.53637182
2013,7,7,Weekend,1400,2-Car,Incapacitating,DISREGARD SIGNAL/REG SIGN,MONROE DAM RD & STRAIN RIDGE,39.018656,-86.522896
2013,10,3,Weekday,800,2-Car,No injury/unknown,OVERCORRECTING/OVERSTEERING,MONROE DAM RD & S STRAIN RIDGE,39.018656,-86.522896
2013,5,6,Weekday,1100,2-Car,No injury/unknown,FAILURE TO YIELD RIGHT OF WAY,MONROE DAM RD & STRAIN RIDGE,39.01851408,-86.52289505
2013,7,2,Weekday,1100,1-Car,No injury/unknown,TIRE FAILURE OR DEFECTIVE,E MONRE DAM & SR37S,39.01773876,-86.53701591
2013,8,4,Weekday,700,2-Car,Non-incapacitating,FAILURE TO YIELD RIGHT OF WAY,ROCKPORT & SR37N,39.01723862,-86.59308624
2013,2,7,Weekend,100,1-Car,No injury/unknown,ANIMAL/OBJECT IN ROADWAY,SR37N & WINERY,39.01717383,-86.52164459
2013,9,5,Weekday,400,1-Car,No injury/unknown,ANIMAL/OBJECT IN ROADWAY,KETCHAM & THRASHER RD,39.01625606,-86.56601675
2013,9,6,Weekday,1800,2-Car,No injury/unknown,UNSAFE BACKING,S OLD 37 HWY,39.01391602,-86.5409851
2013,6,7,Weekend,2000,1-Car,No injury/unknown,UNSAFE SPEED,4TH & HARRODSBURG RD,39.013456,-86.544992
2013,10,7,Weekend,2000,1-Car,No injury/unknown,RAN OFF ROAD RIGHT,DEPOT HILL & MONROE DAM RD,39.01330009,-86.52369901
2013,9,4,Weekday,1800,1-Car,No injury/unknown,RAN OFF ROAD RIGHT,S HARRODSBURG RD & W POPCORN,39.012048,-86.545088
2013,7,7,Weekend,800,1-Car,Non-incapacitating,DRIVER DISTRACTED - EXPLAIN IN NARRATIVE,POPCORN RD & ROCKPORT,39.01173157,-86.56189639
2013,6,4,Weekday,800,2-Car,No injury/unknown,FOLLOWING TOO CLOSELY,BOTTOM & SR37N,39.01128581,-86.55792236
2013,12,6,Weekday,1200,2-Car,Non-incapacitating,FOLLOWING TOO CLOSELY,HARRODSBURG & SR37S,39.01107025,-86.54125976
2013,10,6,Weekday,1700,1-Car,No injury/unknown,,S CHAPEL HILL RD & S ROBERTS,39.01029983,-86.42812771
2013,4,1,Weekend,1800,1-Car,No injury/unknown,OVERSIZE/OVERWEIGHT LOAD,6464 HARDIN RIDGE RD & HARDIN RIDGE CAMPGROUND,39.00998595,-86.42831135
2013,12,2,Weekday,1600,1-Car,No injury/unknown,SPEED TOO FAST FOR WEATHER CONDITIONS,E MONROE DAM RD & S VALLEY MISSION,39.009344,-86.510096
2013,1,1,Weekend,1600,2-Car,No injury/unknown,FAILURE TO YIELD RIGHT OF WAY,MONROE DAM RD & TAILWATER,39.00892004,-86.51796028
2013,8,7,Weekend,1500,2-Car,No injury/unknown,ANIMAL/OBJECT IN ROADWAY,KETCHAM & POPCORN RD,39.0086723,-86.56489689
2013,7,7,Weekend,1300,1-Car,No injury/unknown,UNSAFE SPEED,MONROE DAM RD & VALLEY MISSION,39.00721915,-86.51232665
2013,3,7,Weekend,500,1-Car,No injury/unknown,ANIMAL/OBJECT IN ROADWAY,SR37S & W INGRAM,38.99888231,-86.53733007
2013,4,2,Weekday,1900,Moped/Motorcycle,Non-incapacitating,RAN OFF ROAD RIGHT,INGRAM & OLD SR 37 HWY,38.99686905,-86.54585944
2013,8,4,Weekday,700,2-Car,No injury/unknown,FOLLOWING TOO CLOSELY,INGRAM & SR37,38.99686839,-86.54585944
2013,12,4,Weekday,400,1-Car,Non-incapacitating,ANIMAL/OBJECT IN ROADWAY,INGRAM & SR37N,38.99283996,-86.53725785
2013,2,5,Weekday,2000,1-Car,No injury/unknown,OTHER (ENVIRONMENTAL) - EXPLAIN IN NARR,INGRAM & SR37S,38.99229065,-86.53725128
2013,9,1,Weekend,1300,2-Car,No injury/unknown,UNSAFE LANE MOVEMENT,S OLD SR 37 HWY,38.992032,-86.548272
2013,7,3,Weekday,700,2-Car,No injury/unknown,FAILURE TO YIELD RIGHT OF WAY,INGRAM & SR37S,38.992016,-86.537248
2013,10,7,Weekend,700,1-Car,Non-incapacitating,RAN OFF ROAD RIGHT,E GUTHRIE RD & KINSER CEMETERY,38.99152928,-86.47079274
2013,9,5,Weekday,2100,2-Car,No injury/unknown,ANIMAL/OBJECT IN ROADWAY,MONROE DAM & SR37S,38.98887452,-86.53836059
2013,9,1,Weekend,0,1-Car,No injury/unknown,SPEED TOO FAST FOR WEATHER CONDITIONS,ALLENS CREEK & SR446S,38.97667209,-86.4416809
2013,2,6,Weekday,1000,2-Car,No injury/unknown,LEFT OF CENTER,IDA & ROCKPORT RD,38.9509972,-86.57448984
2013,7,1,Weekend,1500,Moped/Motorcycle,Incapacitating,UNSAFE SPEED,ALLENS CREEK & SR446S,38.92398245,-86.4416809
2013,8,7,Weekend,0,2-Car,No injury/unknown,FAILURE TO YIELD RIGHT OF WAY,3RD & S LIBERTY DR,38.92308989,-86.57913006
2013,11,2,Weekday,2000,1-Car,No injury/unknown,RAN OFF ROAD RIGHT,E DEPOT HILL & E MONROE DAM RD,38.91144027,-86.52362979
2013,5,4,Weekday,1400,Moped/Motorcycle,Non-incapacitating,RAN OFF ROAD RIGHT,PEDIGO BAY & VALLEY MISSION RD,38.89825893,-86.50123179
2013,12,3,Weekday,700,1-Car,No injury/unknown,RAN OFF ROAD RIGHT,BELTHEL & HINKLE RD,38.89519639,-86.50541022