Year,Month,Day,Weekend?,Hour,Collision Type,Injury Type,Primary Factor,Reported_Location,Latitude,Longitude
2013,11,3,Weekday,1800,1-Car,No injury/unknown,ANIMAL/OBJECT IN ROADWAY,CLEVE BUTCHER & FAIRFAX RD,38.88769431,-86.49055011
2013,5,7,Weekend,1100,2-Car,Incapacitating,LEFT OF CENTER,BREEDEN RD & SR45W,38.87571127,-86.67202971
2013,12,5,Weekday,1800,1-Car,No injury/unknown,SPEED TOO FAST FOR WEATHER CONDITIONS,MONROE DAM & VALLEY MISSION RD,38.85124447,-86.51009899
2013,6,1,Weekend,1600,1-Car,No injury/unknown,OBSTRUCTION NOT MARKED,CRUM & MT ZION RD,38.83581811,-86.63793012
2013,6,4,Weekday,600,1-Car,No injury/unknown,RAN OFF ROAD RIGHT,OLD RICHARDSON & SR446S,38.79539251,-86.43133871
2013,7,4,Weekday,600,2-Car,Non-incapacitating,LEFT OF CENTER,ROCKEAST & ROCKPORT RD,38.60467516,-86.61335974
2013,3,3,Weekday,1000,1-Car,No injury/unknown,SPEED TOO FAST FOR WEATHER CONDITIONS,POPCORN & SPRINGVILLE RD,38.57817164,-86.59165231
2013,1,7,Weekend,1800,1-Car,Non-incapacitating,OTHER (ENVIRONMENTAL) - EXPLAIN IN NARR,MAY & ROCKPORT RD,38.21724831,-86.58670999
2013,8,5,Weekday,1000,2-Car,Non-incapacitating,FAILURE TO YIELD RIGHT OF WAY,LEONARD SPRINGS RD & MAYBERRY,9.133738701,-86.58265114
2013,1,5,Weekday,2000,Pedestrian,Non-incapacitating,SPEED TOO FAST FOR WEATHER CONDITIONS,COVENANTER DR & STRATUM,1.0,1.0
2013,4,1,Weekend,1700,1-Car,Non-incapacitating,ANIMAL/OBJECT IN ROADWAY,BEAN BLOSSOM RD & CR4000N,1.0,1.0
2013,10,6,Weekday,1400,Moped/Motorcycle,Incapacitating,OTHER (DRIVER) - EXPLAIN IN NARRATIVE,KYLIE & S HARRELL RD,1.0,1.0
2013,10,6,Weekday,1300,1-Car,Non-incapacitating,ANIMAL/OBJECT IN ROADWAY,SHRINER & SR37S,1.0,1.0
2013,1,5,Weekday,2100,2-Car,No injury/unknown,ROADWAY SURFACE CONDITION,11TH & FEE LN,0.0,0.0
2013,2,6,Weekday,900,2-Car,No injury/unknown,FAILURE TO YIELD RIGHT OF WAY,EASTLAND PLAZA ENTRANCE & S COLLEGE MALL RD,0.0,0.0
2013,2,6,Weekday,900,2-Car,No injury/unknown,SPEED TOO FAST FOR WEATHER CONDITIONS,FULLERTON PIKE & SR37S,0.0,0.0
2013,1,5,Weekday,2200,2-Car,No injury/unknown,ROADWAY SURFACE CONDITION,ROCKPORT RD & STANIFER,0.0,0.0
2013,1,3,Weekday,1200,2-Car,No injury/unknown,UNSAFE BACKING,S CLARIZZ BLVD,0.0,0.0
2013,1,3,Weekday,200,1-Car,No injury/unknown,RAN OFF ROAD RIGHT,WEST POINTE & WOODHILL DR,0.0,0.0
2013,1,3,Weekday,1100,1-Car,No injury/unknown,RAN OFF ROAD RIGHT,DERRETT & NORTH SHORE DR,0.0,0.0
2013,1,4,Weekday,1100,2-Car,No injury/unknown,DRIVER DISTRACTED - EXPLAIN IN NARRATIVE,ARLINGTON ROAD RD & SHELBURNE DRIVE,0.0,0.0
2013,1,5,Weekday,600,2-Car,No injury/unknown,OTHER (DRIVER) - EXPLAIN IN NARRATIVE,WEST 2ND ST,0.0,0.0
2013,1,5,Weekday,700,2-Car,No injury/unknown,OTHER (DRIVER) - EXPLAIN IN NARRATIVE,E MILLER DR,0.0,0.0
2013,1,5,Weekday,1200,2-Car,No injury/unknown,UNSAFE BACKING,S HIGHLAND AVE,0.0,0.0
2013,1,7,Weekend,1900,Bus,No injury/unknown,IMPROPER LANE USAGE,BALFOUR & N JORDAN AVE,0.0,0.0
2013,1,2,Weekday,1300,2-Car,No injury/unknown,IMPROPER LANE USAGE,17TH & MEMORIAL STADIUM DR,0.0,0.0
2013,1,4,Weekday,1500,2-Car,No injury/unknown,,13TH & SUMMIT ST,0.0,0.0
2013,1,7,Weekend,1500,Cyclist,No injury/unknown,FAILURE TO YIELD RIGHT OF WAY,OUTBACK DR & SR46W,0.0,0.0
2013,1,4,Weekday,1600,2-Car,No injury/unknown,FOLLOWING TOO CLOSELY,BLOOMFIELD & RAMP 14 SB SR 37 RAMP,0.0,0.0
2013,1,3,Weekday,2200,2-Car,No injury/unknown,OTHER (DRIVER) - EXPLAIN IN NARRATIVE,10TH ST,0.0,0.0
2013,1,3,Weekday,1300,2-Car,No injury/unknown,FAILURE TO YIELD RIGHT OF WAY,MORTON & UNMARKED ALY,0.0,0.0
2013,1,5,Weekday,1500,2-Car,No injury/unknown,FOLLOWING TOO CLOSELY,NB STATE ROAD 37 OFF RAMP & SR45W,0.0,0.0
2013,1,7,Weekend,1400,2-Car,No injury/unknown,FOLLOWING TOO CLOSELY,NORTH DR TO COLLEGE MALL & S COLLEGE MALL RD,0.0,0.0
2013,1,7,Weekend,2100,1-Car,No injury/unknown,RAN OFF ROAD RIGHT,CUTRIGHT RD,0.0,0.0
2013,1,2,Weekday,1700,2-Car,No injury/unknown,FOLLOWING TOO CLOSELY,FORREST VIEW & N SMITH PIKE,0.0,0.0
2013,1,5,Weekday,2000,2-Car,No injury/unknown,ROADWAY SURFACE CONDITION,DUNN ST & INDIANA,0.0,0.0
2013,2,4,Weekday,1900,2-Car,No injury/unknown,FAILURE TO YIELD RIGHT OF WAY,ALLEY 100 BLK N WALNUT ST & ALLEY 100 BLOCK E KIRKWOOD ALY,0.0,0.0
2013,2,6,Weekday,800,1-Car,No injury/unknown,OTHER (DRIVER) - EXPLAIN IN NARRATIVE,JORDAN & MUSICAL ARTS CENTER DR,0.0,0.0
2013,2,7,Weekend,900,2-Car,No injury/unknown,FOLLOWING TOO CLOSELY,TENTH ST & TULIP TREE,0.0,0.0
2013,2,2,Weekday,800,2-Car,No injury/unknown,FOLLOWING TOO CLOSELY,SR37S,0.0,0.0
2013,1,6,Weekday,500,2-Car,No injury/unknown,UNSAFE BACKING,EAST TO WEST ALY & PARK,0.0,0.0
2013,2,3,Weekday,2100,1-Car,No injury/unknown,RAN OFF ROAD RIGHT,E TULIP TREE & N LOW GAP RD,0.0,0.0
2013,2,6,Weekday,200,2-Car,No injury/unknown,FAILURE TO YIELD RIGHT OF WAY,E 1OTH ST & N LINCOLN,0.0,0.0
2013,4,4,Weekday,1100,1-Car,No injury/unknown,ANIMAL/OBJECT IN ROADWAY,1400 E MAXWELL ST & JORDON,0.0,0.0
2013,2,5,Weekday,900,2-Car,No injury/unknown,FAILURE TO YIELD RIGHT OF WAY,SR45E & VIKINGRIDGE,0.0,0.0
2013,2,4,Weekday,1600,2-Car,No injury/unknown,FOLLOWING TOO CLOSELY,BLOOMFIELD RD & SOUTH BOUND STATE ROAD 37,0.0,0.0
2013,1,5,Weekday,1700,2-Car,No injury/unknown,LEFT OF CENTER,FOGGY MORNING & MONROE DAM RD,0.0,0.0
2013,3,7,Weekend,1800,1-Car,No injury/unknown,RAN OFF ROAD RIGHT,CAMPGROUND & STIPP RD,0.0,0.0
2013,3,7,Weekend,300,2-Car,No injury/unknown,UNSAFE BACKING,RILEY DR,0.0,0.0
2013,3,3,Weekday,1700,1-Car,No injury/unknown,SPEED TOO FAST FOR WEATHER CONDITIONS,INDIANA & NORTH DUNN ST,0.0,0.0
2013,3,4,Weekday,200,3+ Cars,No injury/unknown,SPEED TOO FAST FOR WEATHER CONDITIONS,WEST RILEY  APT I6 DR,0.0,0.0
2013,3,4,Weekday,800,2-Car,No injury/unknown,OTHER (ENVIRONMENTAL) - EXPLAIN IN NARR,10TH ST & ST ROAD 45 46,0.0,0.0
2013,3,4,Weekday,700,1-Car,No injury/unknown,SPEED TOO FAST FOR WEATHER CONDITIONS,37 STATE & COLLEGE AVE,0.0,0.0
2013,3,3,Weekday,1200,2-Car,No injury/unknown,FAILURE TO YIELD RIGHT OF WAY,CAPITAL & SR46W,0.0,0.0
2013,3,3,Weekday,1800,2-Car,No injury/unknown,FOLLOWING TOO CLOSELY,NB SR 37 RAMP 11 RAMP & WEST 3RD,0.0,0.0
2013,3,4,Weekday,1000,2-Car,No injury/unknown,UNSAFE BACKING,HANDY RIDGE RD & RAMP CREEK,0.0,0.0
2013,3,1,Weekend,1700,2-Car,No injury/unknown,UNSAFE BACKING,W RILEY DR,0.0,0.0
2013,4,2,Weekday,1500,2-Car,No injury/unknown,FOLLOWING TOO CLOSELY,RAMP 11 & W 3RD ST,0.0,0.0
2013,4,2,Weekday,1400,2-Car,No injury/unknown,FAILURE TO YIELD RIGHT OF WAY,BLOOMFIELD & LIBERTY DR,0.0,0.0
2013,4,5,Weekday,1700,2-Car,No injury/unknown,FAILURE TO YIELD RIGHT OF WAY,BLOOMFIELD & LIBERTY DR,0.0,0.0
2013,4,6,Weekend,1900,2-Car,No injury/unknown,UNSAFE LANE MOVEMENT,45 46 BYP & EASTGATE,0.0,0.0
2013,4,6,Weekend,2000,2-Car,No injury/unknown,UNSAFE LANE MOVEMENT,SR37N,0.0,0.0
2013,4,5,Weekday,1200,1-Car,No injury/unknown,RAN OFF ROAD RIGHT,SR37S,0.0,0.0
2013,5,6,Weekday,900,2-Car,No injury/unknown,FAILURE TO YIELD RIGHT OF WAY,ALLEY & N DUNN ST,0.0,0.0
2013,5,4,Weekday,1400,1-Car,No injury/unknown,RAN OFF ROAD RIGHT,BOWLEN LANE & ROCKPORT ROAD RD,0.0,0.0
2013,6,5,Weekday,1000,1-Car,No injury/unknown,IMPROPER LANE USAGE,JORDAN & MUSICAL ARTS CENTER CIR,0.0,0.0
2013,6,1,Weekday,2000,2-Car,No injury/unknown,FAILURE TO YIELD RIGHT OF WAY,3000 WEST3RD ST & ON RAMP ST RD 37 SOUTH BOUND,0.0,0.0
2013,4,6,Weekday,1300,2-Car,No injury/unknown,FAILURE TO YIELD RIGHT OF WAY,HOBART & S OLD SR37 HWY,0.0,0.0
2013,4,1,Weekday,2100,2-Car,No injury/unknown,DRIVER DISTRACTED - EXPLAIN IN NARRATIVE,SR46W & UNIONVALLEY,0.0,0.0
2013,4,7,Weekend,1900,2-Car,No injury/unknown,UNSAFE BACKING,FISHER & JORDAN AVE,0.0,0.0
2013,4,5,Weekday,1200,2-Car,No injury/unknown,UNSAFE BACKING,S OLD SR37 HWY,0.0,0.0
2013,4,6,Weekend,2000,2-Car,No injury/unknown,BRAKE FAILURE OR DEFECTIVE,ENTRENCE OF 600 SOUTH LIBERTY & LIBERTY DR,0.0,0.0
2013,1,5,Weekday,1800,2-Car,No injury/unknown,ROADWAY SURFACE CONDITION,COLLEGE AVE & SR37N,0.0,0.0
2013,5,5,Weekday,700,2-Car,No injury/unknown,OTHER (DRIVER) - EXPLAIN IN NARRATIVE,W7TH ST,0.0,0.0
2013,5,6,Weekday,1600,2-Car,No injury/unknown,DISREGARD SIGNAL/REG SIGN,3RD ST & SR37S,0.0,0.0
2013,5,7,Weekend,1900,2-Car,No injury/unknown,BRAKE FAILURE OR DEFECTIVE,3RD ST & RAMP 12,0.0,0.0
2013,5,1,Weekend,1400,2-Car,No injury/unknown,OTHER (DRIVER) - EXPLAIN IN NARRATIVE,HILLSIDE & ROCK CREEK DR,0.0,0.0
2013,5,2,Weekday,200,1-Car,No injury/unknown,RAN OFF ROAD RIGHT,LOSTMANS LN & TRUESDALE,0.0,0.0
2013,5,4,Weekday,1400,1-Car,No injury/unknown,RAN OFF ROAD RIGHT,SR37S,0.0,0.0
2013,5,5,Weekday,0,3+ Cars,No injury/unknown,FAILURE TO YIELD RIGHT OF WAY,BLOOMFIELD RD & LIBERTY,0.0,0.0
2013,5,3,Weekday,1000,2-Car,No injury/unknown,UNSAFE BACKING,OMAHA CROSSING RD & RED ROCK,0.0,0.0
2013,5,5,Weekday,1400,1-Car,No injury/unknown,UNSAFE SPEED,SR37N & STONE MILL RD,0.0,0.0
2013,5,2,Weekday,1500,2-Car,No injury/unknown,FAILURE TO YIELD RIGHT OF WAY,DILLMAN RD & OLD SR37S,0.0,0.0
2013,5,5,Weekday,900,2-Car,No injury/unknown,IMPROPER PASSING,COTA & TAPP RD,0.0,0.0
2013,5,4,Weekday,1100,2-Car,No injury/unknown,UNSAFE BACKING,S CURRY PIKE & W SR 48,0.0,0.0
2013,6,7,Weekend,1600,2-Car,No injury/unknown,OTHER (VEHICLE) - EXPLAIN IN NARRATIVE,EAST STRATIUM WAY,0.0,0.0
2013,6,2,Weekday,1200,2-Car,No injury/unknown,UNSAFE LANE MOVEMENT,BLOOMFIELD & LIBERTY DR,0.0,0.0
2013,8,4,Weekday,700,2-Car,No injury/unknown,OTHER (DRIVER) - EXPLAIN IN NARRATIVE,SR46W & THIRD,0.0,0.0
2013,8,4,Weekday,1200,2-Car,No injury/unknown,FAILURE TO YIELD RIGHT OF WAY,E BUICK CADILLAC & NORTH SOUTH ALY,0.0,0.0
2013,8,2,Weekday,1400,2-Car,No injury/unknown,FAILURE TO YIELD RIGHT OF WAY,SR46E & THIRD,0.0,0.0
2013,6,7,Weekend,1100,2-Car,No injury/unknown,FOLLOWING TOO CLOSELY,SR37S,0.0,0.0
2013,7,6,Weekday,1200,2-Car,No injury/unknown,,E MCCRACKEN WAY,0.0,0.0
2013,7,6,Weekend,1900,2-Car,No injury/unknown,OTHER (DRIVER) - EXPLAIN IN NARRATIVE,N NORWAY & S SMITH PIKE,0.0,0.0
2013,7,2,Weekday,1000,1-Car,No injury/unknown,UNSAFE SPEED,2ND & BASSWOOD DR,0.0,0.0
2013,7,6,Weekday,1300,1-Car,No injury/unknown,RAN OFF ROAD RIGHT,KETCHUM ROUND ABOUT & SMITHVILLE RD,0.0,0.0
2013,7,6,Weekday,800,1-Car,No injury/unknown,UNSAFE BACKING,FOREST EAST PARKING DR & UNIVERSITY APTS E,0.0,0.0
2013,6,4,Weekday,0,2-Car,No injury/unknown,,,0.0,0.0
2013,7,6,Weekday,1100,2-Car,No injury/unknown,FAILURE TO YIELD RIGHT OF WAY,3400 W STATE 45 RD & WALMART,0.0,0.0
2013,7,7,Weekend,800,1-Car,No injury/unknown,TIRE FAILURE OR DEFECTIVE,CURRY & UNKNOWN RD,0.0,0.0
2013,7,2,Weekday,800,2-Car,No injury/unknown,UNSAFE BACKING,READ N CIRCLE & WRIGHT EDUCATION NW SERVICE DR,0.0,0.0
2013,7,5,Weekday,1700,1-Car,No injury/unknown,RAN OFF ROAD RIGHT,FULLERTON PIKE & SOUTH MONROE MEDICAL,0.0,0.0
2013,7,7,Weekend,300,1-Car,No injury/unknown,ROADWAY SURFACE CONDITION,4303 S SR446 HWY & PINE GOVE,0.0,0.0
2013,8,6,Weekday,700,1-Car,No injury/unknown,RAN OFF ROAD RIGHT,BLK E KNOLLWOOD CIR,0.0,0.0
2013,8,7,Weekend,1800,2-Car,No injury/unknown,FAILURE TO YIELD RIGHT OF WAY,10TH ST & TULIP TREE,0.0,0.0
2013,8,6,Weekday,900,2-Car,No injury/unknown,UNSAFE BACKING,JORDAN & WRIGHT QUAD CIRCLE DR,0.0,0.0
2013,8,6,Weekday,1500,Bus,No injury/unknown,IMPROPER TURNING,17TH ST & GATE 2,0.0,0.0
2013,8,7,Weekend,500,1-Car,No injury/unknown,RAN OFF ROAD RIGHT,HEDRICK & RED HILL RD,0.0,0.0
2013,9,1,Weekday,2000,1-Car,No injury/unknown,ANIMAL/OBJECT IN ROADWAY,LAMPKINS & SR446S,0.0,0.0
2013,9,3,Weekday,900,1-Car,No injury/unknown,OTHER (DRIVER) - EXPLAIN IN NARRATIVE,900 E 7TH STREET (SOUTH DRIVE) AVE & KIRKWOOD,0.0,0.0
2013,9,3,Weekday,1500,2-Car,No injury/unknown,FOLLOWING TOO CLOSELY,SR45W,0.0,0.0
2013,9,6,Weekday,1400,1-Car,No injury/unknown,SPEED TOO FAST FOR WEATHER CONDITIONS,SR 37 ENTERANCE & WHITEHALL CROSSING BLVD,0.0,0.0
2013,9,6,Weekday,1700,2-Car,No injury/unknown,FAILURE TO YIELD RIGHT OF WAY,BLOOMFIELD & LIBERTY DR,0.0,0.0
2013,9,2,Weekday,800,Bus,No injury/unknown,OTHER (ENVIRONMENTAL) - EXPLAIN IN NARR,EDGEWOOD & POPLAR DR,0.0,0.0
2013,9,2,Weekday,1800,2-Car,No injury/unknown,FAILURE TO YIELD RIGHT OF WAY,E GRANT & S LINCOLN ST,0.0,0.0
2013,9,6,Weekday,1700,2-Car,No injury/unknown,OTHER (DRIVER) - EXPLAIN IN NARRATIVE,FORRESTPARK & SMITH PIKE,0.0,0.0
2013,9,4,Weekday,1300,2-Car,No injury/unknown,FAILURE TO YIELD RIGHT OF WAY,W GRIFFITH & W WOODYARD RD,0.0,0.0
2013,9,6,Weekday,1300,2-Car,No injury/unknown,DISREGARD SIGNAL/REG SIGN,ENTRANCE TO WHITE CASTLE & JACOB DR,0.0,0.0
2013,9,6,Weekday,1400,1-Car,No injury/unknown,INSECURE/LEAKY LOAD,SB RAMP TO SR 37 FROM 3RD ST & SR37S,0.0,0.0
2013,9,1,Weekend,900,1-Car,No injury/unknown,RAN OFF ROAD RIGHT,BOLTINGHOUSE & LENTZ RD,0.0,0.0
2013,9,1,Weekend,1700,2-Car,No injury/unknown,FAILURE TO YIELD RIGHT OF WAY,OLIVER WINERY & SR37N,0.0,0.0
2013,9,2,Weekday,800,2-Car,No injury/unknown,FOLLOWING TOO CLOSELY,OAKLAWN & S SARE RD,0.0,0.0
2013,9,2,Weekday,1300,1-Car,No injury/unknown,RAN OFF ROAD RIGHT,N OLD STATE & WHISNAND RD,0.0,0.0
2013,9,2,Weekday,1300,2-Car,No injury/unknown,FOLLOWING TOO CLOSELY,SR446S & UNNAME ROAD,0.0,0.0
2013,10,3,Weekday,1100,Bus,No injury/unknown,IMPROPER TURNING,2200 E 1OTH ST & N JEFFERSON,0.0,0.0
2013,10,4,Weekday,500,1-Car,No injury/unknown,ANIMAL/OBJECT IN ROADWAY,ENRIGHT & SR46W,0.0,0.0
2013,10,4,Weekday,2200,2-Car,No injury/unknown,DRIVER DISTRACTED - EXPLAIN IN NARRATIVE,2721 GARDEN PATH & E ROCKWELD,0.0,0.0
2013,10,4,Weekday,500,1-Car,No injury/unknown,ANIMAL/OBJECT IN ROADWAY,HARTS STRAIT & SR46W,0.0,0.0
2013,10,7,Weekend,2300,2-Car,No injury/unknown,FAILURE TO YIELD RIGHT OF WAY,N THOMAS RD & RATLIFF,0.0,0.0
2013,10,2,Weekday,900,2-Car,No injury/unknown,FAILURE TO YIELD RIGHT OF WAY,SR37N,0.0,0.0
2013,11,4,Weekday,900,1-Car,No injury/unknown,ANIMAL/OBJECT IN ROADWAY,S CURRY PIKE & SR46W,0.0,0.0
2013,11,4,Weekday,2100,2-Car,No injury/unknown,FAILURE TO YIELD RIGHT OF WAY,,0.0,0.0
2013,12,3,Weekday,400,1-Car,No injury/unknown,OTHER (ENVIRONMENTAL) - EXPLAIN IN NARR,IU FOUNDATION & SR46E,0.0,0.0
2013,10,5,Weekday,1200,2-Car,No injury/unknown,FAILURE TO YIELD RIGHT OF WAY,2ND & LANDMARK AVE,0.0,0.0
2013,10,6,Weekday,0,2-Car,No injury/unknown,OTHER (DRIVER) - EXPLAIN IN NARRATIVE,CAMPBELL PARK & HARTSTRIGHT RD,0.0,0.0
2013,10,5,Weekday,1300,2-Car,No injury/unknown,ROADWAY SURFACE CONDITION,SR37N,0.0,0.0
2013,10,6,Weekend,2000,2-Car,No injury/unknown,FAILURE TO YIELD RIGHT OF WAY,PRIVATE & SR45W,0.0,0.0
2013,10,2,Weekday,0,1-Car,No injury/unknown,ANIMAL/OBJECT IN ROADWAY,CAVE & SR48E,0.0,0.0
2013,10,2,Weekday,1800,2-Car,No injury/unknown,FAILURE TO YIELD RIGHT OF WAY,EW ALLEY S OF 3RD ST & NS ALLEY EAST OF JORDAN ALY,0.0,0.0
2013,10,3,Weekday,500,1-Car,No injury/unknown,,,0.0,0.0
2013,11,6,Weekday,900,2-Car,No injury/unknown,UNSAFE BACKING,JORDAN & MAC N PARKING DR,0.0,0.0
2013,11,2,Weekday,1800,1-Car,No injury/unknown,ANIMAL/OBJECT IN ROADWAY,BRIARGATE & SR46W,0.0,0.0
2013,10,3,Weekday,1700,2-Car,No injury/unknown,FAILURE TO YIELD RIGHT OF WAY,8550 MT TABOR RD & N JENNER,0.0,0.0
2013,11,3,Weekday,1500,Bus,No injury/unknown,LEFT OF CENTER,500 BLK SOUTH KINGSTON DR & CLARIZZ,0.0,0.0
2013,11,4,Weekday,1600,2-Car,No injury/unknown,FOLLOWING TOO CLOSELY,SR37S,0.0,0.0
2013,11,7,Weekend,700,1-Car,No injury/unknown,ANIMAL/OBJECT IN ROADWAY,BRIARGATE & SR46W,0.0,0.0
2013,11,7,Weekend,1200,2-Car,No injury/unknown,FOLLOWING TOO CLOSELY,PARKING LOT & PETE ELLIS DR,0.0,0.0
2013,11,3,Weekday,1400,2-Car,No injury/unknown,FOLLOWING TOO CLOSELY,14 & W STATE ROAD 45 RD,0.0,0.0
2013,11,3,Weekday,200,1-Car,No injury/unknown,SPEED TOO FAST FOR WEATHER CONDITIONS,COBBLESTONE & WEATHERSTONE DR,0.0,0.0
2013,11,4,Weekday,2300,1-Car,No injury/unknown,OTHER (ENVIRONMENTAL) - EXPLAIN IN NARR,BLOOMFIELD ROAD & SR37S,0.0,0.0
2013,11,6,Weekday,1300,2-Car,No injury/unknown,IMPROPER TURNING,500 S CLARIZZ BLVD & PEOPLES STATE BANK NORTH DRIVE,0.0,0.0
2013,11,3,Weekday,1000,2-Car,No injury/unknown,OTHER (DRIVER) - EXPLAIN IN NARRATIVE,17THST & MEMORIAL STADIUM W CONCOURSE DR,0.0,0.0
2013,11,3,Weekday,1800,1-Car,No injury/unknown,ANIMAL/OBJECT IN ROADWAY,SR37S & THAT,0.0,0.0
2013,11,4,Weekday,700,1-Car,No injury/unknown,ANIMAL/OBJECT IN ROADWAY,LOSTMANS & UNIONVALLEY RD,0.0,0.0
2013,11,4,Weekday,1700,3+ Cars,No injury/unknown,FOLLOWING TOO CLOSELY,SR37N & VERNAL PIKE,0.0,0.0
2013,12,6,Weekday,800,2-Car,No injury/unknown,ROADWAY SURFACE CONDITION,OUTBACK RD & WEST STATE ROAD 46,0.0,0.0
2013,12,2,Weekday,800,2-Car,No injury/unknown,SPEED TOO FAST FOR WEATHER CONDITIONS,SR20N & SR37N,0.0,0.0
2013,12,2,Weekday,1300,2-Car,No injury/unknown,OTHER (DRIVER) - EXPLAIN IN NARRATIVE,PETE ELLIS DR & STAPLES BARNES AND NOBLE EW DR,0.0,0.0
2013,12,4,Weekday,1100,2-Car,No injury/unknown,UNSAFE BACKING,FORREST & WALNUT GROVE PARKING W DR,0.0,0.0
2013,12,4,Weekday,800,1-Car,No injury/unknown,IMPROPER LANE USAGE,3845 WEST SR 45 RD & SOUTH LEONARD SPRINGS,0.0,0.0
2013,12,5,Weekday,1500,1-Car,No injury/unknown,RAN OFF ROAD RIGHT,JAY STEWART DR & WHITE,0.0,0.0
2013,12,6,Weekend,2200,2-Car,No injury/unknown,IMPROPER TURNING,PINE LANE LN & RIDGE SPRINGS,0.0,0.0
2013,12,7,Weekend,700,2-Car,No injury/unknown,SPEED TOO FAST FOR WEATHER CONDITIONS,SMITHVILLE RD & SR37,0.0,0.0
2013,12,7,Weekend,1100,1-Car,No injury/unknown,OVERCORRECTING/OVERSTEERING,HARTSTRAIGHT RD & RATLIFF,0.0,0.0
2013,12,6,Weekend,2100,1-Car,No injury/unknown,SPEED TOO FAST FOR WEATHER CONDITIONS,W LOSTMANS LN & WHITE RIVER,0.0,0.0
2013,12,4,Weekday,1800,2-Car,No injury/unknown,FOLLOWING TOO CLOSELY,SR45W,0.0,0.0
2013,12,5,Weekday,1300,2-Car,No injury/unknown,FOLLOWING TOO CLOSELY,INDUSTRIAL & WEST SR 45 RD,0.0,0.0
2013,12,7,Weekend,1000,1-Car,No injury/unknown,SPEED TOO FAST FOR WEATHER CONDITIONS,SHUFFLE CREEK ROAD RD & SR45,0.0,0.0
2013,12,7,Weekend,1400,2-Car,Non-incapacitating,FAILURE TO YIELD RIGHT OF WAY,3RD ST & SR37,0.0,0.0
2013,12,7,Weekend,2000,2-Car,No injury/unknown,DISREGARD SIGNAL/REG SIGN,45 46 BYPASS HWY & N KINSER,0.0,0.0
2013,12,7,Weekend,2200,2-Car,No injury/unknown,UNSAFE LANE MOVEMENT,COLLEGE MALL RD & ENTRANCE TO AMC MOVIE THEATER,0.0,0.0
2013,12,6,Weekday,1400,2-Car,No injury/unknown,FAILURE TO YIELD RIGHT OF WAY,45 46 BYP & KINSER,0.0,0.0
2013,12,2,Weekday,1000,1-Car,No injury/unknown,ROADWAY SURFACE CONDITION,SR46W,0.0,0.0
2013,1,3,Weekday,600,2-Car,No injury/unknown,RAN OFF ROAD RIGHT,COOLIDGE & ROGERS ST,0.0,0.0
2013,1,4,Weekday,900,2-Car,No injury/unknown,FAILURE TO YIELD RIGHT OF WAY,SO CLARIZZ BLVD,0.0,0.0
2013,1,5,Weekday,1000,1-Car,No injury/unknown,ACCELERATOR FAILURE OR DEFECTIVE,LANDMARK AVE,0.0,0.0
2013,1,3,Weekday,1600,2-Car,No injury/unknown,OTHER (DRIVER) - EXPLAIN IN NARRATIVE,KINSER PIKE,0.0,0.0
2013,1,5,Weekday,1500,2-Car,Non-incapacitating,DISREGARD SIGNAL/REG SIGN,3RD ST & WASHINGTON,0.0,0.0
2013,1,5,Weekday,1700,2-Car,Non-incapacitating,FOLLOWING TOO CLOSELY,3RD & LIBERTY DR,0.0,0.0
2013,1,5,Weekday,2100,1-Car,No injury/unknown,UNSAFE BACKING,KIRKWOOD AVE,0.0,0.0
2013,1,5,Weekday,2200,2-Car,No injury/unknown,OTHER (VEHICLE) - EXPLAIN IN NARRATIVE,ROGERS ST,0.0,0.0
2013,1,6,Weekday,1000,2-Car,Incapacitating,FOLLOWING TOO CLOSELY,CURRY & SR48W,0.0,0.0
2013,1,4,Weekday,700,2-Car,No injury/unknown,FOLLOWING TOO CLOSELY,CURRY & SR46W,0.0,0.0
2013,1,6,Weekend,1900,Pedestrian,Non-incapacitating,PEDESTRIAN ACTION,HILLSIDE DR & LONGWOOD,0.0,0.0
2013,1,7,Weekend,1600,2-Car,No injury/unknown,IMPROPER TURNING,3RD ST & JORDAN,0.0,0.0
2012,4,1,Weekend,1600,1-Car,No injury/unknown,RAN OFF ROAD RIGHT,8618 N BEAN BLOSSOM RD & E ANDERSON,40.13552374,-86.4321485
2012,8,6,Weekday,1200,2-Car,No injury/unknown,FAILURE TO YIELD RIGHT OF WAY,W RILEY DR,39.9843228,-85.61455793
2012,1,5,Weekday,1100,2-Car,No injury/unknown,FAILURE TO YIELD RIGHT OF WAY,48 W & DANIELS WAY,39.56666131,-86.59910984
2012,12,4,Weekday,2100,1-Car,No injury/unknown,ANIMAL/OBJECT IN ROADWAY,N BURMA & N MT PLEASANT RD,39.54281951,-86.5767073
2012,3,6,Weekday,700,1-Car,No injury/unknown,RAN OFF ROAD RIGHT,BOLTINGHOUSE RD & EARL YOUNG,39.44215392,-86.47337995
2012,11,5,Weekday,400,1-Car,Non-incapacitating,RAN OFF ROAD RIGHT,EDGEWOOD & MUSTANG DR,39.41861106,-86.63832977
2012,6,3,Weekday,1100,1-Car,Incapacitating,RAN OFF ROAD RIGHT,KETCHUM & OLD STATE ROAD 37 RD,39.38695098,-86.54442027
2012,11,6,Weekday,200,1-Car,Non-incapacitating,RAN OFF ROAD RIGHT,SR37 & SR37N,39.34241345,-86.50654255
2012,4,6,Weekday,1000,1-Car,No injury/unknown,RAN OFF ROAD RIGHT,BRYANTS CREEK & SR37,39.33635389,-86.5107488
2012,10,2,Weekday,1700,1-Car,Incapacitating,RAN OFF ROAD RIGHT,N LOW GAP RD & TULIP TREE,39.3349053,-86.39221715
2012,2,5,Weekday,800,1-Car,Non-incapacitating,RAN OFF ROAD RIGHT,BROWN & WAMPLER RD,39.334343,-86.6216425
2012,3,5,Weekday,0,2-Car,No injury/unknown,HEADLIGHT DEFECTIVE OR NOT ON,BROWN LN & WEST WAMPLER,39.334288,-86.621296
2012,10,4,Weekday,700,1-Car,No injury/unknown,ANIMAL/OBJECT IN ROADWAY,COUNTY LINE & TEXAS RIDGE RD,39.33283031,-86.67892355
2012,11,1,Weekend,1500,1-Car,Non-incapacitating,LEFT OF CENTER,TEXAS RIDGE RD & W OWL,39.33063923,-86.67431152
2012,10,4,Weekday,1900,1-Car,No injury/unknown,ANIMAL/OBJECT IN ROADWAY,SR37S & SYLVAN LANE,39.32962662,-86.51541016
2012,12,2,Weekday,1600,2-Car,No injury/unknown,FOLLOWING TOO CLOSELY,SR37S & SR45W,39.32627106,-86.51492309
2012,12,6,Weekday,100,2-Car,No injury/unknown,FOLLOWING TOO CLOSELY,SR37N & SR46W,39.32627106,-86.51492309
2012,12,6,Weekday,500,1-Car,No injury/unknown,RAN OFF ROAD RIGHT,BURMA & SR37S,39.32229413,-86.51171127
2012,5,4,Weekday,1500,1-Car,No injury/unknown,RAN OFF ROAD RIGHT,BURMA RD & SPRADLING,39.32184,-86.51766432
2012,4,2,Weekday,1200,2-Car,Non-incapacitating,BRAKE FAILURE OR DEFECTIVE,BRYANTS CREEK & OLD STATE ROAD 37 N HWY,39.3212,-86.48072