Year,Month,Day,Weekend?,Hour,Collision Type,Injury Type,Primary Factor,Reported_Location,Latitude,Longitude
2012,9,7,Weekend,100,1-Car,No injury/unknown,SPEED TOO FAST FOR WEATHER CONDITIONS,BURMA & SR37S,39.32100204,-86.51111253
2012,1,2,Weekday,2000,1-Car,No injury/unknown,OTHER (ENVIRONMENTAL) - EXPLAIN IN NARR,BRYANTS CREEK & SR37N,39.32087677,-86.51222977
2012,1,6,Weekday,1300,2-Car,No injury/unknown,UNSAFE LANE MOVEMENT,BURMA & SR37N,39.31822508,-86.51060041
2012,9,3,Weekday,2000,1-Car,No injury/unknown,ANIMAL/OBJECT IN ROADWAY,BURMA & SR37N,39.31561299,-86.51117113
2012,10,6,Weekday,1600,Moped/Motorcycle,Non-incapacitating,UNSAFE SPEED,SR45N & VIKING RIDGE,39.31473308,-86.44453011
2012,5,1,Weekday,2100,1-Car,No injury/unknown,ANIMAL/OBJECT IN ROADWAY,N CROSSOVER & SR37S,39.31463212,-86.51704028
2012,4,6,Weekday,700,1-Car,No injury/unknown,RAN OFF ROAD RIGHT,BOTTOM & MT TABOR RD,39.310944,-86.633184
2012,9,7,Weekend,1100,1-Car,Non-incapacitating,RAN OFF ROAD RIGHT,BOTTOM & MT TABOR RD,39.310944,-86.633184
2012,10,2,Weekday,700,1-Car,Incapacitating,RAN OFF ROAD RIGHT,CHAMBERS PIKE & OLD STATE ROAD 37,39.30896586,-86.49845494
2012,10,1,Weekend,1700,2-Car,No injury/unknown,FAILURE TO YIELD RIGHT OF WAY,SR37S & SYLVAN,39.308496,-86.515072
2012,11,2,Weekday,1800,1-Car,No injury/unknown,ANIMAL/OBJECT IN ROADWAY,SR37 & SYLVAN,39.30838858,-86.51507422
2012,6,7,Weekend,1300,1-Car,Incapacitating,BRAKE FAILURE OR DEFECTIVE,7054 TABOR HILL RD & MOUNT TABOR,39.30584,-86.631008
2012,6,4,Weekday,100,1-Car,Non-incapacitating,RAN OFF ROAD RIGHT,E CHAMBERS PIKE & SR37N,39.30432,-86.5168
2012,1,6,Weekday,400,1-Car,No injury/unknown,ANIMAL/OBJECT IN ROADWAY,DITTIMORE RD & TILFORD,39.30223033,-86.53484037
2012,6,7,Weekend,900,Moped/Motorcycle,No injury/unknown,UNSAFE LANE MOVEMENT,CHAMBERS & SR37S,39.29897788,-86.51843531
2012,9,6,Weekend,2100,1-Car,No injury/unknown,UNSAFE SPEED,BUSKIRK & DITTEMORE RD,39.295216,-86.550832
2012,10,5,Weekday,1600,1-Car,No injury/unknown,RAN OFF ROAD RIGHT,GOURLEY & OLD STATE 37 RD,39.29098005,-86.53521023
2012,12,2,Weekday,700,1-Car,No injury/unknown,ROADWAY SURFACE CONDITION,BOTTOM & MAPLE GROVE RD,39.28966697,-86.54778979
2012,10,6,Weekday,600,1-Car,No injury/unknown,ANIMAL/OBJECT IN ROADWAY,NORTH FOX HOLLOW & SR37N,39.28909855,-86.51842001
2012,9,7,Weekend,0,1-Car,No injury/unknown,ANIMAL/OBJECT IN ROADWAY,FOX HOLLOW & SR37N,39.28800157,-86.51893334
2012,11,2,Weekday,300,1-Car,No injury/unknown,RAN OFF ROAD RIGHT,HENNESSEY & ROCKPORT RD,39.286659,-86.55672021
2012,5,3,Weekday,2200,2-Car,No injury/unknown,FAILURE TO YIELD RIGHT OF WAY,LEE PAUL & SR37N,39.28485967,-86.5208698
2012,9,5,Weekday,1800,1-Car,No injury/unknown,UNSAFE SPEED,CROSSOVER & SR37,39.28279586,-86.51704028
2012,12,3,Weekday,1400,2-Car,No injury/unknown,LEFT OF CENTER,MT TABOR RD & WOODLAND,39.28247346,-86.62418826
2012,3,2,Weekday,1600,2-Car,No injury/unknown,FOLLOWING TOO CLOSELY,SR37N & VERNAL,39.28223665,-86.56233005
2012,12,6,Weekday,1400,1-Car,No injury/unknown,RAN OFF ROAD RIGHT,HEDRICK & STINESVILLE RD,39.281744,-86.662992
2012,12,3,Weekday,800,1-Car,No injury/unknown,OTHER (DRIVER) - EXPLAIN IN NARRATIVE,BOTTOM & SR37N,39.28109177,-86.55227661
2012,8,6,Weekday,700,1-Car,No injury/unknown,ANIMAL/OBJECT IN ROADWAY,DUTCH CHURCH & MT TABER RD,39.278832,-86.623456
2012,5,6,Weekday,1600,1-Car,No injury/unknown,RAN OFF ROAD RIGHT,ANDERSON RD & FISH,39.27815013,-86.46866155
2012,10,2,Weekday,800,1-Car,No injury/unknown,ANIMAL/OBJECT IN ROADWAY,N BUSINESS 37 RD & WHISNAND,39.27761346,-86.53976999
2012,4,6,Weekend,2000,1-Car,Incapacitating,RAN OFF ROAD RIGHT,HEDRICK & SR46,39.27731446,-86.6770649
2012,5,3,Weekday,1100,2-Car,No injury/unknown,FOLLOWING TOO CLOSELY,CURRY PIKE & JANATHAN,39.27411451,-86.5829797
2012,4,3,Weekday,0,1-Car,No injury/unknown,UNSAFE SPEED,7671 N MT TABOR RD & N BARR,39.273888,-86.621456
2012,7,6,Weekday,1700,2-Car,Non-incapacitating,DRIVER DISTRACTED - EXPLAIN IN NARRATIVE,SR37N & WAYPORT,39.27369123,-86.52291968
2012,12,5,Weekday,600,1-Car,No injury/unknown,ANIMAL/OBJECT IN ROADWAY,DEER LICK & SR446S,39.27297697,-86.41703796
2012,8,5,Weekday,400,1-Car,No injury/unknown,RAN OFF ROAD RIGHT,SR46 & STINESVILLE RD,39.2719099,-86.66333225
2012,4,3,Weekday,900,1-Car,No injury/unknown,UNSAFE SPEED,E ANDERSON & N LYDY RD,39.27184,-86.479216
2012,9,2,Weekday,1900,Moped/Motorcycle,Incapacitating,RAN OFF ROAD RIGHT,RED HILL RD,39.27146137,-86.63838408
2012,6,5,Weekday,2100,1-Car,No injury/unknown,ANIMAL/OBJECT IN ROADWAY,N STINESVILLE RD & SR46,39.27002992,-86.66377894
2012,5,1,Weekend,400,1-Car,Non-incapacitating,RAN OFF ROAD RIGHT,N MILLER & N SHILO RD,39.26992,-86.460048
2012,12,2,Weekday,1600,1-Car,No injury/unknown,RAN OFF ROAD RIGHT,N BOTTOM RD & SIMPSON CHAPEL,39.26981833,-86.54794528
2012,7,7,Weekend,1500,1-Car,Non-incapacitating,RAN OFF ROAD RIGHT,E NORTH SHORE DR & GRAY,39.26974412,-86.38981374
2012,8,3,Weekday,1400,1-Car,No injury/unknown,ANIMAL/OBJECT IN ROADWAY,N BOTTOM RD & SIMPSON CHAPLE,39.26962003,-86.54756708
2012,6,2,Weekday,0,1-Car,No injury/unknown,RAN OFF ROAD RIGHT,N OLD DUTCH CHURCH & N REDHILL RD,39.26953018,-86.63486972
2012,4,6,Weekday,700,2-Car,No injury/unknown,UNSAFE BACKING,ST RD 37 RD,39.26891991,-86.52287428
2012,2,4,Weekday,1900,1-Car,No injury/unknown,ANIMAL/OBJECT IN ROADWAY,SR46W & STINESVILLE,39.26884344,-86.66789
2012,9,6,Weekday,600,1-Car,No injury/unknown,ANIMAL/OBJECT IN ROADWAY,BETHEL & BOLTINGHOUSE RD,39.26783033,-86.47286027
2012,1,2,Weekday,1700,3+ Cars,Non-incapacitating,LEFT OF CENTER,N STINESVILLE & SR46W,39.26683545,-86.66569192
2012,3,1,Weekday,2200,2-Car,No injury/unknown,IMPROPER PASSING,SR46W & STINESVILLE,39.266752,-86.6656
2012,10,6,Weekday,800,2-Car,No injury/unknown,BRAKE FAILURE OR DEFECTIVE,SR46W & STINESVILLE,39.266752,-86.6656
2012,8,1,Weekend,0,1-Car,No injury/unknown,RAN OFF ROAD RIGHT,COWDEN RD,39.26656432,-86.61236397
2012,5,2,Weekday,1600,2-Car,No injury/unknown,IMPROPER LANE USAGE,SIMPSON CHAPEL & SR37,39.26616,-86.522752
2012,9,6,Weekend,2200,2-Car,Non-incapacitating,FAILURE TO YIELD RIGHT OF WAY,EAST SAMPLE & OLD SR 37 HWY,39.26616,-86.522752
2012,4,4,Weekday,1900,1-Car,Non-incapacitating,RAN OFF ROAD RIGHT,ANDERSON & OLD STATE ROAD 37N HWY,39.266,-86.501696
2012,8,5,Weekday,2000,1-Car,No injury/unknown,ANIMAL/OBJECT IN ROADWAY,ANDERSON RD & OLD NORTH STATE ROAD 37,39.26589981,-86.50237672
2012,4,5,Weekday,1200,1-Car,No injury/unknown,RAN OFF ROAD RIGHT,EAST ANDRESON RD & OLD STATE ROAD 37,39.26589981,-86.5021795
2012,11,1,Weekday,2300,1-Car,Non-incapacitating,RAN OFF ROAD RIGHT,ANDERSON RD & N OLD ST RD 37,39.26589981,-86.5020065
2012,5,5,Weekday,0,1-Car,No injury/unknown,RAN OFF ROAD RIGHT,MEL CURRIE & OLD STATE RD 37 RD,39.26339474,-86.50175973
2012,10,4,Weekday,1800,2-Car,No injury/unknown,FAILURE TO YIELD RIGHT OF WAY,SR37 & WAYPORT,39.26307137,-86.52255833
2012,1,6,Weekday,1500,1-Car,No injury/unknown,RAN OFF ROAD RIGHT,37 & WAYPORT RD,39.263024,-86.52264
2012,9,6,Weekday,1700,2-Car,No injury/unknown,OTHER (VEHICLE) - EXPLAIN IN NARRATIVE,NORTH STATE ROAD 37 HWY & WAYPORT,39.263024,-86.52264
2012,11,4,Weekday,500,1-Car,No injury/unknown,ANIMAL/OBJECT IN ROADWAY,N BOTTOM RD & W LAWSON,39.26248,-86.546096
2012,1,6,Weekend,2000,2-Car,No injury/unknown,IMPROPER LANE USAGE,SR37 & WAYPORT,39.26200176,-86.52312492
2012,1,4,Weekday,400,1-Car,No injury/unknown,UNSAFE SPEED,SAMPLE RD & SR37N,39.26190598,-86.51449642
2012,1,6,Weekend,2000,1-Car,No injury/unknown,SPEED TOO FAST FOR WEATHER CONDITIONS,SR37S & WAYPORT RD,39.26167132,-86.52280192
2012,1,6,Weekend,2000,1-Car,No injury/unknown,SPEED TOO FAST FOR WEATHER CONDITIONS,SR37S & WAYPORT,39.26140635,-86.5228949
2012,9,6,Weekday,1500,2-Car,No injury/unknown,FAILURE TO YIELD RIGHT OF WAY,N WAYPORT RD,39.26128885,-86.52247292
2012,5,6,Weekday,1500,1-Car,No injury/unknown,OTHER (VEHICLE) - EXPLAIN IN NARRATIVE,SR37N & WAYPORT,39.26065915,-86.52333698
2012,2,1,Weekday,2100,2-Car,No injury/unknown,UNSAFE LANE MOVEMENT,CURRY PIKE & STEBU,39.26058791,-86.58261023
2012,8,4,Weekday,1200,2-Car,No injury/unknown,FOLLOWING TOO CLOSELY,SR37S & WAYPORT,39.26041222,-86.52349167
2012,12,7,Weekend,1500,2-Car,Non-incapacitating,LEFT OF CENTER,SR46W & W CHAFIN CHAPEL,39.26029525,-86.65793538
2012,8,6,Weekend,2000,1-Car,No injury/unknown,ANIMAL/OBJECT IN ROADWAY,BUISNESS 37 HWY & OLD STATE ROAD 37,39.26005955,-86.53484009
2012,8,7,Weekend,1700,1-Car,No injury/unknown,RAN OFF ROAD RIGHT,DELAP RD,39.259682,-86.584206
2012,11,6,Weekday,1600,3+ Cars,No injury/unknown,FOLLOWING TOO CLOSELY,CHAFIN CHAPEL & SR46E,39.25962009,-86.65755847
2012,11,7,Weekend,1000,1-Car,No injury/unknown,RAN OFF ROAD RIGHT,OLD SR 37 & SAMPLE RD,39.25889859,-86.50361442
2012,10,3,Weekday,1700,2-Car,No injury/unknown,LEFT OF CENTER,CONSTITUTION & LIBERTY DR,39.25690807,-86.5768703
2012,4,1,Weekend,1200,1-Car,Non-incapacitating,RAN OFF ROAD RIGHT,FLATWOODS & SR46W,39.25629452,-86.65580185
2012,5,7,Weekend,1600,3+ Cars,Incapacitating,LEFT OF CENTER,FLATWOODS & SR46W,39.25629452,-86.65580185
2012,10,1,Weekend,700,1-Car,No injury/unknown,RAN OFF ROAD RIGHT,FLATWOODS & SR46W,39.25501235,-86.65516921
2012,12,1,Weekend,1200,2-Car,No injury/unknown,FAILURE TO YIELD RIGHT OF WAY,OLD STATE 37 & SR37N,39.25457699,-86.52745745
2012,2,3,Weekday,1000,1-Car,No injury/unknown,RAN OFF ROAD RIGHT,BOTTOM RD & LAWSON,39.2545259,-86.54597054
2012,7,7,Weekend,800,2-Car,No injury/unknown,WRONG WAY ON ONE WAY,BLOOMFIELD & SR37S,39.25322823,-86.57295025
2012,3,5,Weekday,2100,2-Car,Non-incapacitating,DRIVER DISTRACTED - EXPLAIN IN NARRATIVE,FLATWOODS & SR46W,39.252448,-86.653904
2012,4,5,Weekday,700,2-Car,No injury/unknown,BRAKE FAILURE OR DEFECTIVE,FLATWOODS & SR46W,39.252448,-86.653904
2012,12,4,Weekday,800,2-Car,No injury/unknown,ROADWAY SURFACE CONDITION,MATTHEWS DR & MT TABOR,39.2520301,-86.6206701
2012,11,6,Weekday,400,1-Car,No injury/unknown,RAN OFF ROAD RIGHT,DELAP RD & UNION VALLEY,39.25200138,-86.60164641
2012,5,3,Weekday,1600,2-Car,No injury/unknown,LEFT OF CENTER,FLATWOODS & SR46W,39.25182705,-86.6532074
2012,10,2,Weekday,1000,2-Car,No injury/unknown,FOLLOWING TOO CLOSELY,FLATWOODS & SR46W,39.25182705,-86.6532074
2012,9,4,Weekday,1000,1-Car,No injury/unknown,RAN OFF ROAD RIGHT,SR37 & WYLIE RD,39.251648,-86.529056
2012,10,5,Weekday,1600,1-Car,Non-incapacitating,RAN OFF ROAD RIGHT,SHUFFLE CRK & SOUTH SHORE,39.251536,-86.400816
2012,9,3,Weekday,1800,1-Car,No injury/unknown,RAN OFF ROAD RIGHT,SHUFFLE & SOUTH SHORE RD,39.25137709,-86.4008099
2012,11,4,Weekday,2100,1-Car,Non-incapacitating,RAN OFF ROAD RIGHT,OLD STATE ROAD 37 & WYLIE RD,39.251296,-86.500832
2012,1,7,Weekend,1200,2-Car,No injury/unknown,ROADWAY SURFACE CONDITION,STATE ROAD 46 W HWY,39.2512,-86.652504
2012,4,4,Weekday,1600,2-Car,No injury/unknown,OTHER (DRIVER) - EXPLAIN IN NARRATIVE,SR46W,39.2512,-86.652504
2012,5,7,Weekend,1700,2-Car,No injury/unknown,UNSAFE BACKING,SR46W,39.2512,-86.652504
2012,9,3,Weekday,1400,2-Car,No injury/unknown,UNSAFE BACKING,STATE ROAD 46 RD,39.2512,-86.652504
2012,10,6,Weekday,1000,2-Car,No injury/unknown,FAILURE TO YIELD RIGHT OF WAY,STATE ROAD 46 HWY,39.2512,-86.652504
2012,9,5,Weekday,2000,2-Car,Non-incapacitating,FOLLOWING TOO CLOSELY,WEST STATE ROAD 46 HWY,39.2512,-86.652504
2012,11,6,Weekday,1400,2-Car,No injury/unknown,UNSAFE BACKING,SR 46 HWY,39.2512,-86.652504
2012,1,1,Weekday,2100,1-Car,No injury/unknown,RAN OFF ROAD RIGHT,MILLER & ROBINSON RD,39.25103031,-86.4699404
2012,5,7,Weekend,300,1-Car,No injury/unknown,RAN OFF ROAD RIGHT,HILLSAMMER & ROBINSON RD,39.2509599,-86.46768112
2012,7,2,Weekday,1700,1-Car,Non-incapacitating,RAN OFF ROAD RIGHT,SHORE & SHUFFLE CREEK RD,39.25077017,-86.40120687
2012,11,5,Weekday,600,1-Car,No injury/unknown,ANIMAL/OBJECT IN ROADWAY,SR37N & WAYPORT,39.25073188,-86.52540821
2012,7,7,Weekend,1800,3+ Cars,No injury/unknown,INSECURE/LEAKY LOAD,SR37 & SR37N,39.25059857,-86.52983119
2012,7,2,Weekday,1200,2-Car,Non-incapacitating,FAILURE TO YIELD RIGHT OF WAY,WALNUT ST,39.25050707,-86.52987065
2012,12,6,Weekday,300,1-Car,No injury/unknown,RAN OFF ROAD RIGHT,FLATWOODS & SR46W,39.25037815,-86.65158204
2012,8,3,Weekday,900,2-Car,No injury/unknown,OTHER (DRIVER) - EXPLAIN IN NARRATIVE,WINDCREST DR & WINDING,39.24980572,-86.54523029
2012,3,7,Weekend,1500,2-Car,Non-incapacitating,OTHER (DRIVER) - EXPLAIN IN NARRATIVE,SR37N & WEST GRIFFITH CEMETERY,39.24871833,-86.53115273
2012,6,7,Weekend,1800,2-Car,No injury/unknown,DRIVER DISTRACTED - EXPLAIN IN NARRATIVE,SR46W & STINESVILLEE,39.24848052,-86.64835383
2012,12,3,Weekday,1800,1-Car,Non-incapacitating,ANIMAL/OBJECT IN ROADWAY,SHILO & TUNNEL RD,39.24801314,-86.42945984
2012,12,5,Weekday,1800,1-Car,No injury/unknown,RAN OFF ROAD RIGHT,1300 MAPLE GROVE RD & BOTTOM,39.24774712,-86.54951341
2012,5,4,Weekday,600,1-Car,Non-incapacitating,ANIMAL/OBJECT IN ROADWAY,MAPLE GROVE N RD & WEST MAPLE GROVE,39.24744,-86.547792
2012,10,5,Weekday,1400,1-Car,Non-incapacitating,ACCELERATOR FAILURE OR DEFECTIVE,6700 MATTHEWS DR & MAPLE GROVE,39.24732224,-86.62063007
2012,1,6,Weekday,500,1-Car,No injury/unknown,RAN OFF ROAD RIGHT,ELLIS & SR37,39.24650349,-86.53260818
2012,12,7,Weekend,1600,1-Car,No injury/unknown,RAN OFF ROAD RIGHT,ELLIS & SR37,39.24650349,-86.53260818
2012,2,5,Weekday,1700,2-Car,No injury/unknown,FOLLOWING TOO CLOSELY,RED HILL & SR46W,39.24597669,-86.64218588
2012,9,4,Weekday,1500,2-Car,No injury/unknown,IMPROPER LANE USAGE,RED HILL & SR46W,39.245744,-86.636896
2012,12,2,Weekday,1300,1-Car,No injury/unknown,RAN OFF ROAD RIGHT,BARBARA & W MAPLE GROVE RD,39.245744,-86.633296
2012,9,7,Weekend,1600,2-Car,No injury/unknown,DRIVER DISTRACTED - EXPLAIN IN NARRATIVE,REDHILL & SR46W,39.24574032,-86.63658982
2012,2,1,Weekend,1200,1-Car,Non-incapacitating,RAN OFF ROAD RIGHT,N MATTHEWS DR & W MAPLE GROVE,39.245408,-86.6204
2012,6,5,Weekday,1600,Cyclist,Non-incapacitating,IMPROPER TURNING,MAPLE GROVE RD & RIDGEWAY,39.24514268,-86.61407103
2012,12,1,Weekend,0,2-Car,No injury/unknown,SPEED TOO FAST FOR WEATHER CONDITIONS,ALLENS CREEK & SR446S,39.24475376,-86.40827083
2012,9,6,Weekday,1500,2-Car,No injury/unknown,OTHER (DRIVER) - EXPLAIN IN NARRATIVE,CONNAUGHT & SR37N,39.24465001,-86.53384029
2012,12,3,Weekday,1400,1-Car,No injury/unknown,FOLLOWING TOO CLOSELY,CONNAUGHT & SR37N,39.24464872,-86.53384058
2012,6,7,Weekend,1900,2-Car,No injury/unknown,LEFT OF CENTER,FAIRFAX RD & POINTE,39.24325529,-86.49009011
2012,4,1,Weekday,2000,2-Car,No injury/unknown,FOLLOWING TOO CLOSELY,BUSINESS OLD STATE ROAD 37 HWY & NORTH OLD STATE ROAD 37,39.241744,-86.499088
2012,8,6,Weekend,2100,1-Car,No injury/unknown,ANIMAL/OBJECT IN ROADWAY,KNIGHTRIDGE & SR446 RD,39.24153652,-86.45681999
2012,6,2,Weekday,1300,2-Car,No injury/unknown,UNSAFE BACKING,HOLLY & PERRY DR,39.240752,-86.604896
2012,5,7,Weekend,1600,Moped/Motorcycle,Non-incapacitating,RAN OFF ROAD RIGHT,RICHARDSON & SR45E,39.23984,-86.387696
2012,10,1,Weekend,100,1-Car,No injury/unknown,RAN OFF ROAD RIGHT,N RICHARDSON & SR45E,39.23984,-86.387696
2012,10,5,Weekday,1100,Moped/Motorcycle,Non-incapacitating,RAN OFF ROAD RIGHT,RICHARDSON & SR45E,39.23984,-86.387696
2012,6,2,Weekday,1000,2-Car,No injury/unknown,SPEED TOO FAST FOR WEATHER CONDITIONS,BOLTINGHOUSE RD & OLD 37 NORTH STATE,39.23974022,-86.49922706
2012,12,2,Weekday,500,1-Car,No injury/unknown,RAN OFF ROAD RIGHT,HARTSTRAIT RD & W VERNAL,39.23967209,-86.6112703
2012,6,7,Weekend,500,1-Car,No injury/unknown,RAN OFF ROAD RIGHT,SR45 & SR45N,39.238144,-86.372192
2012,7,5,Weekday,1700,2-Car,No injury/unknown,UNSAFE BACKING,CEDAR & POPLAR DR,39.23782982,-86.63873693
2012,1,2,Weekday,1700,2-Car,No injury/unknown,ROADWAY SURFACE CONDITION,MCNEELY ST & UNION VALLEY,39.23749991,-86.59277983
2012,5,7,Weekend,1800,Moped/Motorcycle,Non-incapacitating,ROADWAY SURFACE CONDITION,N UNION VALLEY & W MCNEELY ST,39.23749936,-86.59271485
2012,3,2,Weekday,1600,Bus,No injury/unknown,UNSAFE BACKING,ALLEN & KELLI ST,39.237376,-86.626816
2012,1,1,Weekend,1400,1-Car,No injury/unknown,RAN OFF ROAD RIGHT,BOTTOM & WOODALL RD,39.23718886,-86.57690669
2012,3,3,Weekday,700,2-Car,No injury/unknown,UNSAFE BACKING,SOUTH EDGEWOOD DR,39.2364,-86.631248
2012,5,2,Weekday,1900,Bus,No injury/unknown,UNSAFE BACKING,EDGEWOOD DR,39.2364,-86.631248
2012,6,7,Weekend,1200,2-Car,No injury/unknown,UNSAFE BACKING,S EDGEWOOD DR,39.2364,-86.631248
2012,11,1,Weekend,1500,Moped/Motorcycle,Incapacitating,OTHER (DRIVER) - EXPLAIN IN NARRATIVE,EDGEWOOD DR DR,39.2364,-86.631248
2012,6,1,Weekend,1800,2-Car,No injury/unknown,UNSAFE LANE MOVEMENT,SR37 & SR46E,39.23628727,-86.62833507
2012,1,2,Weekday,500,2-Car,No injury/unknown,OTHER (DRIVER) - EXPLAIN IN NARRATIVE,MAIN ST & MATTHEWS,39.236096,-86.625168
2012,1,3,Weekday,1700,2-Car,No injury/unknown,DISREGARD SIGNAL/REG SIGN,MAIN ST & MATTHEWS,39.236096,-86.625168
2012,11,6,Weekend,1900,1-Car,No injury/unknown,RAN OFF ROAD RIGHT,ALFRED & MT TABOR RDS,39.23607938,-86.62537001
2012,8,4,Weekday,1500,1-Car,Non-incapacitating,STEERING FAILURE,ASSOCIATION ST & S EDGEWOOD DRIVE DR,39.235952,-86.629696
2012,3,6,Weekday,0,2-Car,No injury/unknown,UNSAFE BACKING,VINE ST,39.235728,-86.626032
2012,3,6,Weekend,2200,2-Car,Non-incapacitating,FOLLOWING TOO CLOSELY,MAIN & SALE ST,39.23492968,-86.62342004
2012,7,7,Weekend,1000,2-Car,No injury/unknown,FAILURE TO YIELD RIGHT OF WAY,SALE & SR46W,39.23492968,-86.62342004
2012,2,7,Weekend,1200,2-Car,Non-incapacitating,DISREGARD SIGNAL/REG SIGN,MATTHEWS & SR46W,39.234768,-86.626384
2012,12,2,Weekday,1500,2-Car,No injury/unknown,FAILURE TO YIELD RIGHT OF WAY,MATTHEWS & SR46W,39.234768,-86.626384
2012,8,5,Weekday,2000,2-Car,No injury/unknown,DRIVER DISTRACTED - EXPLAIN IN NARRATIVE,SALE & VINE ST,39.234384,-86.624064
2012,12,7,Weekend,1900,1-Car,Non-incapacitating,OTHER (DRIVER) - EXPLAIN IN NARRATIVE,N CENTENNIAL DR,39.234288,-86.62072
2012,7,5,Weekday,2200,2-Car,No injury/unknown,OTHER (DRIVER) - EXPLAIN IN NARRATIVE,WEST TEMPERANCE ST,39.23388965,-86.62482149
2012,2,5,Weekday,1600,2-Car,No injury/unknown,IMPROPER TURNING,N SALE & W TEMPERANCE ST,39.23384,-86.624704
2012,5,4,Weekday,700,2-Car,No injury/unknown,FAILURE TO YIELD RIGHT OF WAY,SALE & SR46W,39.23384,-86.624704
2012,8,3,Weekday,700,Moped/Motorcycle,Non-incapacitating,FOLLOWING TOO CLOSELY,SALE & SR46E,39.23384,-86.624704
2012,9,6,Weekday,800,2-Car,No injury/unknown,FOLLOWING TOO CLOSELY,SALE ST & SR46,39.23384,-86.624704
2012,11,1,Weekend,1200,1-Car,No injury/unknown,ANIMAL/OBJECT IN ROADWAY,6166 N SHUFFLE CREEK RD RD & SR45,39.23380885,-86.41213936
2012,12,1,Weekend,1700,2-Car,No injury/unknown,FAILURE TO YIELD RIGHT OF WAY,SALE & TEMPERANCE ST,39.23376024,-86.62471018
2012,4,1,Weekend,1100,2-Car,No injury/unknown,UNSAFE LANE MOVEMENT,SALE ST & SR46E,39.23374889,-86.62457188
2012,10,5,Weekday,900,2-Car,No injury/unknown,OTHER (DRIVER) - EXPLAIN IN NARRATIVE,SALE ST & SR46W,39.23374889,-86.62457188
2012,7,1,Weekend,1700,1-Car,No injury/unknown,RAN OFF ROAD RIGHT,UNION VALLEY RD,39.23346721,-86.59271612
2012,2,2,Weekday,2200,2-Car,No injury/unknown,FAILURE TO YIELD RIGHT OF WAY,FOURTH & TEMPERANCE ST,39.23317015,-86.62389876
2012,7,4,Weekday,1800,2-Car,No injury/unknown,UNSAFE SPEED,BOTTOM RD & STATE ROAD 37,39.23277989,-86.54191978
2012,5,3,Weekday,500,2-Car,No injury/unknown,IMPROPER LANE USAGE,SR37 & SR46E,39.232688,-86.623056
2012,12,7,Weekend,700,1-Car,No injury/unknown,OVERCORRECTING/OVERSTEERING,3600 BLK N KINSER PIKE & W CLUB HOUSE,39.23257907,-86.54285612
2012,1,7,Weekend,400,1-Car,No injury/unknown,,N WALNUT ST,39.232544,-86.540704
2012,2,5,Weekday,400,2-Car,No injury/unknown,,N WALNUT ST,39.232544,-86.540704
2012,8,5,Weekday,2200,2-Car,No injury/unknown,OTHER (DRIVER) - EXPLAIN IN NARRATIVE,N WALNUT ST,39.232544,-86.540704
2012,11,1,Weekend,900,1-Car,No injury/unknown,UNSAFE SPEED,N WALNUT ST,39.232544,-86.540704
2012,11,5,Weekday,900,2-Car,No injury/unknown,,N WALNUT ST,39.232544,-86.540704
2012,12,1,Weekend,1000,2-Car,No injury/unknown,FAILURE TO YIELD RIGHT OF WAY,N WALNUT ST,39.232544,-86.540704
2012,12,4,Weekday,1700,Bus,No injury/unknown,IMPROPER TURNING,N WALNUT ST,39.232544,-86.540704
2012,5,3,Weekday,1800,1-Car,No injury/unknown,DRIVER ILLNESS,OLD MYERS & OLD STATE ROAD 37 RD,39.23183978,-86.50635972
2012,6,3,Weekday,1600,2-Car,No injury/unknown,FAILURE TO YIELD RIGHT OF WAY,STARNES & W REEVES RD,39.231536,-86.6588
2012,5,2,Weekday,1600,2-Car,No injury/unknown,FAILURE TO YIELD RIGHT OF WAY,1 ST & 1 ST ST,39.23136033,-86.62127025
2012,10,7,Weekend,1000,1-Car,No injury/unknown,UNSAFE BACKING,W REEVES RD,39.2313382,-86.64146728
2012,8,7,Weekend,1000,2-Car,No injury/unknown,CELL PHONE USAGE,RAUBS LN & REEVES,39.23128,-86.635728
2012,12,6,Weekday,1600,Moped/Motorcycle,No injury/unknown,FOLLOWING TOO CLOSELY,BURKS & WALNUT STREET PIKE,39.23120902,-86.5267197
2012,10,4,Weekday,0,1-Car,No injury/unknown,ANIMAL/OBJECT IN ROADWAY,TANGLEWOOD & UNION VALLEY RD,39.23120007,-86.59276977
2012,12,3,Weekday,1400,1-Car,No injury/unknown,OTHER (ENVIRONMENTAL) - EXPLAIN IN NARR,SALE STREET & THOMNAS RD RD,39.231152,-86.6308
2012,6,7,Weekend,1600,2-Car,No injury/unknown,UNSAFE SPEED,MOUNT GILEAD & SR45E,39.23075447,-86.42374287
2012,6,4,Weekday,2300,1-Car,No injury/unknown,ANIMAL/OBJECT IN ROADWAY,MOUNT GILEAD & SR45E,39.230752,-86.424096
2012,10,2,Weekday,500,1-Car,Non-incapacitating,RAN OFF ROAD RIGHT,SHUFFLE CREEK RD & SR45,39.23022654,-86.4160862
2012,1,2,Weekday,2300,1-Car,No injury/unknown,SPEED TOO FAST FOR WEATHER CONDITIONS,SR45E & TUNNEL RD,39.230048,-86.4316