Year,Month,Day,Weekend?,Hour,Collision Type,Injury Type,Primary Factor,Reported_Location,Latitude,Longitude
2012,8,4,Weekday,2000,2-Car,No injury/unknown,IMPROPER TURNING,PAUL & SR46W,39.230043,-86.61933147
2012,12,3,Weekday,1400,1-Car,No injury/unknown,RAN OFF ROAD RIGHT,SALE & THOMAS RD,39.22979014,-86.63057559
2012,4,1,Weekend,1300,2-Car,No injury/unknown,FAILURE TO YIELD RIGHT OF WAY,1ST ST & RITTER,39.229424,-86.623584
2012,8,4,Weekday,1700,2-Car,No injury/unknown,FOLLOWING TOO CLOSELY,SR37S & VERNAL,39.22934843,-86.56233005
2012,5,3,Weekday,1300,2-Car,Non-incapacitating,OTHER (DRIVER) - EXPLAIN IN NARRATIVE,PARK & SR46W,39.22934443,-86.61844254
2012,8,5,Weekday,1300,1-Car,No injury/unknown,IMPROPER PASSING,W 3RD ST,39.228944,-86.627504
2012,6,6,Weekday,0,Moped/Motorcycle,Incapacitating,UNSAFE SPEED,HARTSTRAIT & SR46W,39.22891227,-86.61743403
2012,8,3,Weekday,2000,1-Car,No injury/unknown,UNSAFE SPEED,MOUNT GILEAD ROAD & SR45W,39.22847732,-86.43336704
2012,11,5,Weekday,1200,2-Car,No injury/unknown,UNSAFE BACKING,PAUL STREET ST & SR46,39.2280936,-86.6213
2012,7,4,Weekday,1600,2-Car,No injury/unknown,OTHER (DRIVER) - EXPLAIN IN NARRATIVE,WEST 2ND ST,39.228048,-86.626352
2012,12,6,Weekday,1500,2-Car,No injury/unknown,FAILURE TO YIELD RIGHT OF WAY,KINSER & SR46W,39.22796249,-86.54624938
2012,12,6,Weekday,1800,2-Car,Non-incapacitating,FOLLOWING TOO CLOSELY,KINSER & SR4546E,39.22796249,-86.54622342
2012,7,6,Weekend,1900,2-Car,No injury/unknown,BRAKE FAILURE OR DEFECTIVE,HARTSTRAIT & TEMPERANCE ST ST,39.2276627,-86.61593307
2012,1,6,Weekday,1700,2-Car,Non-incapacitating,FOLLOWING TOO CLOSELY,HARTSTRAIT & SR46W,39.22766022,-86.61594003
2012,10,6,Weekend,1900,2-Car,No injury/unknown,UNSAFE SPEED,HARTSTRAIT & SR46W,39.22766022,-86.61594003
2012,8,5,Weekday,1400,2-Car,No injury/unknown,OTHER (DRIVER) - EXPLAIN IN NARRATIVE,HARSTRAIT & SR46W,39.22766022,-86.61594003
2012,11,5,Weekday,2200,1-Car,No injury/unknown,ANIMAL/OBJECT IN ROADWAY,HARTSTRAIT & SR46,39.22766022,-86.61594003
2012,10,6,Weekday,1600,2-Car,No injury/unknown,UNSAFE SPEED,HARTSTRAIT & SR46W,39.22766022,-86.61593137
2012,4,2,Weekday,1000,2-Car,Non-incapacitating,DRIVER DISTRACTED - EXPLAIN IN NARRATIVE,HARTSTRAIT & SR46W,39.22761992,-86.6158998
2012,9,2,Weekday,800,1-Car,No injury/unknown,ANIMAL/OBJECT IN ROADWAY,ACUFF & MAPLE GROVE RD,39.22757115,-86.55750006
2012,8,3,Weekday,1100,1-Car,Non-incapacitating,OTHER (VEHICLE) - EXPLAIN IN NARRATIVE,OLD MYERS RD,39.22653034,-86.49008274
2012,5,4,Weekday,2300,3+ Cars,No injury/unknown,OTHER (VEHICLE) - EXPLAIN IN NARRATIVE,E OLD MEYERS RD,39.2262809,-86.48928344
2012,1,6,Weekday,500,1-Car,No injury/unknown,RAN OFF ROAD RIGHT,MATHEWS DR & MT TABOR,39.22553498,-86.6206701
2012,1,2,Weekday,1700,1-Car,Non-incapacitating,RAN OFF ROAD RIGHT,TECUMSEH & THOMAS RD,39.22504499,-86.63051743
2012,11,7,Weekend,1400,2-Car,No injury/unknown,UNSAFE BACKING,OLD STATE ROAD 37 HWY,39.22483609,-86.5163814
2012,1,4,Weekday,1200,1-Car,No injury/unknown,DRIVER DISTRACTED - EXPLAIN IN NARRATIVE,CHESTER & CHESTER DRIVE DR,39.2244,-86.621088
2012,12,5,Weekday,2100,2-Car,No injury/unknown,OTHER (ENVIRONMENTAL) - EXPLAIN IN NARR,DEER RUN DR & TECUMSEH ST,39.22344359,-86.62104627
2012,6,7,Weekend,1300,2-Car,Non-incapacitating,FOLLOWING TOO CLOSELY,CAPITOL & SR46W,39.22331055,-86.60925865
2012,10,4,Weekday,1700,2-Car,No injury/unknown,FOLLOWING TOO CLOSELY,FRITZ & WALNUT ST,39.22312501,-86.53308995
2012,4,7,Weekend,1200,1-Car,No injury/unknown,SPEED TOO FAST FOR WEATHER CONDITIONS,N KINSER PIKE,39.222752,-86.550096
2012,5,2,Weekday,1700,2-Car,No injury/unknown,OTHER (VEHICLE) - EXPLAIN IN NARRATIVE,N KINSER PIKE,39.222752,-86.550096
2012,6,2,Weekday,1700,2-Car,No injury/unknown,UNSAFE BACKING,N KINSER PIKE,39.222752,-86.550096
2012,3,3,Weekday,1700,2-Car,Non-incapacitating,FOLLOWING TOO CLOSELY,NORTH OLD STATE ROAD 37 RD & WHISNAND,39.222544,-86.5172
2012,8,5,Weekday,1900,1-Car,No injury/unknown,IMPROPER PASSING,OLD STATE ROAD 37 & WHISNAND ROAD,39.222544,-86.5172
2012,1,6,Weekend,2300,1-Car,No injury/unknown,ROADWAY SURFACE CONDITION,NORTH SMITH PIKE & WOODYARD,39.22238412,-86.58310979
2012,8,2,Weekday,700,1-Car,No injury/unknown,SPEED TOO FAST FOR WEATHER CONDITIONS,PINEGROVE & SR446N,39.22215499,-86.42868027
2012,12,3,Weekday,1100,2-Car,No injury/unknown,FAILURE TO YIELD RIGHT OF WAY,LAKEVIEW & SR46W,39.22148334,-86.60616326
2012,4,5,Weekday,800,2-Car,No injury/unknown,OTHER (VEHICLE) - EXPLAIN IN NARRATIVE,CUSTER ST ST,39.22146559,-86.62532918
2012,8,2,Weekday,1000,1-Car,No injury/unknown,OTHER (DRIVER) - EXPLAIN IN NARRATIVE,17TH & 701 E 17TH (E ACCESS DR) ST,39.22128576,-86.53349103
2012,1,5,Weekday,1300,2-Car,Non-incapacitating,FOLLOWING TOO CLOSELY,LAKEVIEW & SR46W,39.22123484,-86.60574082
2012,1,3,Weekday,1600,2-Car,No injury/unknown,FAILURE TO YIELD RIGHT OF WAY,LAKEVIEW & SR46W,39.221152,-86.6056
2012,12,1,Weekend,1300,1-Car,No injury/unknown,SPEED TOO FAST FOR WEATHER CONDITIONS,HARBISON & HARTSTRAIGHT RD,39.220944,-86.612192
2012,8,4,Weekday,1400,2-Car,Non-incapacitating,DRIVER DISTRACTED - EXPLAIN IN NARRATIVE,EAST COX & SR45E,39.22012454,-86.44274395
2012,12,3,Weekday,1500,2-Car,No injury/unknown,UNSAFE LANE MOVEMENT,LOVE & SR46W,39.22005121,-86.6037376
2012,3,3,Weekday,2000,1-Car,No injury/unknown,ANIMAL/OBJECT IN ROADWAY,KINSER & SR37N,39.22003082,-86.55081748
2012,12,5,Weekday,2100,2-Car,No injury/unknown,ROADWAY SURFACE CONDITION,SR37N & VERNAL,39.21975992,-86.55998992
2012,8,7,Weekend,300,1-Car,No injury/unknown,RAN OFF ROAD RIGHT,BOLTINGHOUSE RD & OLD MYERS,39.21972147,-86.47278796
2012,1,6,Weekday,800,2-Car,No injury/unknown,VIEW OBSTRUCTED,SR45E,39.21936967,-86.44920774
2012,12,1,Weekend,1300,1-Car,No injury/unknown,RAN OFF ROAD RIGHT,SR45E,39.21936967,-86.44920774
2012,5,2,Weekday,500,1-Car,No injury/unknown,ANIMAL/OBJECT IN ROADWAY,KINSER & SR37N,39.21881363,-86.55163494
2012,2,3,Weekday,2000,1-Car,No injury/unknown,RAN OFF ROAD RIGHT,SR37N & SR46,39.21877162,-86.5550103
2012,11,3,Weekday,900,2-Car,No injury/unknown,FAILURE TO YIELD RIGHT OF WAY,LOVE LN & SR46W,39.21865316,-86.60146093
2012,9,3,Weekday,1700,2-Car,No injury/unknown,UNSAFE LANE MOVEMENT,N UNION VALLEY RD & W WILLOW,39.21811614,-86.59269156
2012,5,4,Weekday,1600,2-Car,No injury/unknown,FAILURE TO YIELD RIGHT OF WAY,DANIELS WAY & STATE ROAD 48,39.21770267,-86.59910984
2012,10,2,Weekday,800,2-Car,No injury/unknown,FOLLOWING TOO CLOSELY,NORTH RIDGEWOOD & SR46W,39.21727209,-86.59905517
2012,10,3,Weekday,1700,2-Car,No injury/unknown,OTHER (DRIVER) - EXPLAIN IN NARRATIVE,RATLIFF RD & STARNES,39.2168697,-86.65871992
2012,1,7,Weekend,1700,2-Car,No injury/unknown,UNSAFE BACKING,ARDSLEY DR & WHITERIVER,39.21684019,-86.58715993
2012,8,4,Weekday,800,Moped/Motorcycle,Non-incapacitating,FAILURE TO YIELD RIGHT OF WAY,BRIAR GATE & SR46W,39.21681897,-86.59710288
2012,2,7,Weekend,1600,1-Car,No injury/unknown,BRAKE FAILURE OR DEFECTIVE,RICHLAND PLAZA PLZ,39.21678185,-86.59311778
2012,7,3,Weekday,800,1-Car,No injury/unknown,BRAKE FAILURE OR DEFECTIVE,RICHLAND PLAZA DR,39.21677783,-86.59323781
2012,6,7,Weekend,1200,2-Car,No injury/unknown,UNSAFE BACKING,W RICHLAND PLAZA DR,39.21677783,-86.59323781
2012,10,3,Weekday,1500,2-Car,Non-incapacitating,FAILURE TO YIELD RIGHT OF WAY,BRIARGATE & SR46W,39.21659869,-86.59634113
2012,8,4,Weekday,900,2-Car,No injury/unknown,FAILURE TO YIELD RIGHT OF WAY,LOUDEN & RATLIFF RD,39.21656996,-86.63987003
2012,10,5,Weekday,1000,2-Car,Non-incapacitating,FAILURE TO YIELD RIGHT OF WAY,BRIAR GATE & SR46W,39.21656129,-86.59621239
2012,3,6,Weekday,1300,Pedestrian,Incapacitating,FAILURE TO YIELD RIGHT OF WAY,W RICHLAND PLAZA DR,39.21655923,-86.59484311
2012,3,7,Weekend,2200,2-Car,No injury/unknown,UNSAFE BACKING,W RICHLAND PLAZA DR,39.21653576,-86.59381046
2012,9,3,Weekday,1800,2-Car,Non-incapacitating,UNSAFE LANE MOVEMENT,NORTH KINSER & SR37,39.21631855,-86.55303465
2012,11,6,Weekday,1700,2-Car,No injury/unknown,UNSAFE LANE MOVEMENT,LYNWEST & UNION VALLEY RD,39.21605967,-86.59271009
2012,6,3,Weekday,1300,2-Car,No injury/unknown,FAILURE TO YIELD RIGHT OF WAY,SR46W & UNION VALLEY RD,39.21600797,-86.5928
2012,6,1,Weekend,600,1-Car,No injury/unknown,ANIMAL/OBJECT IN ROADWAY,SR46W & UNION VALLEY,39.21569341,-86.59442231
2012,7,4,Weekday,1600,2-Car,Non-incapacitating,OTHER (DRIVER) - EXPLAIN IN NARRATIVE,CASTILLA & SR45E,39.21566356,-86.45500481
2012,7,5,Weekday,1000,2-Car,No injury/unknown,IMPROPER TURNING,N UNION VALLEY RD,39.215568,-86.5928
2012,11,5,Weekday,2200,1-Car,No injury/unknown,OTHER (DRIVER) - EXPLAIN IN NARRATIVE,NORTH HARTSTRAIT,39.21552323,-86.61131925
2012,1,3,Weekday,1400,2-Car,No injury/unknown,FAILURE TO YIELD RIGHT OF WAY,BAYLES & BUSINESS 37 N HWY,39.21548398,-86.53703475
2012,5,6,Weekend,1900,2-Car,No injury/unknown,UNSAFE LANE MOVEMENT,N STONE MILL & SR37N,39.21548398,-86.53703475
2012,9,5,Weekday,2200,2-Car,Non-incapacitating,FOLLOWING TOO CLOSELY,SR46W & UNION VALLEY,39.21546406,-86.59297228
2012,1,2,Weekday,1300,2-Car,Non-incapacitating,FAILURE TO YIELD RIGHT OF WAY,0LD 37 NORTH RD & BETHEL LANE,39.2154225,-86.52155578
2012,5,5,Weekday,1100,2-Car,No injury/unknown,FOLLOWING TOO CLOSELY,SR46 & UNION VALLEY RD,39.21535861,-86.59301239
2012,1,7,Weekend,1000,2-Car,No injury/unknown,FAILURE TO YIELD RIGHT OF WAY,BETHEL & OLD STATE ROAD 37 RD,39.215344,-86.521392
2012,4,2,Weekday,1200,Moped/Motorcycle,Non-incapacitating,FAILURE TO YIELD RIGHT OF WAY,E BETHEL LN & N OLD SR 37,39.215344,-86.521392
2012,9,3,Weekday,1600,2-Car,Non-incapacitating,DRIVER DISTRACTED - EXPLAIN IN NARRATIVE,BETHEL LN & NORTH OLD STATE ROAD 37,39.215344,-86.521392
2012,8,5,Weekday,1500,1-Car,No injury/unknown,ANIMAL/OBJECT IN ROADWAY,BETHEL & OLD STATE ROAD 37 N RD,39.215344,-86.521392
2012,4,3,Weekday,1400,Moped/Motorcycle,No injury/unknown,IMPROPER PASSING,BETHEL LN & OLD STATE ROAD 37,39.21531276,-86.51786157
2012,1,7,Weekend,1600,2-Car,No injury/unknown,OTHER (ENVIRONMENTAL) - EXPLAIN IN NARR,CENTENNIAL DR & SR 46,39.21525367,-86.58269003
2012,3,4,Weekday,1600,2-Car,No injury/unknown,FOLLOWING TOO CLOSELY,RATLIFF & THOMAS RD,39.21519849,-86.63041197
2012,2,2,Weekday,2200,2-Car,No injury/unknown,FOLLOWING TOO CLOSELY,N UNION VALLEY & SR46W,39.215152,-86.5928
2012,5,5,Weekday,1700,2-Car,Non-incapacitating,FAILURE TO YIELD RIGHT OF WAY,SR46W & UNION VALLEY,39.215152,-86.5928
2012,5,6,Weekday,1200,2-Car,No injury/unknown,DRIVER DISTRACTED - EXPLAIN IN NARRATIVE,SR46W & UNION VALLEY,39.215152,-86.5928
2012,9,4,Weekday,1000,2-Car,Incapacitating,FAILURE TO YIELD RIGHT OF WAY,SR46 & UNION VALLEY,39.215152,-86.5928
2012,10,7,Weekend,1800,2-Car,No injury/unknown,OTHER (DRIVER) - EXPLAIN IN NARRATIVE,SR46W & UNION VALLEY,39.215152,-86.5928
2012,10,4,Weekday,1100,2-Car,No injury/unknown,DISREGARD SIGNAL/REG SIGN,SR46 & UNION VALLEY RD,39.215152,-86.5928
2012,4,3,Weekday,600,1-Car,No injury/unknown,ANIMAL/OBJECT IN ROADWAY,SR46W & UNION VALLEY,39.21496137,-86.59254583
2012,1,1,Weekday,1900,1-Car,No injury/unknown,ANIMAL/OBJECT IN ROADWAY,BETHEL LN & INNISBROOKE,39.21490029,-86.46903181
2012,11,7,Weekend,1200,1-Car,No injury/unknown,RAN OFF ROAD RIGHT,BETHEL LN & STIDD,39.214752,-86.477504
2012,9,3,Weekday,1800,2-Car,Non-incapacitating,OTHER (DRIVER) - EXPLAIN IN NARRATIVE,BETHEL LN & BOLTINGHOUSE,39.214752,-86.472896
2012,9,1,Weekend,1500,2-Car,No injury/unknown,UNSAFE LANE MOVEMENT,BETHEL & BOLTING HOUSE RD,39.214752,-86.472896
2012,1,4,Weekday,0,1-Car,No injury/unknown,RAN OFF ROAD RIGHT,ROBS LN,39.214752,-86.468
2012,8,2,Weekday,1600,1-Car,Non-incapacitating,RAN OFF ROAD RIGHT,BRUMMETTS CREEK RD & MCCOY,39.21457976,-86.39936976
2012,9,5,Weekday,1500,1-Car,No injury/unknown,OTHER (VEHICLE) - EXPLAIN IN NARRATIVE,E THORNTON DR,39.214448,-86.570832
2012,10,3,Weekday,1400,1-Car,No injury/unknown,SPEED TOO FAST FOR WEATHER CONDITIONS,BETHEL LN & HINKLE,39.21426961,-86.50841283
2012,5,3,Weekday,1700,2-Car,No injury/unknown,FOLLOWING TOO CLOSELY,2ND & S COLLEGE AVE,39.21424802,-86.53492994
2012,5,6,Weekday,1000,2-Car,Non-incapacitating,FAILURE TO YIELD RIGHT OF WAY,SR46W & UNION VALLEY,39.21421656,-86.59150766
2012,3,4,Weekday,1300,2-Car,Non-incapacitating,FOLLOWING TOO CLOSELY,N UNION VALLEY & SR46W,39.21421656,-86.59150766
2012,2,6,Weekend,2200,1-Car,No injury/unknown,ROADWAY SURFACE CONDITION,3500 BLK BETHEL LN & BAUGH,39.21364312,-86.48537661
2012,6,3,Weekday,1600,1-Car,No injury/unknown,UNSAFE SPEED,4850 N OLD STATE ROAD 37 HWY & PRAIRRIE,39.21323678,-86.51722983
2012,11,6,Weekday,1400,2-Car,Non-incapacitating,FAILURE TO YIELD RIGHT OF WAY,BAUGH & BETHEL LN,39.21303011,-86.48676352
2012,10,6,Weekday,1700,1-Car,Non-incapacitating,RAN OFF ROAD RIGHT,BAUGH & BETHEL LN,39.21291182,-86.48866078
2012,5,7,Weekend,2200,1-Car,No injury/unknown,RAN OFF ROAD RIGHT,BAUGH & BETHEL LN,39.21269745,-86.49235815
2012,6,4,Weekday,2000,1-Car,No injury/unknown,ANIMAL/OBJECT IN ROADWAY,BETHEL & SR45,39.21267017,-86.46002932
2012,5,1,Weekend,1400,2-Car,No injury/unknown,FOLLOWING TOO CLOSELY,N SMITH PIKE & NORWAY,39.21246468,-86.58311985
2012,11,6,Weekday,1600,1-Car,No injury/unknown,UNSAFE BACKING,YELLOW WOOD LAKE RD,39.2121879,-86.34468689
2012,4,6,Weekday,1500,2-Car,No injury/unknown,FAILURE TO YIELD RIGHT OF WAY,DEER PARK & SR46W,39.212048,-86.5872
2012,6,3,Weekday,700,2-Car,No injury/unknown,UNSAFE LANE MOVEMENT,DEER PARK & SR46W,39.212048,-86.5872
2012,8,2,Weekday,900,2-Car,No injury/unknown,OTHER (DRIVER) - EXPLAIN IN NARRATIVE,DEER PARK & SR46W,39.212048,-86.5872
2012,12,6,Weekday,700,2-Car,No injury/unknown,ROADWAY SURFACE CONDITION,FOREST PARK DR & SR46,39.212048,-86.5872
2012,4,2,Weekday,1600,1-Car,No injury/unknown,ANIMAL/OBJECT IN ROADWAY,BOTTOM & SR37,39.21159419,-86.54191978
2012,7,1,Weekend,300,1-Car,No injury/unknown,RAN OFF ROAD RIGHT,E WOODRIDGE DR,39.21148212,-86.52871184
2012,4,7,Weekend,1000,1-Car,No injury/unknown,SPEED TOO FAST FOR WEATHER CONDITIONS,N KINSER PIKE & W CLUB HOUSE,39.21140425,-86.54285989
2012,4,2,Weekday,900,2-Car,No injury/unknown,DRIVER DISTRACTED - EXPLAIN IN NARRATIVE,ARLINGTON & SR46E,39.21065013,-86.58406589
2012,3,5,Weekday,700,2-Car,No injury/unknown,UNSAFE LANE MOVEMENT,SMITH & SR46W,39.21030898,-86.58348225
2012,6,3,Weekday,1700,2-Car,No injury/unknown,FAILURE TO YIELD RIGHT OF WAY,GRAMERCY & HINKLE RD,39.21030676,-86.50541446
2012,1,5,Weekday,1200,2-Car,No injury/unknown,FAILURE TO YIELD RIGHT OF WAY,SMITH PIKE & SR46,39.210144,-86.5832
2012,2,3,Weekday,1200,2-Car,Non-incapacitating,UNSAFE SPEED,SMITH & SR46W,39.210144,-86.5832
2012,3,6,Weekday,1400,2-Car,No injury/unknown,FOLLOWING TOO CLOSELY,SMITH & SR46W,39.210144,-86.5832
2012,9,2,Weekday,2100,1-Car,No injury/unknown,OVERCORRECTING/OVERSTEERING,SMITH & SR46W,39.210144,-86.5832
2012,5,1,Weekend,1200,2-Car,No injury/unknown,LEFT OF CENTER,BETHEL & SR45E,39.209952,-86.463392
2012,6,1,Weekend,500,1-Car,Non-incapacitating,RAN OFF ROAD RIGHT,BETHEL & SR45E,39.209952,-86.463392
2012,11,3,Weekday,1400,3+ Cars,No injury/unknown,DRIVER DISTRACTED - EXPLAIN IN NARRATIVE,SMITH & SR46,39.20991579,-86.58276778
2012,7,6,Weekday,1600,1-Car,No injury/unknown,RAN OFF ROAD RIGHT,W PYRAMID CT,39.20987885,-86.57939557
2012,8,6,Weekday,0,2-Car,No injury/unknown,OTHER (DRIVER) - EXPLAIN IN NARRATIVE,SMITH PIKE & SR46,39.20986935,-86.5832
2012,8,5,Weekday,1400,2-Car,No injury/unknown,DRIVER DISTRACTED - EXPLAIN IN NARRATIVE,ARLINGTON & SR46W,39.209808,-86.582672
2012,1,4,Weekday,1600,2-Car,No injury/unknown,UNSAFE LANE MOVEMENT,ARLINGTON & SR46W,39.20971899,-86.58253758
2012,6,7,Weekend,1600,2-Car,No injury/unknown,UNSAFE BACKING,BEXLEY DR & ROXFORD,39.20922514,-86.55808351
2012,1,7,Weekend,1900,1-Car,No injury/unknown,ANIMAL/OBJECT IN ROADWAY,ACUFF RD & SR37S,39.20878235,-86.55459194
2012,4,1,Weekday,2100,3+ Cars,Non-incapacitating,OTHER (DRIVER) - EXPLAIN IN NARRATIVE,ST ROAD BUISNESS 37 HWY & WISHNAND,39.20877419,-86.53976999
2012,2,4,Weekday,2300,1-Car,No injury/unknown,OVERCORRECTING/OVERSTEERING,HARTSTRAIGHT ROAD RD & WOODYARD ROAD,39.208544,-86.611504
2012,6,3,Weekday,900,2-Car,No injury/unknown,UNSAFE BACKING,OLD SR 37,39.208432,-86.52578188
2012,8,5,Weekday,1300,2-Car,Non-incapacitating,FAILURE TO YIELD RIGHT OF WAY,ACUFF RD & PROW,39.20835033,-86.55211016
2012,2,2,Weekday,1600,3+ Cars,Non-incapacitating,FAILURE TO YIELD RIGHT OF WAY,ACUFF & SR37N,39.20824,-86.554704
2012,2,4,Weekday,1800,2-Car,No injury/unknown,FAILURE TO YIELD RIGHT OF WAY,ACUFF & SR37N,39.20824,-86.554704
2012,4,2,Weekday,1600,2-Car,Non-incapacitating,FAILURE TO YIELD RIGHT OF WAY,ACUFF & SR37N,39.20824,-86.554704
2012,9,5,Weekday,1300,2-Car,Non-incapacitating,FAILURE TO YIELD RIGHT OF WAY,ACUFF & SR37S,39.20824,-86.554704
2012,1,2,Weekday,1700,1-Car,No injury/unknown,ROADWAY SURFACE CONDITION,ACUFF ROAD RD & PROW RD,39.20824,-86.552192
2012,12,6,Weekday,1500,1-Car,No injury/unknown,ROADWAY SURFACE CONDITION,FOREST PARK & SMITH PIKE,39.20822363,-86.58315447
2012,5,3,Weekday,1800,3+ Cars,No injury/unknown,ROADWAY SURFACE CONDITION,FORREST PARK & SMITH PIKE,39.20822024,-86.58315002
2012,12,6,Weekday,1100,2-Car,Non-incapacitating,SPEED TOO FAST FOR WEATHER CONDITIONS,SMITH PIKE & W FORREST PARK,39.20822024,-86.58315002
2012,12,4,Weekday,800,2-Car,No injury/unknown,OTHER (DRIVER) - EXPLAIN IN NARRATIVE,SMITH & WEST FOREST DR,39.20822024,-86.58315002
2012,9,3,Weekday,1000,2-Car,Non-incapacitating,OTHER (DRIVER) - EXPLAIN IN NARRATIVE,SR46W,39.20817926,-86.57903341
2012,1,6,Weekend,2100,1-Car,Non-incapacitating,UNSAFE SPEED,DUNN & OLD STATE ROAD 37 RD,39.208048,-86.528704
2012,10,2,Weekday,1600,2-Car,Non-incapacitating,SPEED TOO FAST FOR WEATHER CONDITIONS,DUNN & N OLD STATE ROAD 37 RD,39.208048,-86.528704
2012,10,1,Weekend,800,1-Car,No injury/unknown,OTHER (DRIVER) - EXPLAIN IN NARRATIVE,N DUNN & N OLD SR 37 RD,39.208048,-86.528704
2012,10,4,Weekday,1700,1-Car,No injury/unknown,SPEED TOO FAST FOR WEATHER CONDITIONS,DUNN & OLD STATE ROAD 37 RD,39.208048,-86.528704
2012,10,6,Weekday,1800,3+ Cars,Non-incapacitating,OVERCORRECTING/OVERSTEERING,DUNN & OLD SR 37 RD,39.208048,-86.528704
2012,11,7,Weekend,1100,1-Car,No injury/unknown,RAN OFF ROAD RIGHT,DUNN & OLD STATE ROAD 37 N RD,39.208048,-86.528704
2012,10,2,Weekday,1700,2-Car,Non-incapacitating,LEFT OF CENTER,NORTH DUNN & OLD 37 RD,39.20801975,-86.52880649
2012,10,3,Weekday,1400,1-Car,No injury/unknown,OVERCORRECTING/OVERSTEERING,N DUNN & N OLD ST RD 37 RD,39.20801975,-86.52880649
2012,10,4,Weekday,1700,1-Car,No injury/unknown,ROADWAY SURFACE CONDITION,DUNN & OLD STATE 37 RD,39.20801975,-86.52869832
2012,10,4,Weekday,1700,1-Car,No injury/unknown,ROADWAY SURFACE CONDITION,DUNN & OLD STATE 37 RD,39.20801975,-86.528694
2012,5,4,Weekday,1300,2-Car,No injury/unknown,UNSAFE BACKING,ARLINGTON RD,39.20791849,-86.5790563
2012,10,4,Weekday,1300,2-Car,No injury/unknown,UNSAFE LANE MOVEMENT,SR46W,39.20790453,-86.57552608
2012,10,4,Weekday,1600,2-Car,No injury/unknown,FAILURE TO YIELD RIGHT OF WAY,SR46 & SR46W,39.20790453,-86.57552608
2012,7,2,Weekday,1300,2-Car,No injury/unknown,ACCELERATOR FAILURE OR DEFECTIVE,OLD STATE ROAD 37 RD,39.20790173,-86.52855768
2012,9,2,Weekday,1500,1-Car,No injury/unknown,SPEED TOO FAST FOR WEATHER CONDITIONS,N DUNN & SR37N,39.20781837,-86.52630956
2012,1,1,Weekday,1900,1-Car,Non-incapacitating,ANIMAL/OBJECT IN ROADWAY,ACUFF & SR37N,39.2076907,-86.55470004
2012,1,7,Weekend,1200,2-Car,No injury/unknown,FAILURE TO YIELD RIGHT OF WAY,SR46 & SR46W,39.207648,-86.573792
2012,1,2,Weekday,1400,2-Car,No injury/unknown,DRIVER DISTRACTED - EXPLAIN IN NARRATIVE,SR46 & SR46W,39.207648,-86.573792
2012,2,7,Weekend,1100,2-Car,No injury/unknown,FAILURE TO YIELD RIGHT OF WAY,SR46 & SR46W,39.207648,-86.573792
2012,5,5,Weekday,1600,2-Car,No injury/unknown,FAILURE TO YIELD RIGHT OF WAY,SR46 & SR46W,39.207648,-86.573792
2012,4,1,Weekend,1600,2-Car,No injury/unknown,DRIVER DISTRACTED - EXPLAIN IN NARRATIVE,SR46 & SR46W,39.207648,-86.573792
2012,11,4,Weekday,1500,2-Car,No injury/unknown,FAILURE TO YIELD RIGHT OF WAY,SR46 & SR46W,39.207648,-86.573792
2012,11,3,Weekday,1800,2-Car,No injury/unknown,FOLLOWING TOO CLOSELY,SR46 & SR46W,39.207648,-86.573792
2012,10,5,Weekday,1700,2-Car,No injury/unknown,UNSAFE LANE MOVEMENT,ARLINGTON & SR46W,39.20763016,-86.57987541
2012,12,3,Weekday,1700,3+ Cars,Non-incapacitating,UNSAFE SPEED,SR46 & W ARLINGTON,39.20756748,-86.57986869
2012,5,6,Weekend,2300,2-Car,No injury/unknown,FAILURE TO YIELD RIGHT OF WAY,1900 BLOCK S WALNUT ST & NORTH,39.20752056,-86.53181268
2012,7,6,Weekday,700,2-Car,No injury/unknown,INSECURE/LEAKY LOAD,SR46 & SR46W,39.20733466,-86.57321208
2012,11,1,Weekday,1900,1-Car,No injury/unknown,ANIMAL/OBJECT IN ROADWAY,ACUFF & SR37S,39.2071414,-86.55469607
2012,11,5,Weekday,800,2-Car,No injury/unknown,ANIMAL/OBJECT IN ROADWAY,ACUFF & SR37N,39.2071414,-86.55469607
2012,2,6,Weekday,1700,2-Car,No injury/unknown,DISREGARD SIGNAL/REG SIGN,OLD SR 37 & SR 37  BUISNESS RD,39.20712993,-86.53484009
2012,8,7,Weekend,1200,2-Car,No injury/unknown,FAILURE TO YIELD RIGHT OF WAY,NORTH WALNUT ST & OLD SR 37,39.20704,-86.534704
2012,9,6,Weekday,1600,2-Car,No injury/unknown,FOLLOWING TOO CLOSELY,NORTH OLD STATE ROAD 37 & NORTH WALNUT ST,39.20704,-86.534704
2012,10,2,Weekday,2200,2-Car,No injury/unknown,FOLLOWING TOO CLOSELY,OLD STATE ROAD 37 & WALNUT ST,39.20704,-86.534704
2012,10,5,Weekday,1400,2-Car,Non-incapacitating,FOLLOWING TOO CLOSELY,OLD STATE RD 37 & WALNUT ST,39.20704,-86.534704
2012,10,3,Weekday,1900,1-Car,No injury/unknown,ANIMAL/OBJECT IN ROADWAY,N WALNUT ST & OLD STATE RD 37,39.20704,-86.534704