Year,Month,Day,Weekend?,Hour,Collision Type,Injury Type,Primary Factor,Reported_Location,Latitude,Longitude
2012,5,7,Weekend,1700,2-Car,No injury/unknown,FOLLOWING TOO CLOSELY,N SMITH PIKE & W COFFEY,39.20703259,-86.58314623
2012,5,6,Weekend,2000,3+ Cars,No injury/unknown,UNSAFE LANE MOVEMENT,INDIANA AVE & THIRD,39.20661732,-86.52691014
2012,6,5,Weekday,1500,2-Car,No injury/unknown,OTHER (DRIVER) - EXPLAIN IN NARRATIVE,WEST STATE STATE ROAD 46 RD,39.20659952,-86.57143749
2012,9,3,Weekday,1700,2-Car,No injury/unknown,IMPROPER TURNING,ACUFF & N MAPLE GROVE RD,39.206352,-86.557696
2012,11,1,Weekend,100,1-Car,Non-incapacitating,ANIMAL/OBJECT IN ROADWAY,ACUFF & N MAPLE GROVE RD,39.206352,-86.557696
2012,4,3,Weekday,2100,2-Car,No injury/unknown,IMPROPER TURNING,S STATE RD 46,39.206312,-86.571312
2012,9,7,Weekend,300,1-Car,No injury/unknown,RAN OFF ROAD RIGHT,SR46E,39.206312,-86.571312
2012,1,3,Weekday,900,1-Car,No injury/unknown,OTHER (DRIVER) - EXPLAIN IN NARRATIVE,N DUNN ST,39.206144,-86.528592
2012,2,5,Weekday,2300,2-Car,No injury/unknown,UNSAFE BACKING,N DUNN ST,39.206144,-86.528592
2012,8,1,Weekend,300,2-Car,No injury/unknown,OTHER (DRIVER) - EXPLAIN IN NARRATIVE,N DUNN ST,39.206144,-86.528592
2012,3,2,Weekday,1100,3+ Cars,No injury/unknown,FOLLOWING TOO CLOSELY,SMITH PIKE & W CARMOLA,39.204448,-86.583168
2012,10,1,Weekend,0,2-Car,No injury/unknown,RAN OFF ROAD RIGHT,N HINKLE RD,39.20409393,-86.50946044
2012,7,2,Weekday,1600,2-Car,No injury/unknown,FAILURE TO YIELD RIGHT OF WAY,LAW & UNION ST,39.20406993,-86.50966018
2012,8,3,Weekday,0,1-Car,No injury/unknown,UNSAFE BACKING,10TH & JORDAN AVE,39.20331897,-86.51566028
2012,4,6,Weekday,1500,2-Car,No injury/unknown,FAILURE TO YIELD RIGHT OF WAY,N KINSER PIKE,39.20304,-86.547392
2012,12,4,Weekday,1400,2-Car,No injury/unknown,IMPROPER TURNING,N KINSER PIKE,39.20304,-86.547392
2012,8,4,Weekday,400,1-Car,No injury/unknown,ANIMAL/OBJECT IN ROADWAY,CONNAUGHT & SR37N,39.20226578,-86.53384029
2012,8,3,Weekday,800,2-Car,No injury/unknown,LEFT OF CENTER,ARLINGTON RD & STONEY BROOK,39.20197331,-86.56168275
2012,6,6,Weekday,1000,2-Car,No injury/unknown,LEFT OF CENTER,WEST WALCOTT & WEST WOODYARD RD,39.201488,-86.601968
2012,3,7,Weekend,1600,2-Car,No injury/unknown,LEFT OF CENTER,HARTSTRAIT & WALCOTT LN,39.20132026,-86.61130987
2012,1,2,Weekday,1500,2-Car,No injury/unknown,SPEED TOO FAST FOR WEATHER CONDITIONS,KINSER PIKE,39.20113318,-86.54733046
2012,1,7,Weekend,1200,1-Car,Non-incapacitating,DRIVER DISTRACTED - EXPLAIN IN NARRATIVE,KINSER PIKE,39.20113318,-86.54733046
2012,2,1,Weekend,300,1-Car,No injury/unknown,CELL PHONE USAGE,CLUBHOUSE & NORTH KINSER PIKE,39.20082003,-86.54285989
2012,9,2,Weekday,1500,2-Car,No injury/unknown,LEFT OF CENTER,CLUB HOUSE & KINSER PIKE,39.20082003,-86.54285989
2012,12,2,Weekday,1000,2-Car,No injury/unknown,LEFT OF CENTER,N KINSER PIKE & W CLUB HOUSE,39.20082003,-86.54285989
2012,10,4,Weekday,600,Moped/Motorcycle,Non-incapacitating,ANIMAL/OBJECT IN ROADWAY,BROOKFIELD & STONEYBROOK BLVD,39.20064032,-86.56239978
2012,11,2,Weekday,2300,1-Car,Non-incapacitating,ANIMAL/OBJECT IN ROADWAY,HEADLY RD & HINKLE,39.20053715,-86.51415019
2012,5,1,Weekend,1100,1-Car,No injury/unknown,RAN OFF ROAD RIGHT,RUSSELL & SR45E,39.200352,-86.468
2012,10,2,Weekday,1300,1-Car,Non-incapacitating,RAN OFF ROAD RIGHT,MAPLE GROVE & W ARLINGTON RD,39.20006819,-86.55987856
2012,1,4,Weekday,1800,2-Car,No injury/unknown,IMPROPER PASSING,ARLINGTON RD & N MAPLE GROVE,39.19977752,-86.55974501
2012,4,4,Weekday,0,1-Car,No injury/unknown,ANIMAL/OBJECT IN ROADWAY,N RUSSELL & SR45E,39.19952847,-86.46796576
2012,5,1,Weekend,900,1-Car,No injury/unknown,RAN OFF ROAD RIGHT,DUNN ST & KENWOOD,39.19907687,-86.52865221
2012,12,1,Weekend,1300,1-Car,No injury/unknown,RAN OFF ROAD RIGHT,N SMITH PIKE & W NELSON,39.199072,-86.583152
2012,7,7,Weekend,1500,1-Car,No injury/unknown,IMPROPER TURNING,WALNUT ST,39.19905782,-86.53515256
2012,10,5,Weekday,1300,2-Car,No injury/unknown,UNSAFE LANE MOVEMENT,ACUFF & SR37S,39.19863467,-86.5543644
2012,9,5,Weekday,1000,2-Car,No injury/unknown,IMPROPER LANE USAGE,OLD STATE ROAD 37 & SR37S,39.19851068,-86.54416009
2012,10,2,Weekday,400,1-Car,No injury/unknown,ANIMAL/OBJECT IN ROADWAY,E WYLIE & SR37N,39.19846062,-86.52923025
2012,6,7,Weekend,1500,Moped/Motorcycle,No injury/unknown,FAILURE TO YIELD RIGHT OF WAY,OLD STATE 37 NORTH RD & WYLIE,39.19837089,-86.50107979
2012,4,6,Weekend,1900,1-Car,No injury/unknown,ROADWAY SURFACE CONDITION,2600 N OLD STATE RD 37 RD & CLUB HOUSE,39.19824,-86.5368
2012,9,6,Weekday,800,2-Car,No injury/unknown,,KINGSLEY DR & WINDING,39.1979903,-86.54326021
2012,5,1,Weekend,1800,2-Car,No injury/unknown,FAILURE TO YIELD RIGHT OF WAY,ARLINGTON RD & STOUTS CREEK,39.19789977,-86.55834356
2012,10,7,Weekend,2200,2-Car,No injury/unknown,UNSAFE BACKING,WALNUT ST,39.19787832,-86.53483405
2012,1,2,Weekday,1600,Pedestrian,Non-incapacitating,PEDESTRIAN ACTION,SR37S & VERNAL,39.1976155,-86.56233005
2012,10,5,Weekday,2300,1-Car,No injury/unknown,ANIMAL/OBJECT IN ROADWAY,SR37N & SR46,39.19689046,-86.55462122
2012,4,6,Weekday,1700,2-Car,No injury/unknown,FOLLOWING TOO CLOSELY,E BLUE RIDGE & N WALNUT ST,39.196848,-86.5344
2012,4,6,Weekday,1500,3+ Cars,Incapacitating,FOLLOWING TOO CLOSELY,BLUE RIDGE & N WALNUT ST,39.196848,-86.5344
2012,6,4,Weekday,1200,2-Car,Non-incapacitating,FOLLOWING TOO CLOSELY,BLUE RIDGE & WALNUT ST,39.196848,-86.5344
2012,10,6,Weekend,1900,2-Car,No injury/unknown,FOLLOWING TOO CLOSELY,E BLUE RIDGE & N WALNUT ST,39.196848,-86.5344
2012,11,5,Weekday,1900,1-Car,No injury/unknown,ANIMAL/OBJECT IN ROADWAY,SR37N & SR46,39.19634117,-86.55461537
2012,2,1,Weekend,1800,2-Car,No injury/unknown,FOLLOWING TOO CLOSELY,BLUE RIDGE & WALNUT ST,39.19632137,-86.53419924
2012,7,7,Weekend,1500,Moped/Motorcycle,Incapacitating,FOLLOWING TOO CLOSELY,EAST UNIVERSITY & SR46E,39.19567151,-86.50326982
2012,1,7,Weekend,1000,1-Car,No injury/unknown,SPEED TOO FAST FOR WEATHER CONDITIONS,KINSER PIKE & WINDING,39.19545868,-86.54135484
2012,10,7,Weekend,0,2-Car,No injury/unknown,UNSAFE SPEED,STONEGATE & STONEGATE CT,39.194944,-86.543392
2012,12,5,Weekday,1700,1-Car,No injury/unknown,DRIVER DISTRACTED - EXPLAIN IN NARRATIVE,MEADOW LN,39.19480133,-86.54415893
2012,3,4,Weekday,1200,1-Car,No injury/unknown,OTHER (VEHICLE) - EXPLAIN IN NARRATIVE,FOSTER EAST LOT DR & LAW,39.19475503,-86.51665828
2012,11,6,Weekend,2200,2-Car,No injury/unknown,OTHER (DRIVER) - EXPLAIN IN NARRATIVE,ARLINGTON & SR37,39.19455597,-86.55459638
2012,11,1,Weekend,1800,1-Car,No injury/unknown,ANIMAL/OBJECT IN ROADWAY,ARLINGTON & SR37N,39.19425386,-86.55459317
2012,1,4,Weekday,1300,2-Car,No injury/unknown,DISREGARD SIGNAL/REG SIGN,SR37S & SR46W,39.194144,-86.554592
2012,1,6,Weekend,2000,1-Car,No injury/unknown,RAN OFF ROAD RIGHT,SR37N & SR4546,39.194144,-86.554592
2012,6,1,Weekend,1300,2-Car,Non-incapacitating,FOLLOWING TOO CLOSELY,37 & SR46W,39.194144,-86.554592
2012,10,4,Weekday,800,1-Car,No injury/unknown,ANIMAL/OBJECT IN ROADWAY,SR37N & SR46W,39.194144,-86.554592
2012,5,4,Weekday,900,2-Car,No injury/unknown,UNSAFE BACKING,N WALNUT ST,39.193952,-86.533296
2012,6,1,Weekend,1600,2-Car,No injury/unknown,UNSAFE BACKING,N WALNUT ST,39.193952,-86.533296
2012,5,1,Weekend,700,1-Car,No injury/unknown,ANIMAL/OBJECT IN ROADWAY,NORTH LOESCH & WEST WOODYARD RD,39.193872,-86.590784
2012,6,6,Weekday,400,1-Car,No injury/unknown,RAN OFF ROAD RIGHT,4611 W WOODYARD RD & N LOESCH,39.193872,-86.590784
2012,11,3,Weekday,2000,3+ Cars,Non-incapacitating,FOLLOWING TOO CLOSELY,45 & CURRY PIKE,39.19368213,-86.57132149
2012,6,7,Weekend,1500,2-Car,No injury/unknown,DRIVER DISTRACTED - EXPLAIN IN NARRATIVE,N CURRY & SR46W,39.19366929,-86.57140975
2012,5,4,Weekday,800,2-Car,No injury/unknown,LEFT OF CENTER,GETTYS CREEK & MT GILEAD RD,39.19344,-86.436288
2012,12,2,Weekday,2300,1-Car,No injury/unknown,RAN OFF ROAD RIGHT,GETTYS CREEK & MT GILEAD RD,39.19344,-86.436288
2012,11,4,Weekday,1000,1-Car,No injury/unknown,TIRE FAILURE OR DEFECTIVE,RUSSEL RD & TIMBERCREST,39.193408,-86.48584
2012,1,6,Weekend,2100,1-Car,No injury/unknown,ROADWAY SURFACE CONDITION,LOESCH RD & WOODYARD,39.19320661,-86.59140854
2012,3,4,Weekday,1600,2-Car,No injury/unknown,FOLLOWING TOO CLOSELY,17TH & SR46S,39.17866376,-86.50618143
2012,5,6,Weekday,1700,2-Car,Non-incapacitating,DRIVER DISTRACTED - EXPLAIN IN NARRATIVE,ARLINGTON VALLY & MONROE ST,39.19317533,-86.54671898
2012,2,2,Weekday,1600,Pedestrian,No injury/unknown,IMPROPER LANE USAGE,2ND & COLLEGE AVE,39.19310087,-86.53492994
2012,6,5,Weekday,2100,Moped/Motorcycle,Non-incapacitating,OTHER (DRIVER) - EXPLAIN IN NARRATIVE,ARLINGTON & PROW RD,39.19275908,-86.55251058
2012,1,7,Weekend,800,1-Car,No injury/unknown,ROADWAY SURFACE CONDITION,ARLINGTON RD & PROW,39.19238985,-86.55262259
2012,5,4,Weekday,800,Bus,No injury/unknown,FOLLOWING TOO CLOSELY,N PROW RD & W ARLINGTON,39.192352,-86.552592
2012,8,3,Weekday,1200,2-Car,No injury/unknown,LEFT OF CENTER,3505 PROW RD & ARLINGTON,39.192352,-86.552592
2012,10,6,Weekend,2000,2-Car,No injury/unknown,FAILURE TO YIELD RIGHT OF WAY,SR46E & WALNUT ST,39.19171718,-86.53296591
2012,1,7,Weekend,1000,2-Car,No injury/unknown,FAILURE TO YIELD RIGHT OF WAY,2600 BLK N WALNUT ST & FRITZ,39.191248,-86.532896
2012,2,4,Weekday,2000,2-Car,No injury/unknown,FAILURE TO YIELD RIGHT OF WAY,FRITZ & N WALNUT ST,39.191248,-86.532896
2012,2,2,Weekday,800,2-Car,No injury/unknown,FAILURE TO YIELD RIGHT OF WAY,FRITZ & N WALNUT ST,39.191248,-86.532896
2012,3,4,Weekday,1500,3+ Cars,Non-incapacitating,FAILURE TO YIELD RIGHT OF WAY,FRITZ & NORTH WALNUT ST,39.191248,-86.532896
2012,8,1,Weekend,1800,2-Car,Non-incapacitating,FAILURE TO YIELD RIGHT OF WAY,FRITZ & N WALNUT ST,39.191248,-86.532896
2012,10,4,Weekday,2100,2-Car,No injury/unknown,FAILURE TO YIELD RIGHT OF WAY,FRITZ & N WALNUT ST,39.191248,-86.532896
2012,5,2,Weekday,1300,2-Car,No injury/unknown,FAILURE TO YIELD RIGHT OF WAY,DUNN ST & THIRD,39.19088595,-86.52821972
2012,1,3,Weekday,1800,2-Car,Non-incapacitating,FAILURE TO YIELD RIGHT OF WAY,CURRY PIKE & WOODYARD,39.190672,-86.582992
2012,5,5,Weekday,1400,2-Car,No injury/unknown,FAILURE TO YIELD RIGHT OF WAY,CURRY PIKE & WOODYARD,39.190672,-86.582992
2012,4,2,Weekday,1800,2-Car,No injury/unknown,FAILURE TO YIELD RIGHT OF WAY,CURRY PIKE & WOODYARD,39.190672,-86.582992
2012,4,7,Weekend,1500,2-Car,No injury/unknown,OTHER (DRIVER) - EXPLAIN IN NARRATIVE,CURRY PIKE & WOODYARD,39.190672,-86.582992
2012,5,4,Weekday,700,2-Car,Non-incapacitating,FAILURE TO YIELD RIGHT OF WAY,CURRY & WOODYARD RD,39.190672,-86.582992
2012,6,2,Weekday,1400,2-Car,No injury/unknown,FAILURE TO YIELD RIGHT OF WAY,CURRY PIKE & WOODYARD,39.190672,-86.582992
2012,8,4,Weekday,1600,3+ Cars,No injury/unknown,OTHER (DRIVER) - EXPLAIN IN NARRATIVE,CURRY & WOODYARD RD,39.190672,-86.582992
2012,9,5,Weekday,200,1-Car,Non-incapacitating,RAN OFF ROAD RIGHT,N CURRY PIKE & WOODYARD,39.190672,-86.582992
2012,12,6,Weekend,2100,2-Car,Non-incapacitating,DISREGARD SIGNAL/REG SIGN,CURRY PIKE & WOODYARD,39.19028029,-86.58252976
2012,10,5,Weekday,1300,2-Car,No injury/unknown,FAILURE TO YIELD RIGHT OF WAY,GLENDORA & WALNUT ST,39.19023,-86.53324015
2012,12,7,Weekend,1900,2-Car,No injury/unknown,IMPROPER PASSING,GLENDORA & WALNUT ST,39.189968,-86.533232
2012,6,3,Weekday,2000,Cyclist,Incapacitating,LEFT OF CENTER,GOURLEY & SR37N,39.18959104,-86.55471325
2012,11,4,Weekday,200,1-Car,No injury/unknown,RAN OFF ROAD RIGHT,COLLINS & MOUNT GILEAD RD,39.18956169,-86.44454769
2012,8,3,Weekday,1700,2-Car,No injury/unknown,UNSAFE BACKING,S WALNUT ST,39.18946841,-86.53337633
2012,3,3,Weekday,700,1-Car,No injury/unknown,UNSAFE SPEED,N STARNES & W HOWARD RD,39.189248,-86.660704
2012,1,4,Weekday,1600,2-Car,No injury/unknown,SPEED TOO FAST FOR WEATHER CONDITIONS,E GILBERT & N WALNUT ST,39.189248,-86.53344
2012,1,7,Weekend,1100,2-Car,No injury/unknown,SPEED TOO FAST FOR WEATHER CONDITIONS,LIBERTY DR,39.189248,-86.531472
2012,7,1,Weekend,1500,2-Car,No injury/unknown,UNSAFE BACKING,SOUTH LIBERTY DR,39.189248,-86.531472
2012,8,6,Weekday,1300,2-Car,No injury/unknown,OTHER (DRIVER) - EXPLAIN IN NARRATIVE,LIBERTY DR,39.189248,-86.531472
2012,12,4,Weekday,1200,1-Car,No injury/unknown,OBSTRUCTION NOT MARKED,S LIBERTY DR,39.189248,-86.531472
2012,12,5,Weekday,800,2-Car,No injury/unknown,UNSAFE BACKING,S LIBERTY DR,39.189248,-86.531472
2012,10,6,Weekend,1900,2-Car,Non-incapacitating,FAILURE TO YIELD RIGHT OF WAY,N MILO B SAMPSON & SR4546W,39.18906784,-86.52171325
2012,2,5,Weekday,900,1-Car,No injury/unknown,UNSAFE SPEED,N THOMAS RD & W VERNAL,39.18904,-86.630096
2012,12,1,Weekend,400,1-Car,No injury/unknown,RAN OFF ROAD RIGHT,N THOMAS RD & W RATLIFF,39.18872976,-86.63040988
2012,3,5,Weekday,100,1-Car,No injury/unknown,ANIMAL/OBJECT IN ROADWAY,HEADLEY RD & MAPLECREST,39.18839469,-86.5144
2012,9,2,Weekday,1300,2-Car,No injury/unknown,UNSAFE BACKING,N HEADLEY RD,39.18828583,-86.51412963
2012,7,3,Weekday,1300,1-Car,No injury/unknown,ANIMAL/OBJECT IN ROADWAY,HOWARD RD & STARNES,39.1878746,-86.66371864
2012,10,7,Weekend,2000,2-Car,No injury/unknown,OTHER (DRIVER) - EXPLAIN IN NARRATIVE,N KINSER PIKE,39.18763351,-86.53923797
2012,6,4,Weekday,1700,2-Car,No injury/unknown,FOLLOWING TOO CLOSELY,SR37S & SR45W,39.18760888,-86.55510669
2012,5,6,Weekday,1200,2-Car,Non-incapacitating,FOLLOWING TOO CLOSELY,N MT GILEAD & SR45E,39.18747742,-86.46794047
2012,7,3,Weekday,1100,2-Car,No injury/unknown,FOLLOWING TOO CLOSELY,SR37S & SR45,39.187344,-86.5552
2012,10,7,Weekend,1300,2-Car,No injury/unknown,FOLLOWING TOO CLOSELY,SR37N & SR45W,39.187344,-86.5552
2012,6,6,Weekday,0,1-Car,Non-incapacitating,RAN OFF ROAD RIGHT,HOWARD RD & VERANL,39.18726012,-86.63559311
2012,6,1,Weekend,1300,1-Car,Non-incapacitating,RAN OFF ROAD RIGHT,SR46,39.18719614,-86.55522823
2012,4,5,Weekday,1800,2-Car,No injury/unknown,FOLLOWING TOO CLOSELY,ARLINGTON RD & SR46,39.187184,-86.551408
2012,7,4,Weekday,900,2-Car,No injury/unknown,OTHER (DRIVER) - EXPLAIN IN NARRATIVE,N KINSER PIKE,39.18717429,-86.53782606
2012,3,1,Weekend,1600,2-Car,No injury/unknown,FOLLOWING TOO CLOSELY,SR37S & VERNAL,39.18703785,-86.56233005
2012,6,5,Weekday,1800,2-Car,No injury/unknown,IMPROPER TURNING,NORTH KINSER PIKE,39.18699592,-86.53781734
2012,2,4,Weekday,1500,3+ Cars,Non-incapacitating,FAILURE TO YIELD RIGHT OF WAY,MONROE & SR46W,39.186944,-86.5468
2012,11,3,Weekday,1400,1-Car,No injury/unknown,OTHER (DRIVER) - EXPLAIN IN NARRATIVE,NORTH HEADLEY RD,39.18689802,-86.51440434
2012,1,2,Weekday,1900,Pedestrian,Non-incapacitating,FAILURE TO YIELD RIGHT OF WAY,HARTSTRAIT & VERNAL PIKE,39.18676995,-86.611227
2012,9,4,Weekday,1400,2-Car,No injury/unknown,IMPROPER PASSING,SR45 & WALNUT ST,39.18676534,-86.5342601
2012,4,6,Weekday,1600,2-Car,No injury/unknown,LEFT OF CENTER,HARTSTRAIT RD & VERNAL,39.186752,-86.611504
2012,7,5,Weekday,2000,2-Car,No injury/unknown,FOLLOWING TOO CLOSELY,HARTSTRAIT RD & VERNAL,39.186752,-86.611504
2012,9,5,Weekday,900,1-Car,No injury/unknown,ANIMAL/OBJECT IN ROADWAY,HARTSTRAIT RD & VERNAL,39.186752,-86.611504
2012,8,6,Weekday,1200,Pedestrian,Non-incapacitating,IMPROPER TURNING,1500 N ST RD 45 46  WEST DRIVE & N HEADLEY RD,39.18665524,-86.51449486
2012,1,4,Weekday,300,1-Car,No injury/unknown,RAN OFF ROAD RIGHT,ARLINGTON RD & GOURLEY,39.186544,-86.551168
2012,2,6,Weekday,1400,1-Car,No injury/unknown,SPEED TOO FAST FOR WEATHER CONDITIONS,ARLINGTON RD & GOURLEY,39.186544,-86.551168
2012,10,1,Weekend,1400,1-Car,No injury/unknown,RAN OFF ROAD RIGHT,ARLINGTON RD & GOURLEY,39.186544,-86.551168
2012,3,1,Weekend,1000,Moped/Motorcycle,No injury/unknown,FOLLOWING TOO CLOSELY,KINSER & SR46W,39.186544,-86.537888
2012,3,6,Weekday,1300,Bus,No injury/unknown,ENGINE FAILURE OR DEFECTIVE,N KINSER & SR46W,39.186544,-86.537888
2012,5,6,Weekday,1500,2-Car,No injury/unknown,FOLLOWING TOO CLOSELY,KINSER PIKE & SR 45 46,39.186544,-86.537888
2012,3,1,Weekday,2300,2-Car,No injury/unknown,UNSAFE LANE MOVEMENT,N KINSER & SR46W,39.186544,-86.537888
2012,4,7,Weekend,2200,3+ Cars,Non-incapacitating,FOLLOWING TOO CLOSELY,4546 BYP & KINSER,39.186544,-86.537888
2012,5,5,Weekday,900,1-Car,No injury/unknown,INSECURE/LEAKY LOAD,KINSER & SR46W,39.186544,-86.537888
2012,5,7,Weekend,1800,2-Car,No injury/unknown,DISREGARD SIGNAL/REG SIGN,N KINSER & STATE ROAD 45 46 BYP,39.186544,-86.537888
2012,6,2,Weekday,1200,2-Car,No injury/unknown,FAILURE TO YIELD RIGHT OF WAY,N KINSER & SR4546,39.186544,-86.537888
2012,7,7,Weekend,1300,2-Car,No injury/unknown,FOLLOWING TOO CLOSELY,KINSER & SR4546E,39.186544,-86.537888
2012,9,4,Weekday,1900,2-Car,No injury/unknown,DISREGARD SIGNAL/REG SIGN,KINSER & SR 45 46 BYP,39.186544,-86.537888
2012,9,5,Weekday,700,3+ Cars,Non-incapacitating,DISREGARD SIGNAL/REG SIGN,KINSER & SR46E,39.186544,-86.537888
2012,10,3,Weekday,1400,2-Car,No injury/unknown,DISREGARD SIGNAL/REG SIGN,KINSER & SR46E,39.186544,-86.537888
2012,10,3,Weekday,1700,3+ Cars,No injury/unknown,SPEED TOO FAST FOR WEATHER CONDITIONS,KINSER PIKE & SR46W,39.186544,-86.537888
2012,12,5,Weekday,1900,2-Car,No injury/unknown,FAILURE TO YIELD RIGHT OF WAY,KINSER & SR46E,39.186544,-86.537888
2012,12,4,Weekday,1800,2-Car,No injury/unknown,FOLLOWING TOO CLOSELY,KINSER PIKE & SR4546,39.186544,-86.537888
2012,10,6,Weekday,1500,2-Car,No injury/unknown,FOLLOWING TOO CLOSELY,KINSER & SR45E,39.18648036,-86.5368324
2012,6,1,Weekend,1300,1-Car,No injury/unknown,RAN OFF ROAD RIGHT,GOURLEY PIKE & MONROE,39.18646406,-86.54787457
2012,1,2,Weekday,1700,1-Car,No injury/unknown,SPEED TOO FAST FOR WEATHER CONDITIONS,MONROE & W GOURLEY PIKE,39.186448,-86.546816
2012,10,6,Weekday,1100,2-Car,No injury/unknown,SPEED TOO FAST FOR WEATHER CONDITIONS,MONROE & W GOURLEY PIKE,39.186448,-86.546816
2012,3,4,Weekday,1400,2-Car,No injury/unknown,FAILURE TO YIELD RIGHT OF WAY,MOUNT GILEAD & SR45E,39.1864077,-86.46800588
2012,2,4,Weekday,1500,2-Car,Non-incapacitating,DISREGARD SIGNAL/REG SIGN,STATE ROAD 45 46 BYP & WALNUT,39.186368,-86.5344
2012,3,3,Weekday,900,2-Car,No injury/unknown,FOLLOWING TOO CLOSELY,SR46E & WALNUT,39.186368,-86.5344
2012,5,3,Weekday,1500,2-Car,Non-incapacitating,FOLLOWING TOO CLOSELY,STATE RD 45 46 & WALNUT ST,39.186368,-86.5344
2012,7,7,Weekend,1200,2-Car,No injury/unknown,IMPROPER LANE USAGE,N WALNUT ST & SR46E,39.186368,-86.5344
2012,7,2,Weekday,800,2-Car,Incapacitating,DISREGARD SIGNAL/REG SIGN,4546 BYP & N WALNUT,39.186368,-86.5344
2012,8,5,Weekday,1000,2-Car,No injury/unknown,UNSAFE LANE MOVEMENT,N WALNUT ST & SR4546,39.186368,-86.5344
2012,10,1,Weekend,300,2-Car,No injury/unknown,DISREGARD SIGNAL/REG SIGN,NORTH WALNUT & SR4546W,39.186368,-86.5344
2012,10,5,Weekday,300,2-Car,No injury/unknown,OTHER (DRIVER) - EXPLAIN IN NARRATIVE,N WALNUT & SR46E,39.186368,-86.5344
2012,1,1,Weekend,1100,2-Car,No injury/unknown,UNSAFE BACKING,W STATE RD 45 RD,39.18636,-86.533048
2012,2,7,Weekend,1800,Moped/Motorcycle,Non-incapacitating,OTHER (DRIVER) - EXPLAIN IN NARRATIVE,W STATE ROAD 45 HWY,39.18636,-86.533048
2012,4,7,Weekend,2000,1-Car,No injury/unknown,OTHER (DRIVER) - EXPLAIN IN NARRATIVE,W STATE RD 45 RD,39.18636,-86.533048
2012,6,3,Weekday,1200,2-Car,No injury/unknown,IMPROPER TURNING,W SR 45 RD,39.18636,-86.533048
2012,6,6,Weekday,1400,2-Car,No injury/unknown,UNSAFE BACKING,WEST STATE ROAD 45 HWY,39.18636,-86.533048
2012,10,2,Weekday,600,2-Car,No injury/unknown,DRIVER DISTRACTED - EXPLAIN IN NARRATIVE,DUNN & SR46E,39.186352,-86.52955476
2012,5,2,Weekday,1300,2-Car,No injury/unknown,FOLLOWING TOO CLOSELY,DUNN & SR45E,39.186352,-86.52867246
2012,7,1,Weekend,1200,2-Car,No injury/unknown,IMPROPER LANE USAGE,N COLLEGE & SR4546,39.186352,-86.534704
2012,11,7,Weekend,1400,2-Car,No injury/unknown,FAILURE TO YIELD RIGHT OF WAY,COLLEGE AVE & SR4546,39.186352,-86.534704
2012,11,1,Weekend,200,2-Car,No injury/unknown,WRONG WAY ON ONE WAY,N COLLEGE AVE & N OLD STATE ROAD 37,39.186352,-86.534704
2012,4,2,Weekday,1700,3+ Cars,Non-incapacitating,FAILURE TO YIELD RIGHT OF WAY,SR45,39.186352,-86.530744
2012,2,5,Weekday,2100,2-Car,No injury/unknown,UNSAFE LANE MOVEMENT,DUNN & SR45E,39.186352,-86.528496
2012,4,6,Weekday,800,2-Car,No injury/unknown,OTHER (DRIVER) - EXPLAIN IN NARRATIVE,2200 N DUNN & SR4546S,39.186352,-86.528496
2012,5,6,Weekday,1700,2-Car,No injury/unknown,FOLLOWING TOO CLOSELY,DUNN & SR4546E,39.186352,-86.528496
2012,3,6,Weekday,1400,2-Car,No injury/unknown,FOLLOWING TOO CLOSELY,45 46 & N WALNUT ST,39.18633007,-86.53453968
2012,8,6,Weekday,300,2-Car,No injury/unknown,UNSAFE LANE MOVEMENT,45 46 BYP & COLLEGE,39.18633007,-86.53453968
2012,9,6,Weekday,1200,2-Car,No injury/unknown,FAILURE TO YIELD RIGHT OF WAY,45 46 BYP & N WALNUT,39.18633007,-86.53453968
2012,3,5,Weekday,1400,2-Car,No injury/unknown,FAILURE TO YIELD RIGHT OF WAY,45 46 BYP & DUNN,39.18632001,-86.52842022
2012,8,5,Weekday,700,1-Car,No injury/unknown,UNSAFE SPEED,45 46 & DUNN ST,39.18632001,-86.52842022
2012,10,5,Weekday,1200,2-Car,No injury/unknown,DISREGARD SIGNAL/REG SIGN,DUNN ST & SR45W,39.18632001,-86.52842022
2012,12,4,Weekday,1800,2-Car,No injury/unknown,FOLLOWING TOO CLOSELY,FRITZ & SR46,39.18630926,-86.52981508
2012,12,4,Weekday,1700,2-Car,No injury/unknown,FAILURE TO YIELD RIGHT OF WAY,DUNN & SR46,39.18630353,-86.52839687
2012,10,6,Weekend,2300,2-Car,No injury/unknown,FAILURE TO YIELD RIGHT OF WAY,SR45 & WALNUT,39.18629445,-86.53455208
2012,11,7,Weekend,1600,1-Car,No injury/unknown,RAN OFF ROAD RIGHT,NORTH WALNUT ST & SR45,39.18621744,-86.53441585
2012,7,5,Weekday,0,1-Car,No injury/unknown,RAN OFF ROAD RIGHT,OLD VERNAL & VERNAL PIKE,39.18611012,-86.5962931