Year,Month,Day,Weekend?,Hour,Collision Type,Injury Type,Primary Factor,Reported_Location,Latitude,Longitude
2012,2,4,Weekday,700,1-Car,Non-incapacitating,OVERCORRECTING/OVERSTEERING,FEE & SR4546W,39.186032,-86.51984
2012,4,6,Weekend,2000,2-Car,Non-incapacitating,FAILURE TO YIELD RIGHT OF WAY,N FEE & SR45E,39.186032,-86.51984
2012,5,2,Weekday,2000,2-Car,Non-incapacitating,FAILURE TO YIELD RIGHT OF WAY,FEE & SR46E,39.186032,-86.51984
2012,5,4,Weekday,1300,2-Car,Non-incapacitating,UNSAFE LANE MOVEMENT,FEE & SR46E,39.186032,-86.51984
2012,5,5,Weekday,2100,1-Car,No injury/unknown,ANIMAL/OBJECT IN ROADWAY,FEE & SR4546N,39.186032,-86.51984
2012,10,3,Weekday,1100,1-Car,No injury/unknown,DRIVER DISTRACTED - EXPLAIN IN NARRATIVE,FEE & SR45W,39.18602027,-86.51986579
2012,11,3,Weekday,2200,2-Car,No injury/unknown,DISREGARD SIGNAL/REG SIGN,45 46 & SR45W,39.18602027,-86.51983983
2012,11,1,Weekday,1900,2-Car,No injury/unknown,FOLLOWING TOO CLOSELY,45 46 BYP & FEE,39.18602027,-86.51981388
2012,9,2,Weekday,1000,2-Car,No injury/unknown,IMPROPER LANE USAGE,FEE & SR45E,39.18596667,-86.51931732
2012,1,6,Weekend,2000,2-Car,No injury/unknown,SPEED TOO FAST FOR WEATHER CONDITIONS,N FEE & SR45E,39.18584383,-86.51881369
2012,1,6,Weekend,2000,2-Car,No injury/unknown,ROADWAY SURFACE CONDITION,N FEE & SR45E,39.18584383,-86.51881369
2012,1,1,Weekend,700,Bus,No injury/unknown,IMPROPER TURNING,N KINSER PIKE,39.18584,-86.537872
2012,10,5,Weekday,2000,1-Car,Incapacitating,RAN OFF ROAD RIGHT,MT GILEAD & SR45E,39.18552004,-86.46882658
2012,11,3,Weekday,1000,2-Car,No injury/unknown,UNSAFE BACKING,EAST 3RD & HAWTHORNE DR,39.18539882,-86.52008995
2012,4,1,Weekend,1700,Cyclist,Incapacitating,FAILURE TO YIELD RIGHT OF WAY,N KINSER PIKE & W GOURLEY,39.185392,-86.537856
2012,6,5,Weekday,700,2-Car,No injury/unknown,FAILURE TO YIELD RIGHT OF WAY,GOURLEY & N KINSER PIKE,39.185392,-86.537856
2012,1,6,Weekend,2000,2-Car,Non-incapacitating,SPEED TOO FAST FOR WEATHER CONDITIONS,FEE & SR46E,39.18536761,-86.51754282
2012,1,6,Weekend,2000,2-Car,No injury/unknown,SPEED TOO FAST FOR WEATHER CONDITIONS,FEE & SR46E,39.18536761,-86.51754282
2012,1,6,Weekend,2000,2-Car,No injury/unknown,SPEED TOO FAST FOR WEATHER CONDITIONS,FEE & SR46W,39.18536761,-86.51754282
2012,1,6,Weekend,2000,2-Car,No injury/unknown,SPEED TOO FAST FOR WEATHER CONDITIONS,FEE & SR46W,39.18536761,-86.51754282
2012,8,3,Weekday,1400,2-Car,No injury/unknown,FAILURE TO YIELD RIGHT OF WAY,3RD & PETE ELLIS DR,39.18535856,-86.49495966
2012,12,5,Weekday,1800,2-Car,No injury/unknown,,NORTH DUNN ST,39.18532944,-86.52840423
2012,1,3,Weekday,800,1-Car,No injury/unknown,OTHER (DRIVER) - EXPLAIN IN NARRATIVE,W GOURLEY PIKE,39.185232,-86.54060206
2012,8,5,Weekday,1400,3+ Cars,No injury/unknown,UNSAFE BACKING,E SR 45 46 BYP,39.18521118,-86.53115081
2012,11,4,Weekday,1100,1-Car,Non-incapacitating,RAN OFF ROAD RIGHT,W CASCADES & W GOURLEY PIKE,39.1852,-86.541952
2012,1,7,Weekend,1400,1-Car,No injury/unknown,SPEED TOO FAST FOR WEATHER CONDITIONS,GOURLEY PIKE,39.18510832,-86.53816133
2012,7,5,Weekday,1300,2-Car,No injury/unknown,UNSAFE BACKING,W GOURLEY PIKE,39.18503523,-86.54018439
2012,7,3,Weekday,2200,1-Car,Non-incapacitating,RAN OFF ROAD RIGHT,MT GILEAD & SR45,39.18482761,-86.46941308
2012,6,7,Weekend,1300,Bus,Non-incapacitating,ACCELERATOR FAILURE OR DEFECTIVE,RHORER & S SARE RD,39.18481679,-86.51157997
2012,7,1,Weekend,100,2-Car,No injury/unknown,UNSAFE BACKING,E 7TH & N FESS AVE,39.18436274,-86.52577821
2012,10,1,Weekend,300,1-Car,Fatal,RAN OFF ROAD RIGHT,KINSER PIKE & ROSEWOOD,39.1842692,-86.54734991
2012,10,1,Weekend,400,2-Car,No injury/unknown,UNSAFE BACKING,WALNUT ST,39.1841412,-86.5344552
2012,10,3,Weekday,900,1-Car,No injury/unknown,OVERCORRECTING/OVERSTEERING,1720 N JORDAN (PARKING LOT) AVE,39.18401337,-86.51473999
2012,7,4,Weekday,1700,2-Car,No injury/unknown,DRIVER DISTRACTED - EXPLAIN IN NARRATIVE,W VERNAL PIKE,39.18391004,-86.59572355
2012,6,7,Weekend,1700,2-Car,No injury/unknown,FAILURE TO YIELD RIGHT OF WAY,N FEE LN & N JORDAN,39.18384,-86.5192
2012,10,7,Weekend,1100,2-Car,No injury/unknown,FOLLOWING TOO CLOSELY,FEE LN & JORDAN,39.18384,-86.5192
2012,1,5,Weekday,2200,Bus,No injury/unknown,SPEED TOO FAST FOR WEATHER CONDITIONS,FISHERS CT & JORDAN,39.1837699,-86.5168599
2012,10,2,Weekday,1800,2-Car,No injury/unknown,UNSAFE BACKING,FISHERS & N JORDAN AVE,39.1837699,-86.5168599
2012,3,6,Weekday,0,2-Car,No injury/unknown,DRIVER DISTRACTED - EXPLAIN IN NARRATIVE,NORTH JORDAN AVE,39.18365456,-86.51469804
2012,2,6,Weekday,1600,1-Car,No injury/unknown,RAN OFF ROAD RIGHT,AMARYLLIS & N KINSER PIKE,39.18363981,-86.53776973
2012,4,6,Weekday,900,2-Car,Non-incapacitating,UNSAFE BACKING,S WALNUT ST,39.18350109,-86.53424
2012,10,3,Weekday,1100,2-Car,No injury/unknown,UNSAFE BACKING,S WALNUT ST,39.18350109,-86.53424
2012,10,6,Weekday,1700,2-Car,No injury/unknown,FAILURE TO YIELD RIGHT OF WAY,OLD 37 & WALNUT ST,39.18336019,-86.53415009
2012,12,3,Weekday,900,2-Car,No injury/unknown,IMPROPER TURNING,N WALNUT ST & OLD ST RD 37 N,39.18336019,-86.53415009
2012,12,7,Weekend,1500,2-Car,Non-incapacitating,FOLLOWING TOO CLOSELY,N OLD 37 STATE & N WALNUT ST,39.18336019,-86.53415009
2012,2,5,Weekday,1500,2-Car,No injury/unknown,OTHER (DRIVER) - EXPLAIN IN NARRATIVE,WALNUT ST,39.18300299,-86.53407644
2012,4,3,Weekday,2100,2-Car,No injury/unknown,IMPROPER TURNING,S WALNUT ST,39.18300299,-86.53407644
2012,11,7,Weekend,1200,2-Car,No injury/unknown,FAILURE TO YIELD RIGHT OF WAY,S WALNUT ST,39.18300299,-86.53407644
2012,10,1,Weekend,200,2-Car,No injury/unknown,UNSAFE BACKING,N DUNN & VARSITY LN,39.182976,-86.528416
2012,3,2,Weekday,1400,1-Car,No injury/unknown,UNSAFE LANE MOVEMENT,HARTSTRAIT RD,39.18296255,-86.61122068
2012,1,4,Weekday,1800,2-Car,No injury/unknown,SPEED TOO FAST FOR WEATHER CONDITIONS,N DUNN & VARSITY LN,39.18293497,-86.52911978
2012,2,6,Weekday,600,1-Car,No injury/unknown,SPEED TOO FAST FOR WEATHER CONDITIONS,LAW & UNION ST,39.18291687,-86.50966018
2012,2,6,Weekday,100,1-Car,No injury/unknown,OTHER (DRIVER) - EXPLAIN IN NARRATIVE,W NORTHLANE DR,39.18267556,-86.53795279
2012,11,5,Weekday,200,1-Car,No injury/unknown,UNSAFE BACKING,KINSER & NORTHLANE DR,39.18265007,-86.53772646
2012,11,6,Weekday,200,2-Car,No injury/unknown,RAN OFF ROAD RIGHT,2ND & ROGERS ST,39.18254743,-86.53867028
2012,5,3,Weekday,600,1-Car,No injury/unknown,RAN OFF ROAD RIGHT,SHUFFLE CREEK RD & SOUTHSHORE,39.18249092,-86.4008963
2012,2,4,Weekday,2000,1-Car,No injury/unknown,DRIVER DISTRACTED - EXPLAIN IN NARRATIVE,N FEE LN,39.18242962,-86.51914028
2012,4,1,Weekend,100,Moped/Motorcycle,Non-incapacitating,OVERCORRECTING/OVERSTEERING,DUNN ST & VARSITY,39.18242678,-86.52840323
2012,2,6,Weekday,1800,2-Car,No injury/unknown,FOLLOWING TOO CLOSELY,19TH & WALNUT ST,39.18235031,-86.53386213
2012,5,4,Weekday,700,2-Car,Non-incapacitating,FAILURE TO YIELD RIGHT OF WAY,CURRY PIKE & VERNAL,39.18199429,-86.58315001
2012,1,1,Weekday,2200,2-Car,No injury/unknown,OTHER (DRIVER) - EXPLAIN IN NARRATIVE,N WALNUT ST,39.18198955,-86.53374367
2012,4,1,Weekend,200,2-Car,No injury/unknown,UNSAFE BACKING,20TH & WASHINGTON ST,39.18184,-86.532192
2012,9,2,Weekday,1600,Moped/Motorcycle,Non-incapacitating,FAILURE TO YIELD RIGHT OF WAY,N WASHINGTON ST,39.18184,-86.532192
2012,8,5,Weekday,1400,2-Car,No injury/unknown,OTHER (DRIVER) - EXPLAIN IN NARRATIVE,20TH ST & LINCOLN,39.18180987,-86.53089852
2012,1,3,Weekday,200,2-Car,No injury/unknown,UNSAFE BACKING,N LINCOLN ST,39.18175118,-86.53019233
2012,8,7,Weekend,1400,2-Car,No injury/unknown,UNSAFE BACKING,E 20TH ST,39.181744,-86.53014945
2012,5,4,Weekday,800,2-Car,No injury/unknown,UNSAFE SPEED,GRIFFITH & WOODYARD RD,39.18173089,-86.56724104
2012,11,4,Weekday,1400,2-Car,No injury/unknown,OTHER (DRIVER) - EXPLAIN IN NARRATIVE,N COLLEGE AVE,39.18162924,-86.53471004
2012,2,7,Weekend,200,1-Car,No injury/unknown,SPEED TOO FAST FOR WEATHER CONDITIONS,19TH & N WALNUT ST,39.181552,-86.5336
2012,11,5,Weekday,1700,1-Car,No injury/unknown,OVERCORRECTING/OVERSTEERING,ADAMS ST & BLOOMFIELD,39.1815263,-86.55083008
2012,6,5,Weekday,800,3+ Cars,Non-incapacitating,FOLLOWING TOO CLOSELY,11 & COLLEGE AVE,39.181505,-86.512793
2012,6,5,Weekday,2300,2-Car,No injury/unknown,FOLLOWING TOO CLOSELY,7 & COLLEGE AVE,39.181505,-86.512793
2012,4,6,Weekday,1500,2-Car,No injury/unknown,UNSAFE BACKING,N RANGE RD,39.1814028,-86.49475391
2012,6,2,Weekday,1300,1-Car,Non-incapacitating,RAN OFF ROAD RIGHT,CHAPEL & SR446S,39.18135446,-86.4053481
2012,9,6,Weekend,2100,2-Car,No injury/unknown,UNSAFE BACKING,NORTH FEE LN,39.18121308,-86.51919208
2012,10,6,Weekday,1800,2-Car,No injury/unknown,UNSAFE BACKING,NORTH FEE LN,39.18121308,-86.51919208
2012,4,6,Weekend,1900,1-Car,No injury/unknown,RAN OFF ROAD RIGHT,WEST VERNAL PIKE,39.18112457,-86.63855507
2012,6,4,Weekday,1700,2-Car,No injury/unknown,FAILURE TO YIELD RIGHT OF WAY,19TH ST & LINCOLN,39.18112,-86.530816
2012,9,3,Weekday,2100,Cyclist,Non-incapacitating,FAILURE TO YIELD RIGHT OF WAY,19TH ST & LINCOLN,39.18111987,-86.5309301
2012,12,6,Weekday,700,2-Car,No injury/unknown,LEFT OF CENTER,EVANS ROAD & HARMONY ROAD RD,39.18109379,-86.62763983
2012,2,3,Weekday,1900,2-Car,No injury/unknown,IMPROPER TURNING,E 19TH ST & N DUNN,39.18104,-86.5284
2012,3,7,Weekend,1400,2-Car,Non-incapacitating,FAILURE TO YIELD RIGHT OF WAY,E 19TH & N DUNN ST,39.18104,-86.5284
2012,6,1,Weekend,1300,2-Car,No injury/unknown,,EAST 19TH & NORTH DUNN ST,39.18104,-86.5284
2012,8,2,Weekday,800,2-Car,No injury/unknown,UNSAFE SPEED,E 19TH ST & N DUNN,39.18104,-86.5284
2012,11,2,Weekday,1600,2-Car,No injury/unknown,UNSAFE BACKING,DUNN & NINETEENTH ST,39.18102018,-86.52801964
2012,12,6,Weekday,1200,1-Car,No injury/unknown,SPEED TOO FAST FOR WEATHER CONDITIONS,DUNN & NINETEENTH ST,39.1810143,-86.52832197
2012,8,6,Weekend,1900,Cyclist,No injury/unknown,FAILURE TO YIELD RIGHT OF WAY,19TH & DUNN ST,39.1810099,-86.52832031
2012,9,4,Weekday,900,2-Car,Non-incapacitating,FAILURE TO YIELD RIGHT OF WAY,19TH & DUNN ST,39.1810099,-86.52832031
2012,6,2,Weekday,400,1-Car,No injury/unknown,OTHER (VEHICLE) - EXPLAIN IN NARRATIVE,SOUTH WALNUT ST,39.1809714,-86.53356614
2012,10,2,Weekday,800,1-Car,No injury/unknown,OTHER (VEHICLE) - EXPLAIN IN NARRATIVE,N WILLIS 217 DR,39.180943,-86.54261
2012,8,1,Weekend,1300,2-Car,No injury/unknown,UNSAFE BACKING,ARLINGTON PARK DR,39.18091562,-86.54906064
2012,2,1,Weekend,1600,1-Car,No injury/unknown,IMPROPER TURNING,CURRY PIKE & VERNAL,39.18089577,-86.58317
2012,12,6,Weekday,1800,2-Car,No injury/unknown,FOLLOWING TOO CLOSELY,FEE & SR4546E,39.18077087,-86.51913452
2012,4,5,Weekday,1500,2-Car,No injury/unknown,UNSAFE BACKING,ARLINGTON PARK,39.18074754,-86.5489463
2012,7,5,Weekday,1100,2-Car,No injury/unknown,FOLLOWING TOO CLOSELY,EASTGATE & SR46S,39.18072625,-86.50148011
2012,5,2,Weekday,1300,1-Car,No injury/unknown,ANIMAL/OBJECT IN ROADWAY,17TH & SR46N,39.18067854,-86.50825461
2012,12,2,Weekday,200,2-Car,No injury/unknown,UNSAFE BACKING,N JORDAN AVE,39.18057069,-86.5109644
2012,4,2,Weekday,2200,Pedestrian,Non-incapacitating,FAILURE TO YIELD RIGHT OF WAY,FEE LANE LN,39.1805298,-86.51896409
2012,4,5,Weekday,1000,2-Car,No injury/unknown,OTHER (DRIVER) - EXPLAIN IN NARRATIVE,NORTH FEE LN,39.1804111,-86.51904389
2012,1,3,Weekday,2100,2-Car,No injury/unknown,FAILURE TO YIELD RIGHT OF WAY,18TH ST & GRANT,39.180352,-86.529792
2012,1,5,Weekday,1400,2-Car,No injury/unknown,FAILURE TO YIELD RIGHT OF WAY,N DUNN ST,39.180352,-86.5284
2012,1,4,Weekday,1500,2-Car,No injury/unknown,UNSAFE LANE MOVEMENT,N DUNN ST,39.180352,-86.5284
2012,4,7,Weekend,1300,2-Car,No injury/unknown,SPEED TOO FAST FOR WEATHER CONDITIONS,18TH & DUNN ST,39.180352,-86.5284
2012,11,6,Weekday,1100,2-Car,No injury/unknown,FOLLOWING TOO CLOSELY,18TH & DUNN ST,39.180352,-86.5284
2012,8,7,Weekend,1900,2-Car,Non-incapacitating,CELL PHONE USAGE,11 & NORTH COLLEGE AVE,39.180325,-86.534688
2012,6,1,Weekday,2200,2-Car,No injury/unknown,OTHER (DRIVER) - EXPLAIN IN NARRATIVE,WEST MARBLE LN,39.18032125,-86.54068194
2012,5,4,Weekday,1400,Pedestrian,Non-incapacitating,OTHER (VEHICLE) - EXPLAIN IN NARRATIVE,17TH & JORDAN AVE,39.18022128,-86.511088
2012,12,1,Weekend,1400,2-Car,No injury/unknown,,EAST 17TH ST & FESS,39.18018691,-86.5258863
2012,4,6,Weekday,1500,2-Car,No injury/unknown,UNSAFE BACKING,N WILLIS DR,39.180048,-86.544
2012,6,3,Weekday,800,3+ Cars,No injury/unknown,OTHER (VEHICLE) - EXPLAIN IN NARRATIVE,N WILLIS ST,39.180048,-86.544
2012,4,5,Weekday,100,Pedestrian,Non-incapacitating,OTHER (DRIVER) - EXPLAIN IN NARRATIVE,N WILLIS DR DR,39.18002956,-86.54413461
2012,10,6,Weekday,1800,2-Car,No injury/unknown,OTHER (DRIVER) - EXPLAIN IN NARRATIVE,N ARLINGTON PARK DR,39.17996988,-86.55404135
2012,10,1,Weekend,700,2-Car,No injury/unknown,UNSAFE BACKING,N DUNN ST,39.179936,-86.5284
2012,9,5,Weekday,600,Pedestrian,Non-incapacitating,OTHER (DRIVER) - EXPLAIN IN NARRATIVE,N ARLINGTON PARK DR,39.17988369,-86.54826237
2012,10,5,Weekday,1800,2-Car,No injury/unknown,FAILURE TO YIELD RIGHT OF WAY,DUNN ST & NINETEENTH,39.17987971,-86.52733245
2012,1,6,Weekend,1900,3+ Cars,Incapacitating,SPEED TOO FAST FOR WEATHER CONDITIONS,17TH & SR4546E,39.17984,-86.507088
2012,1,6,Weekday,1800,2-Car,No injury/unknown,FAILURE TO YIELD RIGHT OF WAY,17TH & SR4546E,39.17984,-86.507088
2012,3,3,Weekday,1600,2-Car,Non-incapacitating,FOLLOWING TOO CLOSELY,17TH & SR4546S,39.17984,-86.507088
2012,4,2,Weekday,1400,2-Car,No injury/unknown,FOLLOWING TOO CLOSELY,SEVENTEENTH ST & SR45,39.17984,-86.507088
2012,4,1,Weekday,2000,2-Car,Non-incapacitating,FOLLOWING TOO CLOSELY,17TH & SR4546S,39.17984,-86.507088
2012,6,5,Weekday,1800,2-Car,No injury/unknown,FAILURE TO YIELD RIGHT OF WAY,17TH ST & 46,39.17984,-86.507088
2012,9,5,Weekday,700,2-Car,No injury/unknown,FAILURE TO YIELD RIGHT OF WAY,17TH & SR45E,39.17984,-86.507088
2012,10,6,Weekday,1600,2-Car,No injury/unknown,FOLLOWING TOO CLOSELY,17TH & SR4546S,39.17984,-86.507088
2012,7,5,Weekday,1600,2-Car,No injury/unknown,FAILURE TO YIELD RIGHT OF WAY,17TH & 45 46 BYP,39.17973988,-86.50718986
2012,2,2,Weekday,1100,2-Car,No injury/unknown,FOLLOWING TOO CLOSELY,17TH & ARLINGTON RD,39.17972282,-86.54796921
2012,11,7,Weekend,1200,3+ Cars,Non-incapacitating,FOLLOWING TOO CLOSELY,17TH & FEE LN,39.17961427,-86.51902106
2012,10,1,Weekday,1900,1-Car,Non-incapacitating,ANIMAL/OBJECT IN ROADWAY,INNOVATION & W VERNAL PIKE,39.17951994,-86.59480886
2012,5,6,Weekday,1300,2-Car,No injury/unknown,UNSAFE SPEED,17TH & FEE LN,39.17933976,-86.51900944
2012,12,3,Weekday,2100,1-Car,No injury/unknown,UNSAFE BACKING,N RANGE RD,39.17928115,-86.495296
2012,3,6,Weekday,1200,2-Car,No injury/unknown,,N JORDAN AVE,39.1792808,-86.511088
2012,1,6,Weekday,400,1-Car,No injury/unknown,OTHER (DRIVER) - EXPLAIN IN NARRATIVE,KINSER PIKE,39.17927183,-86.53769396
2012,10,6,Weekend,2100,1-Car,No injury/unknown,RAN OFF ROAD RIGHT,17TH ST & LINDBERGH,39.17924801,-86.55153334
2012,5,6,Weekday,1600,2-Car,Non-incapacitating,CELL PHONE USAGE,CURRY PIKE & VERNAL,39.179248,-86.5832
2012,5,5,Weekday,1500,3+ Cars,No injury/unknown,DRIVER DISTRACTED - EXPLAIN IN NARRATIVE,NORTH CURRY PIKE & VERNAL,39.179248,-86.5832
2012,6,6,Weekday,1700,2-Car,No injury/unknown,FOLLOWING TOO CLOSELY,NORTH CURRY PIKE & VERNAL,39.179248,-86.5832
2012,7,3,Weekday,1700,2-Car,No injury/unknown,DISREGARD SIGNAL/REG SIGN,S CURRY PIKE & VERNAL,39.179248,-86.5832
2012,9,6,Weekend,2000,Moped/Motorcycle,No injury/unknown,FAILURE TO YIELD RIGHT OF WAY,S CURRY PIKE & VERNAL,39.179248,-86.5832
2012,11,6,Weekday,1700,2-Car,No injury/unknown,FAILURE TO YIELD RIGHT OF WAY,NORTH CURRY PIKE & VERNAL,39.179248,-86.5832
2012,12,3,Weekday,700,2-Car,No injury/unknown,FAILURE TO YIELD RIGHT OF WAY,ANN & VERNAL PIKE,39.179248,-86.580384
2012,11,5,Weekday,2100,1-Car,No injury/unknown,LEFT OF CENTER,N CRESCENT & W 17TH ST,39.179248,-86.556592
2012,6,2,Weekday,2300,1-Car,No injury/unknown,RAN OFF ROAD RIGHT,LINDBERGH & W 17TH ST,39.179248,-86.552592
2012,1,3,Weekday,1700,2-Car,Non-incapacitating,SPEED TOO FAST FOR WEATHER CONDITIONS,17TH & MONROE ST,39.179248,-86.547104
2012,3,4,Weekday,1500,Cyclist,Non-incapacitating,FAILURE TO YIELD RIGHT OF WAY,ARLINGTON & MONROE ST,39.179248,-86.547104
2012,6,2,Weekday,1900,2-Car,Non-incapacitating,FAILURE TO YIELD RIGHT OF WAY,17TH & MONROE ST,39.179248,-86.547104
2012,5,2,Weekday,1600,2-Car,No injury/unknown,FAILURE TO YIELD RIGHT OF WAY,17TH & MONROE ST,39.179248,-86.547104
2012,10,2,Weekday,1500,1-Car,Non-incapacitating,SPEED TOO FAST FOR WEATHER CONDITIONS,MONROE & W 17TH ST,39.179248,-86.547104
2012,12,6,Weekday,1000,1-Car,No injury/unknown,RAN OFF ROAD RIGHT,MONROE & W 17TH ST,39.179248,-86.547104
2012,12,6,Weekday,1100,2-Car,No injury/unknown,UNSAFE BACKING,N DUNN ST,39.1791687,-86.52874755
2012,3,2,Weekday,1700,2-Car,No injury/unknown,DRIVER DISTRACTED - EXPLAIN IN NARRATIVE,DUNN ST,39.17915046,-86.52837328
2012,9,5,Weekday,2000,2-Car,No injury/unknown,FOLLOWING TOO CLOSELY,17TH ST & NORTH WILLIS,39.1791163,-86.54436853
2012,12,4,Weekday,1200,2-Car,No injury/unknown,FAILURE TO YIELD RIGHT OF WAY,17TH ST & WILLIS,39.179104,-86.544016
2012,5,4,Weekday,1700,Pedestrian,Non-incapacitating,UNSAFE BACKING,VERNAL PIKE,39.17909481,-86.58143542
2012,4,3,Weekday,1300,2-Car,No injury/unknown,UNSAFE BACKING,EAST SEVENTEENTH ST,39.17906329,-86.5209221
2012,10,6,Weekday,1600,2-Car,No injury/unknown,UNSAFE BACKING,E 17TH ST,39.17906329,-86.5209221
2012,4,3,Weekday,2300,1-Car,No injury/unknown,UNSAFE SPEED,17TH ST,39.17904,-86.532096
2012,11,7,Weekend,1000,2-Car,Non-incapacitating,FAILURE TO YIELD RIGHT OF WAY,E 17TH ST & N WASHINGTON,39.17904,-86.532096
2012,12,2,Weekday,1400,2-Car,No injury/unknown,OTHER (DRIVER) - EXPLAIN IN NARRATIVE,W 17TH ST,39.17904,-86.532096
2012,7,4,Weekday,1700,3+ Cars,Non-incapacitating,FAILURE TO YIELD RIGHT OF WAY,E 17TH ST & N LINCOLN,39.17904,-86.530848
2012,8,6,Weekend,2300,3+ Cars,No injury/unknown,LEFT OF CENTER,17TH & LINCOLN ST,39.17904,-86.530848
2012,11,5,Weekday,1800,2-Car,No injury/unknown,FAILURE TO YIELD RIGHT OF WAY,E 17TH ST & N LINCOLN,39.17904,-86.530848
2012,12,7,Weekend,600,2-Car,No injury/unknown,FOLLOWING TOO CLOSELY,E 17TH ST & N LINCOLN,39.17904,-86.530848
2012,1,6,Weekday,200,1-Car,No injury/unknown,ROADWAY SURFACE CONDITION,17TH & DUNN ST,39.17904,-86.5284
2012,1,2,Weekday,1600,1-Car,No injury/unknown,ROADWAY SURFACE CONDITION,17TH & DUNN ST,39.17904,-86.5284
2012,1,2,Weekday,1600,2-Car,No injury/unknown,ROADWAY SURFACE CONDITION,17TH & DUNN ST,39.17904,-86.5284
2012,1,4,Weekday,1200,2-Car,No injury/unknown,FOLLOWING TOO CLOSELY,17TH & DUNN ST,39.17904,-86.5284
2012,3,4,Weekday,1900,2-Car,Non-incapacitating,FAILURE TO YIELD RIGHT OF WAY,17TH ST & DUNN,39.17904,-86.5284
2012,9,6,Weekday,1300,1-Car,No injury/unknown,BRAKE FAILURE OR DEFECTIVE,1400 BLOCK OF N DUNN AVE & 17TH,39.17904,-86.5284
2012,10,7,Weekend,2300,2-Car,No injury/unknown,IMPROPER TURNING,17TH ST & DUNN,39.17904,-86.5284
2012,7,2,Weekday,1700,2-Car,No injury/unknown,FOLLOWING TOO CLOSELY,17TH & KINSER PIKE,39.17903982,-86.53775028
2012,10,7,Weekend,1700,2-Car,Non-incapacitating,DRIVER DISTRACTED - EXPLAIN IN NARRATIVE,17TH & KINSER PIKE,39.17903982,-86.53775028
2012,3,7,Weekend,2200,2-Car,No injury/unknown,FAILURE TO YIELD RIGHT OF WAY,17TH ST & WOODLAWN,39.17903982,-86.52360029
2012,11,7,Weekend,1600,Pedestrian,Non-incapacitating,PEDESTRIAN ACTION,SEVENTEENTH ST & WOODLAWN,39.17903982,-86.52360029
2012,10,3,Weekday,1900,2-Car,No injury/unknown,FOLLOWING TOO CLOSELY,17TH ST & WALNUT GROVE,39.17903046,-86.52109943
2012,2,7,Weekend,1000,2-Car,No injury/unknown,FOLLOWING TOO CLOSELY,600 W17TH ST & N JACKSON,39.179024,-86.539616
2012,4,4,Weekday,1600,2-Car,Non-incapacitating,DRIVER DISTRACTED - EXPLAIN IN NARRATIVE,17TH ST & JACKSON,39.179024,-86.539616
2012,2,3,Weekday,1900,3+ Cars,Non-incapacitating,FOLLOWING TOO CLOSELY,E 17TH ST & N INDIANA,39.179024,-86.5272
2012,2,6,Weekend,2300,2-Car,No injury/unknown,FAILURE TO YIELD RIGHT OF WAY,1300 N INDIANA & 500 E 17TH STREET ST,39.179024,-86.5272
2012,2,7,Weekend,1500,2-Car,No injury/unknown,FOLLOWING TOO CLOSELY,17TH ST & INDIANA,39.179024,-86.5272
2012,3,4,Weekday,1600,2-Car,No injury/unknown,DRIVER DISTRACTED - EXPLAIN IN NARRATIVE,17TH ST & INDIANA,39.179024,-86.5272
2012,7,1,Weekend,600,1-Car,No injury/unknown,RAN OFF ROAD RIGHT,17TH ST & INDIANA,39.179024,-86.5272
2012,10,5,Weekday,2000,2-Car,No injury/unknown,FAILURE TO YIELD RIGHT OF WAY,17TH & COLLEGE AVE,39.1790197,-86.53471
2012,8,5,Weekday,1200,2-Car,Non-incapacitating,FAILURE TO YIELD RIGHT OF WAY,17TH ST & WALNUT,39.1790197,-86.5210998
2012,11,7,Weekend,1200,2-Car,No injury/unknown,OTHER (DRIVER) - EXPLAIN IN NARRATIVE,DUNN & SEVENTEENTH ST,39.17901032,-86.5283297
2012,9,1,Weekday,2300,2-Car,No injury/unknown,UNSAFE BACKING,EAST 17TH ST,39.179008,-86.525888
2012,10,7,Weekend,1500,2-Car,No injury/unknown,UNSAFE BACKING,E 17TH BLUELOT ST,39.179008,-86.525888
2012,10,3,Weekday,1200,1-Car,No injury/unknown,UNSAFE BACKING,EAST 17TH ST,39.179008,-86.525888
2012,8,5,Weekday,1000,2-Car,No injury/unknown,FAILURE TO YIELD RIGHT OF WAY,E 17TH ST & WOODLAWN,39.17899556,-86.52403331
2012,1,3,Weekday,1200,2-Car,Non-incapacitating,FOLLOWING TOO CLOSELY,N KINSER PIKE & W 17TH,39.178992,-86.537792
2012,1,6,Weekday,1200,Pedestrian,Incapacitating,OTHER (DRIVER) - EXPLAIN IN NARRATIVE,W 17TH ST,39.178992,-86.537792
2012,2,4,Weekday,1400,2-Car,No injury/unknown,FOLLOWING TOO CLOSELY,17TH ST & KINSER,39.178992,-86.537792