Year,Month,Day,Weekend?,Hour,Collision Type,Injury Type,Primary Factor,Reported_Location,Latitude,Longitude
2012,9,5,Weekday,1000,2-Car,Non-incapacitating,FOLLOWING TOO CLOSELY,10TH & COLLEGE AVE,39.17165972,-86.53483003
2012,10,2,Weekday,1000,2-Car,No injury/unknown,UNSAFE LANE MOVEMENT,10TH & COLLEGE AVE,39.17165972,-86.53483003
2012,9,6,Weekday,1500,2-Car,No injury/unknown,FOLLOWING TOO CLOSELY,10TH & WALNUT ST,39.17165972,-86.53358012
2012,12,2,Weekday,2200,2-Car,No injury/unknown,FAILURE TO YIELD RIGHT OF WAY,10TH ST & 10TH STREET MARKET,39.17165972,-86.53358012
2012,8,4,Weekday,1100,3+ Cars,No injury/unknown,FOLLOWING TOO CLOSELY,INDIANA & TENTH ST,39.17165972,-86.52698712
2012,10,2,Weekday,1600,2-Car,No injury/unknown,FOLLOWING TOO CLOSELY,10TH ST & INDIANA,39.17165972,-86.52696982
2012,12,6,Weekend,2100,2-Car,No injury/unknown,SPEED TOO FAST FOR WEATHER CONDITIONS,10TH ST & INDIANA,39.17165972,-86.52696982
2012,5,2,Weekday,1100,1-Car,No injury/unknown,OTHER (DRIVER) - EXPLAIN IN NARRATIVE,10TH ST & JEFFERSON,39.17164801,-86.50655873
2012,12,4,Weekday,1500,1-Car,No injury/unknown,UNSAFE BACKING,10TH ST & JEFFERSON,39.17164801,-86.50673515
2012,2,4,Weekday,100,1-Car,Non-incapacitating,RAN OFF ROAD RIGHT,10TH ST & JEFFERSON,39.17164801,-86.50684101
2012,2,7,Weekend,1900,2-Car,No injury/unknown,FAILURE TO YIELD RIGHT OF WAY,10TH ST & PARK,39.171648,-86.524608
2012,5,6,Weekday,1500,2-Car,No injury/unknown,FOLLOWING TOO CLOSELY,PARK & TENTH ST,39.171648,-86.524608
2012,4,7,Weekend,1200,2-Car,No injury/unknown,FAILURE TO YIELD RIGHT OF WAY,10TH ST & PARK,39.171648,-86.524608
2012,8,3,Weekday,1500,Moped/Motorcycle,Non-incapacitating,FAILURE TO YIELD RIGHT OF WAY,E 10TH ST & PARK,39.171648,-86.524608
2012,1,3,Weekday,800,2-Car,No injury/unknown,FOLLOWING TOO CLOSELY,E 10TH ST & N JEFFERSON,39.171648,-86.507088
2012,1,7,Weekend,200,1-Car,No injury/unknown,SPEED TOO FAST FOR WEATHER CONDITIONS,10TH ST & JEFFERSON,39.171648,-86.507088
2012,4,7,Weekend,2000,1-Car,Non-incapacitating,SPEED TOO FAST FOR WEATHER CONDITIONS,E 10TH ST & N JEFFERSON,39.171648,-86.507088
2012,4,1,Weekend,100,1-Car,No injury/unknown,SPEED TOO FAST FOR WEATHER CONDITIONS,10TH ST & JEFFERSON,39.171648,-86.507088
2012,4,2,Weekday,1700,2-Car,No injury/unknown,FOLLOWING TOO CLOSELY,E 10TH ST & N JEFFERSON,39.171648,-86.507088
2012,5,4,Weekday,900,2-Car,Non-incapacitating,UNSAFE SPEED,10TH ST & JEFFERSON,39.171648,-86.507088
2012,10,7,Weekend,1500,Moped/Motorcycle,Incapacitating,OTHER (DRIVER) - EXPLAIN IN NARRATIVE,10TH ST & JEFFERSON,39.171648,-86.507088
2012,10,5,Weekday,1200,1-Car,No injury/unknown,OTHER (VEHICLE) - EXPLAIN IN NARRATIVE,E 10TH ST & N JEFFERSON,39.171648,-86.507088
2012,10,6,Weekday,1400,2-Car,No injury/unknown,FOLLOWING TOO CLOSELY,10TH ST & JEFFERSON,39.171648,-86.507088
2012,11,6,Weekday,400,2-Car,No injury/unknown,FOLLOWING TOO CLOSELY,10TH ST & JEFFERSON,39.171648,-86.507088
2012,5,7,Weekend,1900,2-Car,No injury/unknown,UNSAFE BACKING,E 10TH ST,39.171648,-86.50369927
2012,7,1,Weekend,100,1-Car,No injury/unknown,OTHER (DRIVER) - EXPLAIN IN NARRATIVE,E 10TH ST,39.171648,-86.50295229
2012,1,3,Weekday,1300,2-Car,No injury/unknown,UNSAFE SPEED,10TH ST & SR46E,39.171648,-86.502096
2012,4,7,Weekend,300,2-Car,Non-incapacitating,OTHER (DRIVER) - EXPLAIN IN NARRATIVE,10TH & SR46E,39.171648,-86.502096
2012,5,7,Weekend,1900,2-Car,No injury/unknown,DRIVER DISTRACTED - EXPLAIN IN NARRATIVE,10TH & SR46W,39.171648,-86.502096
2012,5,3,Weekday,1500,2-Car,No injury/unknown,DRIVER DISTRACTED - EXPLAIN IN NARRATIVE,10TH & SR46S,39.171648,-86.502096
2012,7,1,Weekend,1200,2-Car,Non-incapacitating,FAILURE TO YIELD RIGHT OF WAY,10TH & SR46S,39.171648,-86.502096
2012,8,6,Weekday,1300,2-Car,No injury/unknown,UNSAFE SPEED,10TH & SR46E,39.171648,-86.502096
2012,5,3,Weekday,2100,2-Car,No injury/unknown,IMPROPER TURNING,E 10TH ST,39.17164591,-86.50199444
2012,11,1,Weekend,1600,1-Car,No injury/unknown,UNSAFE BACKING,E 10TH ST,39.17164435,-86.50191826
2012,11,6,Weekday,1500,1-Car,No injury/unknown,UNSAFE BACKING,E 10TH ST,39.17164435,-86.50191826
2012,8,6,Weekday,1700,2-Car,No injury/unknown,UNSAFE BACKING,EAST 10TH ST,39.17164278,-86.50184209
2012,10,6,Weekend,2100,2-Car,No injury/unknown,,E 10TH ST,39.17164278,-86.50184209
2012,9,3,Weekday,900,2-Car,No injury/unknown,OTHER (DRIVER) - EXPLAIN IN NARRATIVE,SR45W & SR46,39.17164076,-86.50174328
2012,8,7,Weekend,100,2-Car,No injury/unknown,FAILURE TO YIELD RIGHT OF WAY,10TH ST & WOODLAWN,39.17164028,-86.52349971
2012,10,2,Weekday,1800,2-Car,No injury/unknown,FOLLOWING TOO CLOSELY,10TH ST & WOODLAWN,39.17164028,-86.52349971
2012,12,3,Weekday,1500,2-Car,No injury/unknown,FOLLOWING TOO CLOSELY,FORREST & TENTH ST,39.17163204,-86.522386
2012,1,4,Weekday,2200,2-Car,Non-incapacitating,FAILURE TO YIELD RIGHT OF WAY,10TH ST & WOODLAWN,39.171632,-86.523536
2012,2,2,Weekday,2300,2-Car,No injury/unknown,UNSAFE BACKING,EAST 10TH ST,39.171632,-86.523536
2012,2,5,Weekday,1900,2-Car,No injury/unknown,UNSAFE BACKING,E 10TH ST & WOODLAWN,39.171632,-86.523536
2012,6,1,Weekend,800,2-Car,No injury/unknown,FAILURE TO YIELD RIGHT OF WAY,E 10TH ST & N WOODLAWN,39.171632,-86.523536
2012,10,2,Weekday,2100,3+ Cars,Non-incapacitating,DRIVER DISTRACTED - EXPLAIN IN NARRATIVE,10TH ST & WOODLAWN,39.171632,-86.523536
2012,10,6,Weekday,1200,3+ Cars,No injury/unknown,FOLLOWING TOO CLOSELY,10TH ST & FORREST,39.17163022,-86.52237989
2012,10,1,Weekend,1700,3+ Cars,No injury/unknown,FOLLOWING TOO CLOSELY,10TH ST & FORREST,39.17163022,-86.52237989
2012,11,5,Weekday,1600,2-Car,No injury/unknown,FOLLOWING TOO CLOSELY,10TH ST & FORREST,39.17163022,-86.52237989
2012,12,4,Weekday,1100,2-Car,No injury/unknown,UNSAFE BACKING,TENTH & WOODLAWN AVE,39.17162998,-86.52351778
2012,9,2,Weekday,1600,Bus,No injury/unknown,FAILURE TO YIELD RIGHT OF WAY,TENTH & WOODLAWN AVE,39.17161805,-86.52351755
2012,8,3,Weekday,900,2-Car,No injury/unknown,DRIVER DISTRACTED - EXPLAIN IN NARRATIVE,10TH ST & WALNUT,39.1716101,-86.52098983
2012,8,6,Weekday,1800,2-Car,No injury/unknown,FAILURE TO YIELD RIGHT OF WAY,10TH ST & WALNUT GROVE,39.1716101,-86.52098983
2012,2,7,Weekend,200,2-Car,No injury/unknown,FAILURE TO YIELD RIGHT OF WAY,10TH ST & FEE,39.1716101,-86.51901975
2012,8,7,Weekend,1600,3+ Cars,No injury/unknown,FOLLOWING TOO CLOSELY,10TH ST & WALNUT GROVE,39.17160188,-86.52107241
2012,6,3,Weekday,1200,2-Car,No injury/unknown,UNSAFE BACKING,EAST TENTH ST,39.17160138,-86.51021338
2012,1,5,Weekday,1600,2-Car,No injury/unknown,FOLLOWING TOO CLOSELY,E 10TH ST & N WALNUT GROVE,39.1716,-86.520896
2012,10,6,Weekend,1900,2-Car,No injury/unknown,FAILURE TO YIELD RIGHT OF WAY,JORDAN AVE & TENTH,39.17159826,-86.5156478
2012,12,7,Weekend,2300,2-Car,Non-incapacitating,FAILURE TO YIELD RIGHT OF WAY,E LAW & JORDAN AVE,39.17159826,-86.5156478
2012,9,7,Weekend,1400,1-Car,Non-incapacitating,OVERCORRECTING/OVERSTEERING,E TENTH ST & TULIP TREE,39.17159402,-86.50451571
2012,10,6,Weekday,1400,2-Car,No injury/unknown,FOLLOWING TOO CLOSELY,10TH ST & JORDAN,39.17158999,-86.51565379
2012,2,2,Weekday,1900,2-Car,No injury/unknown,UNSAFE SPEED,E 10TH ST & N CAMPBELL,39.17158999,-86.51394031
2012,2,2,Weekday,1100,2-Car,No injury/unknown,IMPROPER TURNING,E 11TH ST & N FEE,39.171584,-86.518688
2012,3,2,Weekday,1200,2-Car,No injury/unknown,UNSAFE BACKING,11TH ST & FEE,39.171584,-86.518688
2012,4,6,Weekday,300,2-Car,No injury/unknown,FAILURE TO YIELD RIGHT OF WAY,10TH ST & FEE,39.171584,-86.518688
2012,7,5,Weekday,1300,2-Car,No injury/unknown,FOLLOWING TOO CLOSELY,E TENTH ST & FEE,39.171584,-86.518688
2012,10,6,Weekend,2100,2-Car,No injury/unknown,FOLLOWING TOO CLOSELY,10TH ST & FEE,39.171584,-86.518688
2012,5,4,Weekday,1200,2-Car,No injury/unknown,UNSAFE SPEED,10TH ST & SUNRISE,39.17157993,-86.51250581
2012,8,5,Weekday,1200,2-Car,No injury/unknown,UNSAFE BACKING,E 10TH ST & N SUNRISE,39.17157993,-86.51249283
2012,10,6,Weekday,1300,1-Car,Non-incapacitating,UNSAFE SPEED,E 10TH ST & N SUNRISE,39.17157993,-86.5124885
2012,10,6,Weekend,1900,2-Car,No injury/unknown,FOLLOWING TOO CLOSELY,10TH ST & SUNRISE,39.17157993,-86.51248418
2012,10,4,Weekday,1900,2-Car,No injury/unknown,FAILURE TO YIELD RIGHT OF WAY,10TH ST & SUNRISE,39.17157993,-86.51247985
2012,5,4,Weekday,1700,2-Car,Non-incapacitating,FOLLOWING TOO CLOSELY,10TH ST & N FEE,39.17157828,-86.51815878
2012,8,5,Weekday,1600,2-Car,No injury/unknown,UNSAFE BACKING,E 10TH ST,39.17157747,-86.51808392
2012,9,2,Weekday,2100,2-Car,No injury/unknown,UNSAFE BACKING,E 10TH ST,39.17157747,-86.51808392
2012,1,6,Weekday,400,1-Car,No injury/unknown,SPEED TOO FAST FOR WEATHER CONDITIONS,10TH ST & FEE,39.17157638,-86.51798237
2012,8,6,Weekday,1500,1-Car,No injury/unknown,FOLLOWING TOO CLOSELY,10TH ST & FEE,39.17157638,-86.51798237
2012,6,3,Weekday,1800,2-Car,No injury/unknown,IMPROPER TURNING,SR46 & UNIONVILLE,39.1715658,-86.50228603
2012,7,4,Weekday,1700,2-Car,No injury/unknown,UNSAFE LANE MOVEMENT,SR45 & SR46,39.1715658,-86.50228603
2012,2,1,Weekend,1000,2-Car,No injury/unknown,OTHER (DRIVER) - EXPLAIN IN NARRATIVE,EAST TENTH ST,39.17156383,-86.51814334
2012,5,3,Weekday,900,2-Car,No injury/unknown,UNSAFE BACKING,EAST TENTH ST,39.17156383,-86.51814334
2012,9,3,Weekday,1900,2-Car,No injury/unknown,UNSAFE BACKING,10TH ST,39.17156383,-86.51814334
2012,1,3,Weekday,1300,2-Car,No injury/unknown,UNSAFE LANE MOVEMENT,10TH & JORDAN AVE,39.171552,-86.515728
2012,2,4,Weekday,0,2-Car,No injury/unknown,FAILURE TO YIELD RIGHT OF WAY,10TH & JORDAN AVE,39.171552,-86.515728
2012,3,6,Weekday,1300,2-Car,No injury/unknown,IMPROPER TURNING,10TH & JORDAN AVE,39.171552,-86.515728
2012,4,7,Weekend,1900,2-Car,No injury/unknown,FOLLOWING TOO CLOSELY,10TH & JORDAN AVE,39.171552,-86.515728
2012,4,1,Weekend,1400,2-Car,No injury/unknown,FAILURE TO YIELD RIGHT OF WAY,E 10TH ST & N JORDAN,39.171552,-86.515728
2012,4,5,Weekday,1000,2-Car,No injury/unknown,IMPROPER TURNING,10TH & 600 N JORDAN (PARKING LOT) AVE,39.171552,-86.515728
2012,5,3,Weekday,1100,Bus,No injury/unknown,FOLLOWING TOO CLOSELY,1400 E TENTH ST & 600 N JORDAN,39.171552,-86.515728
2012,5,6,Weekday,1400,2-Car,No injury/unknown,,N JORDAN AVE,39.171552,-86.515728
2012,10,6,Weekday,1000,2-Car,No injury/unknown,UNSAFE BACKING,10TH & JORDAN AVE,39.171552,-86.515728
2012,10,6,Weekday,1100,2-Car,No injury/unknown,FAILURE TO YIELD RIGHT OF WAY,10TH ST & UNION,39.17154975,-86.50942867
2012,4,7,Weekend,1800,2-Car,No injury/unknown,FOLLOWING TOO CLOSELY,10TH ST & JORDAN,39.17154708,-86.51537521
2012,10,1,Weekend,1300,3+ Cars,Non-incapacitating,FOLLOWING TOO CLOSELY,10TH ST & RANGE,39.17154567,-86.49707538
2012,10,1,Weekend,1300,2-Car,No injury/unknown,FOLLOWING TOO CLOSELY,10TH ST & RANGE,39.17154567,-86.49707538
2012,2,3,Weekday,1200,1-Car,No injury/unknown,ACCELERATOR FAILURE OR DEFECTIVE,E TENTH ST,39.17154036,-86.51313968
2012,12,7,Weekend,1400,2-Car,No injury/unknown,UNSAFE BACKING,E TENTH ST,39.17154036,-86.51313968
2012,2,6,Weekday,1600,1-Car,No injury/unknown,ANIMAL/OBJECT IN ROADWAY,FLEENER RD & HASH,39.17153535,-86.4017051
2012,8,3,Weekday,1200,2-Car,Non-incapacitating,FOLLOWING TOO CLOSELY,SR46E & TENTH,39.17153031,-86.50220967
2012,9,6,Weekday,1600,2-Car,No injury/unknown,FOLLOWING TOO CLOSELY,10TH ST & 45 46 BYPASS,39.17153031,-86.50220967
2012,9,7,Weekend,1800,2-Car,No injury/unknown,FOLLOWING TOO CLOSELY,10TH ST & 45 46,39.17153031,-86.50220967
2012,9,4,Weekday,800,2-Car,No injury/unknown,OTHER (DRIVER) - EXPLAIN IN NARRATIVE,SR46N & TENTH,39.17153031,-86.50220967
2012,10,6,Weekday,1000,2-Car,No injury/unknown,FOLLOWING TOO CLOSELY,10TH & SR46W,39.17153031,-86.50220967
2012,10,6,Weekend,2000,2-Car,No injury/unknown,FAILURE TO YIELD RIGHT OF WAY,10TH & SR46E,39.17153031,-86.50220967
2012,6,1,Weekend,1700,2-Car,No injury/unknown,OTHER (DRIVER) - EXPLAIN IN NARRATIVE,E 10TH ST,39.17152695,-86.49442523
2012,7,6,Weekday,1300,2-Car,No injury/unknown,FAILURE TO YIELD RIGHT OF WAY,E 10TH ST,39.17152628,-86.49444334
2012,2,3,Weekday,600,1-Car,No injury/unknown,ANIMAL/OBJECT IN ROADWAY,10TH ST & PETE ELLIS,39.17152424,-86.4960172
2012,10,3,Weekday,1500,Bus,No injury/unknown,IMPROPER TURNING,TENTH & UNIONVILLE RD,39.17151399,-86.50678277
2012,1,2,Weekday,1900,2-Car,No injury/unknown,UNSAFE BACKING,E 10TH ST,39.171504,-86.512288
2012,4,3,Weekday,1800,2-Car,No injury/unknown,OVERCORRECTING/OVERSTEERING,E 10TH ST,39.171504,-86.512288
2012,8,6,Weekday,1800,2-Car,No injury/unknown,IMPROPER TURNING,EAST 10TH ST,39.171504,-86.512288
2012,9,6,Weekday,1200,2-Car,No injury/unknown,OVERCORRECTING/OVERSTEERING,E 10TH ST,39.171504,-86.512288
2012,12,3,Weekday,1900,2-Car,No injury/unknown,UNSAFE BACKING,E 10TH ST ST,39.171504,-86.512288
2012,3,7,Weekend,500,2-Car,Non-incapacitating,DISREGARD SIGNAL/REG SIGN,10TH ST & PETE ELLIS,39.171504,-86.495312
2012,4,3,Weekday,1600,2-Car,No injury/unknown,FOLLOWING TOO CLOSELY,E 10TH ST & RANGE,39.171504,-86.495312
2012,8,2,Weekday,500,2-Car,No injury/unknown,UNSAFE SPEED,RANGE & SR46S,39.171504,-86.495312
2012,8,2,Weekday,1400,2-Car,No injury/unknown,FOLLOWING TOO CLOSELY,10TH & N PETE ELLIS DR,39.171504,-86.495312
2012,9,2,Weekday,1500,2-Car,No injury/unknown,FOLLOWING TOO CLOSELY,10TH ST & NORTH PETE ELLIS,39.171504,-86.495312
2012,11,5,Weekday,700,2-Car,Non-incapacitating,FOLLOWING TOO CLOSELY,E 10TH ST & N PETE ELLIS,39.171504,-86.495312
2012,1,4,Weekday,0,2-Car,No injury/unknown,,E 10TH ST,39.171504,-86.49509867
2012,3,7,Weekend,2300,2-Car,No injury/unknown,UNSAFE BACKING,E 10TH ST,39.171504,-86.49509867
2012,4,2,Weekday,2000,3+ Cars,Non-incapacitating,FAILURE TO YIELD RIGHT OF WAY,SR45,39.171504,-86.494992
2012,2,5,Weekday,2100,2-Car,Non-incapacitating,DRIVER ASLEEP OR FATIGUED,10TH ST & JOHN HINKLE,39.171504,-86.49296
2012,12,4,Weekday,2200,1-Car,No injury/unknown,OTHER (DRIVER) - EXPLAIN IN NARRATIVE,EAST 10TH ST,39.17149074,-86.50190256
2012,7,1,Weekday,2100,Moped/Motorcycle,Non-incapacitating,OVERCORRECTING/OVERSTEERING,10TH ST & PETE ELLIS,39.17149007,-86.4953801
2012,10,6,Weekday,1300,2-Car,No injury/unknown,FAILURE TO YIELD RIGHT OF WAY,10TH ST & PETE ELLIS,39.17149007,-86.4953801
2012,12,2,Weekday,1400,2-Car,Non-incapacitating,DISREGARD SIGNAL/REG SIGN,10TH ST & PETE ELLIS,39.17149007,-86.4953801
2012,10,5,Weekday,1700,2-Car,No injury/unknown,FOLLOWING TOO CLOSELY,10TH ST & RANGE,39.17149007,-86.49537577
2012,9,5,Weekday,1600,2-Car,Non-incapacitating,FAILURE TO YIELD RIGHT OF WAY,10TH ST & RANGE,39.17149007,-86.4953628
2012,9,2,Weekday,1500,3+ Cars,No injury/unknown,SPEED TOO FAST FOR WEATHER CONDITIONS,RANGE & SR45,39.17148519,-86.49626951
2012,10,7,Weekend,2000,2-Car,No injury/unknown,IMPROPER TURNING,EAST 10TH ST,39.17148317,-86.51039227
2012,9,3,Weekday,1600,2-Car,No injury/unknown,UNSAFE BACKING,E 10TH ST,39.17148166,-86.51025546
2012,1,5,Weekday,1600,2-Car,No injury/unknown,FOLLOWING TOO CLOSELY,10TH ST & UNION,39.17147976,-86.51008162
2012,1,2,Weekday,1700,2-Car,No injury/unknown,FOLLOWING TOO CLOSELY,10TH ST & UNION,39.17147588,-86.50972881
2012,9,7,Weekend,0,2-Car,No injury/unknown,FAILURE TO YIELD RIGHT OF WAY,10TH ST & UNION,39.17147588,-86.50972881
2012,1,5,Weekday,2200,2-Car,No injury/unknown,SPEED TOO FAST FOR WEATHER CONDITIONS,10TH ST & UNION,39.171472,-86.509376
2012,1,3,Weekday,700,2-Car,No injury/unknown,FAILURE TO YIELD RIGHT OF WAY,TENTH ST & UNION,39.171472,-86.509376
2012,3,7,Weekend,2100,2-Car,No injury/unknown,FAILURE TO YIELD RIGHT OF WAY,E 10TH ST & N UNION,39.171472,-86.509376
2012,4,1,Weekend,900,2-Car,No injury/unknown,FOLLOWING TOO CLOSELY,EAST TENTH ST & UNION,39.171472,-86.509376
2012,6,4,Weekday,1200,2-Car,No injury/unknown,UNSAFE LANE MOVEMENT,10TH & UNION ST,39.171472,-86.509376
2012,8,2,Weekday,1700,2-Car,Non-incapacitating,FOLLOWING TOO CLOSELY,10TH ST & UNION,39.171472,-86.509376
2012,9,3,Weekday,1800,Moped/Motorcycle,No injury/unknown,FAILURE TO YIELD RIGHT OF WAY,E 10TH ST,39.171472,-86.509376
2012,11,5,Weekday,1200,2-Car,No injury/unknown,UNSAFE BACKING,E 10TH & N UNION ST,39.171472,-86.509376
2012,12,5,Weekday,2000,3+ Cars,No injury/unknown,SPEED TOO FAST FOR WEATHER CONDITIONS,E 10TH ST,39.171472,-86.509376
2012,9,7,Weekend,1900,2-Car,No injury/unknown,FAILURE TO YIELD RIGHT OF WAY,10TH & WALNUT ST,39.17146936,-86.53352366
2012,2,1,Weekend,1500,3+ Cars,No injury/unknown,WRONG WAY ON ONE WAY,10TH & COLLEGE AVE,39.17146934,-86.534768
2012,9,2,Weekday,1400,3+ Cars,No injury/unknown,FOLLOWING TOO CLOSELY,10TH & N COLLEGE AVE,39.17146934,-86.534768
2012,10,7,Weekend,1800,2-Car,No injury/unknown,IMPROPER TURNING,10TH ST & JEFFERSON,39.17141028,-86.50720998
2012,7,3,Weekday,1900,1-Car,Non-incapacitating,RAN OFF ROAD RIGHT,10 TH & ROGERS ST,39.17140022,-86.53859987
2012,10,4,Weekday,1600,3+ Cars,No injury/unknown,FAILURE TO YIELD RIGHT OF WAY,10TH & COLLEGE AVE,39.17133202,-86.534768
2012,11,6,Weekday,500,2-Car,No injury/unknown,UNSAFE BACKING,EAST 10TH ST,39.171312,-86.5492
2012,4,2,Weekday,2000,2-Car,Non-incapacitating,FAILURE TO YIELD RIGHT OF WAY,10TH & JORDAN AVE,39.17127835,-86.51575822
2012,9,3,Weekday,200,2-Car,No injury/unknown,UNSAFE BACKING,519 N COLLEGE (PARKING LOT) AVE & MORTON,39.171135,-86.53522392
2012,9,1,Weekend,1300,3+ Cars,No injury/unknown,FOLLOWING TOO CLOSELY,9TH & COLLEGE AVE,39.17095598,-86.534768
2012,3,6,Weekday,1800,2-Car,No injury/unknown,FOLLOWING TOO CLOSELY,BASSWOOD DR & BLOOMFIELD,39.17092115,-86.56889006
2012,9,6,Weekday,1500,2-Car,No injury/unknown,UNSAFE BACKING,SOUTH COLLEGE AVE,39.17088686,-86.534768
2012,8,7,Weekend,2300,1-Car,Non-incapacitating,OTHER (DRIVER) - EXPLAIN IN NARRATIVE,LINCOLN ST,39.17085388,-86.530992
2012,9,7,Weekend,1400,2-Car,Non-incapacitating,FOLLOWING TOO CLOSELY,JOHN HINKLE & N PETE ELLIS DR,39.17085256,-86.49555389
2012,10,4,Weekday,1300,2-Car,No injury/unknown,FAILURE TO YIELD RIGHT OF WAY,4TH & GRANT ST,39.17084706,-86.52981966
2012,6,6,Weekend,1900,1-Car,No injury/unknown,OTHER (DRIVER) - EXPLAIN IN NARRATIVE,N BELL TRACE DR,39.17074911,-86.49035096
2012,2,2,Weekday,2000,2-Car,No injury/unknown,OVERCORRECTING/OVERSTEERING,N SUNRISE AVE,39.1707471,-86.51252947
2012,10,6,Weekday,1500,2-Car,No injury/unknown,FOLLOWING TOO CLOSELY,10TH & JORDAN AVE,39.17073106,-86.51581866
2012,2,6,Weekday,1500,2-Car,No injury/unknown,FAILURE TO YIELD RIGHT OF WAY,JOHN HINKLE & PETE ELLIS DR,39.17072,-86.4956
2012,5,5,Weekday,1400,Bus,No injury/unknown,IMPROPER TURNING,E JOHN HINKLE PL & N PETE ELLIS,39.17072,-86.4956
2012,10,3,Weekday,900,2-Car,No injury/unknown,UNSAFE BACKING,N JACOB DR,39.17064987,-86.57224014
2012,1,6,Weekend,2100,1-Car,No injury/unknown,ROADWAY SURFACE CONDITION,SR43S & SR48W,39.17064,-86.680896
2012,1,6,Weekend,2200,1-Car,No injury/unknown,ROADWAY SURFACE CONDITION,SR43S & SR48W,39.17064,-86.680896
2012,12,3,Weekday,900,2-Car,No injury/unknown,IMPROPER TURNING,NORTH DANIELS WAY,39.17061234,-86.5968399
2012,10,1,Weekend,1200,2-Car,No injury/unknown,OTHER (DRIVER) - EXPLAIN IN NARRATIVE,9TH ST & MORTON,39.170544,-86.53582358
2012,9,1,Weekend,1300,2-Car,No injury/unknown,FOLLOWING TOO CLOSELY,455 S COLLEGE AVE & 9TH,39.170544,-86.534768
2012,9,5,Weekday,1100,Bus,No injury/unknown,RAN OFF ROAD RIGHT,9TH & N COLLEGE AVE,39.170544,-86.534768
2012,12,5,Weekday,1100,Pedestrian,Non-incapacitating,FAILURE TO YIELD RIGHT OF WAY,N COLLEGE & W9TH ST,39.170544,-86.534768
2012,5,6,Weekend,2000,2-Car,No injury/unknown,UNSAFE LANE MOVEMENT,E 9TH & N WALNUT ST,39.170544,-86.533536
2012,8,2,Weekday,1300,2-Car,No injury/unknown,IMPROPER TURNING,9TH & WALNUT ST,39.170544,-86.533536
2012,9,3,Weekday,1000,2-Car,No injury/unknown,FAILURE TO YIELD RIGHT OF WAY,9TH & N WASHINGTON ST,39.170544,-86.5324
2012,11,6,Weekday,0,2-Car,No injury/unknown,FAILURE TO YIELD RIGHT OF WAY,E 9TH & N WASHINGTON ST,39.170544,-86.5324
2012,2,4,Weekday,0,2-Car,No injury/unknown,OTHER (DRIVER) - EXPLAIN IN NARRATIVE,E 9TH ST & N GRANT,39.170544,-86.529696
2012,8,3,Weekday,1600,2-Car,Non-incapacitating,DISREGARD SIGNAL/REG SIGN,9TH & N GRANT ST,39.170544,-86.529696
2012,9,4,Weekday,1800,2-Car,No injury/unknown,DISREGARD SIGNAL/REG SIGN,EAST 9TH & NORTH GRANT ST,39.170544,-86.529696
2012,2,3,Weekday,1700,2-Car,Non-incapacitating,FAILURE TO YIELD RIGHT OF WAY,9TH & INDIANA AVE,39.170544,-86.526992
2012,4,5,Weekday,200,2-Car,No injury/unknown,WRONG WAY ON ONE WAY,E 9TH ST & N INDIANA AVE AVE,39.170544,-86.526992
2012,10,3,Weekday,500,1-Car,Non-incapacitating,RAN OFF ROAD RIGHT,E 9TH & N INDIANA AVE,39.170544,-86.526992
2012,6,6,Weekday,900,2-Car,No injury/unknown,UNSAFE BACKING,9TH ST & PARK,39.170544,-86.52456
2012,10,2,Weekday,1200,2-Car,No injury/unknown,UNSAFE BACKING,9TH ST & WOODLAWN,39.170544,-86.523488
2012,5,7,Weekend,1700,2-Car,No injury/unknown,UNSAFE LANE MOVEMENT,9TH & WALNUT AVE,39.17048907,-86.53353689
2012,6,2,Weekday,300,2-Car,No injury/unknown,DISREGARD SIGNAL/REG SIGN,PROFILE PKWY & ZENITH,39.17048022,-86.59237012
2012,10,7,Weekend,1800,2-Car,No injury/unknown,FAILURE TO YIELD RIGHT OF WAY,9TH & DUNN ST,39.17045005,-86.52827002
2012,8,5,Weekday,1900,2-Car,No injury/unknown,UNSAFE BACKING,9TH ST & INDIANA,39.17045005,-86.52697328
2012,10,3,Weekday,1600,2-Car,No injury/unknown,UNSAFE LANE MOVEMENT,9TH & NORTH COLLEGE AVE,39.17033802,-86.53477132
2012,8,6,Weekday,1800,2-Car,No injury/unknown,FOLLOWING TOO CLOSELY,9TH & N COLLEGE AVE,39.17026937,-86.53477243
2012,3,5,Weekday,1300,2-Car,No injury/unknown,IMPROPER LANE USAGE,9TH & WALNUT ST,39.17026937,-86.53354043
2012,1,7,Weekend,1400,2-Car,No injury/unknown,FAILURE TO YIELD RIGHT OF WAY,EASTGATE & SR4546E,39.17024,-86.501392