Year,Month,Day,Weekend?,Hour,Collision Type,Injury Type,Primary Factor,Reported_Location,Latitude,Longitude
2012,3,4,Weekday,1600,Bus,No injury/unknown,OVERCORRECTING/OVERSTEERING,EASTGATE & SR4546S,39.17024,-86.501392
2012,3,7,Weekend,1600,2-Car,No injury/unknown,FAILURE TO YIELD RIGHT OF WAY,EASTGATE & SR46N,39.17024,-86.501392
2012,4,5,Weekday,200,Pedestrian,Incapacitating,OTHER (DRIVER) - EXPLAIN IN NARRATIVE,EASTGATE & SR4546,39.17024,-86.501392
2012,8,2,Weekday,1900,2-Car,No injury/unknown,OTHER (VEHICLE) - EXPLAIN IN NARRATIVE,E EASTGATE LN,39.17024,-86.501392
2012,10,5,Weekday,1500,2-Car,Non-incapacitating,FAILURE TO YIELD RIGHT OF WAY,EASTGATE & SR46S,39.17024,-86.501392
2012,12,3,Weekday,1900,2-Car,No injury/unknown,,E EASTGATE LN,39.17024,-86.501392
2012,2,6,Weekday,300,3+ Cars,Non-incapacitating,DRIVER DISTRACTED - EXPLAIN IN NARRATIVE,8TH & COLLEGE AVE,39.17023859,-86.53477293
2012,2,6,Weekday,1400,2-Car,No injury/unknown,,E EASTGATE LN,39.17017438,-86.50122511
2012,6,1,Weekend,1600,Moped/Motorcycle,Non-incapacitating,FAILURE TO YIELD RIGHT OF WAY,EASTGATE & SR4546S,39.17016962,-86.50148749
2012,4,2,Weekday,1500,2-Car,No injury/unknown,FAILURE TO YIELD RIGHT OF WAY,DANIELS WAY & ZENITH,39.17015031,-86.59829981
2012,10,5,Weekday,1100,2-Car,No injury/unknown,UNSAFE BACKING,EASTGATE LN & SR46,39.17012767,-86.50208277
2012,1,1,Weekend,1400,2-Car,No injury/unknown,UNSAFE BACKING,NORTH GATES DR,39.17012013,-86.57636806
2012,4,7,Weekend,1200,2-Car,No injury/unknown,UNSAFE BACKING,N GATES DR,39.17012013,-86.57636806
2012,1,4,Weekday,1300,3+ Cars,No injury/unknown,IMPROPER PASSING,EASTGATE & SR46E,39.17011202,-86.50132801
2012,12,5,Weekday,1600,2-Car,No injury/unknown,UNSAFE BACKING,N COLLEGE AVE,39.17009861,-86.53477518
2012,12,3,Weekday,900,2-Car,No injury/unknown,FAILURE TO YIELD RIGHT OF WAY,DAVIS & WALNUT ST,39.1700674,-86.53369009
2012,9,6,Weekday,1600,2-Car,No injury/unknown,UNSAFE BACKING,GATES DR,39.1698761,-86.57495117
2012,3,5,Weekday,700,1-Car,No injury/unknown,OTHER (DRIVER) - EXPLAIN IN NARRATIVE,EAST RD,39.169856,-86.50376
2012,11,2,Weekday,700,1-Car,No injury/unknown,OTHER (DRIVER) - EXPLAIN IN NARRATIVE,300 BLK S ADAMS ST & VERNAL,39.16974407,-86.54968801
2012,12,6,Weekday,1500,1-Car,No injury/unknown,RAN OFF ROAD RIGHT,W 8TH TRL 6 ST,39.16972931,-86.55493061
2012,1,7,Weekend,1600,2-Car,No injury/unknown,ROADWAY SURFACE CONDITION,N GRANT ST,39.16971396,-86.529696
2012,6,5,Weekday,2100,2-Car,No injury/unknown,IMPROPER TURNING,N WALNUT ST,39.16969371,-86.53354971
2012,5,6,Weekend,2100,2-Car,No injury/unknown,UNSAFE LANE MOVEMENT,8TH & WALNUT ST,39.16968932,-86.53354979
2012,10,4,Weekday,2000,Moped/Motorcycle,Incapacitating,ANIMAL/OBJECT IN ROADWAY,N HOPEWELL & W 8TH ST,39.16968,-86.552192
2012,8,5,Weekday,1900,2-Car,No injury/unknown,UNSAFE BACKING,NORTH JORDAN AVE,39.16964203,-86.51621751
2012,4,5,Weekday,800,1-Car,No injury/unknown,OTHER (DRIVER) - EXPLAIN IN NARRATIVE,NORTH PROFILE PKWY,39.16962795,-86.59242242
2012,10,4,Weekday,1200,2-Car,No injury/unknown,OTHER (DRIVER) - EXPLAIN IN NARRATIVE,EASTGATE LN,39.16960144,-86.50052642
2012,7,4,Weekday,2200,2-Car,No injury/unknown,UNSAFE BACKING,N PETE ELLIS DR,39.169584,-86.495904
2012,9,7,Weekend,1100,2-Car,No injury/unknown,OVERCORRECTING/OVERSTEERING,N MORTON ST & W 8TH,39.169568,-86.536
2012,1,7,Weekend,1700,2-Car,No injury/unknown,IMPROPER TURNING,8TH & COLLEGE AVE,39.169552,-86.534784
2012,1,3,Weekday,1200,2-Car,No injury/unknown,FAILURE TO YIELD RIGHT OF WAY,8TH & COLLEGE AVE,39.169552,-86.534784
2012,5,5,Weekday,1100,2-Car,No injury/unknown,IMPROPER TURNING,8TH & COLLEGE AVE,39.169552,-86.534784
2012,6,6,Weekday,1200,2-Car,No injury/unknown,FAILURE TO YIELD RIGHT OF WAY,8TH & COLLEGE AVE,39.169552,-86.534784
2012,8,5,Weekday,1600,2-Car,No injury/unknown,UNSAFE LANE MOVEMENT,N COLLEGE AVE & W 8TH,39.169552,-86.534784
2012,9,2,Weekday,1400,2-Car,No injury/unknown,UNSAFE LANE MOVEMENT,SOUTH COLLEGE AVE & WEST 8TH,39.169552,-86.534784
2012,10,6,Weekday,1200,Cyclist,Non-incapacitating,PEDESTRIAN ACTION,8TH ST & COLLEGE,39.169552,-86.534784
2012,11,6,Weekday,1100,2-Car,No injury/unknown,IMPROPER TURNING,N COLLEGE AVE & W 8TH,39.169552,-86.534784
2012,1,2,Weekday,2000,2-Car,No injury/unknown,FAILURE TO YIELD RIGHT OF WAY,8TH & WALNUT ST,39.169552,-86.533552
2012,1,1,Weekend,300,2-Car,No injury/unknown,WRONG WAY ON ONE WAY,N WALNUT & W 8TH ST,39.169552,-86.533552
2012,3,2,Weekday,0,2-Car,No injury/unknown,IMPROPER LANE USAGE,8TH & WALNUT ST,39.169552,-86.533552
2012,8,4,Weekday,1100,2-Car,No injury/unknown,FAILURE TO YIELD RIGHT OF WAY,8TH & N WALNUT ST,39.169552,-86.533552
2012,11,3,Weekday,2200,2-Car,No injury/unknown,DISREGARD SIGNAL/REG SIGN,8TH & WALNUT ST,39.169552,-86.533552
2012,10,7,Weekend,300,2-Car,No injury/unknown,FAILURE TO YIELD RIGHT OF WAY,8TH & LINCOLN ST,39.169552,-86.530992
2012,4,7,Weekend,0,2-Car,No injury/unknown,UNSAFE BACKING,E 8TH ST & E GRANT,39.169552,-86.529696
2012,5,5,Weekday,2200,2-Car,No injury/unknown,OTHER (DRIVER) - EXPLAIN IN NARRATIVE,E 8TH ST & N GRANT,39.169552,-86.529696
2012,1,1,Weekend,1500,2-Car,No injury/unknown,UNSAFE BACKING,8TH ST & WOODLAWN,39.169552,-86.52344
2012,1,4,Weekday,1100,Bus,No injury/unknown,FAILURE TO YIELD RIGHT OF WAY,8TH & WOODLAWN AVE,39.169552,-86.52344
2012,1,2,Weekday,1100,2-Car,No injury/unknown,FAILURE TO YIELD RIGHT OF WAY,8TH & WOODLAWN AVE,39.169552,-86.52344
2012,10,5,Weekday,1400,Cyclist,Non-incapacitating,IMPROPER PASSING,E 8TH & N WOODLAWN AVE,39.169552,-86.52344
2012,12,4,Weekday,2300,2-Car,No injury/unknown,RAN OFF ROAD RIGHT,N SMITH RD,39.16952074,-86.481392
2012,1,4,Weekday,1800,2-Car,No injury/unknown,RAN OFF ROAD RIGHT,8TH & N ROOSEVELT ST,39.16952,-86.505968
2012,6,4,Weekday,1100,2-Car,No injury/unknown,UNSAFE BACKING,8TH ST & ROOSEVELT,39.16952,-86.505968
2012,6,3,Weekday,1100,2-Car,No injury/unknown,FAILURE TO YIELD RIGHT OF WAY,EIGHTH & ROGERS ST,39.16951999,-86.53866022
2012,8,4,Weekday,1100,2-Car,No injury/unknown,FAILURE TO YIELD RIGHT OF WAY,8TH & COLLEGE AVE,39.16950993,-86.53484009
2012,9,6,Weekday,1700,3+ Cars,No injury/unknown,FOLLOWING TOO CLOSELY,8TH & COLLEGE AVE,39.16950993,-86.53484009
2012,10,2,Weekday,1400,1-Car,No injury/unknown,RAN OFF ROAD RIGHT,8TH & COLLEGE AVE,39.16950993,-86.53484009
2012,11,2,Weekday,1300,2-Car,No injury/unknown,IMPROPER TURNING,8TH & COLLEGE AVE,39.16950993,-86.53484009
2012,2,4,Weekday,1400,2-Car,No injury/unknown,FAILURE TO YIELD RIGHT OF WAY,PETE ELLIS DR & THIRD,39.16949706,-86.49495966
2012,8,1,Weekend,1700,2-Car,No injury/unknown,FAILURE TO YIELD RIGHT OF WAY,3RD & PETE ELLIS DR,39.16949706,-86.49495966
2012,4,3,Weekday,1700,Cyclist,No injury/unknown,FAILURE TO YIELD RIGHT OF WAY,7TH & JORDAN AVE,39.16949129,-86.51595557
2012,9,4,Weekday,2200,Pedestrian,Incapacitating,PEDESTRIAN ACTION,7TH & JORDAN AVE,39.16949129,-86.51595557
2012,10,4,Weekday,1500,2-Car,No injury/unknown,FAILURE TO YIELD RIGHT OF WAY,8TH ST & GRANT,39.16947976,-86.5297801
2012,4,3,Weekday,2000,2-Car,Non-incapacitating,FAILURE TO YIELD RIGHT OF WAY,8TH & WOODLAWN AVE,39.16947976,-86.52349032
2012,4,6,Weekend,2000,Bus,No injury/unknown,IMPROPER TURNING,E 8TH & N FORREST AVE,39.16947214,-86.52234779
2012,8,3,Weekday,1700,2-Car,No injury/unknown,FAILURE TO YIELD RIGHT OF WAY,E 8TH ST & WOODLAWN,39.16947034,-86.52295802
2012,3,6,Weekday,1200,2-Car,No injury/unknown,UNSAFE BACKING,8TH ST & FORREST,39.1694697,-86.52234032
2012,1,6,Weekday,1800,2-Car,No injury/unknown,IMPROPER TURNING,N PETE ELLIS DR,39.169448,-86.495896
2012,12,7,Weekend,2200,2-Car,No injury/unknown,OTHER (DRIVER) - EXPLAIN IN NARRATIVE,8TH & WALNUT ST,39.16944215,-86.53355393
2012,1,1,Weekend,1200,2-Car,No injury/unknown,UNSAFE BACKING,E AMY LN,39.169349,-86.49868592
2012,10,5,Weekday,1600,Bus,No injury/unknown,UNSAFE BACKING,8TH ST,39.16934204,-86.55295562
2012,1,2,Weekday,1600,1-Car,No injury/unknown,SPEED TOO FAST FOR WEATHER CONDITIONS,AMY & PETE ELLIS DR,39.169312,-86.495888
2012,1,2,Weekday,1600,1-Car,No injury/unknown,SPEED TOO FAST FOR WEATHER CONDITIONS,AMY & PETE ELLIS DR,39.169312,-86.495888
2012,11,7,Weekend,900,1-Car,No injury/unknown,ROADWAY SURFACE CONDITION,E AMY LN & N PETE ELLIS,39.169312,-86.495888
2012,5,5,Weekday,1400,2-Car,No injury/unknown,LEFT OF CENTER,GOURLEY & OLD STATE ROAD 37,39.16931007,-86.53521023
2012,2,7,Weekend,0,1-Car,No injury/unknown,ROADWAY SURFACE CONDITION,AMY & PETE ELLIS DR,39.1692397,-86.49592995
2012,2,6,Weekday,700,2-Car,No injury/unknown,FAILURE TO YIELD RIGHT OF WAY,AMY LN & PETE ELLIS,39.16921844,-86.49621973
2012,1,4,Weekday,1600,2-Car,No injury/unknown,FOLLOWING TOO CLOSELY,7TH & COLLEGE AVE,39.16920531,-86.534784
2012,7,3,Weekday,1800,Moped/Motorcycle,Non-incapacitating,FOLLOWING TOO CLOSELY,E EASTGATE & SR46,39.16915613,-86.50098606
2012,9,2,Weekday,1800,1-Car,No injury/unknown,SPEED TOO FAST FOR WEATHER CONDITIONS,AMY & N PETE ELLIS DR,39.16910601,-86.495888
2012,10,7,Weekend,800,2-Car,No injury/unknown,UNSAFE BACKING,BLACKSTONE CT & PARKRIDGE,39.16908218,-86.47513628
2012,9,5,Weekday,600,2-Car,No injury/unknown,UNSAFE BACKING,CAMBRIDGE & E PENN CT,39.16908206,-86.47691699
2012,10,5,Weekday,1400,Cyclist,No injury/unknown,FAILURE TO YIELD RIGHT OF WAY,7TH & JORDAN AVE,39.16908082,-86.51600089
2012,4,4,Weekday,100,1-Car,No injury/unknown,ANIMAL/OBJECT IN ROADWAY,SR48W & VERNAL,39.1690084,-86.66526028
2012,10,4,Weekday,1900,2-Car,No injury/unknown,,COLLEGE AVE,39.16900098,-86.53490915
2012,11,7,Weekend,900,2-Car,No injury/unknown,,2ND & S SWAIN AVE,39.16896024,-86.5152499
2012,1,5,Weekday,1200,2-Car,No injury/unknown,FOLLOWING TOO CLOSELY,7TH & JORDAN AVE,39.168944,-86.516016
2012,2,5,Weekday,2200,Pedestrian,Non-incapacitating,FAILURE TO YIELD RIGHT OF WAY,E 7TH ST & N JORDAN,39.168944,-86.516016
2012,3,6,Weekday,1800,2-Car,No injury/unknown,SPEED TOO FAST FOR WEATHER CONDITIONS,E 7TH & N JORDAN AVE,39.168944,-86.516016
2012,4,5,Weekday,2200,Cyclist,Non-incapacitating,DISREGARD SIGNAL/REG SIGN,E 7TH ST & N JORDAN,39.168944,-86.516016
2012,8,2,Weekday,1600,2-Car,No injury/unknown,IMPROPER TURNING,E 7TH & N FORREST AVE,39.16892456,-86.52233093
2012,11,6,Weekday,1300,2-Car,No injury/unknown,FAILURE TO YIELD RIGHT OF WAY,7TH ST & JORDAN,39.16888914,-86.51549146
2012,10,4,Weekday,1000,Cyclist,Non-incapacitating,DRIVER DISTRACTED - EXPLAIN IN NARRATIVE,7TH ST & STADIUM,39.16887956,-86.5161565
2012,8,1,Weekend,200,2-Car,No injury/unknown,OTHER (DRIVER) - EXPLAIN IN NARRATIVE,EASTGATE LN,39.16887492,-86.49914123
2012,8,5,Weekday,1700,2-Car,No injury/unknown,UNSAFE BACKING,N SMITH RD,39.1688723,-86.4813007
2012,9,2,Weekday,1700,Cyclist,Non-incapacitating,UNSAFE LANE MOVEMENT,7TH & JORDAN AVE,39.16885011,-86.51615984
2012,9,2,Weekday,1900,Cyclist,Incapacitating,FAILURE TO YIELD RIGHT OF WAY,7TH & JORDAN AVE,39.16885011,-86.51615984
2012,2,6,Weekday,1500,2-Car,No injury/unknown,OTHER (DRIVER) - EXPLAIN IN NARRATIVE,408 S GRANT ST & SMITH,39.168848,-86.481296
2012,8,7,Weekend,1200,2-Car,Non-incapacitating,FAILURE TO YIELD RIGHT OF WAY,W JACOB DR,39.16883876,-86.57359064
2012,1,7,Weekend,1200,1-Car,No injury/unknown,RAN OFF ROAD RIGHT,GRANDVIEW DR & SMITH,39.16881186,-86.48182316
2012,1,4,Weekday,1600,Bus,No injury/unknown,IMPROPER PASSING,7TH & WOODLAWN AVE,39.16877721,-86.52339922
2012,2,6,Weekday,1300,2-Car,No injury/unknown,FOLLOWING TOO CLOSELY,ALEXANDER & JACOB DR,39.16877031,-86.57355979
2012,12,5,Weekday,900,2-Car,No injury/unknown,OTHER (DRIVER) - EXPLAIN IN NARRATIVE,ALEXANDER DR & GATES,39.16876025,-86.57644566
2012,8,2,Weekday,1200,Bus,No injury/unknown,FAILURE TO YIELD RIGHT OF WAY,ALEXANDER & GATES DR,39.16876025,-86.57641969
2012,3,1,Weekend,1200,2-Car,No injury/unknown,OTHER (DRIVER) - EXPLAIN IN NARRATIVE,7TH & WALDRON ST,39.168752,-86.5436
2012,2,5,Weekday,1700,1-Car,No injury/unknown,OTHER (ENVIRONMENTAL) - EXPLAIN IN NARR,E 7TH ST,39.168752,-86.5436
2012,5,6,Weekday,1200,2-Car,No injury/unknown,UNSAFE BACKING,E 7TH ST,39.168752,-86.5436
2012,7,5,Weekday,1000,2-Car,No injury/unknown,UNSAFE BACKING,EAST 7TH ST,39.168752,-86.5436
2012,2,5,Weekday,0,1-Car,No injury/unknown,RAN OFF ROAD RIGHT,E GRANDVIEW DR,39.16873829,-86.48725029
2012,4,1,Weekday,2300,Moped/Motorcycle,No injury/unknown,IMPROPER PASSING,7TH & UNION ST,39.16872525,-86.50932267
2012,6,6,Weekday,1200,2-Car,No injury/unknown,IMPROPER TURNING,N FAIRVIEW & W 7TH ST,39.16872,-86.541104
2012,6,6,Weekday,1800,2-Car,No injury/unknown,IMPROPER TURNING,N WALNUT ST,39.16871445,-86.53356669
2012,4,2,Weekday,1500,2-Car,No injury/unknown,IMPROPER LANE USAGE,E 7TH ST & N CAMPBELL,39.16870996,-86.51389359
2012,12,1,Weekend,1000,1-Car,No injury/unknown,OTHER (DRIVER) - EXPLAIN IN NARRATIVE,7TH ST & CAMPBELL,39.16870996,-86.51388278
2012,9,5,Weekday,1800,2-Car,No injury/unknown,UNSAFE BACKING,7TH ST & ELM,39.168704,-86.5452
2012,1,2,Weekday,1600,2-Car,Non-incapacitating,SPEED TOO FAST FOR WEATHER CONDITIONS,7TH & ROGERS ST,39.168704,-86.538576
2012,5,4,Weekday,600,2-Car,No injury/unknown,FAILURE TO YIELD RIGHT OF WAY,N ROGERS & W 7TH ST,39.168704,-86.538576
2012,6,3,Weekday,1300,2-Car,Non-incapacitating,FAILURE TO YIELD RIGHT OF WAY,7TH & ROGERS ST,39.168704,-86.538576
2012,6,6,Weekday,1300,2-Car,No injury/unknown,UNSAFE BACKING,7TH & MORTON ST,39.168672,-86.536
2012,9,7,Weekend,1400,Bus,No injury/unknown,OTHER (DRIVER) - EXPLAIN IN NARRATIVE,7TH & MORTON ST,39.168672,-86.536
2012,11,3,Weekday,2000,2-Car,No injury/unknown,UNSAFE BACKING,N MORTON ST,39.168672,-86.536
2012,8,5,Weekday,1700,2-Car,No injury/unknown,UNSAFE BACKING,MORTON & W 7TH ST,39.16866968,-86.53582361
2012,5,4,Weekday,700,1-Car,No injury/unknown,RAN OFF ROAD RIGHT,SR48W & VERNAL,39.16866405,-86.66248778
2012,8,2,Weekday,1500,1-Car,No injury/unknown,OTHER (DRIVER) - EXPLAIN IN NARRATIVE,7TH & ADAMS ST,39.16865967,-86.54967002
2012,1,4,Weekday,600,2-Car,No injury/unknown,UNSAFE LANE MOVEMENT,7TH & COLLEGE AVE,39.168656,-86.534784
2012,2,3,Weekday,1200,2-Car,Non-incapacitating,IMPROPER TURNING,7TH & COLLEGE AVE,39.168656,-86.534784
2012,2,4,Weekday,1600,2-Car,No injury/unknown,DRIVER DISTRACTED - EXPLAIN IN NARRATIVE,COLLEGE AVE,39.168656,-86.534784
2012,4,1,Weekend,300,1-Car,No injury/unknown,IMPROPER TURNING,COLLEGE AVE,39.168656,-86.534784
2012,5,6,Weekday,1100,2-Car,No injury/unknown,FAILURE TO YIELD RIGHT OF WAY,7TH & COLLEGE AVE,39.168656,-86.534784
2012,3,6,Weekend,2000,2-Car,No injury/unknown,IMPROPER TURNING,N COLLEGE AVE & W 7TH,39.168656,-86.534784
2012,4,5,Weekday,1200,1-Car,No injury/unknown,OTHER (DRIVER) - EXPLAIN IN NARRATIVE,N COLLEGE AVE,39.168656,-86.534784
2012,6,2,Weekday,1300,3+ Cars,Non-incapacitating,FOLLOWING TOO CLOSELY,7TH & COLLEGE AVE,39.168656,-86.534784
2012,8,3,Weekday,900,2-Car,No injury/unknown,IMPROPER LANE USAGE,7TH & COLLEGE AVE,39.168656,-86.534784
2012,9,6,Weekday,1000,2-Car,No injury/unknown,FAILURE TO YIELD RIGHT OF WAY,7TH ST & COLLEGE,39.168656,-86.534784
2012,3,1,Weekday,1900,2-Car,No injury/unknown,OTHER (DRIVER) - EXPLAIN IN NARRATIVE,7TH ST & WALNUT,39.16864093,-86.53363856
2012,11,7,Weekend,1000,2-Car,No injury/unknown,FAILURE TO YIELD RIGHT OF WAY,E 7TH ST & LINCOLN,39.16864,-86.53116842
2012,1,2,Weekday,1600,1-Car,No injury/unknown,OVERCORRECTING/OVERSTEERING,7TH & NORTH WALNUT ST,39.16864,-86.533568
2012,1,3,Weekday,700,2-Car,No injury/unknown,IMPROPER TURNING,E 7TH & N WALNUT ST,39.16864,-86.533568
2012,2,5,Weekday,200,2-Car,No injury/unknown,UNSAFE BACKING,7TH & N WALNUT ST,39.16864,-86.533568
2012,3,5,Weekday,2000,2-Car,No injury/unknown,,7TH & N WALNUT ST,39.16864,-86.533568
2012,3,7,Weekend,300,2-Car,No injury/unknown,,N WALNUT ST,39.16864,-86.533568
2012,8,4,Weekday,700,3+ Cars,Non-incapacitating,DISREGARD SIGNAL/REG SIGN,7TH & WALNUT ST,39.16864,-86.533568
2012,9,3,Weekday,1200,2-Car,No injury/unknown,UNSAFE LANE MOVEMENT,7TH & N WALNUT ST,39.16864,-86.533568
2012,12,7,Weekend,2300,1-Car,No injury/unknown,SPEED TOO FAST FOR WEATHER CONDITIONS,N WALNUT ST,39.16864,-86.533568
2012,5,5,Weekday,1700,2-Car,No injury/unknown,DISREGARD SIGNAL/REG SIGN,EAST 7TH ST & NORTH WASHINGTON,39.16864,-86.5324
2012,5,1,Weekend,1800,2-Car,No injury/unknown,UNSAFE LANE MOVEMENT,7TH ST & GRANT,39.16864,-86.529696
2012,8,3,Weekday,1700,2-Car,No injury/unknown,OTHER (DRIVER) - EXPLAIN IN NARRATIVE,E 7TH ST,39.16864,-86.529696
2012,4,4,Weekday,900,3+ Cars,Non-incapacitating,FOLLOWING TOO CLOSELY,EAST SEVENTH & INDIANA AVE,39.16864,-86.526944
2012,9,3,Weekday,800,Bus,No injury/unknown,FAILURE TO YIELD RIGHT OF WAY,E 7TH ST & N INDIANA,39.16864,-86.526944
2012,10,3,Weekday,2100,2-Car,No injury/unknown,UNSAFE BACKING,7TH ST,39.16864,-86.526944
2012,5,3,Weekday,1500,1-Car,No injury/unknown,RAN OFF ROAD RIGHT,EAST 7TH ST & NORTH FESS,39.16864,-86.525696
2012,7,2,Weekday,1000,2-Car,No injury/unknown,UNSAFE BACKING,E 7TH ST,39.16864,-86.52567151
2012,2,4,Weekday,1100,Cyclist,Non-incapacitating,IMPROPER LANE USAGE,300 N WOODLAWN & 900 E 7TH ST,39.16864,-86.523392
2012,3,6,Weekday,1400,1-Car,No injury/unknown,UNSAFE BACKING,BALLANTINE RD & UNIVERSITY,39.16861911,-86.51913114
2012,3,7,Weekend,2000,3+ Cars,Non-incapacitating,FAILURE TO YIELD RIGHT OF WAY,7TH & N JORDAN AVE,39.16860211,-86.51605622
2012,10,7,Weekend,1200,1-Car,No injury/unknown,UNSAFE BACKING,7TH ST & ADAMS,39.16858296,-86.54933553
2012,2,7,Weekend,900,2-Car,Non-incapacitating,OTHER (DRIVER) - EXPLAIN IN NARRATIVE,7TH & COLLEGE AVE,39.16855976,-86.5348602
2012,8,2,Weekday,2200,2-Car,No injury/unknown,FAILURE TO YIELD RIGHT OF WAY,7TH & COLLEGE AVE,39.16855976,-86.5348602
2012,9,1,Weekend,1800,Cyclist,Non-incapacitating,FAILURE TO YIELD RIGHT OF WAY,7TH & COLLEGE AVE,39.16855976,-86.5348602
2012,12,3,Weekday,1400,2-Car,No injury/unknown,DISREGARD SIGNAL/REG SIGN,7TH & COLLEGE AVE,39.16855976,-86.5348602
2012,11,2,Weekday,1800,1-Car,No injury/unknown,ANIMAL/OBJECT IN ROADWAY,INGRAM & SR37,39.16855303,-86.53358714
2012,9,2,Weekday,1200,2-Car,No injury/unknown,IMPROPER LANE USAGE,7TH & WALNUT ST,39.1685497,-86.53359018
2012,10,6,Weekend,1900,2-Car,No injury/unknown,FAILURE TO YIELD RIGHT OF WAY,7TH & WALNUT ST,39.1685497,-86.53359018
2012,9,4,Weekday,1100,2-Car,No injury/unknown,FAILURE TO YIELD RIGHT OF WAY,SEVENTH ST & SUNRISE,39.16853026,-86.51242017
2012,10,2,Weekday,900,2-Car,No injury/unknown,FAILURE TO YIELD RIGHT OF WAY,7TH ST & DUNN,39.16851014,-86.5282499
2012,11,3,Weekday,1900,Bus,No injury/unknown,IMPROPER LANE USAGE,7TH ST & DUNN,39.16851014,-86.5282499
2012,9,6,Weekday,1000,2-Car,No injury/unknown,UNSAFE BACKING,7TH ST & DUNN,39.16851014,-86.52824384
2012,8,1,Weekend,1800,2-Car,No injury/unknown,UNSAFE BACKING,N GATES DR,39.16850746,-86.57636202
2012,2,3,Weekday,1400,Bus,No injury/unknown,OTHER (DRIVER) - EXPLAIN IN NARRATIVE,7TH ST & INDIANA,39.16850008,-86.5269497
2012,10,5,Weekday,1500,Bus,No injury/unknown,IMPROPER LANE USAGE,7TH ST & INDIANA,39.16850008,-86.5269497
2012,11,2,Weekday,1300,2-Car,No injury/unknown,UNSAFE SPEED,7TH ST & FORREST,39.16846991,-86.52234971
2012,10,4,Weekday,1200,2-Car,No injury/unknown,UNSAFE BACKING,N JACOB DR,39.16846848,-86.5732727
2012,2,2,Weekday,1800,2-Car,No injury/unknown,,E 7TH & N FORREST AVE,39.16846361,-86.52234876
2012,12,7,Weekend,2100,1-Car,No injury/unknown,RAN OFF ROAD RIGHT,SR48W & W VERNAL,39.16842275,-86.66122004
2012,6,6,Weekday,1700,2-Car,No injury/unknown,FAILURE TO YIELD RIGHT OF WAY,BLOOMFIELD & LANDMARK AVE,39.16839836,-86.55382007
2012,12,6,Weekday,1400,1-Car,No injury/unknown,RAN OFF ROAD RIGHT,CURRY & JONATHON DR,39.16835994,-86.58300568
2012,5,4,Weekday,1700,2-Car,No injury/unknown,LEFT OF CENTER,CURRY & JONATHAN DR,39.16835994,-86.5829797
2012,9,7,Weekend,1200,2-Car,Non-incapacitating,FAILURE TO YIELD RIGHT OF WAY,CURRY PIKE & JONATHAN,39.16835994,-86.5829797
2012,10,6,Weekday,1600,2-Car,No injury/unknown,BRAKE FAILURE OR DEFECTIVE,CURRY PIKE & JONATHAN,39.16835994,-86.5829797
2012,11,6,Weekday,1100,3+ Cars,No injury/unknown,FAILURE TO YIELD RIGHT OF WAY,7TH & JEFFERSON ST,39.16832931,-86.50702723
2012,6,4,Weekday,1500,2-Car,No injury/unknown,FAILURE TO YIELD RIGHT OF WAY,CURRY & JONATHAN DR,39.16830909,-86.58298388
2012,12,4,Weekday,1400,2-Car,No injury/unknown,FOLLOWING TOO CLOSELY,7TH & JORDAN AVE,39.16826022,-86.51609645
2012,6,6,Weekday,1400,2-Car,No injury/unknown,FAILURE TO YIELD RIGHT OF WAY,7TH & JEFFERSON ST,39.168192,-86.507024
2012,1,2,Weekday,1700,2-Car,No injury/unknown,SPEED TOO FAST FOR WEATHER CONDITIONS,BRAESIDE & PETE ELLIS DR,39.168192,-86.49504
2012,3,2,Weekday,0,2-Car,No injury/unknown,FOLLOWING TOO CLOSELY,BRAESIDE & PETE ELLIS DR,39.168192,-86.49504
2012,12,4,Weekday,2000,2-Car,No injury/unknown,FAILURE TO YIELD RIGHT OF WAY,7TH & UNION ST,39.168176,-86.509312
2012,11,7,Weekend,300,3+ Cars,Non-incapacitating,UNSAFE SPEED,E 7TH & N UNION ST,39.168176,-86.509312
2012,4,6,Weekday,1300,2-Car,No injury/unknown,FOLLOWING TOO CLOSELY,7TH & JORDAN AVE,39.16812347,-86.51611253
2012,9,5,Weekday,1900,Bus,No injury/unknown,IMPROPER TURNING,7TH ST & ROSE,39.16808031,-86.51091009
2012,4,1,Weekend,1200,2-Car,No injury/unknown,UNSAFE BACKING,N GATES DR,39.16803807,-86.57621853
2012,10,7,Weekend,1100,2-Car,Non-incapacitating,IMPROPER PASSING,N GATES DR,39.16803807,-86.57621853
2012,4,5,Weekday,1300,2-Car,No injury/unknown,UNSAFE BACKING,GATES DR,39.16792542,-86.57614074
2012,5,7,Weekend,1300,2-Car,No injury/unknown,UNSAFE BACKING,GATES DR,39.16792542,-86.57614074
2012,11,6,Weekend,2200,2-Car,No injury/unknown,UNSAFE BACKING,FRANKLIN RD,39.16789246,-86.57160186