Year,Month,Day,Weekend?,Hour,Collision Type,Injury Type,Primary Factor,Reported_Location,Latitude,Longitude
2012,10,5,Weekday,1500,2-Car,No injury/unknown,UNSAFE BACKING,E 7TH ST & N FORREST,39.16783247,-86.52196983
2012,3,3,Weekday,1800,2-Car,No injury/unknown,IMPROPER TURNING,N GATES DR,39.16781209,-86.57606229
2012,7,5,Weekday,1500,2-Car,No injury/unknown,FAILURE TO YIELD RIGHT OF WAY,GATES DR,39.16781209,-86.57606229
2012,7,3,Weekday,1100,2-Car,No injury/unknown,UNSAFE BACKING,N GATES DR,39.16781209,-86.57606229
2012,9,5,Weekday,1200,2-Car,No injury/unknown,UNSAFE BACKING,N GATES DR,39.16781209,-86.57606229
2012,8,7,Weekend,500,2-Car,No injury/unknown,OTHER (DRIVER) - EXPLAIN IN NARRATIVE,7TH & HILLSDALE DR,39.16776,-86.503616
2012,6,7,Weekend,0,Bus,No injury/unknown,IMPROPER TURNING,6TH ST & INDIANA,39.1677418,-86.52710439
2012,8,5,Weekday,1100,3+ Cars,Non-incapacitating,FAILURE TO YIELD RIGHT OF WAY,N ADAMS ST & W 6TH,39.167728,-86.5496
2012,6,7,Weekend,1500,1-Car,No injury/unknown,RAN OFF ROAD RIGHT,WEST 6TH ST,39.1677169,-86.5472702
2012,5,6,Weekday,1000,2-Car,No injury/unknown,OTHER (DRIVER) - EXPLAIN IN NARRATIVE,6TH ST & OAK,39.167712,-86.54644717
2012,3,1,Weekday,2200,2-Car,No injury/unknown,OTHER (DRIVER) - EXPLAIN IN NARRATIVE,6TH ST & ELM,39.167712,-86.5452
2012,8,3,Weekday,1100,2-Car,No injury/unknown,OTHER (DRIVER) - EXPLAIN IN NARRATIVE,1001 W 6TH ST & ELM,39.167712,-86.5452
2012,6,2,Weekday,1300,2-Car,No injury/unknown,FAILURE TO YIELD RIGHT OF WAY,6TH & ROGERS ST,39.16768,-86.538592
2012,7,1,Weekday,2200,2-Car,No injury/unknown,FAILURE TO YIELD RIGHT OF WAY,EAST 6TH ST & ROGERS,39.16768,-86.538592
2012,6,1,Weekend,1400,2-Car,No injury/unknown,FAILURE TO YIELD RIGHT OF WAY,E 6TH ST,39.16766433,-86.53237127
2012,5,4,Weekday,1600,Moped/Motorcycle,No injury/unknown,CELL PHONE USAGE,6TH ST & MADISON,39.167664,-86.537296
2012,9,4,Weekday,1100,2-Car,No injury/unknown,OTHER (DRIVER) - EXPLAIN IN NARRATIVE,400 BLOCK OF 6TH ST,39.167664,-86.537296
2012,1,2,Weekday,200,2-Car,No injury/unknown,FAILURE TO YIELD RIGHT OF WAY,N MORTON ST & W 6TH,39.167664,-86.536
2012,9,4,Weekday,1600,2-Car,No injury/unknown,FAILURE TO YIELD RIGHT OF WAY,6TH ST & WASHINGTON,39.167664,-86.5324
2012,9,2,Weekday,900,2-Car,No injury/unknown,DRIVER ILLNESS,6TH ST & WASHINGTON,39.167664,-86.5324
2012,1,1,Weekend,1500,2-Car,No injury/unknown,UNSAFE LANE MOVEMENT,6TH & COLLEGE AVE,39.167648,-86.534784
2012,1,3,Weekday,1200,2-Car,No injury/unknown,UNSAFE BACKING,N COLLEGE & W 6TH ST,39.167648,-86.534784
2012,3,7,Weekend,1500,2-Car,No injury/unknown,UNSAFE BACKING,N COLLEGE AVE & W 6TH,39.167648,-86.534784
2012,4,4,Weekday,2200,2-Car,No injury/unknown,FOLLOWING TOO CLOSELY,6TH & COLLEGE AVE,39.167648,-86.534784
2012,5,7,Weekend,1600,2-Car,No injury/unknown,IMPROPER TURNING,NORTH COLLEGE & WEST 6TH ST,39.167648,-86.534784
2012,7,2,Weekday,1000,Bus,Non-incapacitating,LEFT OF CENTER,N COLLEGE & W 6TH ST,39.167648,-86.534784
2012,8,7,Weekend,1000,2-Car,No injury/unknown,UNSAFE BACKING,N COLLEGE & W 6TH ST,39.167648,-86.534784
2012,9,5,Weekday,800,2-Car,No injury/unknown,FAILURE TO YIELD RIGHT OF WAY,6TH & N COLLEGE AVE,39.167648,-86.534784
2012,10,5,Weekday,1100,Bus,No injury/unknown,UNSAFE BACKING,N COLLEGE & W 6TH ST,39.167648,-86.534784
2012,11,3,Weekday,1100,2-Car,No injury/unknown,DISREGARD SIGNAL/REG SIGN,6TH & COLLEGE AVE,39.167648,-86.534784
2012,9,2,Weekday,1500,2-Car,No injury/unknown,IMPROPER TURNING,6TH & WALNUT ST,39.167648,-86.533584
2012,12,4,Weekday,2200,2-Car,No injury/unknown,UNSAFE LANE MOVEMENT,6TH & WALNUT ST,39.167648,-86.533584
2012,11,7,Weekend,1800,2-Car,No injury/unknown,UNSAFE BACKING,6TH ST & ELM,39.16763976,-86.54527992
2012,10,6,Weekday,1400,2-Car,No injury/unknown,UNSAFE BACKING,6TH & COLLEGE AVE,39.16757002,-86.5348602
2012,11,1,Weekday,1900,2-Car,No injury/unknown,DISREGARD SIGNAL/REG SIGN,6TH & COLLEGE AVE,39.16757002,-86.5348602
2012,12,5,Weekday,1400,Bus,No injury/unknown,OTHER (DRIVER) - EXPLAIN IN NARRATIVE,6TH ST & WALNUT,39.16754991,-86.53360024
2012,8,4,Weekday,1300,2-Car,No injury/unknown,UNSAFE BACKING,GRANT ST & SIXTH,39.16753088,-86.5298011
2012,8,7,Weekend,1100,2-Car,No injury/unknown,UNSAFE BACKING,N DUNN ST,39.16747603,-86.52829483
2012,5,6,Weekday,1100,2-Car,No injury/unknown,FOLLOWING TOO CLOSELY,3RD & SR37N,39.16747214,-86.57272682
2012,4,6,Weekend,2200,2-Car,No injury/unknown,UNSAFE BACKING,FRANKLIN RD,39.16726761,-86.57099694
2012,9,1,Weekend,1300,2-Car,No injury/unknown,UNSAFE BACKING,S JORDAN AVE,39.1672661,-86.51619777
2012,10,1,Weekend,100,2-Car,No injury/unknown,,5TH & CLARK ST,39.16719126,-86.50480798
2012,12,3,Weekday,300,2-Car,No injury/unknown,OTHER (DRIVER) - EXPLAIN IN NARRATIVE,100 BLK N ROOSEVELT ST & 5TH,39.16717746,-86.50589963
2012,2,7,Weekend,1500,1-Car,No injury/unknown,OVERCORRECTING/OVERSTEERING,N JORDAN AVE,39.16711271,-86.51624433
2012,4,7,Weekend,300,1-Car,No injury/unknown,UNSAFE SPEED,N JORDAN AVE,39.16711271,-86.51624433
2012,2,7,Weekend,1600,Bus,No injury/unknown,VIEW OBSTRUCTED,NORTH JORDAN AVE,39.16711003,-86.51624299
2012,11,3,Weekday,1500,2-Car,Non-incapacitating,FOLLOWING TOO CLOSELY,E LONGVIEW & PETE ELLIS DR,39.16708131,-86.49505346
2012,11,2,Weekday,1200,2-Car,No injury/unknown,UNSAFE BACKING,N JORDAN AVE,39.16706644,-86.51601031
2012,10,3,Weekday,1400,Cyclist,Non-incapacitating,FAILURE TO YIELD RIGHT OF WAY,JORDAN AVE & NORTH READ,39.16698592,-86.5160948
2012,4,3,Weekday,2200,1-Car,No injury/unknown,BRAKE FAILURE OR DEFECTIVE,N DANIELS WAY & W ZENITH,39.16697619,-86.59830402
2012,2,3,Weekday,900,2-Car,No injury/unknown,FAILURE TO YIELD RIGHT OF WAY,LONGVIEW & PETE ELLIS DR,39.166944,-86.495056
2012,7,5,Weekday,1700,2-Car,No injury/unknown,FAILURE TO YIELD RIGHT OF WAY,LONGVIEW & N PETE ELLIS DR,39.166944,-86.495056
2012,8,5,Weekday,1200,Pedestrian,Non-incapacitating,FAILURE TO YIELD RIGHT OF WAY,300 N PETE ELLIS & 3000 E LONGVIEW DR,39.166944,-86.495056
2012,9,1,Weekend,1400,Bus,No injury/unknown,OVERCORRECTING/OVERSTEERING,UNION & UNION ST,39.16693039,-86.50929699
2012,8,5,Weekday,1200,1-Car,Non-incapacitating,DRIVER DISTRACTED - EXPLAIN IN NARRATIVE,5TH & N WALNUT ST,39.16691464,-86.53359564
2012,5,6,Weekday,1700,3+ Cars,Non-incapacitating,FOLLOWING TOO CLOSELY,LONGVIEW AVE & PETE ELLIS,39.1669102,-86.4949201
2012,12,2,Weekday,1200,3+ Cars,Non-incapacitating,FAILURE TO YIELD RIGHT OF WAY,LONGVIEW & PETE ELLIS DR,39.1669102,-86.4949201
2012,12,6,Weekend,1900,Bus,No injury/unknown,IMPROPER TURNING,LONGVIEW & PETE ELLIS DR,39.1669102,-86.4949201
2012,8,3,Weekday,500,1-Car,No injury/unknown,ANIMAL/OBJECT IN ROADWAY,KINGS & SR46E,39.16685824,-86.45847637
2012,8,7,Weekend,0,Pedestrian,Non-incapacitating,FAILURE TO YIELD RIGHT OF WAY,JORDAN & KIRKWOOD AVE,39.16685283,-86.5169102
2012,1,2,Weekday,1500,3+ Cars,No injury/unknown,DISREGARD SIGNAL/REG SIGN,5TH & JEFFERSON ST,39.166848,-86.506992
2012,6,2,Weekday,1400,2-Car,Non-incapacitating,DISREGARD SIGNAL/REG SIGN,5TH & JEFFERSON ST,39.166848,-86.506992
2012,8,4,Weekday,700,2-Car,No injury/unknown,RAN OFF ROAD RIGHT,E 5TH & SO JEFFERSON ST,39.166848,-86.506992
2012,5,4,Weekday,1100,2-Car,No injury/unknown,UNSAFE BACKING,100 S PETE ELLIS DR & LONGVIEW,39.166848,-86.495088
2012,8,4,Weekday,300,2-Car,No injury/unknown,UNSAFE BACKING,E LONGVIEW AVE,39.166848,-86.495088
2012,12,1,Weekend,100,2-Car,No injury/unknown,OTHER (DRIVER) - EXPLAIN IN NARRATIVE,ADAMS & KIRKWOOD AVE,39.166816,-86.549488
2012,11,6,Weekday,700,2-Car,No injury/unknown,FAILURE TO YIELD RIGHT OF WAY,ADAMS HILL & ADAMS ST,39.166816,-86.549488
2012,1,6,Weekday,1300,2-Car,Non-incapacitating,FAILURE TO YIELD RIGHT OF WAY,5TH & JEFFERSON ST,39.16681029,-86.50715969
2012,4,5,Weekday,2000,2-Car,No injury/unknown,FAILURE TO YIELD RIGHT OF WAY,NORTH INDIANA AVE,39.16679285,-86.52686722
2012,2,3,Weekday,1400,2-Car,No injury/unknown,UNSAFE BACKING,E KIRKWOOD AVE,39.16678078,-86.52203053
2012,7,7,Weekend,1400,2-Car,No injury/unknown,UNSAFE BACKING,E KIRKWOOD AVE,39.16678078,-86.52203053
2012,9,5,Weekday,1500,1-Car,No injury/unknown,OTHER (DRIVER) - EXPLAIN IN NARRATIVE,EAST KIRKWOOD AVE,39.16678078,-86.52203053
2012,3,5,Weekday,1600,2-Car,No injury/unknown,UNSAFE BACKING,KIRKWOOD & WALNUT ST,39.16677732,-86.53359782
2012,5,3,Weekday,1400,2-Car,No injury/unknown,UNSAFE BACKING,N ROGERS ST,39.16677486,-86.53860637
2012,10,2,Weekday,1000,2-Car,No injury/unknown,UNSAFE BACKING,N ROGERS ST,39.16677486,-86.53860637
2012,10,5,Weekday,2000,2-Car,No injury/unknown,FOLLOWING TOO CLOSELY,ELM & WEST 5TH ST,39.166768,-86.5452
2012,2,4,Weekday,1400,2-Car,No injury/unknown,OTHER (DRIVER) - EXPLAIN IN NARRATIVE,DANIELS WAY,39.16673116,-86.59909039
2012,3,2,Weekday,1200,2-Car,No injury/unknown,FAILURE TO YIELD RIGHT OF WAY,DANIELS WAY,39.16673116,-86.59909039
2012,4,4,Weekday,1400,2-Car,No injury/unknown,FAILURE TO YIELD RIGHT OF WAY,NORTH DANIELS WAY,39.16673116,-86.59909039
2012,9,4,Weekday,1400,2-Car,No injury/unknown,OTHER (DRIVER) - EXPLAIN IN NARRATIVE,DANIELS WAY,39.16673116,-86.59909039
2012,11,5,Weekday,1500,Moped/Motorcycle,No injury/unknown,OTHER (VEHICLE) - EXPLAIN IN NARRATIVE,N DANIELS WAY,39.16673116,-86.59909039
2012,10,5,Weekday,1800,2-Car,Non-incapacitating,DISREGARD SIGNAL/REG SIGN,MAPLE & W KIRKWOOD AVE,39.16672,-86.542096
2012,12,4,Weekday,1400,Cyclist,Non-incapacitating,FOLLOWING TOO CLOSELY,KIRKWOOD & MAPLE ST,39.16672,-86.542096
2012,10,3,Weekday,1200,2-Car,Non-incapacitating,FOLLOWING TOO CLOSELY,1000 S PATTERSON DR & 700 W ALLEN,39.16671916,-86.544296
2012,1,5,Weekday,1500,2-Car,No injury/unknown,FAILURE TO YIELD RIGHT OF WAY,ADAMS ST & KIRKWOOD,39.16670032,-86.54963985
2012,2,4,Weekday,1400,Moped/Motorcycle,Incapacitating,IMPROPER TURNING,ADAMS ST & KIRKWOOD,39.16670032,-86.54963985
2012,5,6,Weekday,700,Cyclist,Non-incapacitating,OTHER (DRIVER) - EXPLAIN IN NARRATIVE,JACKSON ST & KIRKWOOD,39.166688,-86.539808
2012,10,4,Weekday,1200,2-Car,No injury/unknown,DRIVER DISTRACTED - EXPLAIN IN NARRATIVE,S JACKSON & W KIRKWOOD AVE,39.166688,-86.539808
2012,1,1,Weekend,1200,2-Car,No injury/unknown,OTHER (DRIVER) - EXPLAIN IN NARRATIVE,JACKSON & W KIRKWOOD AVE,39.16668236,-86.53938467
2012,9,3,Weekday,1000,2-Car,No injury/unknown,UNSAFE LANE MOVEMENT,46 BYPASS & SR46N,39.16667823,-86.46179207
2012,2,3,Weekday,1000,2-Car,Non-incapacitating,FAILURE TO YIELD RIGHT OF WAY,KIRKWOOD AVE & ROGERS,39.16667553,-86.53887258
2012,5,5,Weekday,1500,2-Car,No injury/unknown,OTHER (DRIVER) - EXPLAIN IN NARRATIVE,W KIRKWOOD AVE,39.16667233,-86.53863249
2012,1,3,Weekday,1700,2-Car,No injury/unknown,FAILURE TO YIELD RIGHT OF WAY,S ROGERS & W KIRKWOOD AVE,39.166672,-86.538608
2012,2,2,Weekday,1300,2-Car,No injury/unknown,FOLLOWING TOO CLOSELY,KIRKWOOD AVE AVE & S ROGERS ST,39.166672,-86.538608
2012,4,6,Weekday,1800,Cyclist,Non-incapacitating,FOLLOWING TOO CLOSELY,KIRKWOOD & ROGERS ST,39.166672,-86.538608
2012,6,4,Weekday,1500,2-Car,No injury/unknown,UNSAFE LANE MOVEMENT,KIRKWOOD & ROGERS ST,39.166672,-86.538608
2012,8,2,Weekday,1700,2-Car,No injury/unknown,UNSAFE BACKING,ROGERS & WEST 5TH ST,39.166672,-86.538608
2012,10,4,Weekday,1600,2-Car,No injury/unknown,FAILURE TO YIELD RIGHT OF WAY,KIRKWOOD AVE & ROGERS,39.166672,-86.538608
2012,10,6,Weekday,1600,3+ Cars,No injury/unknown,FOLLOWING TOO CLOSELY,KIRKWOOD & S ROGERS ST,39.166672,-86.538608
2012,11,5,Weekday,1400,2-Car,Non-incapacitating,FOLLOWING TOO CLOSELY,ROGERS & W KIRKWOOD AVE,39.166672,-86.538608
2012,12,6,Weekday,600,1-Car,No injury/unknown,ANIMAL/OBJECT IN ROADWAY,E KINGS & SR46E,39.16666479,-86.45516551
2012,11,5,Weekday,1800,2-Car,No injury/unknown,OTHER (DRIVER) - EXPLAIN IN NARRATIVE,ELM & KIRKWOOD AVE,39.16666009,-86.54528424
2012,5,6,Weekend,2300,2-Car,No injury/unknown,SPEED TOO FAST FOR WEATHER CONDITIONS,KIRKWOOD ST & MADISON,39.166656,-86.537296
2012,4,2,Weekday,700,2-Car,Non-incapacitating,FAILURE TO YIELD RIGHT OF WAY,MADISON & W KIRKWOOD AVE,39.166656,-86.537296
2012,5,5,Weekday,1400,2-Car,No injury/unknown,FAILURE TO YIELD RIGHT OF WAY,KIRKWOOD AVE & MADISON,39.166656,-86.537296
2012,6,6,Weekday,1700,2-Car,Non-incapacitating,FAILURE TO YIELD RIGHT OF WAY,KIRKWOOD AVE & MADISON,39.166656,-86.537296
2012,7,3,Weekday,1600,2-Car,Non-incapacitating,FAILURE TO YIELD RIGHT OF WAY,KIRKWOOD AVE & MADISON,39.166656,-86.537296
2012,8,7,Weekend,1100,2-Car,No injury/unknown,FAILURE TO YIELD RIGHT OF WAY,KIRKWOOD AVE & MADISON,39.166656,-86.537296
2012,8,2,Weekday,1400,2-Car,No injury/unknown,FAILURE TO YIELD RIGHT OF WAY,MADISON & W KIRKWOOD AVE,39.166656,-86.537296
2012,4,5,Weekday,100,2-Car,No injury/unknown,OTHER (DRIVER) - EXPLAIN IN NARRATIVE,KIRKWOOD AVE & MADISON,39.16665247,-86.53703142
2012,10,2,Weekday,900,2-Car,No injury/unknown,DRIVER DISTRACTED - EXPLAIN IN NARRATIVE,GRAND AVE & SHERWOOD,39.16664001,-86.58802788
2012,6,2,Weekday,1300,2-Car,Non-incapacitating,FOLLOWING TOO CLOSELY,KIRKWOOD AVE & WALNUT,39.16664,-86.53307077
2012,6,5,Weekday,1200,Bus,No injury/unknown,IMPROPER LANE USAGE,INDIANA & KIRKWOOD AVE,39.16664,-86.52760165
2012,2,2,Weekday,1600,Moped/Motorcycle,No injury/unknown,UNSAFE BACKING,DUNN & KIRKWOOD AVE,39.16664,-86.52748636
2012,4,2,Weekday,1000,Cyclist,Non-incapacitating,FAILURE TO YIELD RIGHT OF WAY,DUNN & KIRKWOOD AVE,39.16664,-86.52801559
2012,8,2,Weekday,1600,2-Car,No injury/unknown,DRIVER DISTRACTED - EXPLAIN IN NARRATIVE,GRAND & N CURRY PIKE PIKE,39.16664,-86.582992
2012,1,7,Weekend,1500,2-Car,No injury/unknown,FAILURE TO YIELD RIGHT OF WAY,COLLEGE AVE & KIRKWOOD,39.16664,-86.5348
2012,1,6,Weekday,1100,2-Car,No injury/unknown,DISREGARD SIGNAL/REG SIGN,N COLLEGE & W KIRKWOOD AVE,39.16664,-86.5348
2012,2,4,Weekday,1600,2-Car,No injury/unknown,FOLLOWING TOO CLOSELY,COLLEGE & KIRKWOOD AVE,39.16664,-86.5348
2012,2,1,Weekend,1300,Cyclist,Non-incapacitating,FAILURE TO YIELD RIGHT OF WAY,COLLEGE AVE & KIRKWOOD,39.16664,-86.5348
2012,5,1,Weekend,1700,2-Car,Non-incapacitating,DISREGARD SIGNAL/REG SIGN,COLLEGE & KIRKWOOD AVE,39.16664,-86.5348
2012,6,1,Weekend,1600,Moped/Motorcycle,Incapacitating,OTHER (VEHICLE) - EXPLAIN IN NARRATIVE,N COLLEGE AVE & W KIRKWOOD,39.16664,-86.5348
2012,10,7,Weekend,1500,2-Car,No injury/unknown,UNSAFE BACKING,N COLLEGE & W KIRKWOOD AVE,39.16664,-86.5348
2012,10,6,Weekday,1300,2-Car,No injury/unknown,FOLLOWING TOO CLOSELY,COLLEGE AVE & KIRKWOOD,39.16664,-86.5348
2012,3,4,Weekday,1200,2-Car,No injury/unknown,FAILURE TO YIELD RIGHT OF WAY,100 N WALNUT & 100 W KIRKWOOD AVE,39.16664,-86.5336
2012,3,5,Weekday,300,2-Car,Non-incapacitating,DISREGARD SIGNAL/REG SIGN,KIRKWOOD & WALNUT ST,39.16664,-86.5336
2012,4,7,Weekend,2200,2-Car,No injury/unknown,UNSAFE LANE MOVEMENT,KIRKWOOD & S WALNUT ST,39.16664,-86.5336
2012,6,3,Weekday,1800,2-Car,No injury/unknown,UNSAFE LANE MOVEMENT,KIRKWOOD & WALNUT ST,39.16664,-86.5336
2012,7,3,Weekday,1700,Moped/Motorcycle,No injury/unknown,FOLLOWING TOO CLOSELY,KIRKWOOD AVE & WALNUT,39.16664,-86.5336
2012,8,4,Weekday,2200,2-Car,Non-incapacitating,DISREGARD SIGNAL/REG SIGN,KIRKWOOD & WALNUT ST,39.16664,-86.5336
2012,8,6,Weekday,0,Moped/Motorcycle,Non-incapacitating,FAILURE TO YIELD RIGHT OF WAY,SOUTH WALNUT ST & WALNUT ST,39.16664,-86.5336
2012,9,5,Weekday,1700,2-Car,No injury/unknown,UNSAFE LANE MOVEMENT,KIRKWOOD & WALNUT ST,39.16664,-86.5336
2012,9,5,Weekday,1900,2-Car,No injury/unknown,UNSAFE BACKING,SOUTH WALNUT ST,39.16664,-86.5336
2012,9,4,Weekday,1600,Moped/Motorcycle,Incapacitating,FAILURE TO YIELD RIGHT OF WAY,E KIRKWOOD & N WALNUT ST,39.16664,-86.5336
2012,10,3,Weekday,1900,2-Car,Non-incapacitating,FAILURE TO YIELD RIGHT OF WAY,E KIRKWOOD AVE & S WALNUT,39.16664,-86.5336
2012,11,3,Weekday,1900,2-Car,No injury/unknown,UNSAFE LANE MOVEMENT,KIRKWOOD & S WALNUT ST,39.16664,-86.5336
2012,1,5,Weekday,1900,2-Car,No injury/unknown,FAILURE TO YIELD RIGHT OF WAY,E KIRKWOOD AVE,39.16664,-86.53340408
2012,11,7,Weekend,0,2-Car,No injury/unknown,UNSAFE BACKING,E KIRKWOOD AVE,39.16664,-86.5333551
2012,4,6,Weekday,1600,2-Car,No injury/unknown,FAILURE TO YIELD RIGHT OF WAY,E KIRKWOOD & N LINCOLN ST,39.16664,-86.530992
2012,6,2,Weekday,1100,2-Car,Non-incapacitating,DISREGARD SIGNAL/REG SIGN,E KIRKWOOD AVE & S LINCOLN,39.16664,-86.530992
2012,5,3,Weekday,1900,2-Car,No injury/unknown,IMPROPER TURNING,E KIRKWOOD AVE,39.16664,-86.53080686
2012,5,7,Weekend,700,2-Car,No injury/unknown,DRIVER DISTRACTED - EXPLAIN IN NARRATIVE,E KIRKWOOD AVE & GRANT,39.16664,-86.529696
2012,3,4,Weekday,1800,2-Car,No injury/unknown,FAILURE TO YIELD RIGHT OF WAY,DUNN ST & KIRKWOOD,39.16664,-86.528192
2012,4,7,Weekend,1600,Bus,No injury/unknown,OTHER (DRIVER) - EXPLAIN IN NARRATIVE,DUNN ST & KIRKWOOD,39.16664,-86.528192
2012,9,7,Weekend,1300,2-Car,No injury/unknown,UNSAFE LANE MOVEMENT,E KIRKWOOD & S DUNN ST,39.16664,-86.528192
2012,10,3,Weekday,1600,Cyclist,No injury/unknown,FAILURE TO YIELD RIGHT OF WAY,DUNN ST & KIRKWOOD,39.16664,-86.528192
2012,9,6,Weekend,2300,2-Car,No injury/unknown,IMPROPER PASSING,E KIRKWOOD,39.16664,-86.52768947
2012,2,7,Weekend,0,2-Car,No injury/unknown,,N INDIANA AVE,39.16664,-86.526896
2012,4,6,Weekday,1300,2-Car,No injury/unknown,UNSAFE SPEED,INDIANA AVE & KIRKWOOD,39.16664,-86.526896
2012,7,6,Weekday,1700,2-Car,No injury/unknown,UNSAFE BACKING,S INDIANA AVE,39.16664,-86.526896
2012,12,3,Weekday,1200,2-Car,No injury/unknown,UNSAFE LANE MOVEMENT,EAST KIRKWOOD & SOUTH INDIANA AVE,39.16664,-86.526896
2012,4,1,Weekend,1300,2-Car,Non-incapacitating,FAILURE TO YIELD RIGHT OF WAY,SR446 & SR46W,39.16664,-86.462496
2012,6,6,Weekday,1700,1-Car,No injury/unknown,RAN OFF ROAD RIGHT,SR 46 RD & SR446,39.16664,-86.462496
2012,9,6,Weekday,1200,3+ Cars,Non-incapacitating,FOLLOWING TOO CLOSELY,SR46 & SR46E,39.16664,-86.462496
2012,6,6,Weekday,1300,2-Car,Non-incapacitating,FOLLOWING TOO CLOSELY,KINGS & SR46E,39.16664,-86.454992
2012,9,5,Weekday,1700,2-Car,No injury/unknown,FOLLOWING TOO CLOSELY,KIRKWOOD AVE & MAPLE,39.16663997,-86.54220007
2012,10,3,Weekday,1100,1-Car,No injury/unknown,UNSAFE BACKING,1350 N ST RD 46 (PARKING) BYP & SR4546,39.16662072,-86.46284795
2012,10,3,Weekday,1600,2-Car,No injury/unknown,UNSAFE BACKING,SOUTH JORDAN AVE,39.1666165,-86.51632212
2012,10,6,Weekday,1600,2-Car,No injury/unknown,OTHER (VEHICLE) - EXPLAIN IN NARRATIVE,S JORDAN AVE,39.1666165,-86.51632212
2012,10,4,Weekday,1100,2-Car,No injury/unknown,FAILURE TO YIELD RIGHT OF WAY,KIRKWOOD AVE & ROGERS,39.16660979,-86.53869838
2012,1,6,Weekday,1700,2-Car,No injury/unknown,FAILURE TO YIELD RIGHT OF WAY,KIRKWOOD & ROGERS ST,39.16660979,-86.53868973
2012,9,3,Weekday,1500,2-Car,No injury/unknown,FAILURE TO YIELD RIGHT OF WAY,KIRKWOOD ST & MADISON,39.16660979,-86.5374197
2012,7,4,Weekday,1100,3+ Cars,No injury/unknown,UNSAFE BACKING,E KIRKWOOD AVE,39.16660376,-86.53088383
2012,10,6,Weekday,1200,2-Car,No injury/unknown,FAILURE TO YIELD RIGHT OF WAY,200 BLOCK W KIRKWOOD AVE & GENTRY,39.16660129,-86.53561059
2012,4,2,Weekday,1600,2-Car,No injury/unknown,UNSAFE BACKING,COLLEGE & KIRKWOOD AVE,39.16659974,-86.53488032
2012,8,6,Weekday,1300,2-Car,Non-incapacitating,DISREGARD SIGNAL/REG SIGN,COLLEGE & KIRKWOOD AVE,39.16659974,-86.53488032
2012,2,7,Weekend,1700,1-Car,No injury/unknown,RAN OFF ROAD RIGHT,SOUTH MAPLE ST,39.16659657,-86.542096
2012,1,1,Weekend,200,2-Car,No injury/unknown,UNSAFE BACKING,KIRKWOOD AVE,39.16659303,-86.52953468
2012,3,5,Weekday,1200,2-Car,No injury/unknown,FOLLOWING TOO CLOSELY,KIRKWOOD AVE & MORTON,39.16658968,-86.53605582
2012,8,5,Weekday,1500,2-Car,No injury/unknown,IMPROPER TURNING,KIRKWOOD AVE & WALNUT,39.16658029,-86.53359299
2012,4,2,Weekday,1100,1-Car,No injury/unknown,BRAKE FAILURE OR DEFECTIVE,WEST KIRKWOOD AVE,39.16656822,-86.53888486
2012,8,3,Weekday,600,2-Car,No injury/unknown,DISREGARD SIGNAL/REG SIGN,KIRKWOOD & LINCOLN ST,39.16656017,-86.5310803
2012,1,3,Weekday,1100,2-Car,No injury/unknown,OTHER (DRIVER) - EXPLAIN IN NARRATIVE,NORTH GRANT ST,39.16655902,-86.52969731
2012,5,2,Weekday,1700,2-Car,No injury/unknown,UNSAFE BACKING,KINGSTON AVE,39.16655822,-86.492816
2012,2,6,Weekend,2200,2-Car,No injury/unknown,UNSAFE BACKING,DUNN & KIRKWOOD AVE,39.16654006,-86.52825336
2012,11,4,Weekday,1300,2-Car,No injury/unknown,OTHER (DRIVER) - EXPLAIN IN NARRATIVE,DUNN & KIRKWOOD AVE,39.16654006,-86.5282499
2012,8,4,Weekday,700,2-Car,No injury/unknown,,S FRANKLIN RD,39.166496,-86.571216
2012,9,5,Weekday,1900,1-Car,No injury/unknown,OTHER (DRIVER) - EXPLAIN IN NARRATIVE,S FRANKLIN RD,39.166496,-86.571216
2012,2,3,Weekday,100,1-Car,No injury/unknown,RAN OFF ROAD RIGHT,LORI & SR46E,39.166448,-86.466
2012,6,1,Weekday,2100,2-Car,No injury/unknown,UNSAFE BACKING,5TH & ROOSEVELT ST,39.16643681,-86.50585511
2012,1,5,Weekday,1000,2-Car,No injury/unknown,FAILURE TO YIELD RIGHT OF WAY,E MORNINGSIDE & N SMITH RD,39.166432,-86.4812
2012,2,7,Weekend,1800,2-Car,No injury/unknown,DRIVER DISTRACTED - EXPLAIN IN NARRATIVE,MORNINGSIDE & SMITH RD,39.166432,-86.4812
2012,2,3,Weekday,1400,Bus,Incapacitating,FOLLOWING TOO CLOSELY,MORNINGSIDE & SMITH RD,39.166432,-86.4812
2012,5,2,Weekday,1700,2-Car,No injury/unknown,IMPROPER TURNING,KIRKWOOD & ROGERS ST,39.16639737,-86.5386035
2012,2,2,Weekday,1500,2-Car,Non-incapacitating,FOLLOWING TOO CLOSELY,N GATES DR & RUNKLE,39.16637453,-86.57602072
2012,12,5,Weekday,1700,2-Car,No injury/unknown,SPEED TOO FAST FOR WEATHER CONDITIONS,SOUTH GATES DR & WEST RUNKLE,39.16636188,-86.57601351
2012,12,2,Weekday,1300,2-Car,No injury/unknown,DISREGARD SIGNAL/REG SIGN,GATES & RUNKLE WAY,39.16635968,-86.57598401
2012,10,6,Weekday,1600,2-Car,No injury/unknown,FAILURE TO YIELD RIGHT OF WAY,10TH & JORDAN AVE,39.16630182,-86.51566028