Year,Month,Day,Weekend?,Hour,Collision Type,Injury Type,Primary Factor,Reported_Location,Latitude,Longitude
2012,8,4,Weekday,1800,2-Car,Non-incapacitating,FAILURE TO YIELD RIGHT OF WAY,E 10TH & N SUNRISE AVE,39.16629176,-86.51247985
2012,12,7,Weekend,1900,2-Car,No injury/unknown,FOLLOWING TOO CLOSELY,MORNINGSIDE & SMITH RD,39.16624971,-86.48128978
2012,3,4,Weekday,0,2-Car,No injury/unknown,UNSAFE BACKING,S ADAMS ST,39.16621786,-86.54973883
2012,3,1,Weekend,400,2-Car,No injury/unknown,OTHER (VEHICLE) - EXPLAIN IN NARRATIVE,NORTH ROSE AVE,39.1662177,-86.51097988
2012,3,4,Weekday,1100,2-Car,No injury/unknown,OTHER (DRIVER) - EXPLAIN IN NARRATIVE,SOUTH ROSE AVE,39.1662177,-86.51097988
2012,8,6,Weekday,1600,2-Car,No injury/unknown,UNSAFE BACKING,N ROSE ST,39.1662177,-86.51097988
2012,10,4,Weekday,1800,2-Car,No injury/unknown,UNSAFE BACKING,NORTH ROSE AVE,39.1662177,-86.51097988
2012,10,6,Weekday,1100,Moped/Motorcycle,Non-incapacitating,TIRE FAILURE OR DEFECTIVE,ALLEN & PATTERSON DR,39.16620219,-86.54330983
2012,8,4,Weekday,1600,Bus,No injury/unknown,OTHER (DRIVER) - EXPLAIN IN NARRATIVE,4TH & N WASHINGTON ST,39.16619731,-86.5324
2012,7,1,Weekend,500,1-Car,No injury/unknown,RAN OFF ROAD RIGHT,3RD & SR 46 RD,39.16619049,-86.46728758
2012,7,1,Weekend,500,2-Car,Non-incapacitating,ANIMAL/OBJECT IN ROADWAY,3RD & SR 46 ST,39.16619049,-86.46728758
2012,9,3,Weekday,1600,Moped/Motorcycle,Non-incapacitating,FAILURE TO YIELD RIGHT OF WAY,JORDAN AVE & KIRKWOOD,39.16617195,-86.51651859
2012,5,6,Weekday,1800,2-Car,No injury/unknown,OTHER (VEHICLE) - EXPLAIN IN NARRATIVE,W SR 48 RD,39.16611862,-86.65584564
2012,2,1,Weekday,1900,2-Car,No injury/unknown,UNSAFE BACKING,N GATES DR,39.16609012,-86.57594829
2012,5,1,Weekend,1400,2-Car,No injury/unknown,FAILURE TO YIELD RIGHT OF WAY,GATES DR,39.16609012,-86.57594829
2012,5,3,Weekday,1400,2-Car,No injury/unknown,UNSAFE BACKING,N GATES DR,39.16609012,-86.57594829
2012,5,5,Weekday,1200,2-Car,No injury/unknown,FAILURE TO YIELD RIGHT OF WAY,GATES DR,39.16609012,-86.57594829
2012,10,6,Weekday,1800,2-Car,No injury/unknown,OTHER (DRIVER) - EXPLAIN IN NARRATIVE,3RD & NORTH 46 HWY,39.1660538,-86.46797102
2012,11,3,Weekday,1100,2-Car,No injury/unknown,FAILURE TO YIELD RIGHT OF WAY,2ND & PATTERSON DR,39.16603654,-86.54850997
2012,4,3,Weekday,200,1-Car,Non-incapacitating,OTHER (VEHICLE) - EXPLAIN IN NARRATIVE,3RD & SR46N,39.16599471,-86.4681295
2012,2,4,Weekday,700,2-Car,No injury/unknown,OTHER (DRIVER) - EXPLAIN IN NARRATIVE,5TH ST & OVERHILL,39.16599143,-86.50083204
2012,12,5,Weekday,1000,2-Car,No injury/unknown,UNSAFE LANE MOVEMENT,4TH & S WALNUT ST,39.16581279,-86.5336
2012,7,6,Weekday,1500,2-Car,No injury/unknown,FOLLOWING TOO CLOSELY,3RD & SR46S,39.16580218,-86.46859738
2012,9,3,Weekday,1400,2-Car,No injury/unknown,IMPROPER PASSING,E KIRKWOOD & S WOODLAWN AVE,39.16576211,-86.52340156
2012,5,2,Weekday,1800,Cyclist,Non-incapacitating,FAILURE TO YIELD RIGHT OF WAY,4TH ST & WALDRON,39.165728,-86.543632
2012,7,3,Weekday,1200,2-Car,Non-incapacitating,FOLLOWING TOO CLOSELY,4TH & ROGERS ST,39.165696,-86.538592
2012,9,4,Weekday,1700,2-Car,No injury/unknown,FAILURE TO YIELD RIGHT OF WAY,4TH & ROGERS ST,39.165696,-86.538592
2012,4,5,Weekday,1800,3+ Cars,No injury/unknown,UNSAFE BACKING,EAST 4TH ST,39.16568196,-86.53745469
2012,5,5,Weekday,1500,2-Car,No injury/unknown,FOLLOWING TOO CLOSELY,4TH ST & MADISON,39.16568,-86.537296
2012,4,7,Weekend,1500,2-Car,No injury/unknown,UNSAFE BACKING,4TH & SOUTH MADISON ST,39.16568,-86.537296
2012,5,6,Weekday,1200,2-Car,No injury/unknown,OTHER (DRIVER) - EXPLAIN IN NARRATIVE,4TH ST & COLLEGE,39.165664,-86.53501169
2012,1,6,Weekday,1800,2-Car,No injury/unknown,FOLLOWING TOO CLOSELY,N COLLEGE AVE & W 4TH,39.165664,-86.5348
2012,2,7,Weekend,0,2-Car,No injury/unknown,DISREGARD SIGNAL/REG SIGN,4TH & COLLEGE AVE,39.165664,-86.5348
2012,2,7,Weekend,0,2-Car,Non-incapacitating,SPEED TOO FAST FOR WEATHER CONDITIONS,4TH & SOUTH COLLEGE AVENUE AVE,39.165664,-86.5348
2012,4,1,Weekend,300,3+ Cars,No injury/unknown,RAN OFF ROAD RIGHT,4TH & COLLEGE AVE,39.165664,-86.5348
2012,10,1,Weekend,1700,2-Car,Non-incapacitating,DISREGARD SIGNAL/REG SIGN,4TH & COLLEGE AVE,39.165664,-86.5348
2012,8,3,Weekday,1400,1-Car,No injury/unknown,UNSAFE BACKING,COLLEGE & W 4TH ST,39.16566165,-86.53462362
2012,4,4,Weekday,800,2-Car,No injury/unknown,FAILURE TO YIELD RIGHT OF WAY,BROADWAY & CURRY PIKE,39.1656562,-86.58297258
2012,6,4,Weekday,1700,2-Car,No injury/unknown,UNSAFE BACKING,4TH ST & GRANT,39.165648,-86.52935918
2012,12,1,Weekday,2000,2-Car,No injury/unknown,UNSAFE BACKING,E 4TH ST & GRANT,39.165648,-86.52935918
2012,9,4,Weekday,1700,2-Car,Non-incapacitating,FOLLOWING TOO CLOSELY,E 4TH ST & WALNUT,39.165648,-86.53324718
2012,1,3,Weekday,1500,1-Car,No injury/unknown,OTHER (DRIVER) - EXPLAIN IN NARRATIVE,EAST 4TH ST,39.165648,-86.5336
2012,1,3,Weekday,1200,2-Car,No injury/unknown,DISREGARD SIGNAL/REG SIGN,4TH ST ST & WALNUT ST,39.165648,-86.5336
2012,1,4,Weekday,1500,2-Car,No injury/unknown,FAILURE TO YIELD RIGHT OF WAY,4TH & WALNUT ST,39.165648,-86.5336
2012,2,6,Weekday,1400,2-Car,No injury/unknown,FAILURE TO YIELD RIGHT OF WAY,4TH & WALNUT ST,39.165648,-86.5336
2012,3,5,Weekday,1200,3+ Cars,Non-incapacitating,FAILURE TO YIELD RIGHT OF WAY,S WALNUT ST & W 4TH,39.165648,-86.5336
2012,6,4,Weekday,2100,2-Car,No injury/unknown,OTHER (DRIVER) - EXPLAIN IN NARRATIVE,WALNUT ST,39.165648,-86.5336
2012,5,5,Weekday,1200,2-Car,No injury/unknown,UNSAFE BACKING,NORTH WALNUT ST,39.165648,-86.5336
2012,10,6,Weekday,800,2-Car,No injury/unknown,FAILURE TO YIELD RIGHT OF WAY,N WALNUT ST,39.165648,-86.5336
2012,10,6,Weekday,1300,2-Car,No injury/unknown,DISREGARD SIGNAL/REG SIGN,EAST 4TH ST & NORTH WALNUT,39.165648,-86.5336
2012,12,5,Weekday,1000,2-Car,No injury/unknown,OTHER (DRIVER) - EXPLAIN IN NARRATIVE,S WALNUT ST,39.165648,-86.5336
2012,4,4,Weekday,1900,Bus,No injury/unknown,IMPROPER TURNING,E 4TH & S WASHINGTON ST,39.165648,-86.5324
2012,3,3,Weekday,1500,2-Car,No injury/unknown,UNSAFE BACKING,4TH & LINCOLN ST,39.165648,-86.531008
2012,10,2,Weekday,1500,2-Car,No injury/unknown,OTHER (DRIVER) - EXPLAIN IN NARRATIVE,EAST 4TH ST & SOUTH LINCOLN,39.165648,-86.531008
2012,12,2,Weekday,1100,2-Car,No injury/unknown,FAILURE TO YIELD RIGHT OF WAY,E 4TH ST & S LINCOLN,39.165648,-86.531008
2012,9,6,Weekend,2200,2-Car,No injury/unknown,UNSAFE BACKING,E 4TH ST,39.165648,-86.529392
2012,2,6,Weekday,1800,2-Car,No injury/unknown,OTHER (VEHICLE) - EXPLAIN IN NARRATIVE,EAST 4TH ST & SOUTH DUNN,39.165648,-86.528144
2012,11,3,Weekday,900,Pedestrian,Non-incapacitating,FAILURE TO YIELD RIGHT OF WAY,E 4TH & S DUNN ST,39.165648,-86.528144
2012,4,6,Weekend,2100,2-Car,No injury/unknown,IMPROPER TURNING,E 4TH ST & N INDIANA,39.165648,-86.526848
2012,9,5,Weekday,700,2-Car,No injury/unknown,UNSAFE BACKING,S INDIANA AVE,39.165648,-86.526848
2012,11,5,Weekday,1200,Bus,No injury/unknown,OVERCORRECTING/OVERSTEERING,4TH ST & INDIANA,39.165648,-86.526848
2012,4,6,Weekday,0,2-Car,No injury/unknown,,SOUTH MAPLE & WEST 4TH ST,39.16564018,-86.54219001
2012,4,2,Weekday,1700,2-Car,No injury/unknown,FAILURE TO YIELD RIGHT OF WAY,SOUTH ROGERS ST & WEST 4TH,39.16563012,-86.53869979
2012,3,5,Weekday,1200,2-Car,No injury/unknown,FAILURE TO YIELD RIGHT OF WAY,4TH ST & ROGERS,39.16563012,-86.53869113
2012,4,5,Weekday,1100,2-Car,No injury/unknown,FAILURE TO YIELD RIGHT OF WAY,GATES & JACOB DR,39.16562006,-86.57599993
2012,4,5,Weekday,1200,2-Car,Non-incapacitating,FOLLOWING TOO CLOSELY,GATES & JACOB DR,39.16562006,-86.57599993
2012,6,6,Weekday,1400,2-Car,No injury/unknown,FAILURE TO YIELD RIGHT OF WAY,GATES DR & JACOB,39.16562006,-86.57599993
2012,5,5,Weekday,1900,2-Car,No injury/unknown,FAILURE TO YIELD RIGHT OF WAY,JACOB & N GATES DR,39.16562006,-86.57599993
2012,12,6,Weekend,1900,2-Car,No injury/unknown,FOLLOWING TOO CLOSELY,GATES & JACOB DR,39.16562006,-86.57599993
2012,11,7,Weekend,1800,2-Car,No injury/unknown,FAILURE TO YIELD RIGHT OF WAY,GATES DR & JACOB,39.16562006,-86.57599993
2012,10,3,Weekday,1800,Cyclist,Non-incapacitating,FAILURE TO YIELD RIGHT OF WAY,4TH ST & MADISON,39.16561,-86.53742976
2012,5,4,Weekday,1200,2-Car,No injury/unknown,FAILURE TO YIELD RIGHT OF WAY,E 4TH ST,39.16560464,-86.52959235
2012,9,1,Weekend,1400,2-Car,No injury/unknown,UNSAFE LANE MOVEMENT,4TH ST & COLLEGE,39.16558988,-86.53488971
2012,9,6,Weekday,900,2-Car,No injury/unknown,FOLLOWING TOO CLOSELY,4TH & WALNUT ST,39.16557983,-86.53361968
2012,8,2,Weekday,1600,Cyclist,Non-incapacitating,FAILURE TO YIELD RIGHT OF WAY,4TH ST & WASHINGTON,39.16557983,-86.53235033
2012,9,3,Weekday,1000,2-Car,No injury/unknown,DISREGARD SIGNAL/REG SIGN,4TH & WASHINGTON ST,39.16557983,-86.53235033
2012,7,5,Weekday,1000,2-Car,No injury/unknown,FAILURE TO YIELD RIGHT OF WAY,4TH ST & DUNN,39.16555971,-86.52822978
2012,11,6,Weekday,900,2-Car,No injury/unknown,FAILURE TO YIELD RIGHT OF WAY,4TH & DUNN ST,39.16555971,-86.52822978
2012,10,6,Weekend,2100,2-Car,No injury/unknown,IMPROPER TURNING,4TH & INDIANA AVE,39.16555032,-86.52691014
2012,12,6,Weekday,800,2-Car,No injury/unknown,OTHER (DRIVER) - EXPLAIN IN NARRATIVE,SO KINGSTON DR,39.16554898,-86.49269722
2012,11,2,Weekday,1700,2-Car,No injury/unknown,OVERCORRECTING/OVERSTEERING,DUNN ST & FOURTH,39.1655457,-86.52823704
2012,3,2,Weekday,1700,3+ Cars,No injury/unknown,UNSAFE LANE MOVEMENT,4TH & COLLEGE AVE,39.16552668,-86.53480215
2012,4,6,Weekday,1400,2-Car,No injury/unknown,UNSAFE BACKING,SOUTH GRANT ST,39.16552457,-86.52971396
2012,4,2,Weekday,1100,2-Car,No injury/unknown,UNSAFE BACKING,EAST FOURTH ST,39.16551344,-86.52805343
2012,9,7,Weekend,1600,3+ Cars,No injury/unknown,UNSAFE BACKING,S INDIANA AVE,39.16550106,-86.52684212
2012,4,4,Weekday,800,Cyclist,Non-incapacitating,IMPROPER PASSING,JONES AVE & READ,39.16547615,-86.51549935
2012,4,4,Weekday,1500,2-Car,No injury/unknown,FAILURE TO YIELD RIGHT OF WAY,S WALNUT ST,39.16546286,-86.5336
2012,10,6,Weekday,1000,2-Car,No injury/unknown,OTHER (DRIVER) - EXPLAIN IN NARRATIVE,SO KINGSTON DR,39.16542816,-86.4920578
2012,11,7,Weekend,1600,1-Car,No injury/unknown,RAN OFF ROAD RIGHT,14TH & DUNN ST,39.16541263,-86.52833975
2012,10,3,Weekday,1100,2-Car,No injury/unknown,UNSAFE BACKING,JONES AVE & JORDAN,39.16540012,-86.51642294
2012,11,3,Weekday,900,2-Car,No injury/unknown,UNSAFE BACKING,JONES AVE & JORDAN,39.16540012,-86.51642294
2012,1,7,Weekend,1600,Bus,Non-incapacitating,FAILURE TO YIELD RIGHT OF WAY,JONES & JORDAN AVE,39.16540012,-86.51640996
2012,2,1,Weekend,800,2-Car,No injury/unknown,IMPROPER PASSING,JONES & JORDAN AVE,39.16540012,-86.51640996
2012,6,3,Weekday,1200,Cyclist,Non-incapacitating,FAILURE TO YIELD RIGHT OF WAY,3RD & PETE ELLIS DR,39.16506397,-86.495088
2012,3,2,Weekday,1300,1-Car,Non-incapacitating,OTHER (DRIVER) - EXPLAIN IN NARRATIVE,E STATE ROAD 46 HWY,39.16499973,-86.4523412
2012,5,2,Weekday,800,1-Car,No injury/unknown,,SR46E,39.16499973,-86.4523412
2012,9,2,Weekday,1800,1-Car,Incapacitating,SPEED TOO FAST FOR WEATHER CONDITIONS,E TRAILWAY & SR46E,39.16498559,-86.43110494
2012,4,5,Weekday,400,1-Car,No injury/unknown,ANIMAL/OBJECT IN ROADWAY,HARTSTRAIT & SR48W,39.16494012,-86.61103025
2012,1,5,Weekday,1600,2-Car,No injury/unknown,FAILURE TO YIELD RIGHT OF WAY,CURRY & SR48W,39.164848,-86.58360163
2012,7,7,Weekend,1800,1-Car,No injury/unknown,,W 3RD ST,39.164848,-86.580096
2012,10,3,Weekday,1500,2-Car,No injury/unknown,FAILURE TO YIELD RIGHT OF WAY,W 3RD ST,39.164848,-86.57962482
2012,12,1,Weekend,700,2-Car,No injury/unknown,FAILURE TO YIELD RIGHT OF WAY,3300 W 3RD ST,39.164848,-86.5761011
2012,3,3,Weekday,1400,2-Car,No injury/unknown,OTHER (DRIVER) - EXPLAIN IN NARRATIVE,WEST 3RD ST,39.164848,-86.575104
2012,12,2,Weekday,1600,3+ Cars,No injury/unknown,OTHER (DRIVER) - EXPLAIN IN NARRATIVE,W 3RD ST,39.164848,-86.57487674
2012,1,6,Weekday,1200,Pedestrian,Incapacitating,OTHER (DRIVER) - EXPLAIN IN NARRATIVE,W 3RD ST,39.164848,-86.57464947
2012,8,4,Weekday,1400,2-Car,No injury/unknown,FAILURE TO YIELD RIGHT OF WAY,3RD ST & SR37N,39.164848,-86.57450741
2012,2,6,Weekday,1500,2-Car,No injury/unknown,FOLLOWING TOO CLOSELY,3RD ST,39.16484767,-86.58010841
2012,1,7,Weekend,1200,1-Car,No injury/unknown,OTHER (DRIVER) - EXPLAIN IN NARRATIVE,WEST 3RD ST ST,39.16484267,-86.58123733
2012,1,5,Weekday,1100,2-Car,No injury/unknown,FAILURE TO YIELD RIGHT OF WAY,W 3RD ST,39.164816,-86.573888
2012,6,7,Weekend,1500,Moped/Motorcycle,Non-incapacitating,FAILURE TO YIELD RIGHT OF WAY,W 3RD ST,39.164816,-86.573888
2012,3,6,Weekday,1300,2-Car,Non-incapacitating,FOLLOWING TOO CLOSELY,SR37S & W 3RD,39.1648,-86.573792
2012,8,4,Weekday,2000,2-Car,Non-incapacitating,FOLLOWING TOO CLOSELY,3RD ST & SR37,39.1648,-86.573792
2012,1,4,Weekday,1600,2-Car,No injury/unknown,FAILURE TO YIELD RIGHT OF WAY,E 3RD & PETE ELLIS DR,39.16478931,-86.495088
2012,6,2,Weekday,1400,2-Car,No injury/unknown,FAILURE TO YIELD RIGHT OF WAY,3RD & PETE ELLIS DR,39.16478931,-86.495088
2012,6,6,Weekday,300,1-Car,No injury/unknown,UNSAFE BACKING,46 RD,39.16477966,-86.45194244
2012,7,6,Weekday,1500,3+ Cars,Non-incapacitating,FOLLOWING TOO CLOSELY,3RD ST & SR37S,39.16476916,-86.57334998
2012,3,4,Weekday,1200,3+ Cars,Non-incapacitating,FOLLOWING TOO CLOSELY,3RD ST & SR37N,39.16476426,-86.5732797
2012,2,2,Weekday,900,2-Car,No injury/unknown,DISREGARD SIGNAL/REG SIGN,3RD & SR 37 NORTH RAMP RD,39.164752,-86.573104
2012,2,6,Weekday,1400,2-Car,No injury/unknown,IMPROPER TURNING,3RD ST & SR37,39.164752,-86.573104
2012,2,1,Weekend,100,2-Car,No injury/unknown,FOLLOWING TOO CLOSELY,SR37N & W 3RD ST,39.164752,-86.573104
2012,3,5,Weekday,1600,2-Car,No injury/unknown,FOLLOWING TOO CLOSELY,SR37S & THIRD ST,39.164752,-86.573104
2012,3,7,Weekend,2000,2-Car,Non-incapacitating,FAILURE TO YIELD RIGHT OF WAY,EAST 3RD ST,39.164752,-86.573104
2012,4,6,Weekday,600,2-Car,No injury/unknown,DISREGARD SIGNAL/REG SIGN,3000 W 3RD ST & SR37N,39.164752,-86.573104
2012,7,1,Weekend,1200,2-Car,No injury/unknown,FAILURE TO YIELD RIGHT OF WAY,3RD ST & SR37,39.164752,-86.573104
2012,8,7,Weekend,900,2-Car,Non-incapacitating,CELL PHONE USAGE,3RD ST & SR37N,39.164752,-86.573104
2012,8,4,Weekday,1700,2-Car,No injury/unknown,OTHER (DRIVER) - EXPLAIN IN NARRATIVE,SR37S & SR48,39.164752,-86.573104
2012,9,7,Weekend,2100,2-Car,No injury/unknown,DISREGARD SIGNAL/REG SIGN,3RD ST & SR37,39.164752,-86.573104
2012,9,6,Weekday,1200,2-Car,Non-incapacitating,DISREGARD SIGNAL/REG SIGN,SR37S & W 3RD ST,39.164752,-86.573104
2012,10,2,Weekday,600,2-Car,No injury/unknown,FAILURE TO YIELD RIGHT OF WAY,SR37 & W 3RD ST,39.164752,-86.573104
2012,10,4,Weekday,800,2-Car,Non-incapacitating,FOLLOWING TOO CLOSELY,SR37 & W 3RD,39.164752,-86.573104
2012,11,5,Weekday,0,2-Car,No injury/unknown,FAILURE TO YIELD RIGHT OF WAY,SR37N & W 3RD,39.164752,-86.573104
2012,11,7,Weekend,1000,2-Car,Non-incapacitating,FOLLOWING TOO CLOSELY,37 HWY & W 3RD,39.164752,-86.573104
2012,12,7,Weekend,600,2-Car,No injury/unknown,FAILURE TO YIELD RIGHT OF WAY,SR37 & W 3RD ST,39.164752,-86.573104
2012,12,3,Weekday,1400,3+ Cars,No injury/unknown,FOLLOWING TOO CLOSELY,SR37 & WEST 3RD ST,39.164752,-86.573104
2012,1,7,Weekend,2200,2-Car,No injury/unknown,FAILURE TO YIELD RIGHT OF WAY,W 3RD ST,39.16474251,-86.57282163
2012,3,7,Weekend,1700,2-Car,No injury/unknown,OTHER (DRIVER) - EXPLAIN IN NARRATIVE,W 3RD ST,39.16474251,-86.57282163
2012,6,6,Weekend,2200,2-Car,No injury/unknown,UNSAFE BACKING,W 3RD ST,39.16474251,-86.57282163
2012,4,4,Weekday,700,2-Car,No injury/unknown,FOLLOWING TOO CLOSELY,S PARK SQUARE & SR48W,39.16474029,-86.59259006
2012,10,2,Weekday,1900,2-Car,Non-incapacitating,DISREGARD SIGNAL/REG SIGN,PARK SQUARE & SR48W,39.16474029,-86.59259006
2012,2,3,Weekday,1800,2-Car,Non-incapacitating,OTHER (DRIVER) - EXPLAIN IN NARRATIVE,EAST 3RD ST,39.16473871,-86.57270868
2012,10,2,Weekday,1200,2-Car,No injury/unknown,UNSAFE BACKING,EAST THIRD ST,39.16473389,-86.49459838
2012,12,7,Weekend,1000,2-Car,No injury/unknown,OTHER (DRIVER) - EXPLAIN IN NARRATIVE,EAST 3RD ST,39.16472732,-86.57236983
2012,8,7,Weekend,2300,2-Car,No injury/unknown,FAILURE TO YIELD RIGHT OF WAY,3RD & ROGERS ST,39.16472,-86.538592
2012,8,6,Weekday,1100,2-Car,No injury/unknown,FOLLOWING TOO CLOSELY,S ROGERS ST & W 3RD,39.16472,-86.538592
2012,9,7,Weekend,1700,2-Car,No injury/unknown,FAILURE TO YIELD RIGHT OF WAY,ROGERS & WEST 3RD ST,39.16472,-86.538592
2012,10,1,Weekend,400,2-Car,No injury/unknown,IMPROPER LANE USAGE,S ROGERS ST,39.16472,-86.538592
2012,1,4,Weekday,1900,2-Car,No injury/unknown,UNSAFE BACKING,3RD ST,39.16470933,-86.57183467
2012,6,2,Weekday,1600,2-Car,No injury/unknown,UNSAFE BACKING,E 3RD ST,39.16470933,-86.57183467
2012,12,7,Weekend,1200,2-Car,No injury/unknown,UNSAFE BACKING,E 3RD ST,39.16470933,-86.57183467
2012,12,4,Weekday,1300,2-Car,No injury/unknown,UNSAFE BACKING,EAST 3RD ST,39.16470933,-86.57183467
2012,12,6,Weekend,1900,3+ Cars,No injury/unknown,SPEED TOO FAST FOR WEATHER CONDITIONS,3RD EAST ST,39.16470933,-86.57183467
2012,12,7,Weekend,1600,2-Car,No injury/unknown,SPEED TOO FAST FOR WEATHER CONDITIONS,EAST 3RD ST,39.16470933,-86.57183467
2012,12,7,Weekend,1600,2-Car,No injury/unknown,SPEED TOO FAST FOR WEATHER CONDITIONS,EAST 3RD ST,39.16470933,-86.57183467
2012,1,4,Weekday,1600,2-Car,No injury/unknown,DISREGARD SIGNAL/REG SIGN,S MADISON ST & W 3RD,39.164704,-86.537296
2012,6,6,Weekend,2100,2-Car,Non-incapacitating,DISREGARD SIGNAL/REG SIGN,S MADISON & W 3RD ST,39.164704,-86.537296
2012,8,6,Weekday,1400,2-Car,No injury/unknown,UNSAFE LANE MOVEMENT,SOUTH WESTERN & WEST 3RD ST,39.16470006,-86.58646993
2012,9,5,Weekday,1600,3+ Cars,No injury/unknown,FOLLOWING TOO CLOSELY,SR48E & WESTERN,39.16470006,-86.58646993
2012,5,6,Weekend,1900,2-Car,No injury/unknown,UNSAFE BACKING,3RD ST,39.16469993,-86.57155498
2012,11,1,Weekend,1200,2-Car,No injury/unknown,IMPROPER LANE USAGE,3RD ST & HICKORY,39.16469,-86.58588417
2012,2,3,Weekday,1900,2-Car,No injury/unknown,FAILURE TO YIELD RIGHT OF WAY,3RD ST & FRANKLIN,39.164688,-86.5712
2012,12,5,Weekday,1100,3+ Cars,No injury/unknown,BRAKE FAILURE OR DEFECTIVE,FRANKLIN & WEST THIRD ST,39.164688,-86.5712
2012,12,6,Weekday,1600,2-Car,No injury/unknown,FOLLOWING TOO CLOSELY,FRANKLIN & WEST THIRD ST,39.164688,-86.5712
2012,10,4,Weekday,100,1-Car,Incapacitating,OBSTRUCTION NOT MARKED,S CURRY & W 3RD ST,39.16468175,-86.58296764
2012,4,2,Weekday,1500,2-Car,No injury/unknown,UNSAFE BACKING,NORTH MORTON ST,39.164672,-86.536192
2012,3,6,Weekday,1800,2-Car,No injury/unknown,IMPROPER TURNING,EAST 3RD ST,39.16466933,-86.57021333
2012,10,7,Weekend,1700,2-Car,No injury/unknown,OTHER (DRIVER) - EXPLAIN IN NARRATIVE,EAST 3RD ST,39.16466933,-86.57021333
2012,10,6,Weekday,1600,Pedestrian,Incapacitating,FAILURE TO YIELD RIGHT OF WAY,E 3RD ST,39.16466933,-86.57021333
2012,11,6,Weekday,0,2-Car,No injury/unknown,FOLLOWING TOO CLOSELY,EAST 3RD ST,39.16466933,-86.57021333
2012,6,6,Weekday,900,2-Car,No injury/unknown,OTHER (ENVIRONMENTAL) - EXPLAIN IN NARR,W THIRD ST,39.1646605,-86.57929301
2012,10,6,Weekday,1400,2-Car,No injury/unknown,FOLLOWING TOO CLOSELY,3RD ST & CURRY,39.16465983,-86.58298063
2012,4,3,Weekday,1000,3+ Cars,No injury/unknown,FOLLOWING TOO CLOSELY,3RD ST & CURRY,39.16465983,-86.58292435
2012,1,6,Weekday,1600,2-Car,No injury/unknown,IMPROPER TURNING,3RD ST & CURRY,39.16465983,-86.58292002
2012,4,3,Weekday,400,2-Car,No injury/unknown,UNSAFE LANE MOVEMENT,3RD ST & CURRY,39.16465983,-86.58292002
2012,6,6,Weekday,1500,2-Car,No injury/unknown,UNSAFE BACKING,SOUTH CURRY PIKE & WEST 3RD,39.16465983,-86.58292002
2012,8,2,Weekday,2100,Pedestrian,Non-incapacitating,FAILURE TO YIELD RIGHT OF WAY,3RD ST & CURRY,39.16465983,-86.58292002
2012,10,3,Weekday,1400,2-Car,No injury/unknown,FOLLOWING TOO CLOSELY,3RD ST & CURRY,39.16465983,-86.58292002
2012,10,2,Weekday,1600,2-Car,No injury/unknown,FAILURE TO YIELD RIGHT OF WAY,CURRY & WEST 3RD ST,39.16465983,-86.58292002
2012,10,3,Weekday,0,2-Car,Non-incapacitating,DISREGARD SIGNAL/REG SIGN,3RD ST & CURRY,39.16465983,-86.58292002
2012,10,5,Weekday,1400,3+ Cars,No injury/unknown,FOLLOWING TOO CLOSELY,3RD ST & CURRY,39.16465983,-86.58292002
2012,10,4,Weekday,1600,2-Car,No injury/unknown,IMPROPER LANE USAGE,CURRY PIKE & THIRD,39.16465983,-86.58292002
2012,6,2,Weekday,1500,2-Car,No injury/unknown,FOLLOWING TOO CLOSELY,CURRY & THIRD ST,39.16465983,-86.5829131
2012,8,4,Weekday,2100,2-Car,No injury/unknown,UNSAFE LANE MOVEMENT,CURRY & W 3RD ST,39.16465983,-86.58289405
2012,3,6,Weekday,1500,2-Car,No injury/unknown,FAILURE TO YIELD RIGHT OF WAY,CURRY & W 3RD ST,39.16465983,-86.58283344
2012,3,6,Weekend,2000,2-Car,No injury/unknown,FAILURE TO YIELD RIGHT OF WAY,S CURRY & W 3RD ST,39.16465508,-86.5829194
2012,9,4,Weekday,1500,2-Car,No injury/unknown,OTHER (DRIVER) - EXPLAIN IN NARRATIVE,3RD & PETE ELLIS DR,39.16465198,-86.495088
2012,11,7,Weekend,200,2-Car,No injury/unknown,FOLLOWING TOO CLOSELY,3RD ST & LINCOLN,39.16464,-86.52925994
2012,8,7,Weekend,1400,2-Car,No injury/unknown,UNSAFE BACKING,E 3RD ST,39.16464,-86.56913891
2012,3,7,Weekend,1500,2-Car,No injury/unknown,OTHER (DRIVER) - EXPLAIN IN NARRATIVE,E 3RD ST,39.16464,-86.56905455
2012,8,3,Weekday,1500,2-Car,No injury/unknown,UNSAFE BACKING,E 3RD ST,39.16464,-86.56905455
2012,8,4,Weekday,1800,2-Car,No injury/unknown,OTHER (DRIVER) - EXPLAIN IN NARRATIVE,E 3RD ST,39.16464,-86.56905455
2012,2,4,Weekday,1800,2-Car,No injury/unknown,FOLLOWING TOO CLOSELY,KIMBLE & THIRD ST,39.16464,-86.568
2012,3,6,Weekday,1700,2-Car,No injury/unknown,FOLLOWING TOO CLOSELY,3RD ST & KIMBLE,39.16464,-86.568