Year,Month,Day,Weekend?,Hour,Collision Type,Injury Type,Primary Factor,Reported_Location,Latitude,Longitude
2012,3,4,Weekday,1300,2-Car,No injury/unknown,BRAKE FAILURE OR DEFECTIVE,3RD ST & KIMBLE,39.16464,-86.568
2012,4,6,Weekday,1700,2-Car,Non-incapacitating,DISREGARD SIGNAL/REG SIGN,3RD ST & KIMBLE,39.16464,-86.568
2012,6,2,Weekday,1600,3+ Cars,No injury/unknown,FAILURE TO YIELD RIGHT OF WAY,3RD ST & KIMBLE,39.16464,-86.568
2012,8,4,Weekday,900,2-Car,No injury/unknown,UNSAFE LANE MOVEMENT,KIMBLE & WEST THIRD ST,39.16464,-86.568
2012,9,6,Weekday,1600,3+ Cars,Non-incapacitating,FOLLOWING TOO CLOSELY,KIMBLE & WEST 3RD ST,39.16464,-86.568
2012,10,2,Weekday,1500,2-Car,Non-incapacitating,FOLLOWING TOO CLOSELY,KIMBLE & WEST THIRD ST,39.16464,-86.568
2012,5,1,Weekend,100,1-Car,No injury/unknown,RAN OFF ROAD RIGHT,EAST 3RD ST,39.16464,-86.56783019
2012,7,6,Weekday,1600,2-Car,No injury/unknown,FAILURE TO YIELD RIGHT OF WAY,3RD ST & KIMBLE,39.16464,-86.56764719
2012,1,3,Weekday,1700,2-Car,No injury/unknown,UNSAFE BACKING,3RD ST & JOHNSON,39.16464,-86.564992
2012,3,6,Weekday,1700,2-Car,No injury/unknown,FAILURE TO YIELD RIGHT OF WAY,3RD ST & JOHNSON,39.16464,-86.564992
2012,1,2,Weekday,1600,2-Car,No injury/unknown,IMPROPER TURNING,EAST 3RD & SOUTH COLLEGE ST,39.16464,-86.534816
2012,2,7,Weekend,900,2-Car,No injury/unknown,FAILURE TO YIELD RIGHT OF WAY,S COLLEGE & W 3RD ST,39.16464,-86.534816
2012,2,2,Weekday,900,2-Car,No injury/unknown,FAILURE TO YIELD RIGHT OF WAY,3RD ST & COLLEGE,39.16464,-86.534816
2012,3,6,Weekday,1200,2-Car,Incapacitating,DISREGARD SIGNAL/REG SIGN,3RD ST & COLLEGE,39.16464,-86.534816
2012,3,6,Weekday,1100,2-Car,No injury/unknown,SPEED TOO FAST FOR WEATHER CONDITIONS,3RD & COLLEGE AVE,39.16464,-86.534816
2012,6,1,Weekday,2200,2-Car,No injury/unknown,DISREGARD SIGNAL/REG SIGN,3RD & S COLLEGE AVE,39.16464,-86.534816
2012,6,2,Weekday,1300,2-Car,Non-incapacitating,FOLLOWING TOO CLOSELY,SOUTH COLLEGE AVE & WEST 3RD,39.16464,-86.534816
2012,7,3,Weekday,1900,2-Car,No injury/unknown,DISREGARD SIGNAL/REG SIGN,3RD ST & COLLEGE,39.16464,-86.534816
2012,7,2,Weekday,1600,2-Car,No injury/unknown,DISREGARD SIGNAL/REG SIGN,3RD & COLLEGE AVE,39.16464,-86.534816
2012,8,2,Weekday,1600,2-Car,No injury/unknown,FAILURE TO YIELD RIGHT OF WAY,S COLLEGE AVE & W 3RD,39.16464,-86.534816
2012,8,2,Weekday,1900,Bus,No injury/unknown,DISREGARD SIGNAL/REG SIGN,3RD & S COLLEGE AVE,39.16464,-86.534816
2012,9,5,Weekday,1600,2-Car,No injury/unknown,UNSAFE LANE MOVEMENT,N COLLEGE & SR37N,39.16464,-86.534816
2012,10,2,Weekday,1900,2-Car,No injury/unknown,UNSAFE LANE MOVEMENT,SOUTH COLLEGE AVE & WEST 3RD,39.16464,-86.534816
2012,11,5,Weekday,1600,2-Car,Non-incapacitating,FOLLOWING TOO CLOSELY,COLLEGE & W 3RD ST,39.16464,-86.534816
2012,11,7,Weekend,900,2-Car,Non-incapacitating,FAILURE TO YIELD RIGHT OF WAY,3RD & S COLLEGE AVE,39.16464,-86.534816
2012,9,7,Weekend,1800,2-Car,No injury/unknown,FOLLOWING TOO CLOSELY,COLLEGE & W 3RD ST,39.16464,-86.53446319
2012,1,7,Weekend,1300,2-Car,No injury/unknown,DISREGARD SIGNAL/REG SIGN,3RD & WALNUT ST,39.16464,-86.5336
2012,1,7,Weekend,1200,2-Car,No injury/unknown,SPEED TOO FAST FOR WEATHER CONDITIONS,WALNUT ST,39.16464,-86.5336
2012,1,6,Weekday,1400,Bus,No injury/unknown,DISREGARD SIGNAL/REG SIGN,3RD & WALNUT ST,39.16464,-86.5336
2012,2,4,Weekday,1700,2-Car,No injury/unknown,DISREGARD SIGNAL/REG SIGN,E 3RD & S WALNUT ST,39.16464,-86.5336
2012,5,5,Weekday,2200,2-Car,No injury/unknown,DISREGARD SIGNAL/REG SIGN,3RD ST & WALNUT,39.16464,-86.5336
2012,3,2,Weekday,1300,2-Car,No injury/unknown,UNSAFE BACKING,S WALNUT ST,39.16464,-86.5336
2012,4,5,Weekday,300,1-Car,No injury/unknown,IMPROPER TURNING,NORTH WALNUT ST,39.16464,-86.5336
2012,4,4,Weekday,1700,Bus,No injury/unknown,BRAKE FAILURE OR DEFECTIVE,EAST 3RD ST & SOUTH WALNUT,39.16464,-86.5336
2012,4,6,Weekday,1100,2-Car,No injury/unknown,UNSAFE BACKING,S WALNUT ST,39.16464,-86.5336
2012,4,1,Weekend,300,2-Car,No injury/unknown,,NORTH WALNUT ST,39.16464,-86.5336
2012,6,2,Weekday,200,2-Car,No injury/unknown,UNSAFE BACKING,S WALNUT ST,39.16464,-86.5336
2012,6,2,Weekday,1300,2-Car,No injury/unknown,FAILURE TO YIELD RIGHT OF WAY,3RD & S WALNUT ST,39.16464,-86.5336
2012,9,1,Weekend,1400,2-Car,Incapacitating,WRONG WAY ON ONE WAY,3RD & SOUTH WALNUT ST,39.16464,-86.5336
2012,10,2,Weekday,1700,2-Car,No injury/unknown,FAILURE TO YIELD RIGHT OF WAY,E 3RD ST & WALNUT,39.16464,-86.5336
2012,11,1,Weekend,1800,2-Car,Non-incapacitating,DISREGARD SIGNAL/REG SIGN,E 3RD & S WALNUT ST,39.16464,-86.5336
2012,1,1,Weekend,1500,2-Car,No injury/unknown,DISREGARD SIGNAL/REG SIGN,EAST 3RD ST & SOUTH WASHINGTON,39.16464,-86.5324
2012,3,4,Weekday,1700,2-Car,No injury/unknown,UNSAFE BACKING,WEST 3RD ST,39.16464,-86.5324
2012,6,4,Weekday,900,2-Car,No injury/unknown,DISREGARD SIGNAL/REG SIGN,E 3RD & S WASHINGTON ST,39.16464,-86.5324
2012,8,5,Weekday,500,2-Car,No injury/unknown,UNSAFE BACKING,WEST 3RD ST,39.16464,-86.5324
2012,9,2,Weekday,1400,Cyclist,Non-incapacitating,OTHER (DRIVER) - EXPLAIN IN NARRATIVE,E W ALLEY 100 BLK E 3RD STREET & S WASHINGTON ALY,39.16464,-86.5324
2012,12,7,Weekend,300,2-Car,No injury/unknown,UNSAFE BACKING,E 3RD ST,39.16464,-86.5324
2012,11,6,Weekend,2300,2-Car,No injury/unknown,FAILURE TO YIELD RIGHT OF WAY,3RD ST & WASHINGTON,39.16464,-86.5324
2012,11,6,Weekday,700,2-Car,No injury/unknown,OTHER (DRIVER) - EXPLAIN IN NARRATIVE,E 3RD ST & WASHINGTON,39.16464,-86.5324
2012,7,2,Weekday,1500,2-Car,No injury/unknown,UNSAFE BACKING,E 3RD ST,39.16464,-86.53211918
2012,1,6,Weekday,1200,2-Car,No injury/unknown,DISREGARD SIGNAL/REG SIGN,200 S LINCOLN & 300 E 3RD ST,39.16464,-86.531024
2012,4,5,Weekday,1800,2-Car,No injury/unknown,FOLLOWING TOO CLOSELY,E 3RD ST & S LINCOLN,39.16464,-86.531024
2012,7,2,Weekday,1600,2-Car,No injury/unknown,FOLLOWING TOO CLOSELY,3RD ST & LINCOLN,39.16464,-86.531024
2012,1,5,Weekday,1100,2-Car,No injury/unknown,FAILURE TO YIELD RIGHT OF WAY,3RD ST & GRANT,39.16464,-86.529728
2012,2,2,Weekday,1700,2-Car,Non-incapacitating,FOLLOWING TOO CLOSELY,EAST 3RD ST & GRANT,39.16464,-86.529728
2012,6,7,Weekend,1500,Pedestrian,Incapacitating,DISREGARD SIGNAL/REG SIGN,3RD ST & GRANT,39.16464,-86.529728
2012,8,1,Weekend,1200,2-Car,No injury/unknown,FAILURE TO YIELD RIGHT OF WAY,3RD ST & GRANT,39.16464,-86.529728
2012,8,3,Weekday,1800,2-Car,No injury/unknown,FAILURE TO YIELD RIGHT OF WAY,3RD ST & GRANT,39.16464,-86.529728
2012,8,6,Weekday,1300,2-Car,Non-incapacitating,FAILURE TO YIELD RIGHT OF WAY,E 3RD ST & GRANT,39.16464,-86.529728
2012,9,5,Weekday,1700,2-Car,No injury/unknown,FAILURE TO YIELD RIGHT OF WAY,E 3RD ST & GRANT,39.16464,-86.529728
2012,9,2,Weekday,0,2-Car,No injury/unknown,FAILURE TO YIELD RIGHT OF WAY,3RD ST & GRANT,39.16464,-86.529728
2012,10,2,Weekday,1600,2-Car,Non-incapacitating,FAILURE TO YIELD RIGHT OF WAY,E 3RD ST & S GRANT,39.16464,-86.529728
2012,2,7,Weekend,0,1-Car,No injury/unknown,ROADWAY SURFACE CONDITION,400 E 3RD ST & DUNN,39.16464,-86.52906697
2012,10,6,Weekend,2300,2-Car,No injury/unknown,FAILURE TO YIELD RIGHT OF WAY,3RD & ROGERS ST,39.16463032,-86.53869979
2012,6,6,Weekend,2300,2-Car,Non-incapacitating,FAILURE TO YIELD RIGHT OF WAY,COLLEGE AVE & THIRD,39.16462591,-86.53489203
2012,2,6,Weekday,1100,3+ Cars,Non-incapacitating,FOLLOWING TOO CLOSELY,3600 W 3RD ST & LIBERTY,39.16461055,-86.57908936
2012,3,1,Weekend,1200,2-Car,No injury/unknown,DRIVER DISTRACTED - EXPLAIN IN NARRATIVE,S LIBERTY & W 3RD ST,39.16461021,-86.57914738
2012,1,2,Weekday,1300,2-Car,No injury/unknown,FOLLOWING TOO CLOSELY,3RD ST & LIBERTY,39.16461021,-86.57913006
2012,5,5,Weekday,1900,2-Car,No injury/unknown,FAILURE TO YIELD RIGHT OF WAY,SOUTH LIBERTY & WEST 3RD ST,39.16461021,-86.57913006
2012,6,5,Weekday,700,3+ Cars,Non-incapacitating,DRIVER DISTRACTED - EXPLAIN IN NARRATIVE,3RD & LIBERTY DR,39.16461021,-86.57913006
2012,6,6,Weekend,2000,3+ Cars,No injury/unknown,FOLLOWING TOO CLOSELY,LIBERTY DR & W THIRD,39.16461021,-86.57913006
2012,8,5,Weekday,800,2-Car,Non-incapacitating,DISREGARD SIGNAL/REG SIGN,LIBERTY & W 3RD ST,39.16461021,-86.57913006
2012,11,5,Weekday,1500,2-Car,Non-incapacitating,FAILURE TO YIELD RIGHT OF WAY,LIBERTY & W THIRD ST,39.16461021,-86.57913006
2012,11,2,Weekday,1600,2-Car,No injury/unknown,FOLLOWING TOO CLOSELY,3RD ST & LIBERTY,39.16461021,-86.57913006
2012,11,4,Weekday,1200,2-Car,Non-incapacitating,FOLLOWING TOO CLOSELY,3RD ST & LIBERTY,39.16461021,-86.57913006
2012,12,5,Weekday,1600,2-Car,No injury/unknown,DISREGARD SIGNAL/REG SIGN,S LIBERTY & W 3RD ST,39.16461021,-86.57913006
2012,6,7,Weekend,1900,2-Car,Non-incapacitating,FAILURE TO YIELD RIGHT OF WAY,LIBERTY & WEST 3RD ST,39.16461021,-86.57912487
2012,6,2,Weekday,1800,2-Car,Non-incapacitating,FOLLOWING TOO CLOSELY,LIBERTY & W 3RD ST,39.16461021,-86.57912141
2012,4,5,Weekday,1100,Pedestrian,Non-incapacitating,FAILURE TO YIELD RIGHT OF WAY,3RD ST & LIBERTY,39.16461021,-86.57911275
2012,6,3,Weekday,1700,2-Car,Non-incapacitating,FAILURE TO YIELD RIGHT OF WAY,S LIBERTY & W 3RD ST,39.16460969,-86.57911485
2012,7,7,Weekend,800,2-Car,No injury/unknown,UNSAFE BACKING,S WALNUT ST,39.16460343,-86.5336
2012,10,5,Weekday,800,2-Car,No injury/unknown,OTHER (DRIVER) - EXPLAIN IN NARRATIVE,EAST 3RD ST,39.16460037,-86.47589874
2012,6,5,Weekday,1400,2-Car,No injury/unknown,DISREGARD SIGNAL/REG SIGN,COLLEGE AVE & THIRD,39.16460015,-86.53489977
2012,8,3,Weekday,1700,2-Car,No injury/unknown,FOLLOWING TOO CLOSELY,3RD & COLLEGE AVE,39.16460015,-86.53489977
2012,9,2,Weekday,2100,2-Car,No injury/unknown,FAILURE TO YIELD RIGHT OF WAY,3RD ST & COLLEGE,39.16460015,-86.53489977
2012,11,7,Weekend,1500,2-Car,No injury/unknown,FOLLOWING TOO CLOSELY,SOUTH COLLEGE AVE & WEST 3RD,39.16460015,-86.53489977
2012,12,2,Weekday,1000,2-Car,Incapacitating,DISREGARD SIGNAL/REG SIGN,3RD & COLLEGE AVE,39.16460015,-86.53489977
2012,12,6,Weekend,1900,2-Car,No injury/unknown,SPEED TOO FAST FOR WEATHER CONDITIONS,COLLEGE AVE & THIRD,39.16460015,-86.53489977
2012,1,4,Weekday,1300,3+ Cars,Non-incapacitating,FOLLOWING TOO CLOSELY,3RD & WALNUT ST,39.16460015,-86.53362974
2012,5,4,Weekday,1300,2-Car,No injury/unknown,UNSAFE BACKING,THIRD & WALNUT ST,39.16460015,-86.53362974
2012,8,2,Weekday,500,2-Car,No injury/unknown,FAILURE TO YIELD RIGHT OF WAY,THIRD ST & WALNUT,39.16460015,-86.53362974
2012,11,5,Weekday,1200,2-Car,No injury/unknown,FOLLOWING TOO CLOSELY,THIRD & WALNUT ST,39.16460015,-86.53362974
2012,12,2,Weekday,700,2-Car,Non-incapacitating,DISREGARD SIGNAL/REG SIGN,3RD ST & WASHINGTON,39.16460015,-86.53235971
2012,4,5,Weekday,1500,2-Car,No injury/unknown,IMPROPER TURNING,3RD ST & GATES,39.16459009,-86.57619975
2012,6,6,Weekday,1500,2-Car,No injury/unknown,FAILURE TO YIELD RIGHT OF WAY,GATES & THIRD ST,39.16459009,-86.57619975
2012,6,1,Weekend,1300,2-Car,No injury/unknown,UNSAFE LANE MOVEMENT,S GATES DR & WEST 3RD,39.16459009,-86.57619975
2012,8,1,Weekday,2200,2-Car,No injury/unknown,FAILURE TO YIELD RIGHT OF WAY,3RD ST & GATES,39.16459009,-86.57619975
2012,8,6,Weekday,1700,2-Car,No injury/unknown,FOLLOWING TOO CLOSELY,3RD ST & GATES,39.16459009,-86.57619975
2012,8,2,Weekday,1500,2-Car,No injury/unknown,OTHER (DRIVER) - EXPLAIN IN NARRATIVE,3RD ST & GATES,39.16459009,-86.57619975
2012,9,6,Weekend,2200,2-Car,No injury/unknown,FAILURE TO YIELD RIGHT OF WAY,3RD ST & GATES,39.16459009,-86.57619975
2012,9,7,Weekend,1300,3+ Cars,No injury/unknown,OTHER (DRIVER) - EXPLAIN IN NARRATIVE,GATES & WEST 3RD ST,39.16459009,-86.57619975
2012,12,4,Weekday,1400,2-Car,No injury/unknown,FOLLOWING TOO CLOSELY,GATES & THIRD ST,39.16459009,-86.57619975
2012,11,4,Weekday,1200,2-Car,No injury/unknown,FOLLOWING TOO CLOSELY,GATES & WEST THIRD ST,39.16459009,-86.57619975
2012,4,6,Weekday,1300,2-Car,No injury/unknown,FOLLOWING TOO CLOSELY,GATES & THIRD ST,39.16459009,-86.57615646
2012,6,3,Weekday,1200,2-Car,No injury/unknown,BRAKE FAILURE OR DEFECTIVE,3300 W 3RD ST & GATES,39.16458676,-86.57619637
2012,4,6,Weekday,1400,2-Car,No injury/unknown,UNSAFE BACKING,3RD & INDIANA AVE,39.16458526,-86.52680549
2012,10,6,Weekday,1300,2-Car,No injury/unknown,FAILURE TO YIELD RIGHT OF WAY,GRANT & THIRD ST,39.16457468,-86.52984374
2012,2,7,Weekend,2200,2-Car,Incapacitating,RAN OFF ROAD RIGHT,E 3RD ST,39.16456462,-86.55869926
2012,12,1,Weekend,1000,2-Car,Non-incapacitating,FOLLOWING TOO CLOSELY,S WYNNEDALE & W 3RD ST,39.16455992,-86.57019026
2012,2,5,Weekday,200,1-Car,No injury/unknown,RAN OFF ROAD RIGHT,W 3RD ST & WYNNEDALE,39.16455992,-86.57017295
2012,2,4,Weekday,1200,2-Car,No injury/unknown,FAILURE TO YIELD RIGHT OF WAY,3RD ST & YANCY,39.16455992,-86.56948015
2012,7,3,Weekday,1700,2-Car,No injury/unknown,FOLLOWING TOO CLOSELY,THIRD ST & YANCY,39.16455992,-86.56948015
2012,5,5,Weekday,1200,2-Car,Non-incapacitating,FAILURE TO YIELD RIGHT OF WAY,W 3RD ST & YANCY,39.16455992,-86.56948015
2012,6,6,Weekday,1100,3+ Cars,No injury/unknown,FOLLOWING TOO CLOSELY,WEST 3RD ST & YANCY,39.16455992,-86.56947365
2012,3,7,Weekend,2200,2-Car,No injury/unknown,UNSAFE BACKING,W 3RD ST,39.16455981,-86.55584763
2012,7,7,Weekend,100,2-Car,No injury/unknown,OTHER (DRIVER) - EXPLAIN IN NARRATIVE,W 3RD ST,39.16455981,-86.55584763
2012,5,6,Weekend,2000,1-Car,No injury/unknown,RAN OFF ROAD RIGHT,EAST THIRD ST,39.1645579,-86.52841284
2012,7,2,Weekday,1000,2-Car,No injury/unknown,FOLLOWING TOO CLOSELY,3RD & ROGERS ST,39.16455521,-86.538592
2012,1,1,Weekday,2300,2-Car,No injury/unknown,IMPROPER TURNING,E THIRD ST,39.16455254,-86.5320003
2012,2,2,Weekday,1800,1-Car,Non-incapacitating,OTHER (DRIVER) - EXPLAIN IN NARRATIVE,E THIRD ST,39.16455254,-86.5320003
2012,3,6,Weekday,1100,2-Car,No injury/unknown,OTHER (DRIVER) - EXPLAIN IN NARRATIVE,EAST 3RD ST,39.16454994,-86.5539388
2012,3,3,Weekday,1100,2-Car,No injury/unknown,UNSAFE BACKING,W 3RD ST,39.16454535,-86.55367667
2012,10,5,Weekday,2100,1-Car,No injury/unknown,RAN OFF ROAD RIGHT,W 3RD ST,39.16454406,-86.55360366
2012,1,3,Weekday,1600,2-Car,No injury/unknown,FOLLOWING TOO CLOSELY,3RD ST & CORY,39.164544,-86.560096
2012,3,3,Weekday,1900,2-Car,Incapacitating,FOLLOWING TOO CLOSELY,CORY & THIRD ST,39.164544,-86.560096
2012,3,4,Weekday,600,2-Car,Non-incapacitating,FAILURE TO YIELD RIGHT OF WAY,3RD & CURRY PIKE,39.164544,-86.560096
2012,4,7,Weekend,700,2-Car,Non-incapacitating,OTHER (ENVIRONMENTAL) - EXPLAIN IN NARR,S CORY & W 3RD ST,39.164544,-86.560096
2012,5,4,Weekday,1400,2-Car,No injury/unknown,FOLLOWING TOO CLOSELY,CORY & WEST 3RD ST,39.164544,-86.560096
2012,5,4,Weekday,1700,3+ Cars,No injury/unknown,FOLLOWING TOO CLOSELY,3RD ST & CORY,39.164544,-86.560096
2012,7,5,Weekday,1500,2-Car,Non-incapacitating,FAILURE TO YIELD RIGHT OF WAY,3RD ST & CORY,39.164544,-86.560096
2012,9,3,Weekday,1700,Cyclist,Non-incapacitating,OTHER (DRIVER) - EXPLAIN IN NARRATIVE,3RD ST & CORY,39.164544,-86.560096
2012,12,2,Weekday,1500,2-Car,Non-incapacitating,FOLLOWING TOO CLOSELY,S CURRY PIKE & WEST 3RD,39.164544,-86.560096
2012,6,6,Weekday,1400,1-Car,No injury/unknown,OTHER (DRIVER) - EXPLAIN IN NARRATIVE,S ADAMS ST,39.164544,-86.552192
2012,11,3,Weekday,700,1-Car,No injury/unknown,BRAKE FAILURE OR DEFECTIVE,S ADAMS ST,39.164544,-86.552192
2012,4,1,Weekend,1300,2-Car,No injury/unknown,FAILURE TO YIELD RIGHT OF WAY,3RD & PETE ELLIS DR,39.16451466,-86.495088
2012,6,5,Weekday,1100,2-Car,No injury/unknown,FAILURE TO YIELD RIGHT OF WAY,3RD & PETE ELLIS DR,39.16451466,-86.495088
2012,11,6,Weekday,1400,2-Car,No injury/unknown,FAILURE TO YIELD RIGHT OF WAY,3RD & SOUTH PETE ELLIS DR,39.16451466,-86.495088
2012,10,6,Weekday,1700,2-Car,No injury/unknown,UNSAFE SPEED,3RD & SOUTH ROGERS ST,39.16451401,-86.538592
2012,9,6,Weekday,1600,2-Car,No injury/unknown,UNSAFE LANE MOVEMENT,3RD ST & JOHNSON,39.16451029,-86.56500019
2012,5,3,Weekday,1300,2-Car,No injury/unknown,LEFT OF CENTER,3RD ST & ADAMS,39.16450286,-86.55027138
2012,2,7,Weekend,100,2-Car,No injury/unknown,ROADWAY SURFACE CONDITION,MULLER PKWY & W 3RD,39.16450024,-86.56270019
2012,3,6,Weekday,1100,2-Car,No injury/unknown,FOLLOWING TOO CLOSELY,3RD ST & MULLER,39.16450024,-86.56270019
2012,2,7,Weekend,100,2-Car,No injury/unknown,ROADWAY SURFACE CONDITION,MULLER PKWY & WEST 3RD,39.16450024,-86.56270019
2012,10,6,Weekday,0,2-Car,No injury/unknown,UNSAFE BACKING,WALNUT ST,39.16449371,-86.5336
2012,11,2,Weekday,900,Moped/Motorcycle,Non-incapacitating,DISREGARD SIGNAL/REG SIGN,S CORY & W 3RD ST,39.16448012,-86.56015008
2012,7,3,Weekday,1700,1-Car,No injury/unknown,OTHER (VEHICLE) - EXPLAIN IN NARRATIVE,W 3RD ST,39.16447742,-86.54929031
2012,9,6,Weekday,400,1-Car,No injury/unknown,RAN OFF ROAD RIGHT,S COLLEGE AVE,39.16446694,-86.53481763
2012,2,1,Weekend,200,2-Car,No injury/unknown,UNSAFE BACKING,EAST 3RD ST,39.164465,-86.54881114
2012,6,4,Weekday,800,2-Car,No injury/unknown,UNSAFE BACKING,S LINCOLN ST,39.16445714,-86.53102563
2012,3,7,Weekend,1700,2-Car,Non-incapacitating,FOLLOWING TOO CLOSELY,3RD ST & ATWATER,39.164448,-86.528096
2012,5,6,Weekend,2000,2-Car,No injury/unknown,FOLLOWING TOO CLOSELY,3RD ST & DUNN,39.164448,-86.528096
2012,5,3,Weekday,2300,1-Car,No injury/unknown,OTHER (DRIVER) - EXPLAIN IN NARRATIVE,3RD ST & DUNN,39.164448,-86.528096
2012,7,3,Weekday,800,2-Car,No injury/unknown,FOLLOWING TOO CLOSELY,ATWATER & THIRD ST,39.164448,-86.528096
2012,8,7,Weekend,1100,2-Car,No injury/unknown,FOLLOWING TOO CLOSELY,E 3RD ST & S DUNN,39.164448,-86.528096
2012,10,4,Weekday,0,1-Car,No injury/unknown,DRIVER DISTRACTED - EXPLAIN IN NARRATIVE,E ATWATER & S DUNN ST,39.164448,-86.528096
2012,10,6,Weekday,1500,2-Car,No injury/unknown,FOLLOWING TOO CLOSELY,3RD ST & ATWATER,39.164448,-86.528096
2012,8,4,Weekday,1800,2-Car,No injury/unknown,UNSAFE BACKING,E 3RD ST,39.164448,-86.527744
2012,2,5,Weekday,1700,2-Car,No injury/unknown,UNSAFE BACKING,E 3RD & S INDIANA AVE,39.164448,-86.5268
2012,2,6,Weekday,1000,2-Car,No injury/unknown,UNSAFE SPEED,INDIANA & THIRD ST,39.164448,-86.5268
2012,3,6,Weekday,1700,2-Car,No injury/unknown,OTHER (DRIVER) - EXPLAIN IN NARRATIVE,3RD & INDIANA AVE,39.164448,-86.5268
2012,4,5,Weekday,1200,2-Car,Non-incapacitating,FOLLOWING TOO CLOSELY,3RD ST & INDIANA,39.164448,-86.5268
2012,11,1,Weekend,400,1-Car,No injury/unknown,UNSAFE SPEED,3RD & INDIANA AVE,39.164448,-86.5268
2012,1,5,Weekday,1700,2-Car,No injury/unknown,FOLLOWING TOO CLOSELY,3RD ST & FESS,39.164448,-86.525792
2012,7,2,Weekday,1100,2-Car,No injury/unknown,UNSAFE BACKING,310 S FESS (GARAGE S EXIT) AVE & FESS,39.164448,-86.525792
2012,3,6,Weekday,1400,3+ Cars,No injury/unknown,FOLLOWING TOO CLOSELY,100 N SR 45 46 BYP & 3RD,39.164448,-86.471888
2012,5,3,Weekday,1100,2-Car,No injury/unknown,LEFT OF CENTER,EAST THIRD ST & SR4546,39.164448,-86.471888
2012,7,3,Weekday,700,2-Car,No injury/unknown,FOLLOWING TOO CLOSELY,3RD & SR446S,39.164448,-86.471888
2012,7,6,Weekday,1500,2-Car,Non-incapacitating,OTHER (DRIVER) - EXPLAIN IN NARRATIVE,3RD & STATE ROAD 45 46 BYP,39.164448,-86.471888
2012,7,2,Weekday,800,1-Car,No injury/unknown,OTHER (DRIVER) - EXPLAIN IN NARRATIVE,1201 E 3RD (LANDSCAPE) ST & 3RD,39.164448,-86.471888
2012,10,1,Weekday,2100,2-Car,Non-incapacitating,DRIVER DISTRACTED - EXPLAIN IN NARRATIVE,3RD & 446 HWY,39.164448,-86.471888
2012,1,2,Weekday,1900,2-Car,No injury/unknown,FAILURE TO YIELD RIGHT OF WAY,E 3RD ST,39.16444703,-86.52575968
2012,5,5,Weekday,1700,Moped/Motorcycle,Non-incapacitating,FOLLOWING TOO CLOSELY,3RD ST & FESS,39.16444271,-86.52561573
2012,9,2,Weekday,900,Bus,No injury/unknown,FAILURE TO YIELD RIGHT OF WAY,3RD ST & FESS,39.16444007,-86.52552759
2012,1,4,Weekday,100,2-Car,No injury/unknown,UNSAFE BACKING,EAST 3RD ST,39.16443758,-86.54775367
2012,12,6,Weekday,1000,2-Car,No injury/unknown,UNSAFE BACKING,EAST 3RD ST,39.16443539,-86.5253718
2012,1,2,Weekday,200,1-Car,No injury/unknown,OTHER (DRIVER) - EXPLAIN IN NARRATIVE,E 3RD ST,39.16443442,-86.52533948
2012,11,5,Weekday,1600,2-Car,No injury/unknown,FOLLOWING TOO CLOSELY,EAST 3RD ST & SOUTH LANDMARK,39.16443182,-86.55631245
2012,1,4,Weekday,1000,2-Car,No injury/unknown,LEFT OF CENTER,LANDMARK AVE & WEST 3 ST ST,39.16442983,-86.55630983
2012,6,3,Weekday,800,Cyclist,Non-incapacitating,FAILURE TO YIELD RIGHT OF WAY,LANDMARK & W THIRD ST,39.16442983,-86.55630983
2012,9,5,Weekday,1500,2-Car,Incapacitating,OTHER (DRIVER) - EXPLAIN IN NARRATIVE,3RD ST & LANDMARK,39.16442983,-86.55630983
2012,6,5,Weekday,1700,3+ Cars,Non-incapacitating,DRIVER DISTRACTED - EXPLAIN IN NARRATIVE,3RD ST & FESS,39.16442686,-86.5250869
2012,9,2,Weekday,200,1-Car,Non-incapacitating,RAN OFF ROAD RIGHT,OARD & SR48W,39.16442416,-86.62164454
2012,6,5,Weekday,1000,2-Car,No injury/unknown,FAILURE TO YIELD RIGHT OF WAY,3RD & PETE ELLIS DR,39.16440479,-86.495088
2012,4,1,Weekend,800,1-Car,No injury/unknown,ANIMAL/OBJECT IN ROADWAY,S WALKER & W 3RD ST,39.1644,-86.546304
2012,11,6,Weekday,1300,Bus,No injury/unknown,UNSAFE LANE MOVEMENT,3RD ST & WOODLAWN,39.16437845,-86.52347337
2012,6,3,Weekday,2100,2-Car,Non-incapacitating,OTHER (VEHICLE) - EXPLAIN IN NARRATIVE,3RD & COLLEGE AVE,39.16436535,-86.53481859
2012,12,3,Weekday,1400,3+ Cars,No injury/unknown,FOLLOWING TOO CLOSELY,3RD ST & WOODLAWN,39.16436258,-86.52294455
2012,3,6,Weekday,1400,2-Car,Non-incapacitating,IMPROPER TURNING,E 3RD ST & S WOODLAWN,39.164352,-86.522592
2012,4,4,Weekday,1200,3+ Cars,No injury/unknown,SPEED TOO FAST FOR WEATHER CONDITIONS,THIRD ST & WOODLAWN,39.164352,-86.522592
2012,11,6,Weekday,1400,2-Car,No injury/unknown,UNSAFE SPEED,EAST 3RD ST & WOODLAWN,39.164352,-86.522592
2012,6,7,Weekend,0,2-Car,Non-incapacitating,DISREGARD SIGNAL/REG SIGN,3RD ST & ROSE,39.164352,-86.510944