Year,Month,Day,Weekend?,Hour,Collision Type,Injury Type,Primary Factor,Reported_Location,Latitude,Longitude
2012,10,6,Weekday,1500,Bus,No injury/unknown,FAILURE TO YIELD RIGHT OF WAY,3RD ST & ROSE,39.164352,-86.510944
2012,2,1,Weekend,1300,2-Car,No injury/unknown,FAILURE TO YIELD RIGHT OF WAY,3RD ST & UNION,39.164352,-86.5088
2012,6,3,Weekday,900,3+ Cars,No injury/unknown,DRIVER DISTRACTED - EXPLAIN IN NARRATIVE,EAST THIRD ST & UNION,39.164352,-86.5088
2012,11,1,Weekend,1200,2-Car,No injury/unknown,FAILURE TO YIELD RIGHT OF WAY,E 3RD ST & S UNION,39.164352,-86.5088
2012,1,2,Weekday,1800,3+ Cars,No injury/unknown,SPEED TOO FAST FOR WEATHER CONDITIONS,3RD & HIGH ST,39.164352,-86.508288
2012,1,7,Weekend,1300,2-Car,No injury/unknown,DRIVER DISTRACTED - EXPLAIN IN NARRATIVE,3RD ST & HIGH,39.164352,-86.508288
2012,9,3,Weekday,2000,3+ Cars,Non-incapacitating,OTHER (DRIVER) - EXPLAIN IN NARRATIVE,E 3RD ST & HIGH,39.164352,-86.508288
2012,12,2,Weekday,1700,Cyclist,Non-incapacitating,DISREGARD SIGNAL/REG SIGN,EAST 3RD ST & HIGH,39.164352,-86.508288
2012,12,2,Weekday,500,1-Car,No injury/unknown,ANIMAL/OBJECT IN ROADWAY,BRYAN & E 3RD ST,39.16432,-86.50824
2012,9,1,Weekend,600,3+ Cars,No injury/unknown,OTHER (DRIVER) - EXPLAIN IN NARRATIVE,EAST THIRD ST,39.16431516,-86.51286542
2012,7,2,Weekday,1300,2-Car,No injury/unknown,FAILURE TO YIELD RIGHT OF WAY,3RD ST & COLLEGE MALL,39.16430692,-86.50721965
2012,12,1,Weekend,1100,2-Car,No injury/unknown,DISREGARD SIGNAL/REG SIGN,HENDERSON ST & THIRD,39.16430652,-86.52691309
2012,11,4,Weekday,200,1-Car,No injury/unknown,RAN OFF ROAD RIGHT,3RD ST & JEFFERSON,39.164304,-86.50628638
2012,4,7,Weekend,1400,2-Car,Non-incapacitating,FOLLOWING TOO CLOSELY,3RD ST & ROOSEVELTT,39.164304,-86.50621537
2012,1,4,Weekday,1700,2-Car,No injury/unknown,FAILURE TO YIELD RIGHT OF WAY,EAST 3RD ST & NORTH JEFFERSON,39.164304,-86.506992
2012,2,6,Weekday,1600,3+ Cars,No injury/unknown,SPEED TOO FAST FOR WEATHER CONDITIONS,E 3RD ST & JEFFERSON,39.164304,-86.506992
2012,3,3,Weekday,1700,3+ Cars,No injury/unknown,DRIVER DISTRACTED - EXPLAIN IN NARRATIVE,E 3RD ST & S JEFFERSON,39.164304,-86.506992
2012,3,6,Weekend,2100,2-Car,No injury/unknown,SPEED TOO FAST FOR WEATHER CONDITIONS,E 3RD ST & S JEFFERSON,39.164304,-86.506992
2012,4,4,Weekday,1500,2-Car,No injury/unknown,FOLLOWING TOO CLOSELY,E 3RD ST & JEFFERSON,39.164304,-86.506992
2012,10,5,Weekday,1800,2-Car,No injury/unknown,FOLLOWING TOO CLOSELY,EAST 3RD ST & JEFFERSON,39.164304,-86.506992
2012,10,3,Weekday,1100,2-Car,No injury/unknown,OTHER (DRIVER) - EXPLAIN IN NARRATIVE,JEFFERSON & THIRD ST,39.164304,-86.506992
2012,10,7,Weekend,1100,2-Car,No injury/unknown,OTHER (DRIVER) - EXPLAIN IN NARRATIVE,EAST THIRD ST & JEFFERSON,39.164304,-86.506992
2012,11,3,Weekday,1300,2-Car,No injury/unknown,FOLLOWING TOO CLOSELY,E 3RD ST & S JEFFERSON,39.164304,-86.506992
2012,9,6,Weekday,1200,Moped/Motorcycle,Incapacitating,SPEED TOO FAST FOR WEATHER CONDITIONS,EAST THIRD ST & ROOSEVELT,39.164304,-86.505792
2012,10,7,Weekend,500,1-Car,Non-incapacitating,OBSTRUCTION NOT MARKED,E 3RD ST & S ROOSEVELT,39.164304,-86.505792
2012,11,2,Weekday,1600,2-Car,No injury/unknown,IMPROPER TURNING,ROCKPORT RD & SR37,39.164304,-86.505792
2012,6,2,Weekday,1600,2-Car,No injury/unknown,FOLLOWING TOO CLOSELY,3RD ST & ROOSEVELT,39.16429831,-86.50543927
2012,8,3,Weekday,1400,2-Car,No injury/unknown,OTHER (DRIVER) - EXPLAIN IN NARRATIVE,E 3RD ST,39.16429555,-86.50526814
2012,8,5,Weekday,1400,3+ Cars,Non-incapacitating,UNSAFE SPEED,E 3RD ST & S HAWTHORNE,39.16429078,-86.5200752
2012,10,6,Weekday,1800,2-Car,No injury/unknown,FAILURE TO YIELD RIGHT OF WAY,3RD ST & FESS,39.16428968,-86.52587011
2012,10,4,Weekday,2100,2-Car,Non-incapacitating,DRIVER DISTRACTED - EXPLAIN IN NARRATIVE,3RD ST & FESS,39.16428968,-86.52587011
2012,9,2,Weekday,1900,2-Car,No injury/unknown,FOLLOWING TOO CLOSELY,3RD ST & FESS,39.16428968,-86.52586795
2012,10,4,Weekday,1500,2-Car,No injury/unknown,FOLLOWING TOO CLOSELY,3RD ST & FESS,39.16428968,-86.52586578
2012,8,7,Weekend,1600,Pedestrian,Incapacitating,OTHER (VEHICLE) - EXPLAIN IN NARRATIVE,EAST 3RD ST,39.16428499,-86.47356033
2012,9,7,Weekend,900,2-Car,No injury/unknown,UNSAFE BACKING,E 3RD ST,39.16428499,-86.47356033
2012,10,3,Weekday,1300,2-Car,No injury/unknown,FOLLOWING TOO CLOSELY,3RD ST & CLIFTON,39.1642803,-86.50968968
2012,5,3,Weekday,700,2-Car,No injury/unknown,FOLLOWING TOO CLOSELY,CAVE & SR48W,39.16427966,-86.62220519
2012,11,4,Weekday,1800,2-Car,No injury/unknown,FOLLOWING TOO CLOSELY,BALLANTINE & THIRD ST,39.16427453,-86.51911919
2012,8,4,Weekday,1300,3+ Cars,Non-incapacitating,FAILURE TO YIELD RIGHT OF WAY,S WASHINGTON ST,39.16427429,-86.5324
2012,1,2,Weekday,1300,2-Car,Non-incapacitating,FOLLOWING TOO CLOSELY,E 3RD & WOODSCREST DR,39.164272,-86.502416
2012,3,3,Weekday,2000,2-Car,No injury/unknown,OTHER (VEHICLE) - EXPLAIN IN NARRATIVE,E 3RD ST,39.164272,-86.502416
2012,7,5,Weekday,1400,2-Car,No injury/unknown,FOLLOWING TOO CLOSELY,E 3RD ST & WOODCREST,39.164272,-86.502416
2012,9,1,Weekend,1600,2-Car,No injury/unknown,FAILURE TO YIELD RIGHT OF WAY,E 3RD ST & S HILLSDALE,39.164272,-86.502416
2012,10,6,Weekday,1400,2-Car,No injury/unknown,FAILURE TO YIELD RIGHT OF WAY,E 3RD ST,39.164272,-86.502416
2012,8,2,Weekday,1800,2-Car,No injury/unknown,IMPROPER TURNING,E 3RD ST,39.164272,-86.50232131
2012,3,6,Weekend,1900,Bus,No injury/unknown,IMPROPER PASSING,3RD ST,39.164272,-86.50230237
2012,10,6,Weekday,1200,Pedestrian,Non-incapacitating,FAILURE TO YIELD RIGHT OF WAY,E 3RD ST,39.164272,-86.50230237
2012,4,6,Weekend,2100,2-Car,No injury/unknown,OTHER (DRIVER) - EXPLAIN IN NARRATIVE,3RD ST,39.164272,-86.50194253
2012,8,7,Weekend,1700,2-Car,No injury/unknown,,E 3RD ST,39.164272,-86.50177208
2012,8,5,Weekday,1400,2-Car,Non-incapacitating,ANIMAL/OBJECT IN ROADWAY,THIRD ST & WOODLAWN,39.1642718,-86.52442326
2012,9,2,Weekday,2100,2-Car,No injury/unknown,FOLLOWING TOO CLOSELY,3RD ST & FACULTY,39.16427024,-86.52105364
2012,9,3,Weekday,1600,Bus,No injury/unknown,UNSAFE SPEED,3RD ST & FACULTY,39.16427024,-86.52104153
2012,6,4,Weekday,1100,2-Car,No injury/unknown,IMPROPER TURNING,EAST THIRD ST & SOUTH BALLANTINE,39.16427024,-86.51912972
2012,9,6,Weekday,1200,2-Car,No injury/unknown,FAILURE TO YIELD RIGHT OF WAY,3RD ST & BALLANTINE,39.16427024,-86.51912972
2012,10,4,Weekday,1800,3+ Cars,No injury/unknown,FOLLOWING TOO CLOSELY,E 3RD ST & S BALLANTINE,39.16427024,-86.51912972
2012,11,5,Weekday,1800,3+ Cars,Non-incapacitating,DRIVER DISTRACTED - EXPLAIN IN NARRATIVE,3RD ST & HIGHLAND,39.16427024,-86.51772281
2012,1,4,Weekday,1600,2-Car,No injury/unknown,FAILURE TO YIELD RIGHT OF WAY,3RD ST & HIGHLAND,39.16427024,-86.51772022
2012,2,7,Weekend,1200,2-Car,No injury/unknown,IMPROPER TURNING,3RD ST & HIGHLAND,39.16427024,-86.51772022
2012,4,7,Weekend,2100,2-Car,Non-incapacitating,UNSAFE LANE MOVEMENT,3RD ST & HIGHLAND,39.16427024,-86.51772022
2012,6,5,Weekday,800,1-Car,No injury/unknown,OVERCORRECTING/OVERSTEERING,E 3RD ST & S HIGHLAND,39.16427024,-86.51772022
2012,6,5,Weekday,1600,2-Car,No injury/unknown,IMPROPER TURNING,3RD ST & HIGHLAND,39.16427024,-86.51772022
2012,8,4,Weekday,1500,Cyclist,Non-incapacitating,PEDESTRIAN ACTION,3RD ST & HIGHLAND,39.16427024,-86.51772022
2012,8,5,Weekday,1900,2-Car,No injury/unknown,IMPROPER TURNING,3RD ST & HIGHLAND,39.16427024,-86.51772022
2012,8,6,Weekend,1900,2-Car,No injury/unknown,IMPROPER TURNING,3RD ST & HIGHLAND,39.16427024,-86.51772022
2012,8,7,Weekend,1200,2-Car,Non-incapacitating,IMPROPER TURNING,3RD ST & HIGHLAND,39.16427024,-86.51772022
2012,9,1,Weekend,1100,2-Car,No injury/unknown,IMPROPER TURNING,E 3RD ST & S HIGHLAND,39.16427024,-86.51772022
2012,9,3,Weekday,1600,2-Car,No injury/unknown,IMPROPER TURNING,3RD ST & HIGHLAND,39.16427024,-86.51772022
2012,1,4,Weekday,2100,2-Car,Non-incapacitating,FOLLOWING TOO CLOSELY,3RD ST & EASTSIDE,39.16427024,-86.51321008
2012,10,7,Weekend,1600,3+ Cars,Non-incapacitating,FOLLOWING TOO CLOSELY,3RD ST & JEFFERSON,39.16427024,-86.50710001
2012,2,6,Weekday,1700,2-Car,No injury/unknown,FOLLOWING TOO CLOSELY,3RD ST & ROOSELVELT,39.16427024,-86.50601834
2012,1,4,Weekday,1500,3+ Cars,No injury/unknown,FOLLOWING TOO CLOSELY,3RD ST & HILLSDALE,39.16427024,-86.50264158
2012,9,7,Weekend,1300,2-Car,No injury/unknown,FAILURE TO YIELD RIGHT OF WAY,E 3RD ST & S WOODSCREST,39.16427024,-86.50242747
2012,6,2,Weekday,1600,2-Car,No injury/unknown,FOLLOWING TOO CLOSELY,E 3RD ST & S WOODSCREST,39.16427024,-86.50241449
2012,8,4,Weekday,1400,2-Car,Non-incapacitating,FAILURE TO YIELD RIGHT OF WAY,45 46 & E 3RD ST,39.16426998,-86.49831176
2012,8,2,Weekday,1900,2-Car,No injury/unknown,UNSAFE LANE MOVEMENT,SWAIN & THIRD ST,39.16426988,-86.51527565
2012,2,6,Weekday,1600,1-Car,No injury/unknown,UNSAFE LANE MOVEMENT,S BALLANTINE ST,39.16426849,-86.51913452
2012,1,4,Weekday,1600,2-Car,No injury/unknown,FAILURE TO YIELD RIGHT OF WAY,E 3RD ST & S BALLANTINE,39.16426611,-86.51913098
2012,11,2,Weekday,1800,2-Car,No injury/unknown,UNSAFE LANE MOVEMENT,HAWTHORNE & THIRD ST,39.16426509,-86.51972257
2012,12,4,Weekday,800,2-Car,No injury/unknown,UNSAFE LANE MOVEMENT,THIRD & WOODLAWN AVE,39.16426449,-86.5226336
2012,11,1,Weekend,1700,3+ Cars,No injury/unknown,FOLLOWING TOO CLOSELY,FESS & THIRD ST,39.16426449,-86.5226336
2012,9,2,Weekday,1500,2-Car,No injury/unknown,UNSAFE LANE MOVEMENT,HIGHLAND AVE & THIRD,39.16426229,-86.51775641
2012,11,6,Weekday,1100,2-Car,No injury/unknown,UNSAFE BACKING,E 3RD ST,39.16426048,-86.50037632
2012,2,7,Weekend,1400,3+ Cars,No injury/unknown,UNSAFE LANE MOVEMENT,3RD ST & S JORDAN,39.16426018,-86.5163999
2012,2,3,Weekday,2000,2-Car,No injury/unknown,FOLLOWING TOO CLOSELY,3RD ST & JORDAN,39.16426018,-86.5163999
2012,3,5,Weekday,700,2-Car,Non-incapacitating,DISREGARD SIGNAL/REG SIGN,3RD ST & JORDAN,39.16426018,-86.5163999
2012,4,4,Weekday,1700,3+ Cars,No injury/unknown,FOLLOWING TOO CLOSELY,3RD ST & S JORDAN,39.16426018,-86.5163999
2012,7,5,Weekday,800,2-Car,No injury/unknown,OTHER (DRIVER) - EXPLAIN IN NARRATIVE,3RD ST & JORDAN,39.16426018,-86.5163999
2012,6,3,Weekday,2300,2-Car,No injury/unknown,IMPROPER TURNING,3RD ST & JORDAN,39.16426018,-86.5163999
2012,6,4,Weekday,600,2-Car,No injury/unknown,DISREGARD SIGNAL/REG SIGN,JORDAN AVE & THIRD,39.16426018,-86.5163999
2012,9,7,Weekend,300,2-Car,No injury/unknown,IMPROPER TURNING,3RD ST & JORDAN,39.16426018,-86.5163999
2012,9,4,Weekday,2100,2-Car,Non-incapacitating,DRIVER DISTRACTED - EXPLAIN IN NARRATIVE,3RD & JORDAN AVE,39.16426018,-86.5163999
2012,10,3,Weekday,900,Moped/Motorcycle,Non-incapacitating,OTHER (DRIVER) - EXPLAIN IN NARRATIVE,3RD & JORDAN AVE,39.16426018,-86.5163999
2012,10,5,Weekday,1900,2-Car,No injury/unknown,IMPROPER TURNING,3RD & JORDAN AVE,39.16426018,-86.5163999
2012,8,6,Weekday,1100,Pedestrian,Non-incapacitating,FAILURE TO YIELD RIGHT OF WAY,E THIRD ST,39.16425817,-86.49533249
2012,12,6,Weekday,1700,2-Car,No injury/unknown,IMPROPER LANE USAGE,THIRD ST,39.16425481,-86.49418115
2012,4,2,Weekday,1500,2-Car,No injury/unknown,,EAST THIRD ST,39.16425481,-86.49131186
2012,2,4,Weekday,2100,2-Car,No injury/unknown,SPEED TOO FAST FOR WEATHER CONDITIONS,E 3RD ST & S HAWTHORNE,39.16425429,-86.52008405
2012,1,2,Weekday,1300,1-Car,No injury/unknown,OTHER (DRIVER) - EXPLAIN IN NARRATIVE,1001 E 3RD (DOCK) ST & HAWTHORNE,39.16425429,-86.52007712
2012,3,6,Weekday,1100,2-Car,No injury/unknown,UNSAFE BACKING,1001 E 3RD (DOCK) ST & HAWTHORNE,39.16425055,-86.52010271
2012,10,5,Weekday,1600,2-Car,No injury/unknown,,3RD ST & WOODLAWN,39.16425012,-86.52263292
2012,11,3,Weekday,1200,3+ Cars,No injury/unknown,FOLLOWING TOO CLOSELY,THIRD ST & WOODLAWN,39.16425012,-86.5226286
2012,11,4,Weekday,1100,2-Car,No injury/unknown,IMPROPER LANE USAGE,3RD ST & WOODLAWN,39.16425012,-86.52261994
2012,3,2,Weekday,1400,Bus,No injury/unknown,UNSAFE LANE MOVEMENT,E 3RD ST & S HAWTHORNE,39.16425012,-86.52009428
2012,3,3,Weekday,1300,2-Car,Non-incapacitating,UNSAFE SPEED,3RD ST & HAWTHORNE,39.16425012,-86.52008995
2012,4,6,Weekday,1000,2-Car,Non-incapacitating,UNSAFE SPEED,HAWTHORNE & THIRD ST,39.16425012,-86.52008476
2012,1,7,Weekend,100,2-Car,No injury/unknown,FAILURE TO YIELD RIGHT OF WAY,3RD ST & SWAIN,39.16425012,-86.51525996
2012,1,4,Weekday,1400,2-Car,Non-incapacitating,UNSAFE LANE MOVEMENT,SWAIN & THIRD ST,39.16425012,-86.51525996
2012,2,6,Weekday,1600,2-Car,No injury/unknown,IMPROPER TURNING,3RD ST & SWAIN,39.16425012,-86.51525996
2012,3,5,Weekday,1600,2-Car,Non-incapacitating,IMPROPER TURNING,E 3RD ST & S SWAIN,39.16425012,-86.51525996
2012,4,6,Weekday,1800,2-Car,Non-incapacitating,IMPROPER TURNING,3RD ST & SWAIN,39.16425012,-86.51525996
2012,8,7,Weekend,1300,2-Car,No injury/unknown,IMPROPER TURNING,E 3RD ST & S SWAIN,39.16425012,-86.51525996
2012,10,2,Weekday,1400,2-Car,No injury/unknown,IMPROPER TURNING,3RD ST & SWAIN,39.16425012,-86.51525996
2012,12,7,Weekend,1700,2-Car,Non-incapacitating,FAILURE TO YIELD RIGHT OF WAY,EAST 3RD ST & SOUTH SWAIN,39.16425012,-86.51525996
2012,1,7,Weekend,200,2-Car,No injury/unknown,IMPROPER TURNING,3RD ST & MITCHELL,39.16425012,-86.51422999
2012,8,6,Weekend,1900,2-Car,No injury/unknown,FOLLOWING TOO CLOSELY,COLLEGE MALL & E 3RD ST,39.16424732,-86.49910556
2012,7,1,Weekend,1400,2-Car,No injury/unknown,FAILURE TO YIELD RIGHT OF WAY,MEADOWBROOK & SR46,39.16424548,-86.48442755
2012,8,2,Weekday,1300,2-Car,Non-incapacitating,FAILURE TO YIELD RIGHT OF WAY,COLLEGE MALL & THIRD ST,39.16424006,-86.49835668
2012,10,6,Weekend,2100,2-Car,No injury/unknown,FOLLOWING TOO CLOSELY,3RD ST & COLLEGE MALL,39.16424006,-86.49828748
2012,11,3,Weekday,1400,3+ Cars,No injury/unknown,FOLLOWING TOO CLOSELY,3RD ST & COLLEGE MALL,39.16424006,-86.49827018
2012,11,5,Weekday,2000,2-Car,No injury/unknown,DRIVER DISTRACTED - EXPLAIN IN NARRATIVE,SR46S & THIRD,39.16424006,-86.49827018
2012,11,5,Weekday,1800,3+ Cars,Non-incapacitating,FOLLOWING TOO CLOSELY,MORNINGSIDE & THIRD ST,39.16424006,-86.47367969
2012,3,5,Weekday,1200,2-Car,No injury/unknown,FOLLOWING TOO CLOSELY,PETE ELLIS & SR46E,39.16424,-86.49473519
2012,3,1,Weekend,1600,2-Car,No injury/unknown,FOLLOWING TOO CLOSELY,PETE ELLIS & SR46E,39.16424,-86.49482339
2012,11,7,Weekend,2000,1-Car,No injury/unknown,ANIMAL/OBJECT IN ROADWAY,3RD ST & HERITAGE,39.16424,-86.48294481
2012,10,1,Weekend,1500,2-Car,No injury/unknown,FAILURE TO YIELD RIGHT OF WAY,E 3RD ST & JORDAN,39.16424,-86.51666461
2012,9,6,Weekday,1200,2-Car,No injury/unknown,FOLLOWING TOO CLOSELY,WEST 3RD ST,39.16424,-86.48814157
2012,2,3,Weekday,2000,2-Car,No injury/unknown,UNSAFE BACKING,E 3RD ST,39.16424,-86.5152
2012,9,2,Weekday,700,Moped/Motorcycle,Non-incapacitating,WRONG WAY ON ONE WAY,E 3RD ST & MITCHELL,39.16424,-86.514096
2012,5,4,Weekday,1400,3+ Cars,No injury/unknown,DRIVER DISTRACTED - EXPLAIN IN NARRATIVE,E 3RD ST & S EASTSIDE,39.16424,-86.513088
2012,1,4,Weekday,700,3+ Cars,Non-incapacitating,FAILURE TO YIELD RIGHT OF WAY,3RD ST & COLLEGE MALL,39.16424,-86.4984
2012,1,5,Weekday,2100,2-Car,No injury/unknown,FOLLOWING TOO CLOSELY,COLLEGE MALL & THIRD ST,39.16424,-86.4984
2012,1,1,Weekend,300,2-Car,No injury/unknown,FOLLOWING TOO CLOSELY,S COLLEGE MALL RD,39.16424,-86.4984
2012,1,4,Weekday,1900,2-Car,Non-incapacitating,FAILURE TO YIELD RIGHT OF WAY,E 3RD ST & S COLLEGE MALL,39.16424,-86.4984
2012,2,5,Weekday,1700,2-Car,No injury/unknown,FOLLOWING TOO CLOSELY,COLLEGE MALL & THIRD ST,39.16424,-86.4984
2012,3,2,Weekday,1300,2-Car,No injury/unknown,FAILURE TO YIELD RIGHT OF WAY,COLLEGE MALL & E 3RD ST,39.16424,-86.4984
2012,3,2,Weekday,1600,3+ Cars,No injury/unknown,FOLLOWING TOO CLOSELY,E 3RD & S COLLEGE MALL RD,39.16424,-86.4984
2012,4,2,Weekday,1400,3+ Cars,No injury/unknown,FOLLOWING TOO CLOSELY,E 3RD & S COLLEGE MALL RD,39.16424,-86.4984
2012,6,2,Weekday,1600,2-Car,Non-incapacitating,FAILURE TO YIELD RIGHT OF WAY,COLLEGE MALL RD & EAST 3RD,39.16424,-86.4984
2012,7,3,Weekday,1500,2-Car,No injury/unknown,FOLLOWING TOO CLOSELY,COLLEGE MALL & E 3RD ST,39.16424,-86.4984
2012,7,2,Weekday,1400,2-Car,No injury/unknown,FAILURE TO YIELD RIGHT OF WAY,E 3RD ST & S COLLEGE MALL,39.16424,-86.4984
2012,5,7,Weekend,2100,2-Car,Non-incapacitating,FOLLOWING TOO CLOSELY,3RD & COLLEGE MALL RD,39.16424,-86.4984
2012,5,1,Weekend,1400,2-Car,No injury/unknown,DRIVER ILLNESS,3RD ST & COLLEGE MALL,39.16424,-86.4984
2012,5,7,Weekend,1400,3+ Cars,No injury/unknown,FAILURE TO YIELD RIGHT OF WAY,E 3RD ST & S COLLEGE MALL,39.16424,-86.4984
2012,7,2,Weekday,1600,2-Car,No injury/unknown,IMPROPER TURNING,3RD & COLLEGE MALL RD,39.16424,-86.4984
2012,8,6,Weekday,800,2-Car,No injury/unknown,FAILURE TO YIELD RIGHT OF WAY,E 3RD ST & S COLLEGE MALL,39.16424,-86.4984
2012,9,7,Weekend,1800,3+ Cars,No injury/unknown,FOLLOWING TOO CLOSELY,EAST 3RD & SOUTH COLLEGE MALL RD,39.16424,-86.4984
2012,10,6,Weekday,1600,2-Car,No injury/unknown,FAILURE TO YIELD RIGHT OF WAY,E 3RD ST & S COLLEGE MALL,39.16424,-86.4984
2012,11,4,Weekday,2000,2-Car,Non-incapacitating,FAILURE TO YIELD RIGHT OF WAY,3RD & S COLLEGE MALL RD,39.16424,-86.4984
2012,11,5,Weekday,1500,2-Car,No injury/unknown,FAILURE TO YIELD RIGHT OF WAY,COLLEGE MALL & E 3RD ST,39.16424,-86.4984
2012,12,7,Weekend,1000,2-Car,No injury/unknown,UNSAFE LANE MOVEMENT,COLLEGE MALL & E 3RD ST,39.16424,-86.4984
2012,1,2,Weekday,1600,1-Car,No injury/unknown,SPEED TOO FAST FOR WEATHER CONDITIONS,PETE ELLIS DR & SR46E,39.16424,-86.495088
2012,1,6,Weekday,800,2-Car,Non-incapacitating,FAILURE TO YIELD RIGHT OF WAY,E THIRD ST & PETE ELLIS,39.16424,-86.495088
2012,4,3,Weekday,1600,3+ Cars,Non-incapacitating,FAILURE TO YIELD RIGHT OF WAY,E 3RD ST & S PETE ELLIS,39.16424,-86.495088
2012,4,4,Weekday,1400,3+ Cars,No injury/unknown,FAILURE TO YIELD RIGHT OF WAY,E 3RD ST & PETE ELLIS,39.16424,-86.495088
2012,7,6,Weekday,1300,2-Car,Non-incapacitating,FAILURE TO YIELD RIGHT OF WAY,E 3RD ST & PETE ELLIS,39.16424,-86.495088
2012,12,3,Weekday,1500,2-Car,Non-incapacitating,FOLLOWING TOO CLOSELY,E 3RD ST & PETE ELLIS,39.16424,-86.495088
2012,6,4,Weekday,600,1-Car,Non-incapacitating,RAN OFF ROAD RIGHT,E 3RD ST,39.16424,-86.49494053
2012,4,6,Weekday,1400,2-Car,No injury/unknown,IMPROPER TURNING,E 3RD ST,39.16424,-86.49425989
2012,7,2,Weekday,1000,2-Car,No injury/unknown,FAILURE TO YIELD RIGHT OF WAY,E 3RD ST,39.16424,-86.49425989
2012,7,5,Weekday,1700,2-Car,No injury/unknown,UNSAFE BACKING,E 3RD ST,39.16424,-86.49425989
2012,6,1,Weekday,2000,Pedestrian,Non-incapacitating,OTHER (DRIVER) - EXPLAIN IN NARRATIVE,E 3RD ST,39.16424,-86.49425989
2012,1,3,Weekday,0,Pedestrian,Non-incapacitating,OTHER (DRIVER) - EXPLAIN IN NARRATIVE,E 3RD ST,39.16424,-86.4939483
2012,6,3,Weekday,1200,2-Car,No injury/unknown,UNSAFE BACKING,E 3RD ST,39.16424,-86.49368135
2012,1,4,Weekday,1100,2-Car,No injury/unknown,DISREGARD SIGNAL/REG SIGN,E 3RD ST & S KINGSTON,39.16424,-86.492944
2012,1,3,Weekday,800,2-Car,No injury/unknown,FOLLOWING TOO CLOSELY,3RD ST & KINGSTON,39.16424,-86.492944
2012,1,3,Weekday,1200,2-Car,No injury/unknown,FOLLOWING TOO CLOSELY,3RD ST & KINGSTON,39.16424,-86.492944
2012,1,4,Weekday,1200,2-Car,No injury/unknown,UNSAFE LANE MOVEMENT,E THIRD ST & KINGSTON,39.16424,-86.492944
2012,3,7,Weekend,1600,2-Car,No injury/unknown,DISREGARD SIGNAL/REG SIGN,3RD ST & KINGSTON,39.16424,-86.492944
2012,1,5,Weekday,1600,2-Car,No injury/unknown,FOLLOWING TOO CLOSELY,3RD ST & KINGSTON,39.16424,-86.492944
2012,2,6,Weekday,1600,2-Car,No injury/unknown,FOLLOWING TOO CLOSELY,E 3RD ST & KINGSTON,39.16424,-86.492944
2012,2,7,Weekend,1400,2-Car,No injury/unknown,FOLLOWING TOO CLOSELY,E 3RD ST & S KINGSTON,39.16424,-86.492944
2012,2,7,Weekend,1500,2-Car,No injury/unknown,FAILURE TO YIELD RIGHT OF WAY,3RD & KINGSTON DR,39.16424,-86.492944
2012,3,6,Weekday,700,2-Car,No injury/unknown,FOLLOWING TOO CLOSELY,3RD ST & KINGSTON,39.16424,-86.492944
2012,3,7,Weekend,1700,2-Car,No injury/unknown,UNSAFE BACKING,3RD & KINGSTON DR,39.16424,-86.492944
2012,5,6,Weekend,2000,2-Car,No injury/unknown,FAILURE TO YIELD RIGHT OF WAY,3RD ST & KINGSTON,39.16424,-86.492944
2012,3,5,Weekday,1300,3+ Cars,Non-incapacitating,FOLLOWING TOO CLOSELY,3RD ST & KINGSTON,39.16424,-86.492944
2012,4,5,Weekday,700,2-Car,Non-incapacitating,FAILURE TO YIELD RIGHT OF WAY,E 3RD ST & KINGSTON,39.16424,-86.492944
2012,4,7,Weekend,1000,Moped/Motorcycle,Non-incapacitating,ROADWAY SURFACE CONDITION,E 3RD ST & KINGSTON,39.16424,-86.492944
2012,4,7,Weekend,1000,2-Car,No injury/unknown,FOLLOWING TOO CLOSELY,E 3RD ST & KINGSTON,39.16424,-86.492944
2012,4,3,Weekday,1300,2-Car,No injury/unknown,FAILURE TO YIELD RIGHT OF WAY,E 3RD ST & S KINGSTON,39.16424,-86.492944
2012,4,3,Weekday,1600,3+ Cars,No injury/unknown,FOLLOWING TOO CLOSELY,E 3RD & S KINGSTON DR,39.16424,-86.492944
2012,4,4,Weekday,1500,2-Car,No injury/unknown,FOLLOWING TOO CLOSELY,3RD ST & KINGSTON,39.16424,-86.492944
2012,5,7,Weekend,1000,3+ Cars,Non-incapacitating,FOLLOWING TOO CLOSELY,E 3RD ST & KINGSTON,39.16424,-86.492944
2012,6,3,Weekday,700,2-Car,Non-incapacitating,FOLLOWING TOO CLOSELY,100 S KIGSTON & E 3RD ST,39.16424,-86.492944
2012,6,4,Weekday,1100,2-Car,Non-incapacitating,FOLLOWING TOO CLOSELY,E 3RD ST & KINGSTON,39.16424,-86.492944
2012,6,3,Weekday,800,2-Car,No injury/unknown,FAILURE TO YIELD RIGHT OF WAY,E 3RD ST & S KINGSTON,39.16424,-86.492944
2012,7,3,Weekday,1700,Moped/Motorcycle,Non-incapacitating,FAILURE TO YIELD RIGHT OF WAY,E 3RD ST & S KINGSTON,39.16424,-86.492944
2012,7,7,Weekend,1600,2-Car,No injury/unknown,UNSAFE BACKING,E 3RD & S KINGSTON DR,39.16424,-86.492944