Year,Month,Day,Weekend?,Hour,Collision Type,Injury Type,Primary Factor,Reported_Location,Latitude,Longitude
2012,7,6,Weekday,1400,2-Car,Non-incapacitating,FOLLOWING TOO CLOSELY,3RD ST & KINGSTON,39.16424,-86.492944
2012,8,7,Weekend,1000,2-Car,Non-incapacitating,FOLLOWING TOO CLOSELY,E 3RD & KINGSTON DR,39.16424,-86.492944
2012,8,6,Weekday,1100,2-Car,No injury/unknown,FAILURE TO YIELD RIGHT OF WAY,E 3RD ST & SO KINGSTON,39.16424,-86.492944
2012,8,3,Weekday,800,2-Car,No injury/unknown,FAILURE TO YIELD RIGHT OF WAY,E 3RD ST & KINGSTON,39.16424,-86.492944
2012,10,3,Weekday,1400,3+ Cars,Non-incapacitating,DRIVER DISTRACTED - EXPLAIN IN NARRATIVE,E 3RD ST & KINGSTON,39.16424,-86.492944
2012,10,6,Weekday,1800,2-Car,No injury/unknown,FAILURE TO YIELD RIGHT OF WAY,E THIRD ST & KINGSTON,39.16424,-86.492944
2012,10,6,Weekday,1200,2-Car,Non-incapacitating,FAILURE TO YIELD RIGHT OF WAY,EAST THIRD ST & KINGSTON,39.16424,-86.492944
2012,12,7,Weekend,1000,2-Car,Non-incapacitating,FOLLOWING TOO CLOSELY,3000 E 3RD ST & S KINGSTON,39.16424,-86.492944
2012,11,6,Weekday,1800,2-Car,No injury/unknown,FAILURE TO YIELD RIGHT OF WAY,E 3RD ST & KINGSTON,39.16424,-86.492944
2012,12,7,Weekend,1800,3+ Cars,No injury/unknown,FOLLOWING TOO CLOSELY,E 3RD ST & S KINGSTON,39.16424,-86.492944
2012,2,6,Weekday,1700,2-Car,No injury/unknown,FAILURE TO YIELD RIGHT OF WAY,3RD ST,39.16424,-86.49259396
2012,1,5,Weekday,1900,2-Car,No injury/unknown,DRIVER DISTRACTED - EXPLAIN IN NARRATIVE,3RD ST & CLARIZZ,39.16424,-86.4908
2012,2,5,Weekday,2200,2-Car,No injury/unknown,FOLLOWING TOO CLOSELY,S CLARIZZ & SR46E,39.16424,-86.4908
2012,7,2,Weekday,2100,1-Car,No injury/unknown,OTHER (DRIVER) - EXPLAIN IN NARRATIVE,WEST 3RD ST,39.16424,-86.4908
2012,10,1,Weekend,1400,2-Car,No injury/unknown,FOLLOWING TOO CLOSELY,E 3RD ST & S CLARIZZ,39.16424,-86.4908
2012,10,4,Weekday,800,2-Car,No injury/unknown,FOLLOWING TOO CLOSELY,CLARIZZ & SR 46 HWY,39.16424,-86.4908
2012,11,4,Weekday,900,2-Car,No injury/unknown,FAILURE TO YIELD RIGHT OF WAY,W 3RD ST,39.16424,-86.4908
2012,3,2,Weekday,1400,2-Car,No injury/unknown,OTHER (VEHICLE) - EXPLAIN IN NARRATIVE,W 3RD ST,39.16424,-86.48595093
2012,1,1,Weekend,1300,1-Car,No injury/unknown,RAN OFF ROAD RIGHT,E 3RD ST,39.16424,-86.48537741
2012,5,5,Weekday,1600,3+ Cars,Non-incapacitating,FOLLOWING TOO CLOSELY,3RD ST & MEADOWBROOK,39.16424,-86.484384
2012,10,1,Weekend,1300,3+ Cars,No injury/unknown,FOLLOWING TOO CLOSELY,3RD ST & MEADOWBROOK,39.16424,-86.484384
2012,11,5,Weekday,1800,3+ Cars,Non-incapacitating,FOLLOWING TOO CLOSELY,EAST 3RD ST & SOUTH MEADOWBROOK,39.16424,-86.484384
2012,5,2,Weekday,1100,2-Car,No injury/unknown,BRAKE FAILURE OR DEFECTIVE,W 3RD ST,39.16424,-86.48434743
2012,4,6,Weekday,800,1-Car,Non-incapacitating,DRIVER ILLNESS,W 3RD ST,39.16424,-86.48346971
2012,3,6,Weekday,700,2-Car,Non-incapacitating,IMPROPER TURNING,HARTSTRAIT RD & SR46,39.16424,-86.482592
2012,12,5,Weekday,1200,2-Car,No injury/unknown,UNSAFE BACKING,WEST 3RD ST,39.16424,-86.48244996
2012,3,4,Weekday,1800,2-Car,No injury/unknown,FOLLOWING TOO CLOSELY,EAST 3RD ST & SMITH,39.16424,-86.480688
2012,5,1,Weekend,800,Cyclist,Non-incapacitating,FAILURE TO YIELD RIGHT OF WAY,3RD ST & SMITH,39.16424,-86.480688
2012,4,2,Weekday,800,2-Car,Non-incapacitating,FOLLOWING TOO CLOSELY,E 3RD & SMITH RD,39.16424,-86.480688
2012,4,2,Weekday,2200,Moped/Motorcycle,No injury/unknown,OTHER (DRIVER) - EXPLAIN IN NARRATIVE,3RD ST,39.16424,-86.480688
2012,4,5,Weekday,2200,2-Car,Non-incapacitating,DISREGARD SIGNAL/REG SIGN,3RD ST & SMITH,39.16424,-86.480688
2012,6,3,Weekday,1200,2-Car,No injury/unknown,FAILURE TO YIELD RIGHT OF WAY,SMITHVILLE & SR37N,39.16424,-86.480688
2012,7,4,Weekday,1000,2-Car,No injury/unknown,UNSAFE BACKING,3RD & N SMITH RD,39.16424,-86.480688
2012,5,5,Weekday,1300,2-Car,No injury/unknown,FAILURE TO YIELD RIGHT OF WAY,3RD & SMITH RD,39.16424,-86.480688
2012,6,7,Weekend,1200,2-Car,Non-incapacitating,FOLLOWING TOO CLOSELY,E 3RD & SMITH RD,39.16424,-86.480688
2012,7,5,Weekday,1700,3+ Cars,No injury/unknown,LEFT OF CENTER,E 3RD ST & SMITH,39.16424,-86.480688
2012,8,3,Weekday,1300,2-Car,Non-incapacitating,FOLLOWING TOO CLOSELY,E 3RD ST & PRIVATE,39.16424,-86.480688
2012,8,3,Weekday,1700,2-Car,No injury/unknown,UNSAFE BACKING,E 3RD ST,39.16424,-86.480688
2012,10,3,Weekday,1900,2-Car,No injury/unknown,SPEED TOO FAST FOR WEATHER CONDITIONS,E 3RD ST & SMITH,39.16424,-86.480688
2012,10,5,Weekday,700,1-Car,No injury/unknown,ANIMAL/OBJECT IN ROADWAY,SMITHVILLE & SR37S,39.16424,-86.480688
2012,11,6,Weekday,1800,2-Car,No injury/unknown,FOLLOWING TOO CLOSELY,3RD & SMITH RD,39.16424,-86.480688
2012,12,1,Weekend,900,2-Car,No injury/unknown,SPEED TOO FAST FOR WEATHER CONDITIONS,E 3RD & SMITH RD,39.16424,-86.480688
2012,12,2,Weekday,1300,2-Car,No injury/unknown,OTHER (DRIVER) - EXPLAIN IN NARRATIVE,E 3RD ST & S SMITH,39.16424,-86.480688
2012,12,7,Weekend,1400,2-Car,No injury/unknown,FOLLOWING TOO CLOSELY,SMITHVILLE ROAD RD & SR37,39.16424,-86.480688
2012,7,5,Weekday,900,2-Car,No injury/unknown,UNSAFE BACKING,W 3RD ST,39.16424,-86.48057698
2012,4,6,Weekday,1500,2-Car,No injury/unknown,FAILURE TO YIELD RIGHT OF WAY,3RD ST & PARK RIDGE,39.16424,-86.476096
2012,4,6,Weekend,1900,2-Car,Non-incapacitating,FAILURE TO YIELD RIGHT OF WAY,E 3RD ST & S PARK RIDGE,39.16424,-86.476096
2012,5,7,Weekend,1100,2-Car,No injury/unknown,IMPROPER LANE USAGE,E 3RD ST & S PARK RIDGE,39.16424,-86.476096
2012,6,1,Weekend,1400,2-Car,No injury/unknown,FAILURE TO YIELD RIGHT OF WAY,EAST 3RD ST & SOUTH PARK RIDGE,39.16424,-86.476096
2012,2,3,Weekday,700,Bus,No injury/unknown,OTHER (DRIVER) - EXPLAIN IN NARRATIVE,E 3RD ST,39.16424,-86.47599804
2012,1,3,Weekday,1200,2-Car,No injury/unknown,IMPROPER LANE USAGE,3RD & SR46E,39.16424,-86.473296
2012,4,6,Weekday,1300,2-Car,No injury/unknown,IMPROPER PASSING,EAST 3RD & SR46S,39.16424,-86.473296
2012,5,6,Weekday,1100,2-Car,No injury/unknown,IMPROPER PASSING,3RD & SR46N,39.16424,-86.473296
2012,6,2,Weekday,2300,2-Car,Non-incapacitating,OTHER (DRIVER) - EXPLAIN IN NARRATIVE,3RD & SR46W,39.16424,-86.473296
2012,10,3,Weekday,1800,2-Car,No injury/unknown,FAILURE TO YIELD RIGHT OF WAY,3RD & SR46E,39.16424,-86.473296
2012,10,1,Weekend,0,2-Car,No injury/unknown,FOLLOWING TOO CLOSELY,3RD ST & SR46,39.16424,-86.473296
2012,1,2,Weekday,1700,2-Car,No injury/unknown,UNSAFE BACKING,E 3RD ST,39.16423861,-86.49522852
2012,3,2,Weekday,1800,2-Car,No injury/unknown,,E 3RD ST,39.16423861,-86.49522852
2012,5,5,Weekday,1800,2-Car,No injury/unknown,UNSAFE BACKING,E 3RD ST,39.16423861,-86.49522852
2012,11,7,Weekend,1600,2-Car,No injury/unknown,UNSAFE BACKING,E 3RD ST,39.16423861,-86.49522852
2012,3,6,Weekday,1700,2-Car,No injury/unknown,FOLLOWING TOO CLOSELY,3RD ST & PETE ELLIS,39.16423826,-86.49526439
2012,10,7,Weekend,1400,2-Car,No injury/unknown,UNSAFE BACKING,E 3RD ST,39.16423804,-86.49819233
2012,11,1,Weekend,300,2-Car,No injury/unknown,UNSAFE BACKING,S GRANT ST,39.16423771,-86.52973159
2012,7,3,Weekday,1500,2-Car,No injury/unknown,IMPROPER TURNING,E 3RD ST,39.16423733,-86.49811733
2012,1,6,Weekday,1800,2-Car,No injury/unknown,,E 3RD ST,39.16423674,-86.49805388
2012,12,6,Weekday,1200,2-Car,No injury/unknown,OTHER (DRIVER) - EXPLAIN IN NARRATIVE,E 3RD ST,39.16423674,-86.49805388
2012,8,2,Weekday,1000,2-Car,No injury/unknown,FAILURE TO YIELD RIGHT OF WAY,E 3RD ST & PETE ELLIS,39.16423476,-86.49561717
2012,2,4,Weekday,1400,2-Car,Non-incapacitating,FAILURE TO YIELD RIGHT OF WAY,3RD ST & COLLEGE MALL,39.16423335,-86.49769443
2012,2,4,Weekday,1700,2-Car,No injury/unknown,UNSAFE BACKING,N STATE RD 46 RD,39.164232,-86.497552
2012,4,7,Weekend,1000,2-Car,No injury/unknown,FAILURE TO YIELD RIGHT OF WAY,E 3RD ST,39.16422546,-86.49655709
2012,3,1,Weekday,2200,2-Car,No injury/unknown,UNSAFE BACKING,E 3RD ST,39.16422436,-86.49666727
2012,7,3,Weekday,1100,2-Car,No injury/unknown,FAILURE TO YIELD RIGHT OF WAY,E 3RD ST,39.16422436,-86.49666727
2012,11,7,Weekend,1200,2-Car,No injury/unknown,OTHER (DRIVER) - EXPLAIN IN NARRATIVE,3RD ST,39.1642233,-86.50477454
2012,12,6,Weekday,1200,2-Car,No injury/unknown,OTHER (DRIVER) - EXPLAIN IN NARRATIVE,3RD & SR46E,39.16422272,-86.47916412
2012,12,5,Weekday,1400,2-Car,No injury/unknown,FOLLOWING TOO CLOSELY,3RD & SR37S,39.16422272,-86.47916412
2012,2,6,Weekend,2000,2-Car,Non-incapacitating,FOLLOWING TOO CLOSELY,E 3RD ST & WILLIAMSBURG,39.16421995,-86.4965862
2012,2,6,Weekday,900,2-Car,No injury/unknown,FAILURE TO YIELD RIGHT OF WAY,E 3RD ST & WILLIAMSBURG,39.16421995,-86.49657972
2012,4,4,Weekday,800,2-Car,No injury/unknown,FAILURE TO YIELD RIGHT OF WAY,E THIRD ST & WILLIAMSBURG,39.16421995,-86.49657972
2012,6,6,Weekday,1400,2-Car,No injury/unknown,FAILURE TO YIELD RIGHT OF WAY,E 3RD ST & S WILLIAMSBURG,39.16421995,-86.49657972
2012,8,4,Weekday,1800,2-Car,No injury/unknown,FAILURE TO YIELD RIGHT OF WAY,E 3RD ST & S WILLIAMSBURG,39.16421995,-86.49657972
2012,9,6,Weekend,2000,2-Car,No injury/unknown,FAILURE TO YIELD RIGHT OF WAY,3RD ST & WILLIAMSBURG,39.16421995,-86.49657972
2012,2,7,Weekend,1200,2-Car,No injury/unknown,FOLLOWING TOO CLOSELY,3RD ST & WILLIAMSBURG,39.16421995,-86.49657626
2012,8,2,Weekday,2300,2-Car,No injury/unknown,UNSAFE BACKING,3RD ST,39.1642186,-86.50438696
2012,6,2,Weekday,1100,2-Car,No injury/unknown,FAILURE TO YIELD RIGHT OF WAY,2813 E 3RD & WILLIAMSBURG DR,39.1642155,-86.49657913
2012,7,4,Weekday,1100,1-Car,No injury/unknown,OTHER (DRIVER) - EXPLAIN IN NARRATIVE,E THIRD ST,39.1642119,-86.5220949
2012,1,3,Weekday,1400,2-Car,No injury/unknown,FAILURE TO YIELD RIGHT OF WAY,3RD ST & PETE ELLIS,39.16420989,-86.49495966
2012,7,1,Weekend,1600,Moped/Motorcycle,Non-incapacitating,FOLLOWING TOO CLOSELY,3RD ST & PETE ELLIS,39.16420989,-86.49495966
2012,6,2,Weekday,1600,2-Car,No injury/unknown,FAILURE TO YIELD RIGHT OF WAY,3RD ST & KINGSTON,39.16420989,-86.49303987
2012,8,6,Weekday,1600,2-Car,No injury/unknown,DISREGARD SIGNAL/REG SIGN,3RD & KINGSTON DR,39.16420989,-86.49303987
2012,11,6,Weekday,1600,2-Car,No injury/unknown,FAILURE TO YIELD RIGHT OF WAY,3RD & KINGSTON DR,39.16420989,-86.49303987
2012,10,1,Weekday,2000,2-Car,No injury/unknown,FOLLOWING TOO CLOSELY,E 3RD ST & KINGSTON,39.16420989,-86.49303122
2012,6,6,Weekday,0,1-Car,Incapacitating,RAN OFF ROAD RIGHT,3RD ST & REISNER,39.16420989,-86.48803892
2012,5,7,Weekend,900,2-Car,No injury/unknown,FAILURE TO YIELD RIGHT OF WAY,REISNER & SR46E,39.16420989,-86.48799135
2012,7,2,Weekday,1300,Cyclist,Non-incapacitating,FAILURE TO YIELD RIGHT OF WAY,3RD & SMITH RD,39.16420989,-86.48122005
2012,2,7,Weekend,1000,2-Car,No injury/unknown,SPEED TOO FAST FOR WEATHER CONDITIONS,KINGSTON & SR46,39.16419987,-86.49304909
2012,3,2,Weekday,1700,2-Car,No injury/unknown,FOLLOWING TOO CLOSELY,2ND & COLLEGE AVE,39.16418648,-86.53482028
2012,11,6,Weekend,2300,2-Car,No injury/unknown,DISREGARD SIGNAL/REG SIGN,8 & INDIANA AVE,39.164184,-86.526915
2012,11,6,Weekday,1300,2-Car,No injury/unknown,FAILURE TO YIELD RIGHT OF WAY,E THIRD ST,39.16417837,-86.49679496
2012,2,3,Weekday,1500,2-Car,No injury/unknown,,E THIRD ST,39.164171,-86.4956282
2012,10,6,Weekday,1800,1-Car,No injury/unknown,OTHER (DRIVER) - EXPLAIN IN NARRATIVE,3RD & ROGERS ST,39.16417069,-86.538592
2012,8,6,Weekday,1200,2-Car,No injury/unknown,FAILURE TO YIELD RIGHT OF WAY,EAST THIRD ST,39.16416831,-86.49533383
2012,11,1,Weekend,1700,2-Car,No injury/unknown,IMPROPER TURNING,THIRD ST,39.16416496,-86.49338722
2012,12,6,Weekday,600,1-Car,No injury/unknown,OVERCORRECTING/OVERSTEERING,BLOOMFIELD & SR37N,39.16415523,-86.5715332
2012,12,5,Weekday,1200,2-Car,Non-incapacitating,UNSAFE BACKING,3RD & COLLEGE MALL RD,39.16410464,-86.49837029
2012,8,2,Weekday,1200,2-Car,No injury/unknown,UNSAFE BACKING,S FESS AVE,39.16406237,-86.52593381
2012,12,7,Weekend,1200,2-Car,No injury/unknown,OTHER (DRIVER) - EXPLAIN IN NARRATIVE,EAST THIRD ST,39.16398239,-86.51751708
2012,2,5,Weekday,1200,2-Car,No injury/unknown,OTHER (DRIVER) - EXPLAIN IN NARRATIVE,S WALNUT ST,39.16394514,-86.5336
2012,10,7,Weekend,1200,2-Car,No injury/unknown,,SOUTH MADISON ST,39.1639061,-86.53722381
2012,12,4,Weekday,0,2-Car,No injury/unknown,OTHER (ENVIRONMENTAL) - EXPLAIN IN NARR,S COLLEGE MALL RD,39.16387595,-86.49826213
2012,2,6,Weekday,300,1-Car,No injury/unknown,ANIMAL/OBJECT IN ROADWAY,CAVE & SR48W,39.16375183,-86.63254693
2012,4,2,Weekday,1500,3+ Cars,Non-incapacitating,DRIVER DISTRACTED - EXPLAIN IN NARRATIVE,PROSPECT & ROGERS ST,39.16372977,-86.53866022
2012,8,7,Weekend,1400,1-Car,No injury/unknown,RAN OFF ROAD RIGHT,GARRISON CHAPEL & SR48E,39.16368859,-86.64281076
2012,8,4,Weekday,2200,2-Car,No injury/unknown,UNSAFE LANE MOVEMENT,10TH & CAMPBELL DR,39.16365774,-86.51394031
2012,5,1,Weekend,1200,1-Car,Incapacitating,RAN OFF ROAD RIGHT,SR37S & W 3RD,39.16365347,-86.57311806
2012,9,3,Weekday,1600,3+ Cars,Non-incapacitating,FOLLOWING TOO CLOSELY,ATWATER & JORDAN AVE,39.16364648,-86.51640498
2012,6,6,Weekend,2200,1-Car,No injury/unknown,ANIMAL/OBJECT IN ROADWAY,GARRISON CHAPPEL & SR48W,39.16363992,-86.64993202
2012,2,3,Weekday,100,1-Car,No injury/unknown,ANIMAL/OBJECT IN ROADWAY,GARRISON CHAPLE & SR48W,39.16363992,-86.64985404
2012,3,2,Weekday,1000,1-Car,No injury/unknown,CELL PHONE USAGE,GARRISON CHAPEL & SR48W,39.16363992,-86.64960275
2012,9,3,Weekday,1200,3+ Cars,No injury/unknown,FOLLOWING TOO CLOSELY,3000 W 3RD ST & RAMP12,39.16362,-86.49514
2012,4,1,Weekend,1700,Moped/Motorcycle,No injury/unknown,FOLLOWING TOO CLOSELY,BENDER & SR46E,39.1636198,-86.43828952
2012,1,6,Weekend,2000,2-Car,No injury/unknown,ROADWAY SURFACE CONDITION,BENDER & SR46E,39.1636198,-86.43815986
2012,4,3,Weekday,1800,1-Car,No injury/unknown,RAN OFF ROAD RIGHT,BENDER & SR46E,39.16361443,-86.4397635
2012,7,2,Weekday,1300,2-Car,No injury/unknown,UNSAFE BACKING,S SWAIN AVE,39.16360237,-86.51532769
2012,4,1,Weekend,900,Pedestrian,Non-incapacitating,OTHER (DRIVER) - EXPLAIN IN NARRATIVE,SARE RD & SOUTHERN OAKS,39.1635767,-86.5004602
2012,9,5,Weekday,1600,3+ Cars,No injury/unknown,FAILURE TO YIELD RIGHT OF WAY,7TH & JORDAN AVE,39.16356231,-86.51615984
2012,3,2,Weekday,600,Bus,No injury/unknown,UNSAFE BACKING,S VILLAGE CT & W BELLE,39.163552,-86.583792
2012,1,7,Weekend,1900,2-Car,Incapacitating,ANIMAL/OBJECT IN ROADWAY,CAVE & SR48W,39.16345193,-86.63082546
2012,11,6,Weekday,400,1-Car,No injury/unknown,ANIMAL/OBJECT IN ROADWAY,CAVE & SR48W,39.16345193,-86.63082546
2012,1,2,Weekday,1300,2-Car,Non-incapacitating,FAILURE TO YIELD RIGHT OF WAY,3RD & PATTERSON ST,39.16344009,-86.551293
2012,3,2,Weekday,2000,2-Car,No injury/unknown,FAILURE TO YIELD RIGHT OF WAY,PATTERSON & W THIRD ST,39.16344009,-86.55128002
2012,5,1,Weekend,1000,Moped/Motorcycle,No injury/unknown,UNSAFE LANE MOVEMENT,3RD ST & PATTERSON,39.16344009,-86.55128002
2012,4,6,Weekday,800,Pedestrian,Non-incapacitating,FAILURE TO YIELD RIGHT OF WAY,3RD ST & PATTERSON,39.16344009,-86.55128002
2012,6,4,Weekday,1300,3+ Cars,No injury/unknown,FOLLOWING TOO CLOSELY,PATTERSON & W THIRD ST,39.16344009,-86.55128002
2012,9,3,Weekday,1300,2-Car,Incapacitating,OTHER (DRIVER) - EXPLAIN IN NARRATIVE,S PATTERSON & W 3RD ST,39.16344009,-86.55128002
2012,9,2,Weekday,900,Cyclist,No injury/unknown,OTHER (DRIVER) - EXPLAIN IN NARRATIVE,3RD ST & PATTERSON,39.16344009,-86.55128002
2012,9,3,Weekday,1500,Moped/Motorcycle,Non-incapacitating,FAILURE TO YIELD RIGHT OF WAY,3RD & PATTERSON DR,39.16344009,-86.55128002
2012,9,3,Weekday,1200,2-Car,Non-incapacitating,FOLLOWING TOO CLOSELY,3RD ST & PATTERSON,39.16344009,-86.55128002
2012,10,6,Weekday,1700,2-Car,No injury/unknown,UNSAFE LANE MOVEMENT,3RD ST & PATTERSON,39.16344009,-86.55128002
2012,11,6,Weekday,1100,2-Car,Non-incapacitating,FOLLOWING TOO CLOSELY,PATTERSON & W 3RD ST,39.16344009,-86.55128002
2012,10,4,Weekday,1200,2-Car,No injury/unknown,FOLLOWING TOO CLOSELY,PATTERSON & W 3RD ST,39.16344009,-86.55126271
2012,9,7,Weekend,1300,1-Car,No injury/unknown,UNSAFE BACKING,PARKWAY DR,39.16344,-86.5888
2012,8,2,Weekday,2100,Moped/Motorcycle,Non-incapacitating,RAN OFF ROAD RIGHT,BELL AVE & HICKORY,39.16344,-86.58584
2012,12,1,Weekend,1000,2-Car,No injury/unknown,IMPROPER TURNING,BELLE & HICKORY DR,39.16344,-86.58584
2012,8,6,Weekday,1300,2-Car,No injury/unknown,FAILURE TO YIELD RIGHT OF WAY,CLARIZZ BLVD & WILMINGTON,39.16343004,-86.49082973
2012,2,3,Weekday,1800,2-Car,Non-incapacitating,FAILURE TO YIELD RIGHT OF WAY,ATWATER AVE & HENDERSON,39.163344,-86.5272
2012,3,4,Weekday,1400,2-Car,No injury/unknown,UNSAFE LANE MOVEMENT,E ATWATER AVE & S HENDERSON,39.163344,-86.5272
2012,10,4,Weekday,1500,2-Car,Non-incapacitating,DISREGARD SIGNAL/REG SIGN,E ATWATER AVE & HENDERSON,39.163344,-86.5272
2012,5,7,Weekend,800,2-Car,No injury/unknown,FAILURE TO YIELD RIGHT OF WAY,ATWATER AVE & FESS,39.163328,-86.525808
2012,5,4,Weekday,2200,2-Car,No injury/unknown,IMPROPER TURNING,E ATWATER AVE & FESS,39.163328,-86.525808
2012,2,2,Weekday,1400,2-Car,No injury/unknown,FOLLOWING TOO CLOSELY,E ATWATER AVE & S WOODLAWN,39.16328,-86.522592
2012,11,5,Weekday,1400,2-Car,No injury/unknown,UNSAFE LANE MOVEMENT,7TH & WALNUT ST,39.16326195,-86.53359018
2012,3,3,Weekday,800,1-Car,Non-incapacitating,OTHER (DRIVER) - EXPLAIN IN NARRATIVE,COLLEGE AVE & SMITH,39.16321865,-86.53482941
2012,3,7,Weekend,1100,3+ Cars,No injury/unknown,UNSAFE LANE MOVEMENT,ATWATER AVE & BALLANTINE,39.163216,-86.519024
2012,12,4,Weekday,1400,2-Car,No injury/unknown,FAILURE TO YIELD RIGHT OF WAY,E ATWATER AVE & S BALLANTINE,39.163216,-86.519024
2012,12,5,Weekday,2100,1-Car,No injury/unknown,ANIMAL/OBJECT IN ROADWAY,CAVE & SR48W,39.16320326,-86.62875739
2012,1,7,Weekend,700,1-Car,No injury/unknown,,ATWATER AVE & HIGHLAND,39.1632,-86.517584
2012,4,1,Weekday,1900,Moped/Motorcycle,No injury/unknown,OTHER (DRIVER) - EXPLAIN IN NARRATIVE,ATWATER AVE & HIGHLAND,39.1632,-86.517584
2012,10,3,Weekday,1700,2-Car,Non-incapacitating,FAILURE TO YIELD RIGHT OF WAY,E ATWATER AVE & S HIGHLAND,39.1632,-86.517584
2012,1,6,Weekend,2000,1-Car,Non-incapacitating,OTHER (ENVIRONMENTAL) - EXPLAIN IN NARR,CAVE & SR48W,39.16319044,-86.62884404
2012,6,6,Weekend,1900,2-Car,Non-incapacitating,DISREGARD SIGNAL/REG SIGN,E ATWATER AVE & S JORDAN,39.163168,-86.516384
2012,11,4,Weekday,1900,2-Car,Non-incapacitating,DISREGARD SIGNAL/REG SIGN,EAST ATWATER AVE & JORDAN,39.163168,-86.516384
2012,3,3,Weekday,1200,2-Car,No injury/unknown,UNSAFE BACKING,E ATWATER AVE,39.16315913,-86.52214653
2012,4,4,Weekday,2000,2-Car,No injury/unknown,OTHER (DRIVER) - EXPLAIN IN NARRATIVE,EAST ATWATER AVE,39.16315913,-86.52214653
2012,9,5,Weekday,1500,2-Car,No injury/unknown,UNSAFE BACKING,E ATWATER AVE,39.16315913,-86.52214653
2012,5,3,Weekday,1400,2-Car,Incapacitating,FOLLOWING TOO CLOSELY,CAVE & SR48W,39.163152,-86.629104
2012,5,5,Weekday,1400,2-Car,No injury/unknown,FAILURE TO YIELD RIGHT OF WAY,ATWATER AVE & SWAIN,39.163152,-86.515168
2012,6,4,Weekday,900,1-Car,Non-incapacitating,ROADWAY SURFACE CONDITION,SOUTH CAVE & SR48W,39.16314974,-86.62921642
2012,3,6,Weekday,900,3+ Cars,No injury/unknown,OTHER (DRIVER) - EXPLAIN IN NARRATIVE,LANDMARK  AVE AVE,39.1631484,-86.55621595
2012,1,6,Weekday,1300,Bus,No injury/unknown,UNSAFE LANE MOVEMENT,ATWATER AVE & MITCHELL,39.16314127,-86.51444874
2012,2,7,Weekend,0,1-Car,No injury/unknown,RAN OFF ROAD RIGHT,ATWATER ST & HENDERSON,39.16313969,-86.52727022
2012,6,6,Weekday,900,2-Car,Non-incapacitating,OTHER (DRIVER) - EXPLAIN IN NARRATIVE,ATWATER AVE & HENDERSON,39.16313969,-86.52727022
2012,7,3,Weekday,900,2-Car,Non-incapacitating,DISREGARD SIGNAL/REG SIGN,ATWATER AVE & HENDERSON,39.16313969,-86.52727022
2012,7,5,Weekday,1600,2-Car,No injury/unknown,DISREGARD SIGNAL/REG SIGN,E ATWATER AVE & S HENDERSON,39.16313969,-86.52727022
2012,11,7,Weekend,1400,2-Car,Incapacitating,FAILURE TO YIELD RIGHT OF WAY,ATWATER AVE & HENDERSON,39.16313969,-86.52727022
2012,7,5,Weekday,300,2-Car,Non-incapacitating,FOLLOWING TOO CLOSELY,E ATWATER & S HENDERSON ST,39.16313803,-86.52726846
2012,11,2,Weekday,100,2-Car,No injury/unknown,OTHER (DRIVER) - EXPLAIN IN NARRATIVE,WALKER ST,39.163136,-86.546224
2012,8,1,Weekend,1000,2-Car,No injury/unknown,DISREGARD SIGNAL/REG SIGN,E ATWATER ST & SO MITCHELL,39.163136,-86.514096
2012,1,3,Weekday,1100,2-Car,No injury/unknown,UNSAFE BACKING,925 EAST ATWATER (PARK GARAGE) AVE & WOODLAWN,39.16312164,-86.52262999
2012,10,6,Weekday,1100,3+ Cars,No injury/unknown,UNSAFE SPEED,ATWATER AVE & FESS,39.16312024,-86.52590721
2012,9,7,Weekend,1700,3+ Cars,No injury/unknown,FOLLOWING TOO CLOSELY,ATWATER AVE & FESS,39.16312024,-86.52590245
2012,9,7,Weekend,1700,2-Car,No injury/unknown,FOLLOWING TOO CLOSELY,ATWATER AVE & FESS,39.16312024,-86.52590245
2012,6,6,Weekday,1400,2-Car,Non-incapacitating,FAILURE TO YIELD RIGHT OF WAY,ATWATER ST & FESS,39.16312024,-86.52590028
2012,8,7,Weekend,2300,2-Car,No injury/unknown,FAILURE TO YIELD RIGHT OF WAY,ATWATER & FESS ST,39.16312024,-86.52590028
2012,8,3,Weekday,1000,3+ Cars,No injury/unknown,FOLLOWING TOO CLOSELY,ATWATER AVE & WOODLAWN,39.16312024,-86.52261994
2012,10,2,Weekday,1800,2-Car,No injury/unknown,FOLLOWING TOO CLOSELY,ATWATER AVE & WOODLAWN,39.16312024,-86.52261994
2012,10,1,Weekend,100,2-Car,Non-incapacitating,FAILURE TO YIELD RIGHT OF WAY,ATWATER AVE & WOODLAWN,39.16312024,-86.52261994
2012,11,3,Weekday,900,2-Car,No injury/unknown,FOLLOWING TOO CLOSELY,ATWATER AVE & PARK,39.16311791,-86.52403493
2012,2,4,Weekday,1600,2-Car,No injury/unknown,SPEED TOO FAST FOR WEATHER CONDITIONS,ATWATER AVE & PARK,39.16311018,-86.52403011
2012,11,6,Weekday,1400,3+ Cars,Non-incapacitating,FOLLOWING TOO CLOSELY,ATWATER AVE & FACULTY,39.16310012,-86.52106456