Year,Month,Day,Weekend?,Hour,Collision Type,Injury Type,Primary Factor,Reported_Location,Latitude,Longitude
2012,2,3,Weekday,1000,Moped/Motorcycle,Incapacitating,IMPROPER TURNING,ATWATER AVE & HAWTHORNE,39.16309007,-86.52020998
2012,3,5,Weekday,1200,2-Car,No injury/unknown,FAILURE TO YIELD RIGHT OF WAY,ATWATER AVE & HAWTHORNE,39.16309007,-86.52020998
2012,6,1,Weekend,1800,2-Car,No injury/unknown,FAILURE TO YIELD RIGHT OF WAY,ATWATER AVE & HAWTHORNE,39.16309007,-86.52020998
2012,10,7,Weekend,1000,2-Car,No injury/unknown,FAILURE TO YIELD RIGHT OF WAY,E ATWATER AVE & S HAWTHORNE,39.16309007,-86.52020998
2012,11,4,Weekday,1900,2-Car,No injury/unknown,UNSAFE LANE MOVEMENT,ATWATER AVE & HAWTHORNE,39.16309007,-86.52020998
2012,10,3,Weekday,1300,2-Car,Non-incapacitating,FAILURE TO YIELD RIGHT OF WAY,ATWATER AVE & CLIFTON,39.16309007,-86.5096803
2012,3,2,Weekday,300,1-Car,No injury/unknown,ANIMAL/OBJECT IN ROADWAY,ATWATER AVE & ROSE,39.1630837,-86.51055924
2012,1,1,Weekend,1600,2-Car,No injury/unknown,IMPROPER TURNING,ATWATER AVE & SWAIN,39.16308001,-86.51527002
2012,12,5,Weekday,1800,1-Car,No injury/unknown,RAN OFF ROAD RIGHT,ATWATER & SWAIN AVE,39.16308001,-86.51527002
2012,1,1,Weekend,1500,2-Car,No injury/unknown,FAILURE TO YIELD RIGHT OF WAY,ATWATER AVE & HIGH,39.16308001,-86.50846995
2012,9,5,Weekday,1700,Bus,No injury/unknown,OVERCORRECTING/OVERSTEERING,ATWATER AVE & JORDAN,39.16307054,-86.51639895
2012,3,5,Weekday,2200,2-Car,No injury/unknown,IMPROPER TURNING,E ATWATER AVE & S BALLANTINE,39.16306014,-86.51913137
2012,1,3,Weekday,1800,2-Car,No injury/unknown,FAILURE TO YIELD RIGHT OF WAY,ATWATER AVE & HIGHLAND,39.16305989,-86.51773028
2012,4,4,Weekday,1800,2-Car,No injury/unknown,DISREGARD SIGNAL/REG SIGN,ATWATER AVE & JORDAN AVE,39.16304983,-86.51638984
2012,5,3,Weekday,1900,Cyclist,Non-incapacitating,BRAKE FAILURE OR DEFECTIVE,ATWATER AVE & JORDAN,39.16304983,-86.51638984
2012,6,5,Weekday,1400,2-Car,No injury/unknown,IMPROPER TURNING,ATWATER AVE & JORDAN,39.16304983,-86.51638984
2012,7,5,Weekday,1500,2-Car,Non-incapacitating,DRIVER DISTRACTED - EXPLAIN IN NARRATIVE,ATWATER & S HIGH ST,39.16304,-86.508288
2012,5,1,Weekend,1400,2-Car,Non-incapacitating,FOLLOWING TOO CLOSELY,COLLEGE MALL RD & DRIVE TO COLLEGE MALL,39.16303569,-86.498065
2012,9,5,Weekday,1600,2-Car,Non-incapacitating,OTHER (DRIVER) - EXPLAIN IN NARRATIVE,ATWATER & JORDAN AVE,39.16303068,-86.51638163
2012,11,5,Weekday,600,1-Car,Incapacitating,OVERCORRECTING/OVERSTEERING,GETTEYS & SR46E,39.16301027,-86.41432727
2012,11,5,Weekday,1800,1-Car,No injury/unknown,ANIMAL/OBJECT IN ROADWAY,MOUNT GILEAD & SR46,39.16297065,-86.41444359
2012,2,7,Weekend,2200,1-Car,Non-incapacitating,RAN OFF ROAD RIGHT,HAGAN & SMITH RD,39.16294992,-86.48080028
2012,1,4,Weekday,1100,2-Car,No injury/unknown,IMPROPER TURNING,S COLLEGE AVE & W SMITH,39.162944,-86.534832
2012,5,1,Weekend,1200,2-Car,No injury/unknown,IMPROPER TURNING,COLLEGE AVE & SMITH,39.162944,-86.534832
2012,3,4,Weekday,1300,2-Car,No injury/unknown,UNSAFE BACKING,400 S COLLEGE AVE AVE,39.162944,-86.534832
2012,10,5,Weekday,1200,2-Car,No injury/unknown,IMPROPER TURNING,COLLEGE AVE & SMITH,39.162944,-86.534832
2012,3,6,Weekday,1700,Cyclist,No injury/unknown,UNSAFE BACKING,SMITH AVE & WALNUT,39.16287501,-86.53395109
2012,4,2,Weekday,1600,2-Car,No injury/unknown,FAILURE TO YIELD RIGHT OF WAY,ROGERS ST & SMITH,39.16287012,-86.53867028
2012,10,6,Weekend,2100,2-Car,No injury/unknown,UNSAFE BACKING,COLLEGE & SMITH AVE,39.16285001,-86.53494
2012,3,1,Weekend,1600,2-Car,Non-incapacitating,FAILURE TO YIELD RIGHT OF WAY,SMITH AVE & WALNUT,39.162848,-86.53218878
2012,5,3,Weekday,1300,2-Car,No injury/unknown,FAILURE TO YIELD RIGHT OF WAY,E SMITH & WALNUT ST,39.162848,-86.5336
2012,5,6,Weekday,1600,Cyclist,Non-incapacitating,FAILURE TO YIELD RIGHT OF WAY,SMITH & WASHINGTON ST,39.162848,-86.5324
2012,1,7,Weekend,2000,2-Car,No injury/unknown,ROADWAY SURFACE CONDITION,DUNN & SMITH AVE,39.162848,-86.52945841
2012,1,1,Weekend,800,2-Car,No injury/unknown,ROADWAY SURFACE CONDITION,DUNN & SMITH AVE,39.162848,-86.52945841
2012,7,2,Weekday,1900,2-Car,Non-incapacitating,DISREGARD SIGNAL/REG SIGN,DUNN ST & SMITH,39.162848,-86.5284
2012,1,7,Weekend,1400,1-Car,No injury/unknown,SPEED TOO FAST FOR WEATHER CONDITIONS,S HENDERSON ST,39.162848,-86.527184
2012,10,3,Weekday,1000,2-Car,No injury/unknown,IMPROPER TURNING,S HENDERSON ST & SMITH,39.162848,-86.527184
2012,10,2,Weekday,2200,2-Car,No injury/unknown,UNSAFE BACKING,JORDAN & LAW AVE,39.16283304,-86.51543967
2012,4,2,Weekday,1700,2-Car,No injury/unknown,FAILURE TO YIELD RIGHT OF WAY,LINCOLN ST & SMITH,39.16282989,-86.53117015
2012,5,3,Weekday,1100,Cyclist,Non-incapacitating,FAILURE TO YIELD RIGHT OF WAY,E SMITH AVE & SO DUNN,39.16280611,-86.52841933
2012,9,2,Weekday,2100,3+ Cars,No injury/unknown,OTHER (VEHICLE) - EXPLAIN IN NARRATIVE,S LINCOLN ST,39.1627618,-86.53104098
2012,10,7,Weekend,2300,2-Car,No injury/unknown,,ATWATER & EASTSIDE DR,39.16273681,-86.51322057
2012,10,3,Weekday,2200,1-Car,Non-incapacitating,UNSAFE SPEED,PARKRIDGE RD,39.16273117,-86.47593688
2012,7,3,Weekday,2200,1-Car,No injury/unknown,ANIMAL/OBJECT IN ROADWAY,N LOWER BIRDLE GALYAN & SR46E,39.16268975,-86.4133501
2012,4,3,Weekday,2100,2-Car,Non-incapacitating,FAILURE TO YIELD RIGHT OF WAY,WALNUT ST,39.16267559,-86.5336
2012,7,2,Weekday,2300,1-Car,No injury/unknown,RAN OFF ROAD RIGHT,SOUTH ADAMS ST & SOUTH PATTERSON,39.16267307,-86.55049987
2012,1,5,Weekday,1200,2-Car,No injury/unknown,FOLLOWING TOO CLOSELY,S ADAMS & S PATTERSON DR,39.16267307,-86.55049554
2012,1,1,Weekend,1200,2-Car,No injury/unknown,IMPROPER LANE USAGE,COLLEGE AVE & SMITH,39.16266935,-86.53483492
2012,4,2,Weekday,900,1-Car,Non-incapacitating,RAN OFF ROAD RIGHT,LANDMARD AVE,39.16266024,-86.55622668
2012,3,5,Weekday,2100,2-Car,No injury/unknown,IMPROPER PASSING,BIRDIE GALYAN & SR46E,39.162656,-86.413296
2012,5,7,Weekend,1300,2-Car,No injury/unknown,OTHER (VEHICLE) - EXPLAIN IN NARRATIVE,PARKRIDGE RD,39.16262671,-86.47631965
2012,10,3,Weekday,1400,2-Car,No injury/unknown,OTHER (DRIVER) - EXPLAIN IN NARRATIVE,S WOODSCREST DR,39.16260391,-86.50247789
2012,11,6,Weekday,1400,2-Car,No injury/unknown,,SOUTH WALNUT ST,39.16258939,-86.5336
2012,1,1,Weekend,0,2-Car,No injury/unknown,ROADWAY SURFACE CONDITION,S GRANT ST,39.16256065,-86.52974727
2012,12,1,Weekday,2100,2-Car,No injury/unknown,OTHER (DRIVER) - EXPLAIN IN NARRATIVE,PARK RIDGE RD RD,39.16255295,-86.47619962
2012,3,5,Weekday,1400,2-Car,No injury/unknown,FOLLOWING TOO CLOSELY,AMARYLLIS & KINSER PIKE,39.16248064,-86.53776973
2012,5,6,Weekday,0,2-Car,No injury/unknown,UNSAFE BACKING,S WASHINGTON ST,39.16244571,-86.5324
2012,5,6,Weekday,1500,2-Car,No injury/unknown,UNSAFE BACKING,S WASHINGTON ST,39.16244571,-86.5324
2012,6,5,Weekday,1500,3+ Cars,No injury/unknown,FOLLOWING TOO CLOSELY,S ROGERS ST & W HOWE,39.1624,-86.538592
2012,7,2,Weekday,1600,2-Car,No injury/unknown,FOLLOWING TOO CLOSELY,S ROGERS ST & W HOWE,39.1624,-86.538592
2012,7,6,Weekday,800,2-Car,No injury/unknown,OTHER (DRIVER) - EXPLAIN IN NARRATIVE,S HENDERSON ST,39.162392,-86.527172
2012,11,3,Weekday,1000,1-Car,No injury/unknown,RAN OFF ROAD RIGHT,S LANDMARK AVE,39.16237861,-86.5559256
2012,11,3,Weekday,1600,2-Car,No injury/unknown,UNSAFE LANE MOVEMENT,6TH & COLLEGE AVE,39.1622824,-86.5348602
2012,3,4,Weekday,1200,2-Car,No injury/unknown,UNSAFE BACKING,S LANDMARK AVE,39.16228071,-86.55596919
2012,4,6,Weekday,1400,2-Car,No injury/unknown,UNSAFE BACKING,S LANDMARK AVE,39.16228071,-86.55596919
2012,9,6,Weekend,2000,2-Car,No injury/unknown,FAILURE TO YIELD RIGHT OF WAY,S HENDERSON ST,39.16226959,-86.52758026
2012,9,3,Weekday,2000,2-Car,No injury/unknown,IMPROPER TURNING,HENDERSON ST & HUNTER,39.16225992,-86.52724005
2012,12,2,Weekday,1000,2-Car,No injury/unknown,FOLLOWING TOO CLOSELY,E MULLER PKWY,39.162254,-86.589249
2012,5,6,Weekday,1000,2-Car,Non-incapacitating,FAILURE TO YIELD RIGHT OF WAY,HUNTER AVE & PARK,39.16224,-86.5237034
2012,4,2,Weekday,1700,2-Car,Non-incapacitating,FAILURE TO YIELD RIGHT OF WAY,FESS AVE & HUNTER,39.16224,-86.525824
2012,4,2,Weekday,800,2-Car,No injury/unknown,FAILURE TO YIELD RIGHT OF WAY,HUNTER & WOODLAWN AVE,39.16224,-86.522576
2012,11,6,Weekday,800,2-Car,No injury/unknown,FAILURE TO YIELD RIGHT OF WAY,HAWTHORNE DR & HUNTER,39.16224,-86.52016
2012,3,5,Weekday,1500,2-Car,No injury/unknown,FAILURE TO YIELD RIGHT OF WAY,HIGHLAND AVE & HUNTER,39.16224,-86.5176
2012,4,1,Weekend,1200,2-Car,No injury/unknown,,E HUNTER & S HIGHLAND AVE,39.16224,-86.5176
2012,4,7,Weekend,1200,2-Car,No injury/unknown,FAILURE TO YIELD RIGHT OF WAY,E HUNTER AVE & SO JORDAN,39.16224,-86.516368
2012,4,6,Weekday,1800,2-Car,No injury/unknown,FAILURE TO YIELD RIGHT OF WAY,HUNTER AVE & JORDAN,39.16224,-86.516368
2012,12,5,Weekday,1300,2-Car,No injury/unknown,OTHER (DRIVER) - EXPLAIN IN NARRATIVE,HUNTER & WOODLAWN AVE,39.16222595,-86.52261675
2012,11,5,Weekday,1100,2-Car,No injury/unknown,OTHER LIGHTS DEFECTIVE,CURRY & SR46W,39.16222,-86.58271026
2012,2,6,Weekday,1300,2-Car,Non-incapacitating,FAILURE TO YIELD RIGHT OF WAY,HUNTER AVE & PARK,39.16221969,-86.52402006
2012,1,6,Weekday,1600,2-Car,No injury/unknown,FAILURE TO YIELD RIGHT OF WAY,HUNTER AVE & PARK,39.1622144,-86.52401608
2012,1,1,Weekend,1200,2-Car,No injury/unknown,OTHER (DRIVER) - EXPLAIN IN NARRATIVE,1325 E HUNTER AVE & JORDAN,39.16218195,-86.51637282
2012,7,2,Weekday,1200,2-Car,No injury/unknown,FAILURE TO YIELD RIGHT OF WAY,2ND & COLLEGE AVE,39.16212662,-86.5348407
2012,8,3,Weekday,1700,Cyclist,Non-incapacitating,FAILURE TO YIELD RIGHT OF WAY,S HIGH ST,39.16211951,-86.508288
2012,10,3,Weekday,2200,2-Car,No injury/unknown,FAILURE TO YIELD RIGHT OF WAY,FESS AVE & HUNTER,39.16203403,-86.52582812
2012,12,6,Weekday,200,1-Car,No injury/unknown,RAN OFF ROAD RIGHT,SR37N & W 3RD,39.16200597,-86.57316611
2012,7,5,Weekday,1000,1-Car,No injury/unknown,OTHER (DRIVER) - EXPLAIN IN NARRATIVE,2ND & S COLLEGE AVE,39.16198929,-86.53484216
2012,10,3,Weekday,1200,2-Car,No injury/unknown,IMPROPER LANE USAGE,2ND & COLLEGE AVE,39.16198929,-86.53484216
2012,3,5,Weekday,1400,2-Car,No injury/unknown,OTHER (DRIVER) - EXPLAIN IN NARRATIVE,S COLLEGE MALL RD,39.16191346,-86.49789927
2012,3,5,Weekday,1600,Moped/Motorcycle,Incapacitating,RAN OFF ROAD RIGHT,S MULLER PARKWAY DR,39.16182004,-86.56742624
2012,9,3,Weekday,800,2-Car,No injury/unknown,LEFT OF CENTER,MULLER PKWY,39.16180998,-86.56743228
2012,12,1,Weekend,1500,3+ Cars,No injury/unknown,IMPROPER LANE USAGE,MULLER PKWY,39.1617503,-86.56746782
2012,3,5,Weekday,1700,Bus,No injury/unknown,UNSAFE BACKING,S MULLER PKWY,39.16172281,-86.56735651
2012,10,4,Weekday,100,2-Car,No injury/unknown,IMPROPER TURNING,SOUTH MULLER PKWY,39.16169129,-86.56750336
2012,5,2,Weekday,500,2-Car,No injury/unknown,IMPROPER TURNING,COLLEGE MALL RD,39.16167855,-86.49788863
2012,7,3,Weekday,500,3+ Cars,No injury/unknown,OTHER (DRIVER) - EXPLAIN IN NARRATIVE,MULLER PKWY,39.16160345,-86.56742826
2012,4,6,Weekday,1700,2-Car,Non-incapacitating,FOLLOWING TOO CLOSELY,S MAPLE & W 2ND ST,39.161568,-86.542096
2012,8,5,Weekday,1400,2-Car,Non-incapacitating,BRAKE FAILURE OR DEFECTIVE,MAPLE & W 2ND ST,39.161568,-86.542096
2012,1,2,Weekday,1700,1-Car,No injury/unknown,SPEED TOO FAST FOR WEATHER CONDITIONS,2ND ST & ROGERS,39.16154417,-86.54035571
2012,1,2,Weekday,900,2-Car,No injury/unknown,OTHER (DRIVER) - EXPLAIN IN NARRATIVE,W 2ND ST,39.16153611,-86.53976784
2012,4,5,Weekday,900,2-Car,No injury/unknown,OTHER (DRIVER) - EXPLAIN IN NARRATIVE,W 2ND ST,39.16153611,-86.53976784
2012,4,5,Weekday,1700,2-Car,No injury/unknown,FAILURE TO YIELD RIGHT OF WAY,W 2ND ST,39.16153611,-86.53976784
2012,12,1,Weekend,800,2-Car,No injury/unknown,,W 2ND ST,39.16153611,-86.53976784
2012,12,3,Weekday,1300,Cyclist,Incapacitating,FAILURE TO YIELD RIGHT OF WAY,ROGERS & W 2ND ST,39.16153451,-86.53965023
2012,11,1,Weekday,2000,2-Car,No injury/unknown,UNSAFE BACKING,S PARK RIDGE RD,39.16152567,-86.47653557
2012,5,2,Weekday,600,2-Car,No injury/unknown,OTHER (DRIVER) - EXPLAIN IN NARRATIVE,MUELLER PKWY,39.16152231,-86.56760461
2012,2,4,Weekday,1500,2-Car,Non-incapacitating,FOLLOWING TOO CLOSELY,2ND ST & ROGERS,39.16152,-86.538592
2012,4,6,Weekday,1400,2-Car,No injury/unknown,FOLLOWING TOO CLOSELY,ROGERS & SECOND ST,39.16152,-86.538592
2012,6,3,Weekday,1500,2-Car,No injury/unknown,IMPROPER PASSING,SOUTH ROGERS & WEST 2ND ST,39.16152,-86.538592
2012,12,4,Weekday,700,1-Car,No injury/unknown,SPEED TOO FAST FOR WEATHER CONDITIONS,2ND ST & ROGERS,39.16152,-86.538592
2012,1,6,Weekday,1200,2-Car,No injury/unknown,ACCELERATOR FAILURE OR DEFECTIVE,S MORTON & W 2ND ST,39.161472,-86.53624
2012,1,4,Weekday,1400,2-Car,No injury/unknown,FOLLOWING TOO CLOSELY,2ND ST & COLLEGE,39.16144343,-86.5349714
2012,2,5,Weekday,800,2-Car,No injury/unknown,LEFT OF CENTER,2ND ST & FESS,39.16144,-86.5254872
2012,12,5,Weekday,1500,2-Car,No injury/unknown,UNSAFE BACKING,DUNN & SECOND ST,39.16144,-86.5281116
2012,9,7,Weekend,1500,2-Car,No injury/unknown,DISREGARD SIGNAL/REG SIGN,S COLLEGE & W 2ND ST,39.16144,-86.534848
2012,5,4,Weekday,1400,3+ Cars,No injury/unknown,DRIVER DISTRACTED - EXPLAIN IN NARRATIVE,2ND ST & S WALNUT,39.16144,-86.5339528
2012,2,2,Weekday,1600,2-Car,No injury/unknown,FOLLOWING TOO CLOSELY,2ND ST & WALNUT,39.16144,-86.5337764
2012,1,1,Weekend,800,2-Car,No injury/unknown,DISREGARD SIGNAL/REG SIGN,2ND & S WALNUT ST,39.16144,-86.5336
2012,1,7,Weekend,2200,3+ Cars,No injury/unknown,SPEED TOO FAST FOR WEATHER CONDITIONS,2ND & SOUTH WALNUT ST,39.16144,-86.5336
2012,4,6,Weekday,1100,Cyclist,Non-incapacitating,OTHER (DRIVER) - EXPLAIN IN NARRATIVE,520 S WALNUT ST & E 2ND,39.16144,-86.5336
2012,9,3,Weekday,1200,2-Car,No injury/unknown,FAILURE TO YIELD RIGHT OF WAY,2ND & S WALNUT ST,39.16144,-86.5336
2012,4,7,Weekend,1700,2-Car,No injury/unknown,,2301 EAST 2ND ST,39.16144,-86.5324
2012,10,2,Weekday,2100,2-Car,No injury/unknown,UNSAFE BACKING,W 2ND ST,39.16144,-86.53212571
2012,3,6,Weekday,900,2-Car,Non-incapacitating,FAILURE TO YIELD RIGHT OF WAY,2ND ST & LINCOLN,39.16144,-86.531056
2012,4,5,Weekday,1400,2-Car,No injury/unknown,FAILURE TO YIELD RIGHT OF WAY,LINCOLN & SECOND ST,39.16144,-86.531056
2012,5,4,Weekday,1900,2-Car,Non-incapacitating,FAILURE TO YIELD RIGHT OF WAY,2ND ST & LINCOLN,39.16144,-86.531056
2012,5,5,Weekday,1500,2-Car,No injury/unknown,FAILURE TO YIELD RIGHT OF WAY,2ND ST & LINCOLN,39.16144,-86.531056
2012,10,3,Weekday,1400,2-Car,No injury/unknown,,EAST 2ND & SOUTH LINCONLN ST,39.16144,-86.531056
2012,9,2,Weekday,1500,2-Car,No injury/unknown,OTHER (DRIVER) - EXPLAIN IN NARRATIVE,EAST 2ND ST & LINCOLN,39.16144,-86.531056
2012,3,6,Weekday,300,3+ Cars,Non-incapacitating,DRIVER DISTRACTED - EXPLAIN IN NARRATIVE,2ND ST & GRANT,39.16144,-86.52976
2012,10,7,Weekend,1500,2-Car,No injury/unknown,OTHER (DRIVER) - EXPLAIN IN NARRATIVE,WEST 2ND ST,39.16144,-86.52976
2012,9,6,Weekday,1600,2-Car,No injury/unknown,OTHER (VEHICLE) - EXPLAIN IN NARRATIVE,SECOND ST,39.16144,-86.52805616
2012,7,2,Weekday,2000,2-Car,No injury/unknown,,W 2ND ST,39.16144,-86.527152
2012,11,4,Weekday,1500,Pedestrian,Non-incapacitating,FAILURE TO YIELD RIGHT OF WAY,W 2ND ST,39.16144,-86.527152
2012,3,5,Weekday,1600,1-Car,No injury/unknown,OTHER (DRIVER) - EXPLAIN IN NARRATIVE,WEST 2ND ST,39.16144,-86.52709845
2012,8,1,Weekend,1300,2-Car,No injury/unknown,OTHER (DRIVER) - EXPLAIN IN NARRATIVE,E 2ND & S FESS AVE,39.16144,-86.52584
2012,12,5,Weekday,1000,1-Car,No injury/unknown,RAN OFF ROAD RIGHT,E 2ND ST & PARK,39.16144,-86.523952
2012,1,5,Weekday,1200,2-Car,No injury/unknown,FOLLOWING TOO CLOSELY,2ND ST & WALKER,39.16142978,-86.54614023
2012,1,5,Weekday,1200,2-Car,No injury/unknown,LEFT OF CENTER,2ND ST & WALKER,39.16142978,-86.54614023
2012,1,2,Weekday,1600,2-Car,Non-incapacitating,FAILURE TO YIELD RIGHT OF WAY,S WALKER & W 2ND ST,39.16142978,-86.54614023
2012,6,2,Weekday,2100,2-Car,No injury/unknown,FAILURE TO YIELD RIGHT OF WAY,2ND ST & WALKER,39.16142978,-86.54614023
2012,7,7,Weekend,1100,2-Car,No injury/unknown,DISREGARD SIGNAL/REG SIGN,2ND ST & WALKER,39.16142978,-86.54614023
2012,8,3,Weekday,300,1-Car,No injury/unknown,RAN OFF ROAD RIGHT,S WALKER & W 2ND ST,39.16142978,-86.54614023
2012,10,5,Weekday,1000,1-Car,Non-incapacitating,RAN OFF ROAD RIGHT,S WALKER & W 2ND ST,39.16142978,-86.54612725
2012,4,7,Weekend,2300,2-Car,No injury/unknown,IMPROPER TURNING,MULLER PKWY,39.16142508,-86.56753487
2012,9,1,Weekend,1000,2-Car,No injury/unknown,FOLLOWING TOO CLOSELY,2ND ST & MAPLE,39.16141033,-86.54224969
2012,11,2,Weekday,1000,2-Car,No injury/unknown,FOLLOWING TOO CLOSELY,2ND ST & MAPLE,39.16141033,-86.54224969
2012,1,5,Weekday,1800,3+ Cars,No injury/unknown,FOLLOWING TOO CLOSELY,2ND ST & MAPLE,39.16141033,-86.54224536
2012,9,2,Weekday,1100,2-Car,No injury/unknown,FOLLOWING TOO CLOSELY,2ND ST & MAPLE,39.16141033,-86.5422432
2012,2,4,Weekday,1600,2-Car,No injury/unknown,IMPROPER PASSING,MADISON & WEST 2ND ST,39.16141033,-86.53743982
2012,8,5,Weekday,1100,1-Car,Non-incapacitating,BRAKE FAILURE OR DEFECTIVE,2ND ST & MADISON,39.16141033,-86.53743549
2012,4,3,Weekday,1800,2-Car,Non-incapacitating,FOLLOWING TOO CLOSELY,2ND ST & ROGERS,39.16140027,-86.53868759
2012,3,1,Weekend,1600,2-Car,Non-incapacitating,OTHER (DRIVER) - EXPLAIN IN NARRATIVE,2ND ST & ROGERS,39.16140027,-86.53867028
2012,3,2,Weekday,800,2-Car,Non-incapacitating,FOLLOWING TOO CLOSELY,2ND & S WALNUT ST,39.16140027,-86.53362974
2012,4,4,Weekday,1800,1-Car,No injury/unknown,OVERCORRECTING/OVERSTEERING,2ND ST & WALNUT,39.16140027,-86.53362974
2012,10,6,Weekend,1900,2-Car,No injury/unknown,FOLLOWING TOO CLOSELY,E 2ND ST & S WALNUT,39.16140027,-86.53362974
2012,10,7,Weekend,2100,3+ Cars,Non-incapacitating,CELL PHONE USAGE,2ND & WALNUT ST,39.16140027,-86.53362974
2012,3,2,Weekday,1600,3+ Cars,No injury/unknown,FOLLOWING TOO CLOSELY,2ND & COLLEGE AVE,39.16138016,-86.53492994
2012,10,3,Weekday,1500,Pedestrian,Non-incapacitating,FAILURE TO YIELD RIGHT OF WAY,2ND ST & COLLEGE,39.16138016,-86.53492994
2012,11,4,Weekday,500,2-Car,Non-incapacitating,OTHER (DRIVER) - EXPLAIN IN NARRATIVE,2ND ST & COLLEGE,39.16138016,-86.53492994
2012,5,5,Weekday,1700,2-Car,No injury/unknown,FAILURE TO YIELD RIGHT OF WAY,2ND & LINCOLN ST,39.16136004,-86.53123989
2012,8,2,Weekday,1400,Bus,No injury/unknown,FAILURE TO YIELD RIGHT OF WAY,2ND ST & LINCOLN,39.16136004,-86.53123989
2012,3,2,Weekday,1000,2-Car,No injury/unknown,UNSAFE BACKING,WEST 2ND ST,39.16135535,-86.53977066
2012,4,5,Weekday,800,1-Car,No injury/unknown,IMPROPER TURNING,WEST 2 ST ST,39.16135535,-86.53977066
2012,4,7,Weekend,800,2-Car,Non-incapacitating,FAILURE TO YIELD RIGHT OF WAY,E 2ND & S HENDERSON ST,39.16134254,-86.52719974
2012,10,4,Weekday,1200,2-Car,No injury/unknown,OTHER (DRIVER) - EXPLAIN IN NARRATIVE,2ND ST & HENDERSON,39.16133992,-86.52720847
2012,1,4,Weekday,1600,1-Car,No injury/unknown,IMPROPER TURNING,2ND ST & PARK,39.16131981,-86.52399994
2012,10,6,Weekday,1100,2-Car,No injury/unknown,UNSAFE LANE MOVEMENT,COLLEGE AVE & KIRKWOOD,39.16131224,-86.53488032
2012,2,5,Weekday,800,2-Car,No injury/unknown,IMPROPER PASSING,2ND & WOODLAWN AVE,39.161312,-86.522576
2012,7,6,Weekday,1400,2-Car,No injury/unknown,OTHER (DRIVER) - EXPLAIN IN NARRATIVE,2ND & S COLLEGE AVE,39.16130268,-86.5348502
2012,5,4,Weekday,300,2-Car,No injury/unknown,IMPROPER LANE USAGE,2ND & FESS AVE,39.16130268,-86.52584196
2012,5,5,Weekday,1500,Bus,No injury/unknown,OTHER (DRIVER) - EXPLAIN IN NARRATIVE,2ND & MORTON ST,39.16119737,-86.53624439
2012,6,6,Weekday,1700,2-Car,No injury/unknown,,S PARK RIDGE RD,39.16117094,-86.47675484
2012,3,7,Weekend,1400,2-Car,No injury/unknown,FAILURE TO YIELD RIGHT OF WAY,2ND & JORDAN AVE,39.161168,-86.516352
2012,11,5,Weekday,1900,3+ Cars,No injury/unknown,FOLLOWING TOO CLOSELY,2ND & S COLLEGE AVE,39.16116537,-86.53485239
2012,7,4,Weekday,1700,Moped/Motorcycle,Non-incapacitating,UNSAFE SPEED,S COLLEGE AVE,39.16115717,-86.53485253
2012,9,3,Weekday,1300,2-Car,No injury/unknown,UNSAFE BACKING,S COLLEGE AVE,39.16115717,-86.53485253
2012,10,2,Weekday,1200,2-Car,No injury/unknown,FAILURE TO YIELD RIGHT OF WAY,S COLLEGE AVE,39.16115717,-86.53485253
2012,2,3,Weekday,1000,2-Car,No injury/unknown,FOLLOWING TOO CLOSELY,E BROWNRIDGE & SO SMITH RD,39.1611519,-86.48072644
2012,3,5,Weekday,1100,2-Car,No injury/unknown,UNSAFE SPEED,E BROWNRIDGE & S SMITH RD,39.16115016,-86.48071981
2012,2,6,Weekday,900,2-Car,No injury/unknown,UNSAFE BACKING,S WALNUT ST,39.16114057,-86.5336
2012,1,2,Weekday,1600,2-Car,Non-incapacitating,SPEED TOO FAST FOR WEATHER CONDITIONS,2ND ST & MITCHELL,39.16112,-86.514096
2012,4,7,Weekend,0,2-Car,No injury/unknown,,2ND & MITCHELL ST,39.16112,-86.514096
2012,5,5,Weekday,100,Moped/Motorcycle,Non-incapacitating,FAILURE TO YIELD RIGHT OF WAY,GRAHAM & ROCKPORT RD,39.16111574,-86.54512971
2012,8,6,Weekday,1400,2-Car,No injury/unknown,UNSAFE BACKING,S MORTON ST,39.16106384,-86.53624653
2012,10,3,Weekday,900,2-Car,No injury/unknown,UNSAFE BACKING,S LANDMARK AVE,39.16104889,-86.55483245
2012,12,2,Weekday,1100,2-Car,No injury/unknown,UNSAFE BACKING,S LANDMARK AVE,39.16104889,-86.55483245
2012,10,7,Weekend,1300,1-Car,No injury/unknown,RAN OFF ROAD RIGHT,E 2ND ST & EASTSIDE,39.16103013,-86.51320002
2012,5,2,Weekday,1700,2-Car,No injury/unknown,UNSAFE BACKING,S WALNUT ST,39.16101225,-86.5336
2012,12,2,Weekday,100,2-Car,No injury/unknown,UNSAFE BACKING,E 2ND ST,39.16097447,-86.49940006
2012,10,1,Weekend,200,2-Car,No injury/unknown,OTHER (DRIVER) - EXPLAIN IN NARRATIVE,2ND & BALLANTINE RD,39.16095737,-86.51906066