Year,Month,Day,Weekend?,Hour,Collision Type,Injury Type,Primary Factor,Reported_Location,Latitude,Longitude
2012,11,3,Weekday,1700,2-Car,No injury/unknown,UNSAFE LANE MOVEMENT,COLLEGE MALL & E 2ND ST,39.16094401,-86.4979606
2012,10,6,Weekday,1200,2-Car,No injury/unknown,IMPROPER TURNING,2ND ST & COLLEGE MALL,39.160944,-86.49783712
2012,2,6,Weekday,1400,2-Car,No injury/unknown,FAILURE TO YIELD RIGHT OF WAY,2ND & HIGH ST,39.160944,-86.508288
2012,3,2,Weekday,1700,2-Car,No injury/unknown,FAILURE TO YIELD RIGHT OF WAY,2ND & COLLEGE MALL RD,39.160944,-86.497696
2012,3,3,Weekday,1400,3+ Cars,Non-incapacitating,FOLLOWING TOO CLOSELY,COLLEGE MALL & COLLEGE MALL RD,39.160944,-86.497696
2012,3,7,Weekend,1100,2-Car,No injury/unknown,UNSAFE LANE MOVEMENT,2ND & COLLEGE MALL RD RD,39.160944,-86.497696
2012,4,1,Weekend,1300,2-Car,Non-incapacitating,FAILURE TO YIELD RIGHT OF WAY,E 2ND & S COLLEGE MALL RD,39.160944,-86.497696
2012,7,1,Weekend,1500,2-Car,Non-incapacitating,LEFT OF CENTER,E 2ND & S COLLEGE MALL RD,39.160944,-86.497696
2012,5,1,Weekday,2200,2-Car,No injury/unknown,OTHER (DRIVER) - EXPLAIN IN NARRATIVE,2ND ST & COLLEGE MALL,39.16094027,-86.49772033
2012,9,5,Weekday,1200,2-Car,No injury/unknown,FAILURE TO YIELD RIGHT OF WAY,2ND ST & COLLEGE MALL,39.16094027,-86.49771168
2012,6,4,Weekday,1000,2-Car,No injury/unknown,IMPROPER LANE USAGE,E 2ND & SO COLLEGE MALL RD,39.16093797,-86.49771967
2012,12,6,Weekday,1200,2-Car,Non-incapacitating,FOLLOWING TOO CLOSELY,COLLEGE MALL & COLLEGE MALL PARKING LOT DR,39.16093004,-86.4978075
2012,4,6,Weekday,1800,2-Car,No injury/unknown,DRIVER DISTRACTED - EXPLAIN IN NARRATIVE,E 2ND ST & S WOODSCREST,39.16092322,-86.50243435
2012,7,4,Weekday,2000,2-Car,No injury/unknown,OTHER (DRIVER) - EXPLAIN IN NARRATIVE,E 2ND ST & S WOODSCREST,39.16092016,-86.50248433
2012,3,2,Weekday,1100,2-Car,No injury/unknown,SPEED TOO FAST FOR WEATHER CONDITIONS,2ND ST & WOODSCREST,39.16092016,-86.50244973
2012,2,6,Weekday,0,2-Car,Non-incapacitating,FOLLOWING TOO CLOSELY,2ND ST & WOODSCREST,39.16092016,-86.50244973
2012,2,4,Weekday,800,2-Car,No injury/unknown,FOLLOWING TOO CLOSELY,E 2ND ST & WOODSCREST,39.16092016,-86.50244973
2012,4,1,Weekday,2200,2-Car,No injury/unknown,DISREGARD SIGNAL/REG SIGN,2ND ST & WOODSCREST,39.16092016,-86.50244973
2012,12,7,Weekend,1200,2-Car,No injury/unknown,FOLLOWING TOO CLOSELY,E 2ND ST & S WOODSCREST,39.16092016,-86.50244973
2012,7,2,Weekday,1800,3+ Cars,No injury/unknown,FOLLOWING TOO CLOSELY,1ST & COLLEGE AVE,39.16081318,-86.53485803
2012,12,7,Weekend,1400,2-Car,No injury/unknown,UNSAFE LANE MOVEMENT,2ND & WASHINGTON ST,39.16075336,-86.5324
2012,3,4,Weekday,1100,Cyclist,Non-incapacitating,DISREGARD SIGNAL/REG SIGN,2ND ST & PATTERSON,39.16074984,-86.54850997
2012,4,1,Weekend,1200,2-Car,No injury/unknown,FOLLOWING TOO CLOSELY,PATTERSON & WEST 2ND ST,39.16074984,-86.54850997
2012,5,6,Weekday,500,2-Car,No injury/unknown,FAILURE TO YIELD RIGHT OF WAY,2ND & PATTERSON DR,39.16074984,-86.54850997
2012,5,7,Weekend,2000,2-Car,No injury/unknown,UNSAFE BACKING,2ND ST & PATTERSON,39.16074984,-86.54850997
2012,7,3,Weekday,1300,2-Car,No injury/unknown,FOLLOWING TOO CLOSELY,2ND ST & PATTERSON,39.16074984,-86.54850997
2012,7,5,Weekday,1200,3+ Cars,Non-incapacitating,FOLLOWING TOO CLOSELY,PATTERSON & W 2ND ST,39.16074984,-86.54850997
2012,10,2,Weekday,1400,2-Car,No injury/unknown,DISREGARD SIGNAL/REG SIGN,SOUTH PATTERSON DR & WEST 2ND,39.16074984,-86.54850997
2012,12,2,Weekday,1600,2-Car,No injury/unknown,OTHER (DRIVER) - EXPLAIN IN NARRATIVE,2ND & PATTERSON DR,39.16074984,-86.54850997
2012,6,6,Weekday,1000,1-Car,No injury/unknown,RAN OFF ROAD RIGHT,ADAMS & W 2ND ST,39.160544,-86.5508
2012,11,2,Weekday,2100,2-Car,No injury/unknown,FOLLOWING TOO CLOSELY,ADAMS & BLOOMFIELD RD,39.160544,-86.5508
2012,6,2,Weekday,1800,2-Car,No injury/unknown,UNSAFE BACKING,LANDMARK AVE,39.16051246,-86.55401453
2012,12,6,Weekday,1400,2-Car,No injury/unknown,UNSAFE BACKING,S LANDMARK AVE,39.16051246,-86.55401453
2012,2,1,Weekend,1600,Pedestrian,Non-incapacitating,PEDESTRIAN ACTION,BENNINGTON & PARK RIDGE RD,39.1604501,-86.47678032
2012,6,4,Weekday,1700,2-Car,No injury/unknown,UNSAFE BACKING,ROGERS ST,39.16041255,-86.53861261
2012,5,7,Weekend,2300,2-Car,No injury/unknown,UNSAFE LANE MOVEMENT,2ND & COLLEGE MALL RD,39.16039489,-86.49771494
2012,5,4,Weekday,1500,2-Car,Non-incapacitating,FAILURE TO YIELD RIGHT OF WAY,HENDERSON ST & UNIVERSITY,39.16038975,-86.52718976
2012,2,3,Weekday,1500,1-Car,No injury/unknown,OTHER TELEMATICS IN USE,BLOOMFIELD & WEST ADAMS ST,39.16038015,-86.55083273
2012,11,3,Weekday,1700,2-Car,No injury/unknown,FAILURE TO YIELD RIGHT OF WAY,ADAMS & BLOOMFIELD RD,39.16037969,-86.55083008
2012,10,4,Weekday,200,2-Car,No injury/unknown,,FESS & UNIVERSITY ST,39.16037031,-86.52593985
2012,5,1,Weekend,800,2-Car,No injury/unknown,UNSAFE SPEED,COBBLESTONE CT,39.16034013,-86.60384126
2012,6,2,Weekday,800,Cyclist,Non-incapacitating,UNSAFE LANE MOVEMENT,JORDAN AVE & UNIVERSITY,39.160272,-86.516336
2012,4,2,Weekday,1100,2-Car,No injury/unknown,FAILURE TO YIELD RIGHT OF WAY,2ND & S ADAMS ST,39.16026962,-86.55078432
2012,3,6,Weekday,1200,2-Car,No injury/unknown,OTHER (DRIVER) - EXPLAIN IN NARRATIVE,LANDMARK AVE,39.16025765,-86.55395418
2012,5,5,Weekday,1600,2-Car,No injury/unknown,OTHER (VEHICLE) - EXPLAIN IN NARRATIVE,SOUTH LANDMARK AVE,39.16025765,-86.55395418
2012,3,3,Weekday,700,2-Car,Non-incapacitating,LEFT OF CENTER,E AUDUBON & N OLD SR 37 HWY,39.16003226,-86.52311012
2012,4,3,Weekday,1200,2-Car,No injury/unknown,IMPROPER LANE USAGE,1ST & COLLEGE AVE,39.15998927,-86.53487121
2012,2,6,Weekend,2000,2-Car,No injury/unknown,FOLLOWING TOO CLOSELY,BLOOMFIELD RD & LANDMARK,39.15993981,-86.55382007
2012,3,5,Weekday,1900,2-Car,Non-incapacitating,FOLLOWING TOO CLOSELY,BLOOMFIELD RD & LANDMARK,39.15993981,-86.55382007
2012,5,1,Weekend,1500,2-Car,No injury/unknown,FOLLOWING TOO CLOSELY,BLOOMFIELD RD & LANDMARK,39.15993981,-86.55382007
2012,12,2,Weekday,900,2-Car,Non-incapacitating,ROADWAY SURFACE CONDITION,LANDMARK & W BLOOMFIELD RD,39.15993981,-86.55382007
2012,5,3,Weekday,2000,1-Car,No injury/unknown,ANIMAL/OBJECT IN ROADWAY,SADDLEBROOD & SMITH RD,39.1599148,-86.48039996
2012,2,5,Weekday,1700,2-Car,No injury/unknown,FOLLOWING TOO CLOSELY,SMITH & SOUTH COLLEGE AVE,39.15967782,-86.53494
2012,10,1,Weekend,100,2-Car,No injury/unknown,FOLLOWING TOO CLOSELY,6TH & WALNUT ST,39.15961848,-86.53360024
2012,5,1,Weekend,0,Cyclist,Non-incapacitating,FAILURE TO YIELD RIGHT OF WAY,COLLEGE MALL  ENTRANCE & COLLEGE MALL RD,39.15957122,-86.49774334
2012,5,2,Weekday,1500,Bus,No injury/unknown,IMPROPER TURNING,S ROGERS ST & WEST 1ST,39.159504,-86.538592
2012,4,2,Weekday,2100,2-Car,No injury/unknown,FAILURE TO YIELD RIGHT OF WAY,1ST & ROGERS ST,39.159504,-86.538592
2012,10,3,Weekday,1400,Bus,No injury/unknown,DRIVER DISTRACTED - EXPLAIN IN NARRATIVE,1ST & ROGERS ST,39.159504,-86.538592
2012,5,3,Weekday,800,3+ Cars,Non-incapacitating,FOLLOWING TOO CLOSELY,1ST & WALNUT ST,39.15948133,-86.5336
2012,2,3,Weekday,1000,1-Car,No injury/unknown,RAN OFF ROAD RIGHT,1 ST ST & MORTON ST,39.159472,-86.536272
2012,9,7,Weekend,1600,2-Car,No injury/unknown,FAILURE TO YIELD RIGHT OF WAY,MORTON & W 1ST ST,39.159472,-86.536272
2012,10,6,Weekday,1700,2-Car,No injury/unknown,FAILURE TO YIELD RIGHT OF WAY,1ST ST & WYLIE,39.15945031,-86.54343278
2012,4,5,Weekday,2000,2-Car,No injury/unknown,FAILURE TO YIELD RIGHT OF WAY,1ST & COLLEGE AVE,39.15944,-86.53488
2012,5,7,Weekend,1600,2-Car,Non-incapacitating,IMPROPER TURNING,1ST & COLLEGE AVE,39.15944,-86.53488
2012,6,2,Weekday,1100,3+ Cars,No injury/unknown,FOLLOWING TOO CLOSELY,1ST & COLLEGE AVE,39.15944,-86.53488
2012,6,7,Weekend,2300,Moped/Motorcycle,Non-incapacitating,IMPROPER TURNING,1ST & COLLEGE AVE,39.15944,-86.53488
2012,7,5,Weekday,1100,2-Car,No injury/unknown,OTHER (DRIVER) - EXPLAIN IN NARRATIVE,1ST & COLLEGE AVE,39.15944,-86.53488
2012,9,5,Weekday,1100,Pedestrian,Non-incapacitating,PEDESTRIAN ACTION,1ST & S COLLEGE AVE,39.15944,-86.53488
2012,9,5,Weekday,2300,Cyclist,Non-incapacitating,FAILURE TO YIELD RIGHT OF WAY,1ST ST & COLLEGE,39.15944,-86.53488
2012,10,3,Weekday,500,2-Car,No injury/unknown,DISREGARD SIGNAL/REG SIGN,S COLLEGE AVE & W 1ST,39.15944,-86.53488
2012,10,2,Weekday,1800,Cyclist,Non-incapacitating,FAILURE TO YIELD RIGHT OF WAY,S COLLEGE & WEST 1ST ST,39.15944,-86.53488
2012,10,2,Weekday,1700,2-Car,No injury/unknown,FAILURE TO YIELD RIGHT OF WAY,1ST & COLLEGE AVE,39.15944,-86.53488
2012,11,7,Weekend,800,2-Car,No injury/unknown,DISREGARD SIGNAL/REG SIGN,1ST & COLLEGE AVE,39.15944,-86.53488
2012,12,2,Weekday,1300,2-Car,Non-incapacitating,LEFT OF CENTER,BUICK CADILLAC BLVD & CLARIZZ,39.15943019,-86.49054342
2012,11,2,Weekday,1700,3+ Cars,No injury/unknown,FAILURE TO YIELD RIGHT OF WAY,1ST ST & ROGERS,39.15942013,-86.53871355
2012,2,3,Weekday,800,1-Car,No injury/unknown,ANIMAL/OBJECT IN ROADWAY,WEATHERSTONE & WOODLAWN AVE,39.15939583,-86.52264006
2012,7,3,Weekday,1600,3+ Cars,No injury/unknown,FOLLOWING TOO CLOSELY,1ST & COLLEGE AVE,39.15936984,-86.53499029
2012,10,2,Weekday,1700,2-Car,Non-incapacitating,FOLLOWING TOO CLOSELY,1ST & COLLEGE AVE,39.15936984,-86.53499029
2012,11,5,Weekday,700,2-Car,No injury/unknown,OTHER (DRIVER) - EXPLAIN IN NARRATIVE,1ST ST & COLLEGE,39.15936984,-86.53499029
2012,7,2,Weekday,900,2-Car,No injury/unknown,FAILURE TO YIELD RIGHT OF WAY,S WALNUT & W 1ST ST,39.159344,-86.5336
2012,10,3,Weekday,1000,2-Car,Non-incapacitating,DISREGARD SIGNAL/REG SIGN,E 1ST ST & S WALNUT,39.159344,-86.5336
2012,1,1,Weekend,1000,2-Car,Non-incapacitating,DISREGARD SIGNAL/REG SIGN,E 1ST ST & S WASHINGTON,39.159344,-86.5324
2012,3,7,Weekend,1900,2-Car,No injury/unknown,FAILURE TO YIELD RIGHT OF WAY,1ST & S WASHINGTON ST,39.159344,-86.5324
2012,4,3,Weekday,1700,2-Car,No injury/unknown,FAILURE TO YIELD RIGHT OF WAY,1ST & WASHINGTON ST,39.159344,-86.5324
2012,12,2,Weekday,1100,2-Car,No injury/unknown,FAILURE TO YIELD RIGHT OF WAY,1ST & S WASHINGTON ST,39.159344,-86.5324
2012,2,4,Weekday,800,2-Car,No injury/unknown,FAILURE TO YIELD RIGHT OF WAY,E 1RST ST & S HIGHLAND,39.159344,-86.5176
2012,10,3,Weekday,1700,2-Car,No injury/unknown,FAILURE TO YIELD RIGHT OF WAY,1ST ST & HENDERSON,39.15932022,-86.52714014
2012,9,4,Weekday,800,2-Car,No injury/unknown,OTHER (DRIVER) - EXPLAIN IN NARRATIVE,1ST ST & HENDERSON,39.15932022,-86.52712283
2012,1,3,Weekday,1800,2-Car,Non-incapacitating,FAILURE TO YIELD RIGHT OF WAY,E 1ST ST & S HAWTHORNE,39.15930784,-86.52021468
2012,8,6,Weekday,1600,2-Car,Non-incapacitating,DISREGARD SIGNAL/REG SIGN,1ST & WOODLAWN AVE,39.15929005,-86.52264006
2012,10,6,Weekday,1000,2-Car,No injury/unknown,FOLLOWING TOO CLOSELY,BLOOMFIELD RD & RANSOM,39.15927503,-86.55557806
2012,9,1,Weekend,1300,2-Car,No injury/unknown,OTHER (DRIVER) - EXPLAIN IN NARRATIVE,S COLLEGE MALL RD,39.15925182,-86.49775452
2012,1,5,Weekday,1200,2-Car,Non-incapacitating,LEFT OF CENTER,S MULLER PKWY,39.15921217,-86.56822085
2012,2,4,Weekday,300,1-Car,No injury/unknown,RAN OFF ROAD RIGHT,BILL MALLORY & SR446S,39.15910967,-86.47156007
2012,4,7,Weekend,2100,2-Car,No injury/unknown,FOLLOWING TOO CLOSELY,3RD & JORDAN AVE,39.158973,-86.5163999
2012,5,3,Weekday,1600,2-Car,No injury/unknown,UNSAFE BACKING,SOUTH BASSWOOD DR,39.15888637,-86.56751409
2012,4,6,Weekday,1600,2-Car,No injury/unknown,UNSAFE BACKING,S BASSWOOD DR,39.15883943,-86.56759187
2012,3,6,Weekday,1700,3+ Cars,Incapacitating,UNSAFE SPEED,BUICK CADILLAC & COLLEGE MALL RD,39.15870911,-86.49777307
2012,8,3,Weekday,1300,3+ Cars,No injury/unknown,FOLLOWING TOO CLOSELY,S COLLEGE AVE & W SMITH,39.15862042,-86.53494
2012,3,5,Weekday,1300,2-Car,No injury/unknown,FOLLOWING TOO CLOSELY,BLOOMFIELD RD & RANSOM,39.15861513,-86.55670627
2012,2,1,Weekend,1700,2-Car,No injury/unknown,UNSAFE BACKING,FAIRVIEW & WYLIE ST,39.15855945,-86.54163329
2012,4,2,Weekday,1300,2-Car,No injury/unknown,UNSAFE BACKING,WASHINGTON & WYLIE ST,39.158448,-86.53257639
2012,7,7,Weekend,900,2-Car,No injury/unknown,SPEED TOO FAST FOR WEATHER CONDITIONS,HIGH ST & HILLSIDE,39.1584083,-86.50843977
2012,1,3,Weekday,1900,2-Car,No injury/unknown,OTHER (DRIVER) - EXPLAIN IN NARRATIVE,712 W WYLIE ST & FAIRVIEW,39.15838458,-86.540947
2012,3,6,Weekday,200,2-Car,No injury/unknown,FAILURE TO YIELD RIGHT OF WAY,E WYLIE & S WASHINGTON ST,39.15835389,-86.53242422
2012,7,5,Weekday,1700,3+ Cars,Non-incapacitating,FAILURE TO YIELD RIGHT OF WAY,AUTO MALL & EAST BUICK CADILLAC BLVD,39.15831976,-86.49611033
2012,7,2,Weekday,1400,2-Car,No injury/unknown,FAILURE TO YIELD RIGHT OF WAY,HENDERSON ST & WYLIE,39.15829025,-86.52710996
2012,1,4,Weekday,1100,2-Car,No injury/unknown,FOLLOWING TOO CLOSELY,E BUICK CADILLAC & S COLLEGE MALL RD,39.15816,-86.497792
2012,1,3,Weekday,1900,2-Car,No injury/unknown,FAILURE TO YIELD RIGHT OF WAY,BUICK CADILLAC & COLLEGE MALL RD,39.15816,-86.497792
2012,1,5,Weekday,1400,1-Car,No injury/unknown,OTHER (DRIVER) - EXPLAIN IN NARRATIVE,E BUICK CADILLAC DR,39.15814541,-86.49706318
2012,7,4,Weekday,900,2-Car,No injury/unknown,OTHER (DRIVER) - EXPLAIN IN NARRATIVE,E BUICK CADILLAC BLVD,39.15814541,-86.49706318
2012,2,7,Weekend,1100,2-Car,No injury/unknown,FAILURE TO YIELD RIGHT OF WAY,COVENANTER DR & S COLLEGE MALL,39.15812848,-86.49787779
2012,9,5,Weekday,800,2-Car,No injury/unknown,FAILURE TO YIELD RIGHT OF WAY,S BASSWOOD DR,39.15812261,-86.57082997
2012,7,4,Weekday,1000,2-Car,No injury/unknown,FAILURE TO YIELD RIGHT OF WAY,BUICK CADILLAC & COLLEGE MALL RD,39.15810987,-86.49788998
2012,12,4,Weekday,1700,2-Car,No injury/unknown,SPEED TOO FAST FOR WEATHER CONDITIONS,BUICK CADILLAC & COLLEGE MALL RD,39.15810987,-86.49788998
2012,6,2,Weekday,1600,2-Car,Non-incapacitating,DISREGARD SIGNAL/REG SIGN,FIELD STONE & KIRBY RD,39.15794022,-86.61046028
2012,1,7,Weekend,2000,1-Car,No injury/unknown,ROADWAY SURFACE CONDITION,S WALNUT ST,39.157936,-86.5336
2012,6,2,Weekday,700,2-Car,No injury/unknown,UNSAFE BACKING,E 7TH ST & N FORREST,39.15789442,-86.52234971
2012,12,5,Weekday,0,1-Car,No injury/unknown,RAN OFF ROAD RIGHT,KIRBY RD,39.15789032,-86.61998748
2012,1,7,Weekend,100,1-Car,No injury/unknown,RAN OFF ROAD RIGHT,JORDAN & MAXWELL ST,39.15785841,-86.51649965
2012,11,3,Weekday,1000,1-Car,No injury/unknown,RAN OFF ROAD RIGHT,HIGH & MAXWELL LN,39.15779348,-86.50846438
2012,12,4,Weekday,1800,2-Car,No injury/unknown,FAILURE TO YIELD RIGHT OF WAY,E MAXWELL LN & S HIGH,39.157792,-86.508288
2012,2,3,Weekday,2300,1-Car,No injury/unknown,RAN OFF ROAD RIGHT,HIGH & MAXWELL LN,39.15775436,-86.50476055
2012,5,7,Weekend,2300,2-Car,Non-incapacitating,LEFT OF CENTER,BASSWOOD DR & COPPERBEACH,39.15771888,-86.57117128
2012,10,3,Weekday,1300,2-Car,No injury/unknown,FOLLOWING TOO CLOSELY,CORY & WEST BLOOMFIELD RD,39.15763103,-86.55885497
2012,4,2,Weekday,2000,2-Car,Non-incapacitating,FOLLOWING TOO CLOSELY,DODDS & ROGERS ST,39.157616,-86.538592
2012,7,5,Weekday,1100,2-Car,Non-incapacitating,FOLLOWING TOO CLOSELY,S ROGERS ST & W DODDS,39.157616,-86.538592
2012,9,3,Weekday,1800,2-Car,Non-incapacitating,DISREGARD SIGNAL/REG SIGN,DODDS & ROGERS ST,39.157616,-86.538592
2012,4,7,Weekend,1600,2-Car,No injury/unknown,IMPROPER TURNING,AUTO MALL RD,39.15757343,-86.496168
2012,9,2,Weekday,1000,1-Car,No injury/unknown,OTHER (DRIVER) - EXPLAIN IN NARRATIVE,W DODDS ST,39.15757225,-86.5351889
2012,10,4,Weekday,1800,2-Car,No injury/unknown,OTHER (DRIVER) - EXPLAIN IN NARRATIVE,BLOOMFIELD RD,39.15753253,-86.55889011
2012,7,7,Weekend,1800,2-Car,No injury/unknown,FOLLOWING TOO CLOSELY,DODDS & ROGERS ST,39.15747017,-86.53869979
2012,7,5,Weekday,1600,2-Car,No injury/unknown,FOLLOWING TOO CLOSELY,DODDS & ROGERS ST,39.15747017,-86.53869979
2012,10,7,Weekend,400,1-Car,No injury/unknown,RAN OFF ROAD RIGHT,COLLEGE ST & DODDS,39.15743026,-86.53446227
2012,8,5,Weekday,1100,2-Car,No injury/unknown,FAILURE TO YIELD RIGHT OF WAY,DODDS & WALNUT ST,39.15741988,-86.53364986
2012,10,7,Weekend,1100,2-Car,No injury/unknown,OTHER (DRIVER) - EXPLAIN IN NARRATIVE,DODDS & WALNUT ST,39.15741988,-86.53364986
2012,10,4,Weekday,1600,2-Car,No injury/unknown,FAILURE TO YIELD RIGHT OF WAY,DODDS & SOUTH WALNUT ST,39.15741988,-86.53364986
2012,4,2,Weekday,1400,2-Car,No injury/unknown,OTHER (DRIVER) - EXPLAIN IN NARRATIVE,S CURRY PIKE,39.15735483,-86.58270411
2012,8,7,Weekend,1500,2-Car,No injury/unknown,FAILURE TO YIELD RIGHT OF WAY,SOUTH CURRY PIKE,39.15735483,-86.58270411
2012,5,5,Weekday,100,2-Car,No injury/unknown,OTHER (DRIVER) - EXPLAIN IN NARRATIVE,S MAXWELL TER,39.15726565,-86.51181735
2012,6,6,Weekend,2300,2-Car,No injury/unknown,FAILURE TO YIELD RIGHT OF WAY,S CORY & W BLOOMFIELD RD,39.15710002,-86.55969008
2012,9,4,Weekday,600,2-Car,Incapacitating,FAILURE TO YIELD RIGHT OF WAY,BLOOMFIELD RD & CORY,39.15710002,-86.55969008
2012,11,3,Weekday,1600,2-Car,No injury/unknown,FOLLOWING TOO CLOSELY,BLOOMFIELD RD & CORY,39.15710002,-86.55969008
2012,11,2,Weekday,1500,2-Car,No injury/unknown,FAILURE TO YIELD RIGHT OF WAY,BLOOMFIELD RD & CORY,39.15710002,-86.55969008
2012,9,6,Weekday,1300,2-Car,Non-incapacitating,FAILURE TO YIELD RIGHT OF WAY,BALFOUR & N JORDAN AVE,39.15701981,-86.51259988
2012,5,4,Weekday,1100,2-Car,Non-incapacitating,FOLLOWING TOO CLOSELY,GIFFORD & SOUTH CURRY PIKE,39.156896,-86.582704
2012,5,4,Weekday,1500,2-Car,No injury/unknown,UNSAFE SPEED,S CURRY PIKE & W GIFFORD,39.156896,-86.582704
2012,6,2,Weekday,2100,2-Car,Non-incapacitating,LEFT OF CENTER,S CURRY PIKE & W GIFFORD,39.156896,-86.582704
2012,10,4,Weekday,1500,2-Car,No injury/unknown,FAILURE TO YIELD RIGHT OF WAY,S CURRY PIKE & W GIFFORD,39.156896,-86.582704
2012,10,2,Weekday,1500,2-Car,No injury/unknown,FOLLOWING TOO CLOSELY,CURRY PIKE & GIFFORD,39.156896,-86.582704
2012,2,5,Weekday,1900,2-Car,No injury/unknown,FAILURE TO YIELD RIGHT OF WAY,DIXIE & FAIRVIEW ST,39.156752,-86.540976
2012,3,3,Weekday,700,2-Car,No injury/unknown,UNSAFE BACKING,ROSS & TIMOTHY CT,39.15664172,-86.55753494
2012,5,3,Weekday,1000,1-Car,No injury/unknown,OTHER (DRIVER) - EXPLAIN IN NARRATIVE,S COLLEGE MALL RD,39.15664081,-86.49784049
2012,8,4,Weekday,1400,2-Car,No injury/unknown,FAILURE TO YIELD RIGHT OF WAY,DIXIE & S HENDERSON ST,39.15664,-86.527072
2012,8,5,Weekday,1500,2-Car,No injury/unknown,FOLLOWING TOO CLOSELY,S PATTERSON DR & W 2ND,39.15652048,-86.54850997
2012,7,4,Weekday,1200,2-Car,No injury/unknown,FOLLOWING TOO CLOSELY,E DIXIE & S WALNUT ST,39.15649108,-86.53363931
2012,7,2,Weekday,2300,Moped/Motorcycle,Non-incapacitating,LEFT OF CENTER,GIFFORD RD & S CURRY,39.15640805,-86.5835568
2012,10,6,Weekday,1500,1-Car,No injury/unknown,OTHER (ENVIRONMENTAL) - EXPLAIN IN NARR,CURRY & GIFFORD RD,39.15640805,-86.5835568
2012,12,5,Weekday,1100,2-Car,No injury/unknown,FAILURE TO YIELD RIGHT OF WAY,3RD & KINGSTON DR,39.15627913,-86.49303987
2012,1,6,Weekday,1200,2-Car,Non-incapacitating,DISREGARD SIGNAL/REG SIGN,JORDAN & SHERIDAN DR,39.15624,-86.5156
2012,4,4,Weekday,1400,2-Car,No injury/unknown,FAILURE TO YIELD RIGHT OF WAY,W BLOOMFIELD RD & WEST ALLEN,39.156144,-86.561296
2012,6,3,Weekday,600,1-Car,No injury/unknown,OTHER (DRIVER) - EXPLAIN IN NARRATIVE,ALLEN & WEST BLOOMFIELD RD,39.156144,-86.561296
2012,7,3,Weekday,1500,2-Car,No injury/unknown,FAILURE TO YIELD RIGHT OF WAY,ALLEN & BLOOMFIELD RD,39.156144,-86.561296
2012,9,5,Weekday,2000,1-Car,No injury/unknown,RAN OFF ROAD RIGHT,ALLEN & BLOOMFIELD RD,39.156144,-86.561296
2012,2,6,Weekday,1400,2-Car,No injury/unknown,FAILURE TO YIELD RIGHT OF WAY,ALLAN & BLOOMFIELD AVE,39.15612973,-86.56139999
2012,9,6,Weekday,900,2-Car,No injury/unknown,FAILURE TO YIELD RIGHT OF WAY,W ALLEN & W BLOOMFIELD RD,39.15612973,-86.56139999
2012,6,4,Weekday,1300,2-Car,No injury/unknown,UNSAFE BACKING,WEST ALLEN ST,39.156128,-86.560912
2012,9,3,Weekday,800,2-Car,No injury/unknown,FOLLOWING TOO CLOSELY,CURRY PIKE & GIFFORD,39.15607203,-86.5827073
2012,1,6,Weekend,2300,1-Car,Non-incapacitating,ROADWAY SURFACE CONDITION,ALLEN ST & TIMOTHY,39.15597014,-86.55749
2012,5,6,Weekday,0,1-Car,No injury/unknown,RAN OFF ROAD RIGHT,ALLEN ST & RANSON,39.15590979,-86.55508004
2012,10,2,Weekday,1700,2-Car,Incapacitating,FAILURE TO YIELD RIGHT OF WAY,ALLEN ST & RANSOM,39.15590979,-86.55508004
2012,2,5,Weekday,1500,2-Car,No injury/unknown,FAILURE TO YIELD RIGHT OF WAY,ADAM & ALLEN ST,39.15586017,-86.55054979
2012,11,6,Weekday,1500,2-Car,No injury/unknown,IMPROPER PASSING,ADAMS & ALLEN ST,39.15586017,-86.55054979
2012,5,2,Weekday,900,2-Car,No injury/unknown,OTHER (DRIVER) - EXPLAIN IN NARRATIVE,HEARTWOOD CT,39.15579781,-86.57020635
2012,8,1,Weekend,1300,2-Car,No injury/unknown,OTHER (DRIVER) - EXPLAIN IN NARRATIVE,W HEARTWOOD CT,39.15579781,-86.57020635
2012,12,6,Weekday,800,2-Car,No injury/unknown,LEFT OF CENTER,1100 S ROGERS ST & W ALLEN,39.155776,-86.538592
2012,3,4,Weekday,800,2-Car,No injury/unknown,OTHER (VEHICLE) - EXPLAIN IN NARRATIVE,W ALLEN ST,39.15577367,-86.54967136
2012,1,7,Weekend,2200,1-Car,No injury/unknown,UNSAFE BACKING,ALLEN ST & MADISON,39.155744,-86.537296
2012,7,7,Weekend,2300,2-Car,No injury/unknown,LEFT OF CENTER,S MADISON ST & W ALLEN,39.155744,-86.537296
2012,5,4,Weekday,900,2-Car,Non-incapacitating,IMPROPER PASSING,BLOOMFIELD RD & SHADELAND,39.15570997,-86.56207993
2012,10,3,Weekday,1800,2-Car,No injury/unknown,FOLLOWING TOO CLOSELY,S STRONG & W ALLEN ST,39.15565029,-86.54431968
2012,5,2,Weekday,700,2-Car,No injury/unknown,UNSAFE LANE MOVEMENT,ALLEN & S WALNUT ST,39.155648,-86.5336
2012,4,4,Weekday,800,2-Car,No injury/unknown,FAILURE TO YIELD RIGHT OF WAY,ALLEN & PATTERSON DR,39.15563017,-86.54330983