Year,Month,Day,Weekend?,Hour,Collision Type,Injury Type,Primary Factor,Reported_Location,Latitude,Longitude
2012,4,5,Weekday,600,Cyclist,Non-incapacitating,IMPROPER PASSING,ALLEN ST & PATTERSON,39.15563017,-86.54327522
2012,11,5,Weekday,1800,Cyclist,Non-incapacitating,,ALLEN & HENDERSON ST,39.15554971,-86.52703016
2012,6,5,Weekday,900,1-Car,Non-incapacitating,RAN OFF ROAD RIGHT,SOUTH HENDERSON ST,39.15541358,-86.52696847
2012,8,3,Weekday,1400,1-Car,No injury/unknown,DISREGARD SIGNAL/REG SIGN,S HIGH ST,39.15519172,-86.508288
2012,7,1,Weekend,1800,2-Car,Non-incapacitating,DISREGARD SIGNAL/REG SIGN,COLLEGE MALL RD & COVENANTER,39.15518023,-86.49773977
2012,10,6,Weekend,2100,2-Car,No injury/unknown,FAILURE TO YIELD RIGHT OF WAY,COLLEGE MALL RD & COVENANTER,39.15518023,-86.49773977
2012,12,1,Weekend,800,1-Car,Non-incapacitating,UNSAFE SPEED,COVENANTER DR & S COLLEGE MALL,39.15518023,-86.49773977
2012,1,4,Weekday,1800,2-Car,No injury/unknown,FAILURE TO YIELD RIGHT OF WAY,COVENANTER & S COLLEGE MALL RD,39.155152,-86.497888
2012,6,5,Weekday,1000,2-Car,No injury/unknown,IMPROPER TURNING,COVENANTER & S COLLEGE MALL RD,39.155152,-86.497888
2012,11,5,Weekday,1600,1-Car,No injury/unknown,UNSAFE SPEED,COLLEGE MALL & E COVENANTER DR,39.155152,-86.497888
2012,1,7,Weekend,500,2-Car,No injury/unknown,UNSAFE BACKING,CLARIZZ BLVD,39.15514737,-86.49091087
2012,6,6,Weekday,1400,2-Car,No injury/unknown,FAILURE TO YIELD RIGHT OF WAY,BROADWAY & PROFILE PKWY,39.15514523,-86.59259006
2012,8,5,Weekday,1500,2-Car,No injury/unknown,FAILURE TO YIELD RIGHT OF WAY,COLLEGE MALL & E COVENANTER DR,39.15514216,-86.49774746
2012,9,7,Weekend,1100,2-Car,No injury/unknown,,SOUTH ROGERS ST,39.15512848,-86.53839111
2012,2,7,Weekend,100,2-Car,No injury/unknown,ROADWAY SURFACE CONDITION,AUTO MALL & E COVENANTER DR,39.15503003,-86.49613628
2012,4,3,Weekday,1100,2-Car,No injury/unknown,FAILURE TO YIELD RIGHT OF WAY,AUTO MALL & E COVENANTER DR,39.15503003,-86.49611682
2012,2,7,Weekend,2200,2-Car,No injury/unknown,FAILURE TO YIELD RIGHT OF WAY,AUTO MALL & COVENANTER DR,39.15503003,-86.49611033
2012,9,5,Weekday,1300,2-Car,Non-incapacitating,FOLLOWING TOO CLOSELY,PRIVATE & S COLLEGE MALL RD,39.15496723,-86.49768412
2012,4,4,Weekday,800,2-Car,No injury/unknown,FAILURE TO YIELD RIGHT OF WAY,DAVIS & ROGERS ST,39.15464,-86.538592
2012,10,7,Weekend,200,3+ Cars,Non-incapacitating,RAN OFF ROAD RIGHT,E COVENANTER DR & S CLARIZZ,39.15462032,-86.49175537
2012,10,7,Weekend,300,1-Car,No injury/unknown,RAN OFF ROAD RIGHT,HENNESSEY & ROCKPORT RD,39.15460136,-86.55672021
2012,2,6,Weekend,2200,1-Car,Non-incapacitating,ROADWAY SURFACE CONDITION,S PARK SQUARE & W GIFFORD RD,39.154448,-86.591696
2012,1,4,Weekday,1200,2-Car,Non-incapacitating,LEFT OF CENTER,SR45W & WEIMER,39.15441428,-86.56414234
2012,11,3,Weekday,800,2-Car,No injury/unknown,FAILURE TO YIELD RIGHT OF WAY,GIFFORD RD & WOODSIDE,39.15440977,-86.58883966
2012,1,4,Weekday,1200,2-Car,Non-incapacitating,LEFT OF CENTER,SR45W & WEIMER,39.15438694,-86.56413853
2012,10,5,Weekday,2200,1-Car,No injury/unknown,ANIMAL/OBJECT IN ROADWAY,KENT & SR46E,39.154352,-86.39595281
2012,6,4,Weekday,1600,2-Car,Non-incapacitating,DRIVER DISTRACTED - EXPLAIN IN NARRATIVE,E DAVIS & S WALNUT ST,39.154352,-86.5336
2012,6,7,Weekend,1700,1-Car,Non-incapacitating,UNSAFE SPEED,W BLOOMFIELD RD & WEIMER,39.154272,-86.564176
2012,11,1,Weekend,1200,2-Car,No injury/unknown,FAILURE TO YIELD RIGHT OF WAY,W BLOOMFIELD RD & WEIMER,39.154272,-86.564176
2012,3,6,Weekday,1500,2-Car,No injury/unknown,BRAKE FAILURE OR DEFECTIVE,COLLEGE MALL RD,39.15427029,-86.49764657
2012,9,1,Weekday,2000,2-Car,No injury/unknown,UNSAFE BACKING,S COLLEGE MALL RD,39.15427029,-86.49764657
2012,10,2,Weekday,2200,2-Car,No injury/unknown,OTHER (VEHICLE) - EXPLAIN IN NARRATIVE,S COLLEGE MALL RD,39.15427029,-86.49764657
2012,10,4,Weekday,1600,2-Car,No injury/unknown,FAILURE TO YIELD RIGHT OF WAY,BLOOMFIELD RD & WEIMER,39.15424012,-86.56434975
2012,11,7,Weekend,1700,2-Car,Non-incapacitating,FOLLOWING TOO CLOSELY,WEIMER & WEST BLOOMFIELD RD,39.15424012,-86.56434975
2012,11,6,Weekday,1400,1-Car,No injury/unknown,BRAKE FAILURE OR DEFECTIVE,BLOOMFIELD & WEIMER RD,39.15424012,-86.56434975
2012,9,6,Weekday,1200,2-Car,Non-incapacitating,FAILURE TO YIELD RIGHT OF WAY,BLOOMFIELD RD & WEIMER,39.15420569,-86.56428851
2012,2,2,Weekday,1700,2-Car,No injury/unknown,LEFT OF CENTER,CONVENATER & HIGH ST,39.15419988,-86.50844983
2012,5,1,Weekend,1300,2-Car,No injury/unknown,UNSAFE BACKING,S COLLEGE MALL RD,39.15412578,-86.49786768
2012,1,1,Weekday,2300,1-Car,No injury/unknown,LEFT OF CENTER,WEATHERSTONE LN & WOODLAWN,39.15411003,-86.52273523
2012,9,7,Weekend,100,1-Car,Non-incapacitating,SPEED TOO FAST FOR WEATHER CONDITIONS,WEATHERSTONE LN & WOODLAWN,39.15411003,-86.52268332
2012,5,3,Weekday,2300,Cyclist,Non-incapacitating,HEADLIGHT DEFECTIVE OR NOT ON,WEATHERSTONE & WOODLAWN AVE,39.15411003,-86.52264006
2012,8,6,Weekday,1100,2-Car,No injury/unknown,FAILURE TO YIELD RIGHT OF WAY,CURRY PIKE & WEST 3RD,39.15408537,-86.58292002
2012,8,1,Weekend,1600,2-Car,Non-incapacitating,FAILURE TO YIELD RIGHT OF WAY,CURRY PIKE & W HERITAGE,39.15405761,-86.5826409
2012,7,2,Weekday,2300,2-Car,No injury/unknown,DRIVER DISTRACTED - EXPLAIN IN NARRATIVE,S ROCKPORT RD & W COUNTRYSIDE,39.15396732,-86.54180867
2012,1,2,Weekday,900,1-Car,No injury/unknown,ROADWAY SURFACE CONDITION,FRIENDSHIP & SR46E,39.15394977,-86.40669065
2012,6,4,Weekday,1100,Bus,No injury/unknown,IMPROPER PASSING,W BLOOMFIELD RD,39.15394373,-86.56493045
2012,1,2,Weekday,1200,2-Car,No injury/unknown,UNSAFE BACKING,S ROGERS ST,39.153936,-86.538592
2012,1,2,Weekday,1500,2-Car,No injury/unknown,IMPROPER TURNING,SOUTH WALNUT ST,39.15388669,-86.5336
2012,1,5,Weekday,300,1-Car,No injury/unknown,UNSAFE SPEED,S WALNUT ST,39.15388669,-86.5336
2012,9,1,Weekend,1600,1-Car,No injury/unknown,RAN OFF ROAD RIGHT,FRIENDSHIP & SR46E,39.153856,-86.406688
2012,2,7,Weekend,1300,3+ Cars,Non-incapacitating,DISREGARD SIGNAL/REG SIGN,S ROGERS & W PATTERSON DR,39.15379295,-86.53875212
2012,1,5,Weekday,1200,2-Car,No injury/unknown,FOLLOWING TOO CLOSELY,PATTERSON & ROGERS ST,39.15379018,-86.53875008
2012,3,3,Weekday,1100,2-Car,No injury/unknown,OTHER (DRIVER) - EXPLAIN IN NARRATIVE,PATTERSON & ROGERS ST,39.15379018,-86.53875008
2012,3,6,Weekday,1100,2-Car,Non-incapacitating,FOLLOWING TOO CLOSELY,PATTERSON & ROGERS ST,39.15379018,-86.53875008
2012,6,5,Weekday,1900,1-Car,Non-incapacitating,IMPROPER TURNING,PATTERSON ST & ROGERS,39.15379018,-86.53875008
2012,7,3,Weekday,1200,2-Car,Non-incapacitating,FAILURE TO YIELD RIGHT OF WAY,PATTERSON & ROGERS ST,39.15379018,-86.53875008
2012,10,2,Weekday,700,2-Car,No injury/unknown,FAILURE TO YIELD RIGHT OF WAY,S ROGERS ST & W PATTERSON,39.15379018,-86.53875008
2012,11,4,Weekday,1600,2-Car,No injury/unknown,UNSAFE SPEED,PATTERSON & S ROGERS ST,39.15379018,-86.53875008
2012,12,2,Weekday,1600,2-Car,Non-incapacitating,OTHER (DRIVER) - EXPLAIN IN NARRATIVE,S ROGERS ST & W PATTERSON,39.15379018,-86.53875008
2012,11,6,Weekday,1300,2-Car,No injury/unknown,UNSAFE BACKING,E 3RD & S HAWTHORNE AVE,39.15367577,-86.52008995
2012,2,7,Weekend,1600,2-Car,No injury/unknown,FOLLOWING TOO CLOSELY,COLLEGE MALL RD & THIRD,39.15366572,-86.49827018
2012,4,6,Weekday,1600,2-Car,Non-incapacitating,FOLLOWING TOO CLOSELY,MADISON & PATTERSON DR,39.15363997,-86.53762323
2012,1,3,Weekday,1600,2-Car,Non-incapacitating,FOLLOWING TOO CLOSELY,MADISON & PATTERSON DR,39.15363997,-86.53757996
2012,4,4,Weekday,1700,2-Car,Non-incapacitating,FOLLOWING TOO CLOSELY,E COVENANTER & S HIGH ST,39.15362891,-86.50843361
2012,2,4,Weekday,600,2-Car,No injury/unknown,FAILURE TO YIELD RIGHT OF WAY,GRIMES & WALNUT ST,39.15357733,-86.5336
2012,11,3,Weekday,1400,Cyclist,Non-incapacitating,FAILURE TO YIELD RIGHT OF WAY,WALNUT & WEST GRIMES LN,39.15344,-86.53430551
2012,10,5,Weekday,200,1-Car,No injury/unknown,DRIVER DISTRACTED - EXPLAIN IN NARRATIVE,GRIMES LN & MADISON,39.15344,-86.5376
2012,4,4,Weekday,1300,2-Car,Non-incapacitating,FAILURE TO YIELD RIGHT OF WAY,S MORTON & W GRIMES LN,39.15344,-86.536304
2012,9,1,Weekend,1200,2-Car,No injury/unknown,IMPROPER TURNING,GRIMES & S WALNUT ST,39.15344,-86.5336
2012,10,6,Weekday,1100,2-Car,Non-incapacitating,FOLLOWING TOO CLOSELY,E GRIMES ST & S WALNUT,39.15344,-86.5336
2012,11,7,Weekend,1000,2-Car,No injury/unknown,OTHER (DRIVER) - EXPLAIN IN NARRATIVE,GRIMES & WALNUT ST,39.15344,-86.5336
2012,11,7,Weekend,1700,2-Car,No injury/unknown,UNSAFE BACKING,WALNUT ST,39.15342171,-86.5336
2012,7,2,Weekday,1900,Bus,No injury/unknown,,WEST GRIMES LN,39.15339924,-86.53423592
2012,12,6,Weekend,2100,2-Car,No injury/unknown,FAILURE TO YIELD RIGHT OF WAY,GRIMES & HENDERSON ST,39.153392,-86.527008
2012,7,7,Weekend,1000,2-Car,Non-incapacitating,SPEED TOO FAST FOR WEATHER CONDITIONS,GRIMES LN & MORTON,39.15336974,-86.53637375
2012,5,3,Weekday,1700,2-Car,No injury/unknown,FAILURE TO YIELD RIGHT OF WAY,GRIMES LN & STULL,39.15336,-86.524688
2012,10,5,Weekday,2300,2-Car,Non-incapacitating,FAILURE TO YIELD RIGHT OF WAY,GRIMES & WALNUT ST,39.15335029,-86.53371021
2012,12,6,Weekday,1600,3+ Cars,No injury/unknown,FOLLOWING TOO CLOSELY,GRIMES & WALNUT ST,39.15335029,-86.53371021
2012,10,3,Weekday,2100,2-Car,Non-incapacitating,FOLLOWING TOO CLOSELY,GRIMES LN & WALNUT,39.15335029,-86.53370155
2012,10,4,Weekday,1500,2-Car,No injury/unknown,FOLLOWING TOO CLOSELY,SOUTH WALNUT & WEST GRIMES LN,39.15335029,-86.53370155
2012,11,6,Weekday,800,2-Car,No injury/unknown,FAILURE TO YIELD RIGHT OF WAY,BASSWOOD DR & RIDGE,39.1533,-86.57250031
2012,12,7,Weekend,0,2-Car,No injury/unknown,UNSAFE BACKING,GRIMES & PARK ST,39.15327517,-86.52373756
2012,8,4,Weekday,1900,1-Car,No injury/unknown,OTHER (DRIVER) - EXPLAIN IN NARRATIVE,S FENBROOK LN,39.15325977,-86.48580864
2012,4,7,Weekend,100,2-Car,No injury/unknown,,S BASSWOOD DR,39.15316388,-86.57256133
2012,1,3,Weekday,600,1-Car,Fatal,RAN OFF ROAD RIGHT,4000 BLOCK OLD 37 SOUTH RD & RHORER,39.15310483,-86.53135124
2012,2,1,Weekend,1500,2-Car,No injury/unknown,UNSAFE BACKING,HOOSIER & WALNUT ST,39.153101,-86.53143972
2012,9,7,Weekend,0,2-Car,No injury/unknown,UNSAFE BACKING,S FENBROOK LN,39.15304586,-86.48636788
2012,1,5,Weekday,1600,2-Car,No injury/unknown,FOLLOWING TOO CLOSELY,NORTH JORDAN AVE & SEVENTH,39.15298672,-86.51615984
2012,7,1,Weekday,2100,Moped/Motorcycle,Non-incapacitating,UNSAFE SPEED,STRONG DR,39.15298082,-86.54525443
2012,12,4,Weekday,600,1-Car,No injury/unknown,ANIMAL/OBJECT IN ROADWAY,BRUMMETTS CREEK & SR46E,39.15285526,-86.39266882
2012,12,2,Weekday,1500,1-Car,Non-incapacitating,RAN OFF ROAD RIGHT,SR46 & WOODVIEW,39.152656,-86.3777883
2012,5,5,Weekday,1700,2-Car,No injury/unknown,FOLLOWING TOO CLOSELY,DRISCOLL & ROGERS ST,39.15264,-86.538592
2012,2,2,Weekday,1500,1-Car,No injury/unknown,RAN OFF ROAD RIGHT,BROWN COUNTY LINE & SR46E,39.15263012,-86.37109131
2012,3,5,Weekday,1000,1-Car,No injury/unknown,SPEED TOO FAST FOR WEATHER CONDITIONS,BROWN COUNTY LINE & E ST RD 46 ST,39.15263012,-86.37105244
2012,10,6,Weekday,1700,2-Car,No injury/unknown,FAILURE TO YIELD RIGHT OF WAY,DRISCOLL & S GRANT ST,39.152544,-86.530064
2012,10,2,Weekday,2100,1-Car,No injury/unknown,LEFT OF CENTER,1304 S HENDERSON ST & DRISCOLL,39.152544,-86.526992
2012,10,4,Weekday,2300,1-Car,No injury/unknown,ANIMAL/OBJECT IN ROADWAY,KENT & SR46E,39.15252015,-86.4003435
2012,11,5,Weekday,1100,1-Car,No injury/unknown,OVERCORRECTING/OVERSTEERING,KENT & SR46E,39.15252015,-86.4002139
2012,3,7,Weekend,2100,2-Car,No injury/unknown,OTHER (DRIVER) - EXPLAIN IN NARRATIVE,S COLLEGE MALL RD,39.15250667,-86.497904
2012,1,6,Weekday,1800,2-Car,No injury/unknown,FAILURE TO YIELD RIGHT OF WAY,CLARIZZ BLVD & COVENANTER,39.15246986,-86.49051994
2012,11,1,Weekend,1200,2-Car,No injury/unknown,FAILURE TO YIELD RIGHT OF WAY,CLARIZZ BLVD & COVENANTER,39.15246986,-86.49051994
2012,2,6,Weekend,2000,Cyclist,Incapacitating,ROADWAY SURFACE CONDITION,MONON & WALNUT ST,39.15217012,-86.53369009
2012,9,1,Weekend,1100,1-Car,Non-incapacitating,RAN OFF ROAD RIGHT,GIFFORD RD,39.15216446,-86.6340866
2012,1,6,Weekday,1500,2-Car,No injury/unknown,FAILURE TO YIELD RIGHT OF WAY,ADAMS ST & PATTERSON,39.15209638,-86.55050016
2012,7,3,Weekday,1500,1-Car,No injury/unknown,DRIVER ASLEEP OR FATIGUED,SR46E & WOODVIEW HILLS,39.152,-86.3812
2012,3,7,Weekend,100,Pedestrian,Incapacitating,PEDESTRIAN ACTION,WALNUT ST & WILSON,39.15182206,-86.53372748
2012,7,2,Weekday,900,2-Car,No injury/unknown,UNSAFE BACKING,BRENDA DR & HENDERSON,39.15182009,-86.5269497
2012,3,3,Weekday,1600,1-Car,Non-incapacitating,RAN OFF ROAD RIGHT,SEWELL & SR46,39.15175974,-86.38290328
2012,5,4,Weekday,1500,Bus,No injury/unknown,OTHER (ENVIRONMENTAL) - EXPLAIN IN NARR,GARRISON CHAPEL & RICE RD,39.15166557,-86.65662125
2012,5,7,Weekend,1500,2-Car,No injury/unknown,LEFT OF CENTER,GARRISON CHAPEL & RICE RD,39.15166557,-86.65662125
2012,10,6,Weekday,1600,2-Car,No injury/unknown,SPEED TOO FAST FOR WEATHER CONDITIONS,S WALNUT ST & WILSON,39.151648,-86.5336
2012,9,6,Weekday,900,2-Car,No injury/unknown,UNSAFE BACKING,S FENBROOK LN,39.15162764,-86.48757219
2012,8,4,Weekday,1600,2-Car,No injury/unknown,FAILURE TO YIELD RIGHT OF WAY,GARRISON CHAPEL RD & GIFFORD,39.151552,-86.643504
2012,12,5,Weekday,1500,2-Car,No injury/unknown,LEFT OF CENTER,GIFFORD & S GARRISON CHAPEL RD,39.151552,-86.643504
2012,1,1,Weekend,300,1-Car,No injury/unknown,ANIMAL/OBJECT IN ROADWAY,SEWELL & SR46E,39.1515387,-86.38465412
2012,5,3,Weekday,1500,2-Car,No injury/unknown,FOLLOWING TOO CLOSELY,WALNUT ST & WILSON,39.15149018,-86.53369009
2012,5,2,Weekday,100,2-Car,No injury/unknown,OTHER (DRIVER) - EXPLAIN IN NARRATIVE,WASHINGTON ST & WILSON,39.15147867,-86.5324
2012,5,6,Weekday,1800,1-Car,Non-incapacitating,RAN OFF ROAD RIGHT,CAVE & W GIFFORD RD,39.15144,-86.6288
2012,6,7,Weekend,1100,2-Car,No injury/unknown,UNSAFE BACKING,WOODVIEW DR,39.15140152,-86.38205718
2012,12,3,Weekday,1600,1-Car,Non-incapacitating,ANIMAL/OBJECT IN ROADWAY,CURRY PIKE & GIFFORD,39.15138405,-86.58263973
2012,10,7,Weekend,100,Moped/Motorcycle,No injury/unknown,UNSAFE BACKING,LINCOLN ST,39.15137863,-86.53105163
2012,6,5,Weekday,2200,2-Car,No injury/unknown,FAILURE TO YIELD RIGHT OF WAY,GIFFORD RD & KIRBY,39.15134698,-86.61031799
2012,10,5,Weekday,1600,2-Car,No injury/unknown,DRIVER DISTRACTED - EXPLAIN IN NARRATIVE,ENDWRIGHT & GIFFORD RD,39.151344,-86.5964
2012,2,4,Weekday,1600,2-Car,No injury/unknown,DRIVER DISTRACTED - EXPLAIN IN NARRATIVE,W CONSTITUTION DR,39.15129371,-86.57996624
2012,12,3,Weekday,1800,2-Car,Incapacitating,FAILURE TO YIELD RIGHT OF WAY,CONSTITUTION & CURRY PIKE,39.15127024,-86.58262029
2012,10,3,Weekday,1600,2-Car,No injury/unknown,FAILURE TO YIELD RIGHT OF WAY,CONSTITUSION RD & CURRY,39.15127024,-86.58262029
2012,3,2,Weekday,600,1-Car,Incapacitating,UNSAFE SPEED,CLEVE BUTCHER & FAIRFAX RD,39.15125366,-86.49055011
2012,2,6,Weekday,600,2-Car,No injury/unknown,OTHER (DRIVER) - EXPLAIN IN NARRATIVE,S CLARIZZ BLVD,39.1509638,-86.49129711
2012,4,2,Weekday,1600,2-Car,No injury/unknown,OTHER (DRIVER) - EXPLAIN IN NARRATIVE,S CLARIZZ BLVD,39.1509638,-86.49129711
2012,5,4,Weekday,1700,2-Car,No injury/unknown,UNSAFE BACKING,S CLARIZZ BLVD,39.1509638,-86.49129711
2012,8,7,Weekend,100,2-Car,No injury/unknown,UNSAFE BACKING,S CLARRIZ BLVD,39.1509638,-86.49129711
2012,9,7,Weekend,900,1-Car,No injury/unknown,RAN OFF ROAD RIGHT,S FENBROOK LN,39.15096246,-86.48668974
2012,3,6,Weekday,1200,2-Car,Non-incapacitating,FOLLOWING TOO CLOSELY,BASSWOOD DR & COPPER BEACH,39.15072204,-86.57132685
2012,6,2,Weekday,1400,2-Car,Non-incapacitating,FAILURE TO YIELD RIGHT OF WAY,HILLSIDE DR & WOODLAWN,39.15072,-86.522496
2012,12,7,Weekend,1200,2-Car,No injury/unknown,FAILURE TO YIELD RIGHT OF WAY,E HILLSIDE DR & S WOODLAWN,39.15072,-86.522496
2012,9,2,Weekday,1400,3+ Cars,Non-incapacitating,FOLLOWING TOO CLOSELY,E HILLSIDE DR & HENDERSON,39.15067858,-86.52590322
2012,2,7,Weekend,1000,2-Car,No injury/unknown,SPEED TOO FAST FOR WEATHER CONDITIONS,HENDERSON & HILLSIDE DR,39.15064,-86.52696
2012,3,4,Weekday,1000,Bus,No injury/unknown,FAILURE TO YIELD RIGHT OF WAY,E HILLSIDE & S HENDERSON ST,39.15064,-86.52696
2012,5,2,Weekday,1600,2-Car,Non-incapacitating,FOLLOWING TOO CLOSELY,HENDERSON ST & HILLSIDE,39.15064,-86.52696
2012,4,3,Weekday,1800,2-Car,No injury/unknown,UNSAFE BACKING,HENDERSON & HILLSIDE DR,39.15064,-86.52696
2012,10,6,Weekday,1800,3+ Cars,Non-incapacitating,UNSAFE SPEED,HENDERSON & HILLSIDE DR,39.15064,-86.52696
2012,11,3,Weekday,600,2-Car,Non-incapacitating,OTHER (DRIVER) - EXPLAIN IN NARRATIVE,HENDERSON & HILLSIDE DR,39.15064,-86.52696
2012,11,3,Weekday,1300,Pedestrian,Non-incapacitating,PEDESTRIAN ACTION,HENDERSON & HILLSIDE DR,39.15064,-86.52696
2012,4,6,Weekday,1100,2-Car,No injury/unknown,FAILURE TO YIELD RIGHT OF WAY,E HILLSIDE ST,39.150608,-86.529104
2012,3,2,Weekday,1100,2-Car,No injury/unknown,UNSAFE BACKING,CURRY PIKE,39.15058963,-86.58256262
2012,7,6,Weekday,1700,2-Car,No injury/unknown,FOLLOWING TOO CLOSELY,HILLSIDE DR & MAXWELL,39.150576,-86.515088
2012,8,4,Weekday,1600,2-Car,No injury/unknown,FOLLOWING TOO CLOSELY,EAST HILLSIDE DR & SOUTH MAXWELL,39.150576,-86.515088
2012,10,2,Weekday,1700,2-Car,No injury/unknown,FOLLOWING TOO CLOSELY,ROGERS ST & WEST HILLSIDE,39.15057018,-86.53876014
2012,9,3,Weekday,1200,2-Car,No injury/unknown,FAILURE TO YIELD RIGHT OF WAY,HENDERSON & HILLSIDE DR,39.15056013,-86.52691014
2012,9,2,Weekday,1300,3+ Cars,No injury/unknown,FAILURE TO YIELD RIGHT OF WAY,HILLSIDE DR & WASHINGTON,39.15056,-86.5324
2012,10,6,Weekend,2100,2-Car,No injury/unknown,OTHER (DRIVER) - EXPLAIN IN NARRATIVE,EAST HILLSIDE DR,39.15056,-86.5324
2012,12,5,Weekday,1300,2-Car,No injury/unknown,FOLLOWING TOO CLOSELY,E HILLSIDE DR & NANCY,39.150544,-86.51144074
2012,9,4,Weekday,1100,2-Car,No injury/unknown,FOLLOWING TOO CLOSELY,E MOORES PIKE & HIGH,39.150544,-86.50652429
2012,4,7,Weekend,2100,2-Car,No injury/unknown,DISREGARD SIGNAL/REG SIGN,HILLSIDE & WALNUT ST,39.150544,-86.5336
2012,5,7,Weekend,700,2-Car,No injury/unknown,OTHER (DRIVER) - EXPLAIN IN NARRATIVE,HILLSIDE & WALNUT ST,39.150544,-86.5336
2012,9,3,Weekday,1500,2-Car,Non-incapacitating,FOLLOWING TOO CLOSELY,HILLSIDE & N WALNUT ST,39.150544,-86.5336
2012,9,7,Weekend,1200,2-Car,Non-incapacitating,FAILURE TO YIELD RIGHT OF WAY,HILLSIDE & S WALNUT ST,39.150544,-86.5336
2012,11,2,Weekday,1800,2-Car,Non-incapacitating,FAILURE TO YIELD RIGHT OF WAY,HILLSIDE & SOUTH WALNUT ST,39.150544,-86.5336
2012,12,1,Weekend,1700,2-Car,No injury/unknown,UNSAFE BACKING,E HILLSIDE DR,39.150544,-86.5136
2012,6,6,Weekday,900,2-Car,No injury/unknown,FAILURE TO YIELD RIGHT OF WAY,HILLSIDE DR & LONGWOOD,39.150544,-86.512592
2012,5,2,Weekday,1600,2-Car,No injury/unknown,DRIVER DISTRACTED - EXPLAIN IN NARRATIVE,E HILLSIDE DR & S NANCY,39.150544,-86.511088
2012,4,6,Weekday,1800,3+ Cars,Non-incapacitating,FOLLOWING TOO CLOSELY,CLIFTON & EAST HILLSIDE DR,39.150544,-86.5096
2012,5,5,Weekday,2100,1-Car,No injury/unknown,ANIMAL/OBJECT IN ROADWAY,CLIFTON & HILLSIDE DR,39.150544,-86.5096
2012,3,2,Weekday,1900,1-Car,No injury/unknown,ANIMAL/OBJECT IN ROADWAY,HIGH & HILLSIDE DR,39.150544,-86.508288
2012,4,3,Weekday,1600,2-Car,Incapacitating,FOLLOWING TOO CLOSELY,HIGH & MOORES PIKE,39.150544,-86.508288
2012,10,3,Weekday,1600,3+ Cars,Non-incapacitating,FOLLOWING TOO CLOSELY,E MOORES PIKE & S HIGH,39.150544,-86.508288
2012,10,3,Weekday,1800,3+ Cars,No injury/unknown,FOLLOWING TOO CLOSELY,E MOORES PIKE & VALLEY FORGE,39.150544,-86.502992
2012,7,5,Weekday,1700,2-Car,No injury/unknown,FOLLOWING TOO CLOSELY,HILLSIDE & WOODLAWN AVE,39.15052995,-86.52261994
2012,10,7,Weekend,1200,2-Car,No injury/unknown,FAILURE TO YIELD RIGHT OF WAY,HILLSIDE DR & WOODLAWN,39.15052995,-86.52261994
2012,11,7,Weekend,1500,2-Car,No injury/unknown,FAILURE TO YIELD RIGHT OF WAY,HILLSIDE & WALNUT ST,39.15051989,-86.53366997
2012,1,5,Weekday,2300,2-Car,No injury/unknown,LEFT OF CENTER,HILLSIDE DR & PALMER,39.15050983,-86.52924969
2012,8,2,Weekday,1500,3+ Cars,Non-incapacitating,FOLLOWING TOO CLOSELY,HILLSIDE DR & LONGWOOD,39.15050983,-86.5125402
2012,8,3,Weekday,1500,2-Car,Non-incapacitating,FOLLOWING TOO CLOSELY,HILLSIDE DR & NANCY,39.15050983,-86.51106894
2012,1,4,Weekday,1500,2-Car,No injury/unknown,BRAKE FAILURE OR DEFECTIVE,HILLSIDE DR & NANCY,39.15050983,-86.51106029
2012,12,4,Weekday,1300,2-Car,No injury/unknown,FOLLOWING TOO CLOSELY,HILLSIDE DR & NANCY,39.15050983,-86.51106029
2012,8,2,Weekday,1700,2-Car,No injury/unknown,CELL PHONE USAGE,CAPE COD & MOORES PIKE,39.15048972,-86.50665148
2012,1,5,Weekday,900,2-Car,No injury/unknown,UNSAFE BACKING,EAST HILLSIDE DR,39.15048838,-86.5229807
2012,8,2,Weekday,1400,2-Car,No injury/unknown,FOLLOWING TOO CLOSELY,COLLEGE MALL & MOORES PIKE,39.15048033,-86.49825006
2012,10,4,Weekday,700,1-Car,No injury/unknown,ANIMAL/OBJECT IN ROADWAY,MOORES PIKE & SARE,39.15046021,-86.49918877
2012,5,4,Weekday,1200,2-Car,Non-incapacitating,FOLLOWING TOO CLOSELY,E MOORES PIKE & S SARE,39.150448,-86.4992
2012,8,3,Weekday,1900,1-Car,No injury/unknown,ANIMAL/OBJECT IN ROADWAY,MOORES PIKE & SARE,39.150448,-86.49814178
2012,7,5,Weekday,1700,2-Car,No injury/unknown,FAILURE TO YIELD RIGHT OF WAY,COLLEGE MALL & E MOORES PIKE,39.150448,-86.498
2012,11,6,Weekday,700,2-Car,No injury/unknown,UNSAFE SPEED,COLLEGE MALL & MOORES PIKE,39.150448,-86.498
2012,9,5,Weekday,1500,2-Car,No injury/unknown,SPEED TOO FAST FOR WEATHER CONDITIONS,COLLEGE MALL & MOORES PIKE,39.15041557,-86.4969426
2012,5,6,Weekend,2100,Bus,No injury/unknown,UNSAFE LANE MOVEMENT,EAST 2ND & SOUTH COLLEGE MALL RD,39.15036682,-86.49772033