Year,Month,Day,Weekend?,Hour,Collision Type,Injury Type,Primary Factor,Reported_Location,Latitude,Longitude
2012,4,3,Weekday,1600,2-Car,No injury/unknown,FAILURE TO YIELD RIGHT OF WAY,EAST MOORES & SR446S,39.150352,-86.471296
2012,5,2,Weekday,2000,1-Car,No injury/unknown,UNSAFE SPEED,EAST MOORES & SR446N,39.150352,-86.471296
2012,5,7,Weekend,1500,2-Car,No injury/unknown,FAILURE TO YIELD RIGHT OF WAY,MOORES & SR446N,39.150352,-86.471296
2012,6,7,Weekend,1100,2-Car,No injury/unknown,FOLLOWING TOO CLOSELY,E MOORES PIKE & SR446,39.150352,-86.471296
2012,7,5,Weekday,100,1-Car,No injury/unknown,RAN OFF ROAD RIGHT,EAST MOORES & SR446N,39.15035024,-86.47138975
2012,8,2,Weekday,1700,2-Car,Non-incapacitating,FOLLOWING TOO CLOSELY,446 & MOORES PIKE,39.15035024,-86.47138975
2012,9,7,Weekend,1900,2-Car,No injury/unknown,FAILURE TO YIELD RIGHT OF WAY,MOORES & SR446S,39.15035024,-86.47138975
2012,12,5,Weekday,1800,2-Car,Non-incapacitating,FOLLOWING TOO CLOSELY,MOORES PIKE & SR446S,39.15035024,-86.47138975
2012,1,3,Weekday,1800,1-Car,No injury/unknown,ANIMAL/OBJECT IN ROADWAY,CLARIZZ & MOORES PIKE,39.15034018,-86.4913199
2012,1,2,Weekday,1700,3+ Cars,No injury/unknown,FAILURE TO YIELD RIGHT OF WAY,CARIZZ & MOORES PIKE,39.15034018,-86.4913199
2012,5,6,Weekday,1500,2-Car,No injury/unknown,FOLLOWING TOO CLOSELY,CLARIZZ BLVD & MOORES,39.15034018,-86.4913199
2012,3,7,Weekend,1300,1-Car,No injury/unknown,DRIVER DISTRACTED - EXPLAIN IN NARRATIVE,MOORES PIKE & WINGFIELD,39.15023021,-86.47827292
2012,4,6,Weekday,1500,Cyclist,No injury/unknown,FOLLOWING TOO CLOSELY,MOORES PIKE & SMITH,39.150224,-86.480464
2012,8,5,Weekday,1900,2-Car,Non-incapacitating,DISREGARD SIGNAL/REG SIGN,MOORES PIKE & SMITH,39.15022016,-86.48046031
2012,9,3,Weekday,700,Moped/Motorcycle,Fatal,FOLLOWING TOO CLOSELY,E MOORES PIKE & S OLCOTT,39.15018998,-86.4850007
2012,2,5,Weekday,1900,1-Car,Non-incapacitating,ANIMAL/OBJECT IN ROADWAY,MOORES PIKE & OLCOTT,39.15018998,-86.48498989
2012,5,6,Weekday,1600,2-Car,No injury/unknown,FAILURE TO YIELD RIGHT OF WAY,MOORES PIKE & OLCOTT,39.15018998,-86.48498989
2012,10,5,Weekday,1700,2-Car,No injury/unknown,FAILURE TO YIELD RIGHT OF WAY,E MOORES PIKE & S OLCOTT,39.15018998,-86.48498989
2012,12,6,Weekday,1000,2-Car,No injury/unknown,FOLLOWING TOO CLOSELY,MOORES PIKE & RENWICK,39.15013969,-86.50094032
2012,4,3,Weekday,100,1-Car,No injury/unknown,RAN OFF ROAD RIGHT,MOORES & SMITH RD,39.14994938,-86.48045809
2012,11,6,Weekday,1500,2-Car,No injury/unknown,FAILURE TO YIELD RIGHT OF WAY,SOUTHERN & WALNUT ST,39.14984,-86.533392
2012,12,6,Weekday,1400,Pedestrian,Non-incapacitating,PEDESTRIAN ACTION,S WALNUT ST & SOUTHERN,39.14984,-86.533392
2012,1,3,Weekday,1600,2-Car,No injury/unknown,UNSAFE BACKING,E SOUTHERN DR,39.14984,-86.53213111
2012,2,2,Weekday,1900,2-Car,No injury/unknown,OTHER (DRIVER) - EXPLAIN IN NARRATIVE,EAST SOUTHERN DR,39.14984,-86.52990593
2012,6,4,Weekday,1300,Moped/Motorcycle,Non-incapacitating,OVERCORRECTING/OVERSTEERING,E SUMMIT VIEW & S HENDERSON ST,39.14983448,-86.52695976
2012,2,3,Weekday,800,2-Car,No injury/unknown,UNSAFE BACKING,1602 S WALNUT ST ST,39.14982139,-86.53338645
2012,3,2,Weekday,400,1-Car,Non-incapacitating,SPEED TOO FAST FOR WEATHER CONDITIONS,BASSWOOD & BLOOMFIELD RD,39.14978027,-86.56897663
2012,1,4,Weekday,400,1-Car,No injury/unknown,RAN OFF ROAD RIGHT,BASSWOOD & BLOOMFIELD RD,39.14978027,-86.56891603
2012,5,1,Weekday,2100,2-Car,No injury/unknown,FAILURE TO YIELD RIGHT OF WAY,S BASSWOOD & W BLOOMFIELD RD,39.14978027,-86.56889006
2012,7,5,Weekday,1500,Moped/Motorcycle,Non-incapacitating,FOLLOWING TOO CLOSELY,BLOOMFIELD RD & OAKDALE,39.14978027,-86.56889006
2012,8,3,Weekday,1200,2-Car,No injury/unknown,FAILURE TO YIELD RIGHT OF WAY,S BASSWOOD & W BLOOMFIELD RD,39.14978027,-86.56889006
2012,11,1,Weekday,1900,2-Car,No injury/unknown,UNSAFE LANE MOVEMENT,BASSWOOD & BLOOMFIELD RD,39.14978027,-86.56889006
2012,12,3,Weekday,1500,2-Car,No injury/unknown,FOLLOWING TOO CLOSELY,BASSWOOD & BLOOMFIELD RD,39.14978027,-86.56889006
2012,4,5,Weekday,700,2-Car,No injury/unknown,FAILURE TO YIELD RIGHT OF WAY,SOUTHERN & WALNUT ST,39.14977022,-86.53350032
2012,7,4,Weekday,1700,Pedestrian,Non-incapacitating,FAILURE TO YIELD RIGHT OF WAY,SOUTHERN & WALNUT ST,39.14977022,-86.53350032
2012,2,7,Weekend,300,1-Car,Non-incapacitating,RAN OFF ROAD RIGHT,S ROGERS ST & W PATTERSON,39.14972778,-86.53881311
2012,4,2,Weekday,900,2-Car,No injury/unknown,FAILURE TO YIELD RIGHT OF WAY,PATTERSON & S ROGERS ST,39.14956157,-86.53875008
2012,1,5,Weekday,800,2-Car,No injury/unknown,FAILURE TO YIELD RIGHT OF WAY,CONSTITUTION AVENUE & LIBERTY DRIVE RD,39.149552,-86.575936
2012,7,2,Weekday,1200,2-Car,No injury/unknown,FOLLOWING TOO CLOSELY,CONSTITUTION & S LIBERTY DR,39.149552,-86.575936
2012,7,3,Weekday,1300,2-Car,No injury/unknown,FAILURE TO YIELD RIGHT OF WAY,CONSTITUTION & LIBERTY DR,39.149552,-86.575936
2012,8,6,Weekday,1100,2-Car,No injury/unknown,FOLLOWING TOO CLOSELY,CONSTITUTION & S LIBERTY DR,39.149552,-86.575936
2012,12,2,Weekday,1600,2-Car,Non-incapacitating,FAILURE TO YIELD RIGHT OF WAY,LIBERTY & S LIBERTY DR,39.149552,-86.575936
2012,12,3,Weekday,1200,2-Car,No injury/unknown,FAILURE TO YIELD RIGHT OF WAY,CONSTITUTION & S LIBERTY DR,39.149552,-86.575936
2012,12,7,Weekend,800,2-Car,No injury/unknown,UNSAFE BACKING,BLOOMFIELD RD,39.14936,-86.57008
2012,12,6,Weekday,1200,1-Car,No injury/unknown,RAN OFF ROAD RIGHT,SOUTH PIAZZA DR,39.14934777,-86.49972461
2012,6,5,Weekday,2300,2-Car,No injury/unknown,IMPROPER TURNING,HUNTINGTON & THORTON DR,39.14930016,-86.52083024
2012,8,6,Weekday,1400,2-Car,No injury/unknown,FOLLOWING TOO CLOSELY,CONSTITUTION & SOUTH LIBERTY DR,39.14927792,-86.57591316
2012,8,3,Weekday,1600,2-Car,No injury/unknown,FOLLOWING TOO CLOSELY,CONSTITUTION & LIBERTY DR,39.14927792,-86.57591316
2012,8,5,Weekday,100,2-Car,No injury/unknown,,S DORCHESTER DR,39.14920494,-86.51172213
2012,8,6,Weekday,900,2-Car,No injury/unknown,OTHER (DRIVER) - EXPLAIN IN NARRATIVE,SOUTH DORCHESTER DR,39.14920494,-86.51172213
2012,3,2,Weekday,700,Pedestrian,Non-incapacitating,PEDESTRIAN ACTION,1602 S WALNUT ST & VERMILYA,39.148928,-86.53312
2012,11,7,Weekend,1900,2-Car,No injury/unknown,IMPROPER TURNING,E VERMILYA AVE & S WALNUT,39.14891995,-86.53324015
2012,2,5,Weekday,1900,1-Car,No injury/unknown,TIRE FAILURE OR DEFECTIVE,E CATHCART & S SARE RD,39.14882004,-86.49905003
2012,10,3,Weekday,1200,2-Car,No injury/unknown,LEFT OF CENTER,BELLMEADE & LAMPKINS RIDGE RD,39.14874025,-86.45438651
2012,7,1,Weekday,2000,Moped/Motorcycle,Non-incapacitating,IMPROPER TURNING,S CURRY PIKE,39.1486247,-86.58267896
2012,3,6,Weekday,1700,2-Car,No injury/unknown,UNSAFE BACKING,BLOOMFIELD & OAKDALE DR,39.148544,-86.571504
2012,2,1,Weekend,1000,2-Car,No injury/unknown,FAILURE TO YIELD RIGHT OF WAY,BLOOMFIELD RD RD & OAKDALE DR,39.148544,-86.571504
2012,12,7,Weekend,1500,2-Car,No injury/unknown,FAILURE TO YIELD RIGHT OF WAY,BLOOMFIELD RD & OAKDALE,39.14849919,-86.57167071
2012,3,1,Weekend,900,2-Car,No injury/unknown,FAILURE TO YIELD RIGHT OF WAY,S SR 446,39.148464,-86.471256
2012,11,2,Weekday,1700,2-Car,Non-incapacitating,FOLLOWING TOO CLOSELY,SR 45 RD,39.148448,-86.573
2012,2,1,Weekend,1300,2-Car,No injury/unknown,IMPROPER LANE USAGE,COLLEGE MALL RD & THIRD,39.14837855,-86.49827018
2012,1,7,Weekend,1600,2-Car,No injury/unknown,SPEED TOO FAST FOR WEATHER CONDITIONS,HIGHLAND & THORTON DR,39.14827019,-86.51748881
2012,1,3,Weekday,1800,2-Car,No injury/unknown,FAILURE TO YIELD RIGHT OF WAY,BLOOMFIELD RD & SR37,39.14823363,-86.57265858
2012,5,3,Weekday,2000,1-Car,No injury/unknown,OTHER (DRIVER) - EXPLAIN IN NARRATIVE,S WILTON DR,39.14818514,-86.511792
2012,8,3,Weekday,1000,2-Car,No injury/unknown,FOLLOWING TOO CLOSELY,CONSTITUTION & S LIBERTY DR,39.14818059,-86.57595154
2012,1,5,Weekday,1300,3+ Cars,No injury/unknown,FOLLOWING TOO CLOSELY,BLOOMFIELD RD & SR37N,39.148144,-86.572992
2012,3,6,Weekday,1100,1-Car,Non-incapacitating,RAN OFF ROAD RIGHT,9449 WEST 46 & SR46W,39.148144,-86.572992
2012,1,4,Weekday,1700,2-Car,Non-incapacitating,FOLLOWING TOO CLOSELY,BLOOMFIELD & SR37N,39.148144,-86.572992
2012,2,4,Weekday,1300,2-Car,No injury/unknown,FOLLOWING TOO CLOSELY,BLOOMFIELD & STATE ROAD 37 RAMP,39.148144,-86.572992
2012,2,6,Weekday,1300,2-Car,No injury/unknown,TIRE FAILURE OR DEFECTIVE,BLOOMFIELD RD & SR37N,39.148144,-86.572992
2012,4,4,Weekday,1600,2-Car,Non-incapacitating,FOLLOWING TOO CLOSELY,BLOOMFIELD RD & SR37,39.148144,-86.572992
2012,4,6,Weekday,1100,2-Car,No injury/unknown,OTHER (DRIVER) - EXPLAIN IN NARRATIVE,SR37 & STATE ROAD 45 RD,39.148144,-86.572992
2012,4,7,Weekend,1400,2-Car,No injury/unknown,DISREGARD SIGNAL/REG SIGN,BLOOMFIELD & SR37S,39.148144,-86.572992
2012,5,6,Weekday,1500,2-Car,No injury/unknown,FOLLOWING TOO CLOSELY,SR37 & SR45W,39.148144,-86.572992
2012,7,5,Weekday,1900,2-Car,Non-incapacitating,FAILURE TO YIELD RIGHT OF WAY,SR37 & SR45E,39.148144,-86.572992
2012,6,6,Weekday,700,2-Car,Non-incapacitating,FOLLOWING TOO CLOSELY,SR37S & SR45W,39.148144,-86.572992
2012,6,6,Weekday,1200,2-Car,No injury/unknown,FOLLOWING TOO CLOSELY,SR37 & W BLOOMFIELD RD,39.148144,-86.572992
2012,6,6,Weekday,1800,2-Car,Non-incapacitating,FOLLOWING TOO CLOSELY,SR37 & SR45E,39.148144,-86.572992
2012,8,7,Weekend,1400,2-Car,No injury/unknown,FAILURE TO YIELD RIGHT OF WAY,BLOOMFIELD RD & SR37N,39.148144,-86.572992
2012,8,3,Weekday,1800,2-Car,No injury/unknown,FAILURE TO YIELD RIGHT OF WAY,SR37N & W BLOOMFIELD RD,39.148144,-86.572992
2012,8,3,Weekday,1500,2-Car,No injury/unknown,UNSAFE LANE MOVEMENT,BLOOMFIELD RD & SR37N,39.148144,-86.572992
2012,9,2,Weekday,1500,2-Car,No injury/unknown,FOLLOWING TOO CLOSELY,BLOOMFIELD RD & SR45,39.148144,-86.572992
2012,11,4,Weekday,1600,2-Car,Non-incapacitating,DISREGARD SIGNAL/REG SIGN,BLOOMFIELD RD & SR3715,39.148144,-86.572992
2012,12,7,Weekend,1200,2-Car,No injury/unknown,FOLLOWING TOO CLOSELY,SR37S & SR45W,39.148144,-86.572992
2012,10,1,Weekday,2100,1-Car,No injury/unknown,OVERCORRECTING/OVERSTEERING,E LAMPKINS RIDGE RD & S BELLEMEADE,39.14800381,-86.4490069
2012,11,6,Weekday,1500,2-Car,No injury/unknown,FOLLOWING TOO CLOSELY,HILLSIDE & ROGERS ST,39.14789704,-86.53869304
2012,4,6,Weekday,1100,Moped/Motorcycle,No injury/unknown,OTHER (DRIVER) - EXPLAIN IN NARRATIVE,INNOVATION CT & VERNAL,39.14778453,-86.5948002
2012,2,4,Weekday,1000,2-Car,Non-incapacitating,LEFT OF CENTER,LEONARD SPRINGS & SR45W,39.14776038,-86.57428005
2012,6,3,Weekday,1900,2-Car,Non-incapacitating,FOLLOWING TOO CLOSELY,BLOOMFIELD RD & SR37,39.14773506,-86.57308102
2012,6,3,Weekday,1500,2-Car,Non-incapacitating,UNSAFE LANE MOVEMENT,SR37S & W 2ND,39.14773506,-86.57295227
2012,6,5,Weekday,1600,2-Car,No injury/unknown,FAILURE TO YIELD RIGHT OF WAY,STATE ROAD 45 WEST BLOOMFIELD RD & WALMART,39.14768705,-86.57294151
2012,3,4,Weekday,800,2-Car,No injury/unknown,DRIVER DISTRACTED - EXPLAIN IN NARRATIVE,CLARIZZ BLVD & WILLMINGTON,39.14756885,-86.49082973
2012,12,2,Weekday,1300,2-Car,No injury/unknown,OTHER (DRIVER) - EXPLAIN IN NARRATIVE,SR 37 SOUTH RAMP & W BLOOMFIELD,39.14755997,-86.57323676
2012,7,2,Weekday,1400,2-Car,No injury/unknown,FOLLOWING TOO CLOSELY,BLOOMFIELD RD & SR37,39.1475299,-86.57295025
2012,8,6,Weekend,2200,3+ Cars,No injury/unknown,FOLLOWING TOO CLOSELY,BLOOMFIELD RD & SR 37,39.1475299,-86.57295025
2012,11,4,Weekday,1500,2-Car,No injury/unknown,LEFT OF CENTER,LEONARD SPRINGS RD & TAPP,39.14739684,-86.58261023
2012,8,5,Weekday,1700,2-Car,Non-incapacitating,FOLLOWING TOO CLOSELY,RAMP 15 & W BLOOMFIELD ST,39.14736064,-86.57355309
2012,12,4,Weekday,1400,Cyclist,No injury/unknown,FAILURE TO YIELD RIGHT OF WAY,SOUTH WALNUT ST,39.14734171,-86.53265829
2012,4,4,Weekday,900,2-Car,No injury/unknown,UNSAFE BACKING,S BIRCH LN,39.14728047,-86.56919577
2012,7,5,Weekday,2300,2-Car,No injury/unknown,IMPROPER PASSING,W ROLL AVE,39.14727911,-86.58099554
2012,1,6,Weekday,1700,2-Car,Non-incapacitating,FOLLOWING TOO CLOSELY,CURRY PIKE & ROLL,39.14719999,-86.58259011
2012,2,7,Weekend,1400,2-Car,No injury/unknown,FOLLOWING TOO CLOSELY,CURRY PIKE & ROLL,39.14719999,-86.58259011
2012,8,4,Weekday,1100,Moped/Motorcycle,Incapacitating,OTHER (DRIVER) - EXPLAIN IN NARRATIVE,CURRY PIKE & ROLL,39.14719999,-86.58259011
2012,1,3,Weekday,800,2-Car,No injury/unknown,FAILURE TO YIELD RIGHT OF WAY,E MILLER DR & S HENDERSON,39.147152,-86.526896
2012,6,5,Weekday,0,2-Car,No injury/unknown,UNSAFE BACKING,E MILLER DR,39.14713279,-86.5274177
2012,6,4,Weekday,700,Moped/Motorcycle,Non-incapacitating,VIEW OBSTRUCTED,E MELROSE AVE,39.14709603,-86.52841574
2012,3,2,Weekday,2200,1-Car,No injury/unknown,RAN OFF ROAD RIGHT,MILLER DR,39.14704308,-86.52681022
2012,3,1,Weekend,1000,Moped/Motorcycle,Non-incapacitating,OTHER (DRIVER) - EXPLAIN IN NARRATIVE,S ROGERS ST,39.146992,-86.5388
2012,12,7,Weekend,1500,Pedestrian,Non-incapacitating,DISREGARD SIGNAL/REG SIGN,HIGHLAND & MILLER DR,39.146992,-86.517392
2012,1,4,Weekday,1800,2-Car,No injury/unknown,FOLLOWING TOO CLOSELY,MILLER & WALNUT ST,39.146944,-86.532544
2012,5,2,Weekday,1600,Bus,No injury/unknown,IMPROPER PASSING,E MILLER & S WALNUT ST,39.146944,-86.532544
2012,8,7,Weekend,2200,2-Car,No injury/unknown,UNSAFE BACKING,E MILLER DR,39.146944,-86.532544
2012,9,4,Weekday,800,2-Car,No injury/unknown,FAILURE TO YIELD RIGHT OF WAY,MILLER & S WALNUT ST,39.146944,-86.532544
2012,10,1,Weekend,1400,2-Car,No injury/unknown,FAILURE TO YIELD RIGHT OF WAY,MILLER & WALNUT ST,39.146944,-86.532544
2012,9,5,Weekday,800,Pedestrian,Non-incapacitating,PEDESTRIAN ACTION,HENDERSON & MILLER DR,39.14691031,-86.52693025
2012,9,4,Weekday,1400,2-Car,Non-incapacitating,FAILURE TO YIELD RIGHT OF WAY,E MILLER & S WALNUT ST,39.14689019,-86.53265006
2012,12,3,Weekday,1400,2-Car,No injury/unknown,UNSAFE LANE MOVEMENT,MILLER & WALNUT ST,39.14689019,-86.53265006
2012,10,5,Weekday,800,Bus,No injury/unknown,FAILURE TO YIELD RIGHT OF WAY,HUNTINGTON & MILLER DR,39.14686002,-86.5208403
2012,2,4,Weekday,1900,2-Car,No injury/unknown,FOLLOWING TOO CLOSELY,MAXWELL & MILLER DR,39.14680973,-86.51504424
2012,5,5,Weekday,1500,2-Car,No injury/unknown,UNSAFE LANE MOVEMENT,SR37S & SR45W,39.14661715,-86.57467102
2012,12,2,Weekday,1400,Bus,No injury/unknown,FAILURE TO YIELD RIGHT OF WAY,WALNUT ST & WINSLOW,39.14653696,-86.5311098
2012,4,2,Weekday,2100,2-Car,No injury/unknown,FOLLOWING TOO CLOSELY,ROCKPORT & ROGERS ST,39.146448,-86.5388
2012,7,4,Weekday,1700,2-Car,No injury/unknown,FAILURE TO YIELD RIGHT OF WAY,HIGH ST & QUEENS,39.14642014,-86.50834992
2012,2,3,Weekday,700,1-Car,No injury/unknown,SPEED TOO FAST FOR WEATHER CONDITIONS,BASSWOOPD DR DR & COPPER BEECH DR,39.14611801,-86.57108008
2012,10,6,Weekday,1300,2-Car,No injury/unknown,UNSAFE LANE MOVEMENT,LIBERTY & SR45,39.14609163,-86.57574127
2012,5,6,Weekday,1100,2-Car,No injury/unknown,UNSAFE BACKING,SOUTH WALNUT ST,39.14609156,-86.53228889
2012,10,4,Weekday,800,1-Car,Incapacitating,RAN OFF ROAD RIGHT,1232 GARRISON CHAPEL RD & GIFFORD,39.14606696,-86.64312008
2012,2,7,Weekend,2000,2-Car,No injury/unknown,FOLLOWING TOO CLOSELY,2ND ST & 37,39.146014,-86.575846
2012,8,2,Weekday,600,Moped/Motorcycle,Non-incapacitating,FAILURE TO YIELD RIGHT OF WAY,CURRY PIKE & WOODLYN,39.145856,-86.582592
2012,5,4,Weekday,800,2-Car,No injury/unknown,FOLLOWING TOO CLOSELY,S WALNUT ST,39.145848,-86.532216
2012,7,6,Weekday,1700,2-Car,No injury/unknown,UNSAFE BACKING,SOUTH WALNUT ST,39.145848,-86.532216
2012,4,6,Weekday,1600,2-Car,No injury/unknown,FOLLOWING TOO CLOSELY,LIBERTY & W SR 45 HWY,39.14579957,-86.57646028
2012,3,4,Weekday,2000,2-Car,No injury/unknown,UNSAFE LANE MOVEMENT,LIBERTY & SR45W,39.14563768,-86.57674521
2012,7,5,Weekday,1600,3+ Cars,Non-incapacitating,FAILURE TO YIELD RIGHT OF WAY,BLOOMFIELD & S LIBERTY DR,39.14531378,-86.57803237
2012,1,3,Weekday,1000,2-Car,No injury/unknown,,LIBERTY DR DR,39.145264,-86.577616
2012,1,2,Weekday,1400,1-Car,No injury/unknown,IMPROPER LANE USAGE,LIBERTY DR,39.145264,-86.577616
2012,3,7,Weekend,2100,3+ Cars,No injury/unknown,UNSAFE BACKING,S LIBERTY DR,39.145264,-86.577616
2012,5,3,Weekday,1600,2-Car,No injury/unknown,UNSAFE BACKING,SOUTH LIBERTY DR,39.145264,-86.577616
2012,5,5,Weekday,1200,2-Car,No injury/unknown,FAILURE TO YIELD RIGHT OF WAY,LIBERTY DR,39.145264,-86.577616
2012,6,2,Weekday,100,Moped/Motorcycle,Non-incapacitating,UNSAFE SPEED,LIBERTY DR,39.145264,-86.577616
2012,6,3,Weekday,2200,2-Car,Non-incapacitating,UNSAFE BACKING,S LIBERTY DR,39.145264,-86.577616
2012,6,1,Weekend,1700,2-Car,No injury/unknown,UNSAFE BACKING,LIBERTY DR,39.145264,-86.577616
2012,8,7,Weekend,1900,2-Car,No injury/unknown,UNSAFE BACKING,LIBERTY DR,39.145264,-86.577616
2012,10,6,Weekend,1900,2-Car,No injury/unknown,,S LIBERTY DR,39.145264,-86.577616
2012,11,6,Weekday,900,2-Car,No injury/unknown,OTHER (DRIVER) - EXPLAIN IN NARRATIVE,SOUTH LIBERTY DR,39.145264,-86.577616
2012,12,2,Weekday,800,2-Car,No injury/unknown,,S LIBERTY DR,39.145264,-86.577616
2012,7,3,Weekday,1700,1-Car,No injury/unknown,OTHER (VEHICLE) - EXPLAIN IN NARRATIVE,45 & LIBERTY DR,39.14515902,-86.57793328
2012,7,3,Weekday,700,2-Car,No injury/unknown,FAILURE TO YIELD RIGHT OF WAY,NORTH & S WALNUT ST,39.14515324,-86.53200808
2012,1,6,Weekday,1300,2-Car,No injury/unknown,FAILURE TO YIELD RIGHT OF WAY,LIBERTY & SR45W,39.145152,-86.5776
2012,2,4,Weekday,1600,2-Car,No injury/unknown,UNSAFE LANE MOVEMENT,LIBERTY & STATE ROAD 45 RD,39.145152,-86.5776
2012,3,7,Weekend,1100,2-Car,Non-incapacitating,FAILURE TO YIELD RIGHT OF WAY,LIBERTY & SR45W,39.145152,-86.5776
2012,6,5,Weekday,1000,2-Car,No injury/unknown,FAILURE TO YIELD RIGHT OF WAY,S LIBERTY DR & SR45,39.145152,-86.5776
2012,12,3,Weekday,1300,2-Car,No injury/unknown,SPEED TOO FAST FOR WEATHER CONDITIONS,S LIBERTY DR & SR45W,39.145152,-86.5776
2012,12,6,Weekday,700,2-Car,No injury/unknown,FAILURE TO YIELD RIGHT OF WAY,LIBERTY & W ST RD 45 HWY,39.145152,-86.5776
2012,6,2,Weekday,1100,2-Car,No injury/unknown,SPEED TOO FAST FOR WEATHER CONDITIONS,10TH & JORDAN AVE,39.14514916,-86.51566028
2012,8,6,Weekday,1600,1-Car,No injury/unknown,IMPROPER LANE USAGE,CARDINAL GLEN & WALNUT STREET PIKE,39.14508199,-86.52653999
2012,11,3,Weekday,1000,2-Car,No injury/unknown,FAILURE TO YIELD RIGHT OF WAY,GUY & ROCKPORT RD,39.14504,-86.54
2012,10,6,Weekday,1200,2-Car,No injury/unknown,FOLLOWING TOO CLOSELY,S LIBERTY & W 2ND ST,39.14502123,-86.57776834
2012,7,2,Weekday,1700,3+ Cars,No injury/unknown,FOLLOWING TOO CLOSELY,LIBERTY & SR45E,39.14502002,-86.5777875
2012,7,4,Weekday,1400,2-Car,No injury/unknown,FOLLOWING TOO CLOSELY,LIBERTY & SR45E,39.14502002,-86.57777884
2012,8,3,Weekday,1100,2-Car,No injury/unknown,FOLLOWING TOO CLOSELY,LIBERTY & SR45W,39.14502002,-86.57777018
2012,3,2,Weekday,1100,2-Car,Non-incapacitating,DRIVER DISTRACTED - EXPLAIN IN NARRATIVE,2ND & PATTERSON ST,39.14488973,-86.54850997
2012,5,6,Weekday,1500,2-Car,No injury/unknown,FOLLOWING TOO CLOSELY,EAST NORTH & SOUTH HENDERSON ST,39.144848,-86.526848
2012,11,5,Weekday,1900,2-Car,Non-incapacitating,FAILURE TO YIELD RIGHT OF WAY,NORTH & S HENDERSON ST,39.144848,-86.526848
2012,3,2,Weekday,1500,3+ Cars,Non-incapacitating,FOLLOWING TOO CLOSELY,E NORTH & S WALNUT ST,39.144752,-86.531888
2012,3,2,Weekday,1200,2-Car,No injury/unknown,FAILURE TO YIELD RIGHT OF WAY,NORTH & S WALNUT ST,39.144752,-86.531888
2012,4,7,Weekend,1400,2-Car,No injury/unknown,SPEED TOO FAST FOR WEATHER CONDITIONS,NORTH & S WALNUT ST,39.144752,-86.531888
2012,5,5,Weekday,1900,2-Car,No injury/unknown,FAILURE TO YIELD RIGHT OF WAY,NORTH & WALNUT ST,39.144752,-86.531888
2012,5,2,Weekday,1800,3+ Cars,Non-incapacitating,FOLLOWING TOO CLOSELY,NORTH & S WALNUT ST,39.144752,-86.531888
2012,11,3,Weekday,1800,1-Car,No injury/unknown,IMPROPER TURNING,NORTH & SOUTH WALNUT ST,39.144752,-86.531888
2012,4,1,Weekend,1400,2-Car,No injury/unknown,UNSAFE LANE MOVEMENT,SR37S & VERNAL,39.14472727,-86.56233005
2012,7,5,Weekday,1400,2-Car,Non-incapacitating,FAILURE TO YIELD RIGHT OF WAY,HENDERSON ST & SUMMIT VIEW,39.14454997,-86.52695976
2012,10,4,Weekday,1400,Pedestrian,Non-incapacitating,FAILURE TO YIELD RIGHT OF WAY,HENDERSON & SUMMIT VIEW PL,39.14454997,-86.52695976
2012,5,2,Weekday,1700,2-Car,No injury/unknown,UNSAFE BACKING,EAST KERI MARIE LN,39.14445341,-86.52036957
2012,6,5,Weekday,900,2-Car,Non-incapacitating,FOLLOWING TOO CLOSELY,HENDERSON ST & NORTH,39.14429874,-86.52683825
2012,10,5,Weekday,2100,2-Car,No injury/unknown,FAILURE TO YIELD RIGHT OF WAY,HAWKSMOORE DR & RAILWAY,39.14422005,-86.50152973
2012,4,2,Weekday,1700,1-Car,No injury/unknown,OTHER (ENVIRONMENTAL) - EXPLAIN IN NARR,E MOORES & S SARE RD,39.14411784,-86.49918012
2012,10,6,Weekday,1400,2-Car,No injury/unknown,FOLLOWING TOO CLOSELY,NORTH & WALNUT ST,39.14411008,-86.53180986
2012,12,3,Weekday,1200,2-Car,No injury/unknown,FOLLOWING TOO CLOSELY,NORTH DR & WALNUT,39.14411008,-86.53180986
2012,7,6,Weekday,1400,3+ Cars,No injury/unknown,FOLLOWING TOO CLOSELY,CURRY PIKE & INDUSTRIAL,39.14392971,-86.58262029
2012,4,2,Weekday,1300,2-Car,No injury/unknown,FAILURE TO YIELD RIGHT OF WAY,CURRY PIKE & INDUSTRIAL,39.143808,-86.582592
2012,7,7,Weekend,1400,2-Car,No injury/unknown,OTHER (DRIVER) - EXPLAIN IN NARRATIVE,CURRY PIKE PIKE & INDUSTRIAL,39.143808,-86.582592
2012,8,2,Weekday,600,2-Car,Non-incapacitating,DRIVER DISTRACTED - EXPLAIN IN NARRATIVE,INDUSTRIAL & S CURRY PIKE,39.143808,-86.582592
2012,7,2,Weekday,1500,3+ Cars,No injury/unknown,DRIVER DISTRACTED - EXPLAIN IN NARRATIVE,INDUSTRIAL & S CURRY PIKE,39.14371187,-86.582592