Year,Month,Day,Weekend?,Hour,Collision Type,Injury Type,Primary Factor,Reported_Location,Latitude,Longitude
2012,5,2,Weekday,700,3+ Cars,No injury/unknown,FOLLOWING TOO CLOSELY,VERMILYA & WALNUT ST,39.14363485,-86.53324015
2012,8,2,Weekday,1600,2-Car,No injury/unknown,DRIVER DISTRACTED - EXPLAIN IN NARRATIVE,INDUSTRIAL & SR45W,39.14359979,-86.58031889
2012,3,7,Weekend,2200,2-Car,Non-incapacitating,DISREGARD SIGNAL/REG SIGN,INDUSTRIAL & SR45W,39.14359979,-86.58031024
2012,10,7,Weekend,1700,2-Car,Non-incapacitating,FAILURE TO YIELD RIGHT OF WAY,SR45W & WEST INDUSTRIAL,39.14359979,-86.58031024
2012,10,7,Weekend,2200,2-Car,Non-incapacitating,OTHER (DRIVER) - EXPLAIN IN NARRATIVE,SR45W & W INDUSTRIAL,39.14359979,-86.58031024
2012,3,6,Weekday,1200,3+ Cars,Non-incapacitating,FOLLOWING TOO CLOSELY,INDUSTRIAL & SR45E,39.143552,-86.580528
2012,7,2,Weekday,1700,2-Car,No injury/unknown,FAILURE TO YIELD RIGHT OF WAY,INDUSTRIAL & WEST 45 HWY,39.143552,-86.580528
2012,7,2,Weekday,1900,2-Car,No injury/unknown,FOLLOWING TOO CLOSELY,INDUSTRIAL & SR 45 RD,39.143552,-86.580528
2012,6,6,Weekday,1800,Pedestrian,Non-incapacitating,FAILURE TO YIELD RIGHT OF WAY,COUNTRYSIDE & ROCKPORT RD,39.14339997,-86.54181987
2012,2,6,Weekday,1600,2-Car,No injury/unknown,UNSAFE BACKING,MITCHELL & THIRD ST,39.14310143,-86.51422999
2012,9,1,Weekend,1000,2-Car,No injury/unknown,UNSAFE BACKING,1226 W COUNTRYSIDE LN & PEOPLES,39.142902,-86.54795236
2012,11,3,Weekday,1500,2-Car,No injury/unknown,UNSAFE BACKING,SOUTH WALNUT ST,39.142555,-86.531238
2012,3,4,Weekday,1600,2-Car,Non-incapacitating,FOLLOWING TOO CLOSELY,3RD ST & PATTERSON DR,39.14229184,-86.55128002
2012,8,6,Weekend,2200,2-Car,No injury/unknown,UNSAFE BACKING,WALNUT ST,39.142217,-86.531138
2012,1,6,Weekday,1300,2-Car,No injury/unknown,FAILURE TO YIELD RIGHT OF WAY,LEONARD SPRINGS & SR45W,39.142048,-86.582592
2012,2,6,Weekday,1600,2-Car,No injury/unknown,FOLLOWING TOO CLOSELY,LEONARD SPRINGS RD & SR45,39.142048,-86.582592
2012,2,6,Weekday,400,2-Car,Non-incapacitating,DISREGARD SIGNAL/REG SIGN,CURRY & SR45E,39.142048,-86.582592
2012,3,4,Weekday,700,2-Car,No injury/unknown,FAILURE TO YIELD RIGHT OF WAY,LEONARD SPRINGS RD & SR45E,39.142048,-86.582592
2012,4,5,Weekday,1700,2-Car,No injury/unknown,FAILURE TO YIELD RIGHT OF WAY,S LEONARD SPRINGS RD & SR45W,39.142048,-86.582592
2012,4,5,Weekday,1800,Bus,No injury/unknown,IMPROPER TURNING,CURRY & SR45E,39.142048,-86.582592
2012,4,5,Weekday,2000,2-Car,No injury/unknown,FAILURE TO YIELD RIGHT OF WAY,CURRY & SR45W,39.142048,-86.582592
2012,4,5,Weekday,1600,2-Car,No injury/unknown,FAILURE TO YIELD RIGHT OF WAY,SOUTH LEONARD SPRINGS & SR45W,39.142048,-86.582592
2012,7,7,Weekend,1100,2-Car,Non-incapacitating,DRIVER DISTRACTED - EXPLAIN IN NARRATIVE,CURRY & SR45W,39.142048,-86.582592
2012,9,6,Weekday,1400,2-Car,No injury/unknown,UNSAFE BACKING,CURRY PIKE & SR45W,39.142048,-86.582592
2012,9,7,Weekend,1100,Moped/Motorcycle,Non-incapacitating,IMPROPER PASSING,LEONARD SPRINGS & W SR 45 HWY,39.142048,-86.582592
2012,10,1,Weekend,1100,2-Car,Non-incapacitating,FAILURE TO YIELD RIGHT OF WAY,LEONARD SPRINGS & SR45E,39.142048,-86.582592
2012,10,3,Weekday,800,2-Car,No injury/unknown,OTHER (DRIVER) - EXPLAIN IN NARRATIVE,LEONARD SPRINGS & SR45W,39.142048,-86.582592
2012,4,5,Weekday,1600,2-Car,No injury/unknown,FAILURE TO YIELD RIGHT OF WAY,S WALNUT ST & SOUTH,39.142048,-86.531088
2012,5,7,Weekend,1700,2-Car,Non-incapacitating,FOLLOWING TOO CLOSELY,S WALNUT ST & SOUTH,39.142048,-86.531088
2012,7,7,Weekend,1900,2-Car,Non-incapacitating,FOLLOWING TOO CLOSELY,CURRY & SR 45 RD,39.14195023,-86.58260743
2012,9,5,Weekday,1600,2-Car,Non-incapacitating,LEFT OF CENTER,LEONARD SPRINGS RD & SR 45,39.14195023,-86.58259011
2012,9,3,Weekday,2000,2-Car,No injury/unknown,FAILURE TO YIELD RIGHT OF WAY,CURRY & SR45W,39.14195023,-86.58259011
2012,8,6,Weekday,700,2-Car,No injury/unknown,IMPROPER PASSING,LEONARD SPRINGS & SR45W,39.14195023,-86.58257972
2012,5,4,Weekday,800,2-Car,No injury/unknown,FAILURE TO YIELD RIGHT OF WAY,CURRY & SR45W,39.14195023,-86.58256414
2012,10,4,Weekday,2100,3+ Cars,Non-incapacitating,DRIVER DISTRACTED - EXPLAIN IN NARRATIVE,LEONARD SPRINGS & SR45W,39.14195023,-86.58254682
2012,7,1,Weekend,1500,Moped/Motorcycle,Non-incapacitating,FAILURE TO YIELD RIGHT OF WAY,LEONARD SPRINGS & SR45E,39.14190066,-86.5828886
2012,1,3,Weekday,1600,2-Car,No injury/unknown,UNSAFE BACKING,DUNN ST & SMITH,39.14166186,-86.52843028
2012,2,7,Weekend,1900,2-Car,No injury/unknown,LEFT OF CENTER,S GARRISON CHAPEL RD & SPICER,39.141648,-86.6428
2012,3,1,Weekend,1800,Moped/Motorcycle,No injury/unknown,OTHER (ENVIRONMENTAL) - EXPLAIN IN NARR,S GARRISON CHAPEL RD & SPICER,39.141648,-86.6428
2012,10,6,Weekend,2100,1-Car,No injury/unknown,ROADWAY SURFACE CONDITION,ENDWRIGHT RD & WENDYS,39.14153958,-86.5963441
2012,7,3,Weekday,1700,2-Car,No injury/unknown,OTHER (DRIVER) - EXPLAIN IN NARRATIVE,CURRY & SR45W,39.14145928,-86.58418054
2012,11,3,Weekday,1900,1-Car,No injury/unknown,ANIMAL/OBJECT IN ROADWAY,CURRY & SR45,39.14145928,-86.58418054
2012,4,1,Weekend,1500,2-Car,No injury/unknown,UNSAFE BACKING,SOUTH LEONARD SPRINGS RD,39.14130718,-86.58264778
2012,6,6,Weekday,1100,2-Car,No injury/unknown,ENGINE FAILURE OR DEFECTIVE,SOUTH LEONARD SPRINGS RD,39.14130718,-86.58264778
2012,7,7,Weekend,400,2-Car,No injury/unknown,OVERCORRECTING/OVERSTEERING,S FORD AVE & W COOLIDGE,39.14128587,-86.54106947
2012,5,5,Weekday,1200,2-Car,No injury/unknown,FAILURE TO YIELD RIGHT OF WAY,CURRY & SR45W,39.14121185,-86.58422591
2012,3,4,Weekday,1500,2-Car,No injury/unknown,UNSAFE BACKING,E KRISTEN CT & S FORRESTER,39.14108992,-86.49248701
2012,12,4,Weekday,800,2-Car,No injury/unknown,LEFT OF CENTER,BENT TREE DR & WYLIE FARM,39.14107986,-86.52172006
2012,10,3,Weekday,1300,2-Car,No injury/unknown,BRAKE FAILURE OR DEFECTIVE,SOUTH LEONARD SPRINGS RD,39.14107513,-86.58297729
2012,10,5,Weekday,1800,2-Car,No injury/unknown,FAILURE TO YIELD RIGHT OF WAY,10TH & SMITH RD,39.14095043,-86.48266978
2012,7,6,Weekday,1300,2-Car,No injury/unknown,FOLLOWING TOO CLOSELY,LEONARD SPRINGS & SR45W,39.14090754,-86.58579544
2012,6,2,Weekday,2200,2-Car,Non-incapacitating,UNSAFE SPEED,S OLD ST RD 37 RD & WAYSIDE,39.14085811,-86.53117015
2012,3,5,Weekday,900,2-Car,No injury/unknown,UNSAFE LANE MOVEMENT,ELLIS & SR37S,39.14052448,-86.53258033
2012,7,6,Weekday,1700,2-Car,Non-incapacitating,UNSAFE LANE MOVEMENT,ELLIS & SR37N,39.14052448,-86.53258033
2012,10,2,Weekday,1700,3+ Cars,Non-incapacitating,FAILURE TO YIELD RIGHT OF WAY,LENARD SPRINGS RD & WALNUT LEAF,39.140352,-86.582576
2012,3,3,Weekday,1500,Moped/Motorcycle,Non-incapacitating,ANIMAL/OBJECT IN ROADWAY,2ND & ROGERS ST,39.14025312,-86.53867028
2012,9,6,Weekday,1200,2-Car,No injury/unknown,FAILURE TO YIELD RIGHT OF WAY,SO COLLEGE AVE & W 2ND,39.14023137,-86.53492981
2012,11,6,Weekday,1400,2-Car,No injury/unknown,DISREGARD SIGNAL/REG SIGN,S ROCKPORT RD & W GRAHAM,39.140144,-86.54496
2012,3,6,Weekday,200,1-Car,No injury/unknown,RAN OFF ROAD RIGHT,S BANTA & W GRAHAM DR,39.140144,-86.544688
2012,9,5,Weekday,1300,2-Car,No injury/unknown,FOLLOWING TOO CLOSELY,S MEADOW CREEK & S SARE RD,39.14010455,-86.49999015
2012,3,3,Weekday,1800,2-Car,No injury/unknown,UNSAFE BACKING,MULBERRY LN & OLCOTT,39.14003983,-86.49072982
2012,5,7,Weekend,1000,1-Car,No injury/unknown,UNSAFE SPEED,BANTA & GRAHAM DR,39.13996004,-86.54481992
2012,9,2,Weekday,1500,2-Car,No injury/unknown,IMPROPER PASSING,10TH & UNION ST,39.1398208,-86.5094503
2012,1,4,Weekday,1800,2-Car,Non-incapacitating,CELL PHONE USAGE,GRAHAM & ROGERS ST,39.13980983,-86.53866022
2012,11,5,Weekday,1500,2-Car,No injury/unknown,FOLLOWING TOO CLOSELY,GRAHAM & ROGERS ST,39.13980983,-86.53866022
2012,2,3,Weekday,700,2-Car,Non-incapacitating,IMPROPER LANE USAGE,SR37S & TAPP,39.13978646,-86.57292991
2012,10,6,Weekday,1600,1-Car,Non-incapacitating,OVERCORRECTING/OVERSTEERING,EAST GRAHAM PL & HENDERSON,39.139584,-86.526768
2012,4,2,Weekday,2000,2-Car,No injury/unknown,OTHER (DRIVER) - EXPLAIN IN NARRATIVE,S HIGHLAND AVE,39.13951412,-86.51756532
2012,1,6,Weekday,400,1-Car,No injury/unknown,RAN OFF ROAD RIGHT,WALNUT ST,39.13943525,-86.53054507
2012,9,7,Weekend,1300,2-Car,No injury/unknown,OTHER (DRIVER) - EXPLAIN IN NARRATIVE,S WALNUT ST,39.13943525,-86.53054507
2012,4,6,Weekday,1500,2-Car,No injury/unknown,FOLLOWING TOO CLOSELY,GRAHAM & ROGERS ST,39.13937194,-86.53836834
2012,8,2,Weekday,600,2-Car,No injury/unknown,UNSAFE BACKING,KIRBY RD,39.13936324,-86.61030806
2012,3,7,Weekend,1500,2-Car,No injury/unknown,OTHER (DRIVER) - EXPLAIN IN NARRATIVE,SOUTH OLD STATE ROAD 37 HWY,39.138688,-86.465968
2012,10,1,Weekday,2000,2-Car,No injury/unknown,OVERCORRECTING/OVERSTEERING,S OLD SR 37,39.138688,-86.465968
2012,9,1,Weekend,1800,2-Car,No injury/unknown,IMPROPER LANE USAGE,SOUTH OLD STATE ROAD 37 HWY,39.138688,-86.465968
2012,11,6,Weekday,1700,2-Car,No injury/unknown,UNSAFE BACKING,S OLD STATE 37 RD,39.138688,-86.465968
2012,3,3,Weekday,2100,1-Car,No injury/unknown,ANIMAL/OBJECT IN ROADWAY,AIRPORT & SR45W,39.13851891,-86.59099291
2012,5,5,Weekday,1900,2-Car,No injury/unknown,OTHER (VEHICLE) - EXPLAIN IN NARRATIVE,AIRPORT & SR45W,39.13851891,-86.59099291
2012,2,3,Weekday,2300,2-Car,No injury/unknown,IMPROPER LANE USAGE,DAVID DR & FORRESTER,39.13846001,-86.49337119
2012,2,4,Weekday,900,Bus,No injury/unknown,OVERCORRECTING/OVERSTEERING,S WALNUT ST,39.13736,-86.529904
2012,11,3,Weekday,1400,2-Car,No injury/unknown,IMPROPER TURNING,S WALNUT ST,39.137264,-86.529808
2012,11,3,Weekday,2100,Pedestrian,No injury/unknown,OTHER (DRIVER) - EXPLAIN IN NARRATIVE,SOUTH WINSLOW CT,39.13726277,-86.52401169
2012,3,1,Weekday,2000,2-Car,No injury/unknown,UNSAFE LANE MOVEMENT,SR37N & TAPP,39.13724598,-86.57289854
2012,5,3,Weekday,1600,3+ Cars,No injury/unknown,VIEW OBSTRUCTED,AIRPORT & SR45W,39.13718219,-86.59323219
2012,11,2,Weekday,1100,2-Car,No injury/unknown,FAILURE TO YIELD RIGHT OF WAY,AUTO MALL RD & BUICK CADILLAC,39.13717426,-86.49611033
2012,4,2,Weekday,1400,2-Car,No injury/unknown,UNSAFE BACKING,S OLD STATE ROAD 37 HWY,39.137088,-86.53056
2012,6,7,Weekend,1800,1-Car,No injury/unknown,IMPROPER LANE USAGE,S OLD STATE ROAD 37 HWY,39.137088,-86.53056
2012,7,6,Weekday,200,1-Car,No injury/unknown,RAN OFF ROAD RIGHT,RAYLE & TAPP RD,39.13704001,-86.57820935
2012,3,5,Weekday,1500,2-Car,Non-incapacitating,FAILURE TO YIELD RIGHT OF WAY,AIRPORT & GARISON CHAPEL RD,39.13704,-86.642832
2012,12,1,Weekend,1400,2-Car,No injury/unknown,IMPROPER TURNING,AIRPORT & GARRISON CHAPEL RD,39.13704,-86.642832
2012,12,4,Weekday,1500,2-Car,No injury/unknown,OTHER (ENVIRONMENTAL) - EXPLAIN IN NARR,LEONARD SPRINGS & TAPP RD,39.13704,-86.58215932
2012,3,6,Weekday,1600,2-Car,Non-incapacitating,OTHER (DRIVER) - EXPLAIN IN NARRATIVE,SR37S & TAPP,39.13704,-86.572896
2012,1,3,Weekday,700,2-Car,No injury/unknown,FAILURE TO YIELD RIGHT OF WAY,SR37S & W TAPP,39.13704,-86.572896
2012,7,5,Weekday,1100,2-Car,No injury/unknown,DISREGARD SIGNAL/REG SIGN,SR37S & TAPP,39.13704,-86.572896
2012,9,7,Weekend,1300,2-Car,No injury/unknown,IMPROPER LANE USAGE,SR37N & TAPP,39.13704,-86.572896
2012,11,4,Weekday,700,2-Car,No injury/unknown,FOLLOWING TOO CLOSELY,SR37S & TAPP,39.13704,-86.572896
2012,7,5,Weekday,1200,1-Car,No injury/unknown,OBSTRUCTION NOT MARKED,AIRPORT RD & CAVE,39.13688,-86.628768
2012,2,3,Weekday,700,1-Car,No injury/unknown,RAN OFF ROAD RIGHT,S BUNGER RD & W AIRPORT,39.136848,-86.606
2012,3,4,Weekday,1000,2-Car,Non-incapacitating,OTHER (DRIVER) - EXPLAIN IN NARRATIVE,SR45W & W AIRPORT,39.136848,-86.593792
2012,8,3,Weekday,1000,2-Car,Non-incapacitating,FAILURE TO YIELD RIGHT OF WAY,S LEONARD SPRINGS RD & W TAPP,39.1368299,-86.58261023
2012,8,3,Weekday,1600,2-Car,No injury/unknown,RAN OFF ROAD RIGHT,ROGERS & SOUTH SARE RD,39.13679949,-86.49636375
2012,2,5,Weekday,900,2-Car,No injury/unknown,SPEED TOO FAST FOR WEATHER CONDITIONS,SR37S & TAPP,39.13679034,-86.5731997
2012,3,5,Weekday,1900,2-Car,No injury/unknown,DRIVER DISTRACTED - EXPLAIN IN NARRATIVE,SR37S & TAPP,39.13679034,-86.5731997
2012,4,3,Weekday,700,2-Car,No injury/unknown,FOLLOWING TOO CLOSELY,SR37N & TAPP,39.13679034,-86.5731997
2012,9,5,Weekday,1600,2-Car,No injury/unknown,FOLLOWING TOO CLOSELY,AIRPORT & SR45,39.13678957,-86.59378836
2012,7,6,Weekday,1800,1-Car,No injury/unknown,ANIMAL/OBJECT IN ROADWAY,SR37 & W TAPP,39.13676894,-86.57289398
2012,10,3,Weekday,900,2-Car,No injury/unknown,FAILURE TO YIELD RIGHT OF WAY,SR37 & W TAPP,39.13676894,-86.57289398
2012,5,5,Weekday,800,1-Car,Non-incapacitating,RAN OFF ROAD RIGHT,TAPP RD,39.13675748,-86.57470978
2012,12,6,Weekday,1000,3+ Cars,Non-incapacitating,DRIVER DISTRACTED - EXPLAIN IN NARRATIVE,AIRPORT & SR45W,39.13666541,-86.59405546
2012,9,1,Weekend,800,1-Car,Non-incapacitating,SPEED TOO FAST FOR WEATHER CONDITIONS,DEBORAH & TAPP RD,39.13666025,-86.56792654
2012,5,5,Weekday,600,1-Car,No injury/unknown,ANIMAL/OBJECT IN ROADWAY,DEBERAH & TAPP RD,39.13666025,-86.56783998
2012,10,7,Weekend,1700,2-Car,No injury/unknown,FAILURE TO YIELD RIGHT OF WAY,DEBORAH & TAPP RD,39.13666025,-86.56783998
2012,2,1,Weekend,1300,2-Car,No injury/unknown,FOLLOWING TOO CLOSELY,DEBORAH & TAPP RD,39.13666025,-86.56783348
2012,10,2,Weekday,1100,2-Car,No injury/unknown,FAILURE TO YIELD RIGHT OF WAY,CURRY PIKE & JONATHON,39.13663356,-86.5829797
2012,8,3,Weekday,800,2-Car,Non-incapacitating,FOLLOWING TOO CLOSELY,ADAMS & TAPP RD,39.13662001,-86.55431673
2012,5,1,Weekday,1900,3+ Cars,No injury/unknown,UNSAFE LANE MOVEMENT,S WINSLOW CT,39.13657022,-86.52381328
2012,4,6,Weekend,1900,2-Car,No injury/unknown,FAILURE TO YIELD RIGHT OF WAY,TAPP RD & WEIMER,39.13653016,-86.56207664
2012,6,4,Weekday,1600,2-Car,No injury/unknown,FOLLOWING TOO CLOSELY,TAPP RD & WEIMER,39.13653016,-86.56199008
2012,7,2,Weekday,1300,2-Car,No injury/unknown,FOLLOWING TOO CLOSELY,TAPP RD & WEIMER,39.13653016,-86.56199008
2012,4,5,Weekday,2200,2-Car,No injury/unknown,FOLLOWING TOO CLOSELY,TAPP RD & WEIMER,39.136512,-86.562016
2012,5,5,Weekday,1800,1-Car,No injury/unknown,RAN OFF ROAD RIGHT,HIGHLAND AVE & WINSLOW,39.13645967,-86.51847542
2012,1,4,Weekday,1800,2-Car,No injury/unknown,FAILURE TO YIELD RIGHT OF WAY,COUNTRY CLUB DR & ROCKPORT,39.136448,-86.548704
2012,5,5,Weekday,1800,2-Car,No injury/unknown,FOLLOWING TOO CLOSELY,COUNTRY CLUB DR & ROCKPORT,39.136448,-86.548704
2012,7,5,Weekday,1600,2-Car,No injury/unknown,FOLLOWING TOO CLOSELY,ROCKPORT & W TAPP RD,39.136448,-86.548704
2012,7,3,Weekday,1200,2-Car,No injury/unknown,FAILURE TO YIELD RIGHT OF WAY,E ROGERS RD & SO HIGH,39.13642254,-86.50808314
2012,10,5,Weekday,700,1-Car,No injury/unknown,ANIMAL/OBJECT IN ROADWAY,AIRPORT & SR45W,39.13639002,-86.59442586
2012,1,4,Weekday,1700,2-Car,No injury/unknown,SPEED TOO FAST FOR WEATHER CONDITIONS,COUNTRY CLUB DR & ROCKPORT,39.13637399,-86.5465901
2012,1,6,Weekday,800,2-Car,Non-incapacitating,FAILURE TO YIELD RIGHT OF WAY,E ROGERS RD & WINDING BROOK,39.136368,-86.505056
2012,12,4,Weekday,1100,2-Car,No injury/unknown,FOLLOWING TOO CLOSELY,COUNTRY CLUB DR & ROCKPORT,39.13634978,-86.5487933
2012,10,2,Weekday,1800,2-Car,No injury/unknown,FAILURE TO YIELD RIGHT OF WAY,ROCKPORT RD & TAPP,39.13634978,-86.54875002
2012,3,6,Weekday,1700,2-Car,No injury/unknown,FAILURE TO YIELD RIGHT OF WAY,BANTA & COUNTRY CLUB RD,39.13632869,-86.54529663
2012,1,4,Weekday,1700,2-Car,No injury/unknown,LEFT OF CENTER,COUNTRY CLUB DR & ROCKPORT,39.13632463,-86.54518084
2012,6,3,Weekday,1700,2-Car,Non-incapacitating,FOLLOWING TOO CLOSELY,BANTA & COUNTRY CLUB DR,39.136304,-86.544592
2012,11,2,Weekday,1800,2-Car,Non-incapacitating,FOLLOWING TOO CLOSELY,S WALNUT ST & WINSLOW,39.13628485,-86.52882885
2012,8,1,Weekend,1700,2-Car,Non-incapacitating,LEFT OF CENTER,COUNTRY CLUB RD & MILTON,39.13627689,-86.54209614
2012,10,4,Weekday,1100,1-Car,No injury/unknown,CELL PHONE USAGE,COTA DR,39.13618469,-86.56938171
2012,4,1,Weekend,1200,1-Car,No injury/unknown,RAN OFF ROAD RIGHT,ABBY & WINSLOW RD,39.136144,-86.51023799
2012,5,5,Weekday,1600,2-Car,Non-incapacitating,FOLLOWING TOO CLOSELY,HIGH & WINSLOW RD,39.136144,-86.50862501
2012,4,3,Weekday,1600,2-Car,No injury/unknown,FAILURE TO YIELD RIGHT OF WAY,S MARKET & W FAIRINGTON ST,39.136144,-86.580704
2012,1,2,Weekday,1300,2-Car,No injury/unknown,FAILURE TO YIELD RIGHT OF WAY,E WINSLOW RD & S WALNUT,39.136144,-86.528688
2012,5,2,Weekday,1400,2-Car,No injury/unknown,FOLLOWING TOO CLOSELY,WALNUT & WINSLOW ST,39.136144,-86.528688
2012,3,6,Weekday,1800,2-Car,Non-incapacitating,FAILURE TO YIELD RIGHT OF WAY,WALNUT ST & WINSLOW,39.136144,-86.528688
2012,4,6,Weekday,1400,Moped/Motorcycle,Non-incapacitating,RAN OFF ROAD RIGHT,WALNUT & WINSLOW RD,39.136144,-86.528688
2012,5,4,Weekday,800,2-Car,No injury/unknown,FOLLOWING TOO CLOSELY,S WALNUT ST & WINSLOW,39.136144,-86.528688
2012,5,6,Weekday,1100,2-Car,No injury/unknown,FOLLOWING TOO CLOSELY,E WINSLOW RD & S WALNUT,39.136144,-86.528688
2012,5,2,Weekday,1800,2-Car,Non-incapacitating,FAILURE TO YIELD RIGHT OF WAY,E WINSLOW & S WALNUT ST,39.136144,-86.528688
2012,5,7,Weekend,1300,2-Car,No injury/unknown,DISREGARD SIGNAL/REG SIGN,S WALNUT & WINSLOW RD,39.136144,-86.528688
2012,6,4,Weekday,800,Cyclist,Non-incapacitating,FAILURE TO YIELD RIGHT OF WAY,E WINSLOW & S WALNUT ST,39.136144,-86.528688
2012,7,6,Weekday,1600,Pedestrian,Non-incapacitating,FAILURE TO YIELD RIGHT OF WAY,WALNUT & WINSLOW RD,39.136144,-86.528688
2012,12,1,Weekday,2100,2-Car,No injury/unknown,FAILURE TO YIELD RIGHT OF WAY,WALNUT STREET & WINSLOW RD,39.136144,-86.528688
2012,12,6,Weekday,1000,2-Car,No injury/unknown,DISREGARD SIGNAL/REG SIGN,HENDERSON & WINSLOW RD,39.136144,-86.5268
2012,2,2,Weekday,1800,2-Car,No injury/unknown,FOLLOWING TOO CLOSELY,BURBERRY & WINSLOW RD,39.136144,-86.52296
2012,6,6,Weekday,1500,2-Car,No injury/unknown,FOLLOWING TOO CLOSELY,E WINSLOW & S HIGH ST,39.136144,-86.508096
2012,6,6,Weekday,1600,1-Car,Non-incapacitating,RAN OFF ROAD RIGHT,HIGH & WINSLOW RD,39.136144,-86.508096
2012,12,2,Weekday,2100,1-Car,No injury/unknown,ANIMAL/OBJECT IN ROADWAY,E WINSLOW FARM & WINSLOW RD,39.136144,-86.508096
2012,1,6,Weekday,1700,2-Car,No injury/unknown,FAILURE TO YIELD RIGHT OF WAY,WALNUT & WINSLOW RD,39.1361266,-86.52763029
2012,2,7,Weekend,1100,2-Car,No injury/unknown,IMPROPER PASSING,WALNUT & WINSLOW RD,39.1361266,-86.52763029
2012,2,2,Weekday,1700,2-Car,Non-incapacitating,FAILURE TO YIELD RIGHT OF WAY,COUNTRY CLUB DR & MILTON,39.13609028,-86.53937107
2012,8,4,Weekday,700,2-Car,No injury/unknown,FOLLOWING TOO CLOSELY,COUNTRY CLUB DR & ROGERS,39.13608777,-86.53827205
2012,7,5,Weekday,900,2-Car,No injury/unknown,LEFT OF CENTER,ALLENDALE & E WINSLOW RD,39.13608583,-86.51652884
2012,4,4,Weekday,1700,3+ Cars,Non-incapacitating,FOLLOWING TOO CLOSELY,COUNTRY CLUB DR & ROGERS,39.13608,-86.538096
2012,6,4,Weekday,1900,2-Car,No injury/unknown,FOLLOWING TOO CLOSELY,S ROGERS & W COUNTRY CLUB DR,39.13608,-86.538096
2012,6,5,Weekday,2200,2-Car,No injury/unknown,FOLLOWING TOO CLOSELY,COUNTRY CLUB & ROGERS ST,39.13608,-86.538096
2012,6,1,Weekday,2000,2-Car,No injury/unknown,FOLLOWING TOO CLOSELY,COUNTRY CLUB DR & ROGERS,39.13608,-86.538096
2012,8,3,Weekday,1200,2-Car,Non-incapacitating,DRIVER DISTRACTED - EXPLAIN IN NARRATIVE,COUNTRY CLUB DR & ROGERS,39.13607234,-86.53783168
2012,3,4,Weekday,1700,2-Car,No injury/unknown,DRIVER DISTRACTED - EXPLAIN IN NARRATIVE,HIGHLAND & WINSLOW RD,39.136048,-86.518496
2012,6,6,Weekday,1100,2-Car,No injury/unknown,OTHER (DRIVER) - EXPLAIN IN NARRATIVE,HIGHLAND & WINSLOW RD,39.136048,-86.518496
2012,5,5,Weekday,1800,2-Car,Non-incapacitating,FOLLOWING TOO CLOSELY,HIGHLAND & WINSLOW RD,39.136048,-86.518496
2012,2,7,Weekend,200,2-Car,No injury/unknown,IMPROPER PASSING,COUNTRY CLUB & ROGERS ST,39.13603999,-86.53826996
2012,9,5,Weekday,1400,2-Car,No injury/unknown,UNSAFE LANE MOVEMENT,COUNTRY CLUB RD & ROGERS,39.13603999,-86.53826996
2012,12,2,Weekday,1500,2-Car,No injury/unknown,FOLLOWING TOO CLOSELY,COUNTRY CLUB RD & ROGERS,39.13603999,-86.53826996
2012,5,6,Weekend,2000,1-Car,Non-incapacitating,OTHER (DRIVER) - EXPLAIN IN NARRATIVE,EAST WINSLOW RD & HENDERSON,39.13603999,-86.52688861
2012,7,6,Weekday,1500,3+ Cars,No injury/unknown,FOLLOWING TOO CLOSELY,HENDERSON & WINLSOW RD,39.13603999,-86.52687996
2012,7,6,Weekend,2300,2-Car,Non-incapacitating,FOLLOWING TOO CLOSELY,HENDERSON & WINSLOW RD,39.13603999,-86.52687996
2012,10,3,Weekday,1800,1-Car,Non-incapacitating,RAN OFF ROAD RIGHT,ROGERS RD & THE STANDS,39.13599975,-86.50409996
2012,2,7,Weekend,1800,2-Car,No injury/unknown,FAILURE TO YIELD RIGHT OF WAY,E WINSLOW RD & S WALNUT ST,39.13598615,-86.52880354
2012,12,3,Weekday,1200,2-Car,Non-incapacitating,FAILURE TO YIELD RIGHT OF WAY,WALNUT & WINSLOW RD,39.13597025,-86.53111846
2012,6,3,Weekday,1200,Moped/Motorcycle,Non-incapacitating,FOLLOWING TOO CLOSELY,WALNUT & WINSLOW RD,39.13597025,-86.53111413
2012,1,7,Weekend,800,2-Car,No injury/unknown,CELL PHONE USAGE,WALNUT ST & WINSLOW,39.13597025,-86.5311098
2012,1,4,Weekday,1700,2-Car,No injury/unknown,FAILURE TO YIELD RIGHT OF WAY,S WALNUT ST & WINSLOW,39.13597025,-86.5311098
2012,5,2,Weekday,1600,2-Car,Non-incapacitating,FAILURE TO YIELD RIGHT OF WAY,COUNTRY CLUB DR & S WALNUT,39.13597025,-86.5311098
2012,3,2,Weekday,1200,2-Car,No injury/unknown,UNSAFE BACKING,COUNTRY CLUB & S WALNUT ST,39.13597025,-86.5311098
2012,4,2,Weekday,1600,2-Car,Non-incapacitating,FAILURE TO YIELD RIGHT OF WAY,WALNUT & WINSLOW RD,39.13597025,-86.5311098
2012,5,2,Weekday,500,2-Car,No injury/unknown,LEFT OF CENTER,COUNTRY CLUB DR & WALNUT,39.13597025,-86.5311098