Year,Month,Day,Weekend?,Hour,Collision Type,Injury Type,Primary Factor,Reported_Location,Latitude,Longitude
2012,8,2,Weekday,1600,2-Car,Non-incapacitating,FOLLOWING TOO CLOSELY,S WALNUT ST & WINSLOW,39.13597025,-86.5311098
2012,8,5,Weekday,1100,2-Car,Non-incapacitating,FAILURE TO YIELD RIGHT OF WAY,WALNUT & WINSLOW RD,39.13597025,-86.5311098
2012,8,1,Weekend,1400,2-Car,Non-incapacitating,FOLLOWING TOO CLOSELY,COUNTRY CLUB DR & WALNUT,39.13597025,-86.53110115
2012,5,6,Weekday,1500,2-Car,No injury/unknown,FOLLOWING TOO CLOSELY,COUNTRY CLUB DR & WALNUT,39.13597025,-86.5310925
2012,8,4,Weekday,700,3+ Cars,Non-incapacitating,FAILURE TO YIELD RIGHT OF WAY,COUNTRY CLUB DR & WALNUT,39.13597025,-86.5310925
2012,1,4,Weekday,1700,2-Car,Non-incapacitating,FAILURE TO YIELD RIGHT OF WAY,COUNTRY CLUB DR & WALNUT,39.13597025,-86.53108385
2012,12,3,Weekday,1700,2-Car,No injury/unknown,FAILURE TO YIELD RIGHT OF WAY,SOUTH WALNUT & WEST COUNTRY CLUB RD,39.13597025,-86.53108385
2012,3,5,Weekday,1700,2-Car,Incapacitating,FOLLOWING TOO CLOSELY,COUNTRY CLUB RD & WALNUT,39.13597025,-86.53102327
2012,1,1,Weekend,1500,2-Car,No injury/unknown,UNSAFE BACKING,ATLEE ST & BRICKLIN,39.13596054,-86.49332016
2012,10,6,Weekday,900,Pedestrian,Non-incapacitating,OTHER (DRIVER) - EXPLAIN IN NARRATIVE,ROGERS RD & SARE,39.13596019,-86.4965301
2012,7,3,Weekday,1000,2-Car,Non-incapacitating,LEFT OF CENTER,FARRINGTON & MARKET PL,39.13588978,-86.58094994
2012,2,7,Weekend,1400,2-Car,No injury/unknown,FAILURE TO YIELD RIGHT OF WAY,ROGERS & SARE RD,39.13584,-86.496288
2012,1,1,Weekend,900,1-Car,No injury/unknown,ROADWAY SURFACE CONDITION,ROGERS RD & SMITH,39.1358119,-86.48437517
2012,1,1,Weekend,900,2-Car,No injury/unknown,LEFT OF CENTER,ROGERS RD & SMITH,39.1358119,-86.48437517
2012,5,3,Weekday,1200,2-Car,No injury/unknown,TIRE FAILURE OR DEFECTIVE,ROGERS RD & SNODDY,39.13575755,-86.48984065
2012,4,5,Weekday,700,3+ Cars,Non-incapacitating,FAILURE TO YIELD RIGHT OF WAY,SR37S & TAPP,39.13566671,-86.572896
2012,5,7,Weekend,600,1-Car,No injury/unknown,DRIVER ILLNESS,S KNIGHT RIDGE & SR446S,39.135648,-86.462
2012,11,2,Weekday,1500,2-Car,Non-incapacitating,FAILURE TO YIELD RIGHT OF WAY,SOUTH WALNUT ST & WINSLOW,39.13543097,-86.52815779
2012,5,3,Weekday,1600,2-Car,No injury/unknown,UNSAFE BACKING,SOUTH MCINTYRE DR,39.13530573,-86.56985834
2012,6,4,Weekday,700,2-Car,Incapacitating,FAILURE TO YIELD RIGHT OF WAY,DUNCAN & SR45W,39.13504,-86.596192
2012,3,3,Weekday,800,2-Car,No injury/unknown,FOLLOWING TOO CLOSELY,SR37N & TAPP,39.13484273,-86.572896
2012,3,2,Weekday,800,2-Car,No injury/unknown,UNSAFE BACKING,S WALNUT ST,39.13432546,-86.52733091
2012,5,3,Weekday,1700,2-Car,No injury/unknown,FAILURE TO YIELD RIGHT OF WAY,S WALNUT ST,39.13432546,-86.52733091
2012,7,4,Weekday,1400,2-Car,No injury/unknown,IMPROPER TURNING,SOUTH WALNUT ST,39.13432546,-86.52733091
2012,8,6,Weekday,1200,2-Car,No injury/unknown,FAILURE TO YIELD RIGHT OF WAY,S WALNUT ST,39.13432546,-86.52733091
2012,4,1,Weekend,1400,1-Car,No injury/unknown,ANIMAL/OBJECT IN ROADWAY,SR37N & TAPP,39.13429342,-86.572896
2012,2,5,Weekday,1500,2-Car,No injury/unknown,FOLLOWING TOO CLOSELY,SR37S & VERNAL,39.13414963,-86.56233005
2012,1,5,Weekday,2300,1-Car,No injury/unknown,ROADWAY SURFACE CONDITION,GARDNER RD & HOFF,39.13386729,-86.64823206
2012,12,4,Weekday,1600,2-Car,No injury/unknown,IMPROPER TURNING,HENDERSON ST & WALNUT,39.133744,-86.526896
2012,4,6,Weekend,2100,2-Car,No injury/unknown,IMPROPER TURNING,ROLLING RIDGE WAY,39.133744,-86.50592
2012,9,4,Weekday,1500,1-Car,No injury/unknown,RAN OFF ROAD RIGHT,8164 GARDNER RD & HOFF,39.13357252,-86.64860162
2012,4,7,Weekend,600,1-Car,No injury/unknown,RAN OFF ROAD RIGHT,WESTMINSTER WAY,39.13338326,-86.52182266
2012,5,7,Weekend,1500,2-Car,No injury/unknown,UNSAFE BACKING,YONKERS ST,39.13312241,-86.57425582
2012,12,5,Weekday,2100,1-Car,No injury/unknown,ANIMAL/OBJECT IN ROADWAY,S KNIGHTRIDGE & SR446S,39.13295416,-86.45328513
2012,9,4,Weekday,2200,2-Car,No injury/unknown,OTHER (DRIVER) - EXPLAIN IN NARRATIVE,SOUTH LEONARD SPRINGS RD,39.13289443,-86.58253245
2012,6,5,Weekday,800,2-Car,No injury/unknown,TIRE FAILURE OR DEFECTIVE,FULLERTON & SR37S,39.1327829,-86.57137982
2012,10,6,Weekday,700,2-Car,No injury/unknown,UNSAFE SPEED,SR37 & W TAPP,39.13264281,-86.57289535
2012,2,6,Weekend,1900,2-Car,Non-incapacitating,FOLLOWING TOO CLOSELY,MEADOW CREEK & SARE RD,39.13218029,-86.49999015
2012,10,6,Weekday,1700,2-Car,Non-incapacitating,LEFT OF CENTER,MEADOW CREEK & S SARE RD,39.13218029,-86.49999015
2012,5,1,Weekend,200,2-Car,No injury/unknown,UNSAFE BACKING,W HOOSIER COURT AVE,39.1319809,-86.53210449
2012,1,7,Weekend,0,1-Car,No injury/unknown,ROADWAY SURFACE CONDITION,COUNTRY CLUB & ROGERS ST,39.13166801,-86.53844215
2012,8,5,Weekday,1700,2-Car,Non-incapacitating,FAILURE TO YIELD RIGHT OF WAY,8700 BLK GARDNER RD & HOFF,39.13151605,-86.67303912
2012,7,4,Weekday,1300,Moped/Motorcycle,Non-incapacitating,FAILURE TO YIELD RIGHT OF WAY,LEONARD SPRINGS RD & MAYBURY,39.13149029,-86.58259011
2012,8,2,Weekday,2000,1-Car,No injury/unknown,IMPROPER LANE USAGE,W PINEWOOD DR,39.13142726,-86.53203181
2012,4,7,Weekend,2100,1-Car,No injury/unknown,OTHER (ENVIRONMENTAL) - EXPLAIN IN NARR,SOUTH SNODDY RD,39.13141787,-86.48967236
2012,6,1,Weekend,1400,2-Car,No injury/unknown,DISREGARD SIGNAL/REG SIGN,GREEN RD & TULIP,39.131408,-86.541504
2012,8,6,Weekday,1500,1-Car,No injury/unknown,ROADWAY SURFACE CONDITION,MERRITT & SR446S,39.1313205,-86.42514981
2012,3,3,Weekday,1400,2-Car,No injury/unknown,IMPROPER LANE USAGE,E ALLENDALE DR & S WESTMINSTER,39.13104,-86.521792
2012,6,7,Weekend,1300,Bus,No injury/unknown,OVERCORRECTING/OVERSTEERING,FISHERS & JORDAN AVE,39.13087181,-86.5168599
2012,2,1,Weekend,100,2-Car,No injury/unknown,,2208 LAURELWOOD DR & WYLIE FARMS,39.13053161,-86.52255984
2012,12,3,Weekday,1800,2-Car,Non-incapacitating,FAILURE TO YIELD RIGHT OF WAY,SOUTH & WALNUT ST,39.130177,-86.526808
2012,5,7,Weekend,200,3+ Cars,No injury/unknown,OTHER (DRIVER) - EXPLAIN IN NARRATIVE,FESTIVE & TYLER LN,39.130144,-86.577024
2012,8,3,Weekday,1200,2-Car,No injury/unknown,UNSAFE BACKING,CEDARWOOD DR & CLAYBRIDGE,39.12992825,-86.50649258
2012,3,7,Weekend,1700,2-Car,No injury/unknown,FAILURE TO YIELD RIGHT OF WAY,BUNGER & SR45W,39.12936,-86.604336
2012,8,2,Weekday,1000,2-Car,No injury/unknown,FOLLOWING TOO CLOSELY,BUNGER & SR45W,39.12936,-86.604336
2012,12,5,Weekday,1600,2-Car,No injury/unknown,FOLLOWING TOO CLOSELY,BUNGER & SR45W,39.12936,-86.604336
2012,8,5,Weekday,1900,2-Car,No injury/unknown,FOLLOWING TOO CLOSELY,BUNGER & SR45W,39.12924998,-86.60429991
2012,11,6,Weekday,1600,2-Car,Non-incapacitating,DRIVER DISTRACTED - EXPLAIN IN NARRATIVE,BUNGER & SR45W,39.12924998,-86.60429991
2012,1,6,Weekday,1000,2-Car,No injury/unknown,OTHER (DRIVER) - EXPLAIN IN NARRATIVE,CHEEKWOOD & CREEKS EDGE DR,39.12912995,-86.49925991
2012,10,7,Weekend,200,1-Car,No injury/unknown,RAN OFF ROAD RIGHT,2ND & PATTERSON ST,39.12902963,-86.54850997
2012,6,7,Weekend,1300,2-Car,No injury/unknown,UNSAFE BACKING,S WALNUT ST,39.12901992,-86.52678557
2012,9,6,Weekday,600,2-Car,No injury/unknown,UNSAFE BACKING,CREEKS EDGE DR,39.12891805,-86.49947315
2012,9,7,Weekend,100,1-Car,Incapacitating,SPEED TOO FAST FOR WEATHER CONDITIONS,SOUTH CHAPLE HILL ROAD & SR446S,39.12867299,-86.4053481
2012,2,4,Weekday,700,2-Car,No injury/unknown,IMPROPER TURNING,S WALNUT ST,39.12838149,-86.5267942
2012,7,3,Weekday,1200,2-Car,No injury/unknown,OTHER (DRIVER) - EXPLAIN IN NARRATIVE,FORRESTER ST & WINSTON,39.12807641,-86.49141982
2012,10,7,Weekend,300,2-Car,No injury/unknown,OTHER (DRIVER) - EXPLAIN IN NARRATIVE,SOUTH WALNUT ST,39.12800598,-86.53055572
2012,6,6,Weekday,1600,2-Car,No injury/unknown,FOLLOWING TOO CLOSELY,ISON & SR45W,39.12788004,-86.60652011
2012,1,5,Weekday,1100,2-Car,No injury/unknown,ACCELERATOR FAILURE OR DEFECTIVE,CREEKS EDGE DR,39.12787247,-86.50183105
2012,7,6,Weekday,1700,3+ Cars,Non-incapacitating,FOLLOWING TOO CLOSELY,EASTGATE & SR46S,39.12784655,-86.50148011
2012,4,5,Weekday,900,2-Car,No injury/unknown,UNSAFE BACKING,PEONY LN,39.12776,-86.585024
2012,2,6,Weekday,1700,Pedestrian,Non-incapacitating,FAILURE TO YIELD RIGHT OF WAY,MCDOUGAL & SOUTH ROCKPORT RD,39.127711,-86.556339
2012,10,5,Weekday,500,2-Car,No injury/unknown,FAILURE TO YIELD RIGHT OF WAY,WOODHAVEN DR & WOODMERE,39.127664,-86.57891232
2012,12,3,Weekday,1900,1-Car,No injury/unknown,ANIMAL/OBJECT IN ROADWAY,BUNGER RD & STATE ROAD 45,39.12734433,-86.60379058
2012,3,5,Weekday,2100,1-Car,No injury/unknown,RAN OFF ROAD RIGHT,S WICKENS ST & W HENNESSEY,39.12719636,-86.55259028
2012,7,6,Weekday,1100,2-Car,No injury/unknown,FAILURE TO YIELD RIGHT OF WAY,S WALNUT STREET PIKE,39.12716835,-86.52677353
2012,2,7,Weekend,900,Pedestrian,No injury/unknown,IMPROPER PASSING,SOUTH LEONARD SPRINGS RD & WEST LEONARD SPRINGS,39.126976,-86.582464
2012,9,6,Weekday,1300,2-Car,No injury/unknown,FAILURE TO YIELD RIGHT OF WAY,LEONARD SPRINGS RD,39.12671462,-86.58263772
2012,1,6,Weekday,1800,2-Car,No injury/unknown,FOLLOWING TOO CLOSELY,BURKS & WALNUT ST,39.12666969,-86.53136998
2012,9,3,Weekday,2100,2-Car,Non-incapacitating,FOLLOWING TOO CLOSELY,BURKS & WALNUT ST,39.12666969,-86.53136998
2012,6,5,Weekday,1000,2-Car,No injury/unknown,BRAKE FAILURE OR DEFECTIVE,WEST HEATHERWOOD LN,39.126592,-86.59046624
2012,6,1,Weekend,0,2-Car,No injury/unknown,OTHER (DRIVER) - EXPLAIN IN NARRATIVE,GLASGOW CIR,39.12655771,-86.55168436
2012,12,5,Weekday,1300,2-Car,No injury/unknown,DRIVER DISTRACTED - EXPLAIN IN NARRATIVE,AIRPORT & GARRISON CHAPEL RD,39.12646272,-86.64291031
2012,4,2,Weekday,1200,2-Car,No injury/unknown,,S WALNUT ST ST,39.12641137,-86.52674795
2012,5,7,Weekend,1400,2-Car,No injury/unknown,IMPROPER TURNING,S WALNUT ST,39.12633358,-86.52674532
2012,5,7,Weekend,1400,2-Car,No injury/unknown,UNSAFE SPEED,S WALNUT ST PIKE,39.12631655,-86.52674475
2012,8,6,Weekday,1200,2-Car,No injury/unknown,UNSAFE BACKING,S WALNUT ST PIKE,39.12631655,-86.52674475
2012,12,7,Weekend,1500,2-Car,No injury/unknown,LEFT OF CENTER,EASTMONT AVE & VALMORE,39.12564751,-86.61780394
2012,5,7,Weekend,2100,2-Car,No injury/unknown,FAILURE TO YIELD RIGHT OF WAY,BURKS DR & WALNUT ST,39.12556998,-86.52668509
2012,2,5,Weekday,1400,1-Car,No injury/unknown,IMPROPER LANE USAGE,WEST STATE ROAD 45,39.125552,-86.610192
2012,5,1,Weekend,200,2-Car,No injury/unknown,UNSAFE BACKING,45 HWY,39.125552,-86.610192
2012,7,2,Weekday,2100,2-Car,No injury/unknown,,SOUTH PARKRIDGE RD,39.125476,-86.540226
2012,1,3,Weekday,1500,2-Car,No injury/unknown,DRIVER DISTRACTED - EXPLAIN IN NARRATIVE,WEST STATE RD 45 RD,39.125312,-86.610496
2012,1,7,Weekend,2000,2-Car,No injury/unknown,UNSAFE BACKING,WEST STATE ROAD 45 RD,39.125312,-86.610496
2012,1,7,Weekend,1900,2-Car,No injury/unknown,,W 45 HWY,39.125312,-86.610496
2012,1,5,Weekday,1400,2-Car,No injury/unknown,OTHER (DRIVER) - EXPLAIN IN NARRATIVE,WEST 45 HWY,39.125312,-86.610496
2012,1,5,Weekday,1100,2-Car,No injury/unknown,FAILURE TO YIELD RIGHT OF WAY,WEST 45 HWY,39.125312,-86.610496
2012,2,4,Weekday,1000,2-Car,No injury/unknown,FAILURE TO YIELD RIGHT OF WAY,SR45W,39.125312,-86.610496
2012,2,7,Weekend,1200,3+ Cars,No injury/unknown,IMPROPER TURNING,W STATE ROAD 45 RD,39.125312,-86.610496
2012,2,7,Weekend,0,2-Car,No injury/unknown,ROADWAY SURFACE CONDITION,W SR45 HWY,39.125312,-86.610496
2012,3,5,Weekday,1200,2-Car,No injury/unknown,UNSAFE BACKING,SR45W,39.125312,-86.610496
2012,3,7,Weekend,1700,2-Car,No injury/unknown,OTHER (DRIVER) - EXPLAIN IN NARRATIVE,W SR 45 RD,39.125312,-86.610496
2012,3,7,Weekend,2000,2-Car,No injury/unknown,OTHER (DRIVER) - EXPLAIN IN NARRATIVE,WEST ST RD 45 HWY,39.125312,-86.610496
2012,7,5,Weekday,1500,2-Car,No injury/unknown,FAILURE TO YIELD RIGHT OF WAY,WEST STATE ROAD 45 HWY,39.125312,-86.610496
2012,5,7,Weekend,1400,2-Car,No injury/unknown,OTHER (DRIVER) - EXPLAIN IN NARRATIVE,WEST 45 HWY,39.125312,-86.610496
2012,6,2,Weekday,1800,2-Car,No injury/unknown,UNSAFE BACKING,W STATE ROAD 45 RD,39.125312,-86.610496
2012,6,1,Weekend,1100,2-Car,No injury/unknown,OTHER (DRIVER) - EXPLAIN IN NARRATIVE,WEST 45 HWY,39.125312,-86.610496
2012,7,1,Weekday,2200,2-Car,No injury/unknown,FAILURE TO YIELD RIGHT OF WAY,SR45W,39.125312,-86.610496
2012,7,5,Weekday,1800,1-Car,No injury/unknown,RAN OFF ROAD RIGHT,W STATE ROAD 45 RD,39.125312,-86.610496
2012,7,4,Weekday,1300,2-Car,No injury/unknown,LEFT OF CENTER,SR45W,39.125312,-86.610496
2012,7,1,Weekend,1100,2-Car,No injury/unknown,IMPROPER LANE USAGE,WEST 45 HWY,39.125312,-86.610496
2012,8,1,Weekend,900,1-Car,No injury/unknown,UNSAFE BACKING,WEST STATE ROAD 45 HWY,39.125312,-86.610496
2012,8,1,Weekend,1500,2-Car,No injury/unknown,UNSAFE LANE MOVEMENT,STATE ROAD 45 RD,39.125312,-86.610496
2012,9,1,Weekend,1600,2-Car,No injury/unknown,OTHER (DRIVER) - EXPLAIN IN NARRATIVE,SR45W,39.125312,-86.610496
2012,9,5,Weekday,1300,Pedestrian,Non-incapacitating,ANIMAL/OBJECT IN ROADWAY,SR45W,39.125312,-86.610496
2012,11,7,Weekend,1700,2-Car,No injury/unknown,FAILURE TO YIELD RIGHT OF WAY,SR45W,39.125312,-86.610496
2012,12,4,Weekday,1500,2-Car,No injury/unknown,FAILURE TO YIELD RIGHT OF WAY,W STATE ROAD 45 RD,39.125312,-86.610496
2012,4,5,Weekday,1500,2-Car,No injury/unknown,FAILURE TO YIELD RIGHT OF WAY,GILLHAM & SR45W,39.125072,-86.6108
2012,1,6,Weekend,2000,2-Car,No injury/unknown,ROADWAY SURFACE CONDITION,HAYS & S ROGERS ST,39.12504,-86.5388
2012,2,3,Weekday,600,1-Car,No injury/unknown,ANIMAL/OBJECT IN ROADWAY,FULLERTON & SR37S,39.12497215,-86.57225753
2012,4,5,Weekday,700,3+ Cars,No injury/unknown,FOLLOWING TOO CLOSELY,SOUTH & WALNUT ST,39.12489443,-86.526808
2012,11,1,Weekend,1800,1-Car,No injury/unknown,ANIMAL/OBJECT IN ROADWAY,SR37S & W FULLERTON,39.12466863,-86.57248671
2012,12,6,Weekday,1800,2-Car,Non-incapacitating,FOLLOWING TOO CLOSELY,SR37N & VERNAL,39.12455872,-86.55998992
2012,4,3,Weekday,1900,Moped/Motorcycle,Non-incapacitating,RAN OFF ROAD RIGHT,CRAMER CIR,39.12440926,-86.5455126
2012,5,3,Weekday,2200,Moped/Motorcycle,No injury/unknown,ANIMAL/OBJECT IN ROADWAY,FULLERTON & ROCKPORT RD,39.12440105,-86.56053861
2012,1,2,Weekday,1600,2-Car,No injury/unknown,FAILURE TO YIELD RIGHT OF WAY,BARGE & LEONARD SPRINGS RD,39.12438323,-86.58261023
2012,2,7,Weekend,700,1-Car,Non-incapacitating,RAN OFF ROAD RIGHT,ROCKPORT & SR37S,39.12426608,-86.57197254
2012,11,4,Weekday,800,2-Car,No injury/unknown,SPEED TOO FAST FOR WEATHER CONDITIONS,HEATHER & WALNUT STREET PIKE PIKE,39.123856,-86.526656
2012,1,1,Weekend,1000,2-Car,No injury/unknown,FOLLOWING TOO CLOSELY,MILL STONE & SARE RD,39.12377022,-86.50865033
2012,1,5,Weekday,2300,1-Car,Non-incapacitating,RAN OFF ROAD RIGHT,CAROWIND & S FAIRFAX RD,39.1236321,-86.49852968
2012,1,2,Weekday,1700,2-Car,No injury/unknown,UNSAFE SPEED,EASTMONT AVE & VALMORE,39.123472,-86.6194277
2012,1,6,Weekend,2100,1-Car,No injury/unknown,ANIMAL/OBJECT IN ROADWAY,ELLER & SR45W,39.12321587,-86.61315954
2012,10,4,Weekday,1200,2-Car,No injury/unknown,FAILURE TO YIELD RIGHT OF WAY,1100 N JORDAN AVE & 17TH,39.12310741,-86.512695
2012,8,5,Weekday,1800,1-Car,No injury/unknown,OTHER (ENVIRONMENTAL) - EXPLAIN IN NARR,14TH & WALNUT ST,39.12306238,-86.53356
2012,9,4,Weekday,2300,Moped/Motorcycle,Non-incapacitating,RAN OFF ROAD RIGHT,FULLERTON PIKE & SHARON,39.122944,-86.576992
2012,3,6,Weekday,1800,2-Car,No injury/unknown,OTHER (DRIVER) - EXPLAIN IN NARRATIVE,KENNEDY DR,39.12248746,-86.52844235
2012,6,2,Weekday,1700,2-Car,No injury/unknown,UNSAFE BACKING,BUSHMILL & BUSHMILL DR,39.12241779,-86.55153238
2012,4,5,Weekday,1800,2-Car,Non-incapacitating,LEFT OF CENTER,S GARRISON CHAPEL RD & W ELLER,39.122416,-86.64296
2012,4,7,Weekend,1700,1-Car,No injury/unknown,RAN OFF ROAD RIGHT,ELLER & S GARRISON CHAPEL RD,39.122416,-86.64296
2012,6,4,Weekday,1700,1-Car,No injury/unknown,RAN OFF ROAD RIGHT,S GARRISON CHAPEL RD & W ELLER,39.122416,-86.64296
2012,6,6,Weekday,700,2-Car,No injury/unknown,FAILURE TO YIELD RIGHT OF WAY,SR45N & W LEONARD SPRINGS,39.12240055,-86.61426547
2012,5,5,Weekday,1700,2-Car,No injury/unknown,SPEED TOO FAST FOR WEATHER CONDITIONS,ELLER & SR45S,39.12235221,-86.61466183
2012,2,4,Weekday,1000,3+ Cars,Non-incapacitating,FOLLOWING TOO CLOSELY,FULLERTON & SR37S,39.122352,-86.5712
2012,3,5,Weekday,1100,2-Car,Non-incapacitating,DISREGARD SIGNAL/REG SIGN,FULLERTON & SR37S,39.122352,-86.5712
2012,3,2,Weekday,1200,2-Car,No injury/unknown,DISREGARD SIGNAL/REG SIGN,FULLERTON & SR37S,39.122352,-86.5712
2012,5,1,Weekend,1800,2-Car,No injury/unknown,FAILURE TO YIELD RIGHT OF WAY,FULLERTON & SR37S,39.122352,-86.5712
2012,5,2,Weekday,1600,3+ Cars,Non-incapacitating,UNSAFE SPEED,FULLERTON & SR37,39.122352,-86.5712
2012,6,5,Weekday,1800,3+ Cars,No injury/unknown,FOLLOWING TOO CLOSELY,FULLERTON & SR37N,39.122352,-86.5712
2012,7,6,Weekday,1600,3+ Cars,Incapacitating,FOLLOWING TOO CLOSELY,FULLERTON & SR37N,39.122352,-86.5712
2012,12,2,Weekday,900,2-Car,No injury/unknown,FAILURE TO YIELD RIGHT OF WAY,FULLERTON & SR37N,39.122352,-86.5712
2012,6,1,Weekend,1600,2-Car,No injury/unknown,UNSAFE BACKING,CRAMER & WICKENS DR,39.12232988,-86.54792994
2012,6,6,Weekday,1600,Moped/Motorcycle,Non-incapacitating,FAILURE TO YIELD RIGHT OF WAY,3RD & LIBERTY DR,39.12231243,-86.57913006
2012,7,2,Weekday,800,2-Car,No injury/unknown,DISREGARD SIGNAL/REG SIGN,SOUTH ISON & WEST LEONARD SPRINGS RD,39.12230666,-86.60577149
2012,10,2,Weekday,1200,1-Car,No injury/unknown,IMPROPER LANE USAGE,LEONARD SPRINGS RD,39.12228964,-86.59485653
2012,4,6,Weekend,1900,2-Car,Non-incapacitating,FAILURE TO YIELD RIGHT OF WAY,ELLER & SR45W,39.12224,-86.6144
2012,6,7,Weekend,1200,1-Car,No injury/unknown,ANIMAL/OBJECT IN ROADWAY,ELLER & SR45W,39.12224,-86.6144
2012,11,7,Weekend,1700,2-Car,Incapacitating,FAILURE TO YIELD RIGHT OF WAY,FULLERTON & SR37N,39.12221999,-86.57108545
2012,5,7,Weekend,1700,2-Car,No injury/unknown,DISREGARD SIGNAL/REG SIGN,FULLERTON & SR37S,39.12221991,-86.57137982
2012,12,2,Weekday,2000,3+ Cars,Non-incapacitating,FAILURE TO YIELD RIGHT OF WAY,FULLERTON & SR37,39.12221377,-86.57112747
2012,10,5,Weekday,1700,2-Car,Non-incapacitating,FAILURE TO YIELD RIGHT OF WAY,FULLERTON & SR37S,39.12219208,-86.57102913
2012,10,4,Weekday,1800,2-Car,No injury/unknown,FAILURE TO YIELD RIGHT OF WAY,FULLERTON PIKE & ROCKPORT,39.12217967,-86.56260028
2012,12,7,Weekend,1300,2-Car,No injury/unknown,FAILURE TO YIELD RIGHT OF WAY,FULLERTON & ROCKPORT RD,39.12217967,-86.56260028
2012,2,2,Weekday,1500,1-Car,No injury/unknown,RAN OFF ROAD RIGHT,FULLERTON PIKE,39.12216626,-86.57352291
2012,5,6,Weekday,900,2-Car,No injury/unknown,FOLLOWING TOO CLOSELY,FULLERTON PIKE,39.12216626,-86.57352291
2012,5,3,Weekday,700,1-Car,Non-incapacitating,RAN OFF ROAD RIGHT,HARRELL & RHORER RD,39.12182041,-86.50019399
2012,9,7,Weekend,1200,2-Car,No injury/unknown,UNSAFE BACKING,LEONARD SPRINGS RD,39.12179565,-86.59577178
2012,6,4,Weekday,1700,1-Car,No injury/unknown,BRAKE FAILURE OR DEFECTIVE,SOUTH WALNUT ST,39.12177324,-86.52651807
2012,5,3,Weekday,1300,2-Car,No injury/unknown,FOLLOWING TOO CLOSELY,3320 RHORER RD & HARRELL,39.12165468,-86.4934987
2012,3,4,Weekday,300,Moped/Motorcycle,No injury/unknown,OTHER (DRIVER) - EXPLAIN IN NARRATIVE,SOUTH ROGERS & WEST GORDON PIKE,39.121648,-86.539088
2012,12,6,Weekday,1700,1-Car,No injury/unknown,ROADWAY SURFACE CONDITION,300 W GORDON PIKE & ROGERS,39.121648,-86.539088
2012,12,6,Weekend,2200,1-Car,No injury/unknown,RAN OFF ROAD RIGHT,ROGERS & W GORDON PIKE,39.12160266,-86.53838521
2012,12,6,Weekday,800,2-Car,Non-incapacitating,LEFT OF CENTER,GORDON PIKE & ROGERS,39.12156008,-86.5391944
2012,3,2,Weekday,1600,2-Car,No injury/unknown,OTHER (DRIVER) - EXPLAIN IN NARRATIVE,ROGERS & WEST GORDON PIKE,39.12156008,-86.5391706
2012,6,5,Weekday,500,2-Car,No injury/unknown,OTHER (DRIVER) - EXPLAIN IN NARRATIVE,W GORDON PIKE,39.12154418,-86.53386009
2012,1,5,Weekday,1600,2-Car,No injury/unknown,FOLLOWING TOO CLOSELY,JAMIE & RHORER RD,39.12152523,-86.51721484
2012,2,5,Weekday,900,2-Car,No injury/unknown,FOLLOWING TOO CLOSELY,JAMIE & RHORER RD,39.12152131,-86.51774371
2012,8,6,Weekend,2100,2-Car,No injury/unknown,FAILURE TO YIELD RIGHT OF WAY,JAMIE & RHORER RD,39.12152,-86.51792
2012,9,2,Weekday,1700,Moped/Motorcycle,Incapacitating,UNSAFE LANE MOVEMENT,GORDON PIKE & S ROGERS,39.12149199,-86.53531213
2012,9,6,Weekday,1700,2-Car,Non-incapacitating,UNSAFE LANE MOVEMENT,GORDON PIKE & W GORDON,39.12146951,-86.53338981
2012,12,7,Weekend,1600,2-Car,No injury/unknown,UNSAFE BACKING,W GORDON PIKE & WALNUT,39.12146755,-86.53137074
2012,12,2,Weekday,1700,2-Car,No injury/unknown,UNSAFE BACKING,W GORDON PIKE & WALNUT,39.12146755,-86.53137074
2012,12,6,Weekday,1200,2-Car,No injury/unknown,FOLLOWING TOO CLOSELY,RHORER RD & S WALNUT,39.1214541,-86.52473311
2012,12,5,Weekday,700,Pedestrian,Fatal,PEDESTRIAN ACTION,NIMIT & RHORER RD,39.12145011,-86.52382713
2012,2,5,Weekday,1600,2-Car,No injury/unknown,FOLLOWING TOO CLOSELY,RHORER RD & S WALNUT ST,39.12144005,-86.52662985
2012,9,2,Weekday,700,2-Car,Non-incapacitating,UNSAFE SPEED,JAMIE & RHORER RD,39.12144005,-86.51763761
2012,12,3,Weekday,1700,2-Car,No injury/unknown,VIEW OBSTRUCTED,E RHORER RD & S TWO CREEKS,39.12144005,-86.5171058
2012,6,4,Weekday,700,2-Car,No injury/unknown,FAILURE TO YIELD RIGHT OF WAY,RHORER RD & SARE,39.12144005,-86.51157997
2012,6,3,Weekday,800,2-Car,Incapacitating,FAILURE TO YIELD RIGHT OF WAY,RHORER RD & SARE,39.12144005,-86.51157997
2012,2,4,Weekday,1300,2-Car,No injury/unknown,FAILURE TO YIELD RIGHT OF WAY,RHORER & WALNUT STREET PIKE,39.12144,-86.526496