Year,Month,Day,Weekend?,Hour,Collision Type,Injury Type,Primary Factor,Reported_Location,Latitude,Longitude
2012,2,6,Weekday,1600,2-Car,No injury/unknown,FOLLOWING TOO CLOSELY,RHORER & WALNUT ST,39.12144,-86.526496
2012,4,2,Weekday,2100,2-Car,Non-incapacitating,DISREGARD SIGNAL/REG SIGN,RHORER & S WALNUT ST,39.12144,-86.526496
2012,4,3,Weekday,800,3+ Cars,Non-incapacitating,FAILURE TO YIELD RIGHT OF WAY,RHORER & S WALNUT ST,39.12144,-86.526496
2012,6,5,Weekday,400,2-Car,No injury/unknown,FAILURE TO YIELD RIGHT OF WAY,RHORER RD & WALNUT STREET,39.12144,-86.526496
2012,6,4,Weekday,700,3+ Cars,No injury/unknown,FOLLOWING TOO CLOSELY,RHORER RD & WALNUT STREET,39.12144,-86.526496
2012,8,3,Weekday,1800,2-Car,No injury/unknown,FOLLOWING TOO CLOSELY,RHORER RD & WALNUT STREET,39.12144,-86.526496
2012,10,3,Weekday,1200,2-Car,Incapacitating,FAILURE TO YIELD RIGHT OF WAY,RHORER & S WALNUT ST,39.12144,-86.526496
2012,11,7,Weekend,1300,2-Car,No injury/unknown,ROADWAY SURFACE CONDITION,RHORER RD & WALNUT,39.12144,-86.526496
2012,11,1,Weekend,1100,2-Car,No injury/unknown,FAILURE TO YIELD RIGHT OF WAY,RHORER RD & WALNUT STREET,39.12144,-86.526496
2012,12,2,Weekday,1900,2-Car,No injury/unknown,FAILURE TO YIELD RIGHT OF WAY,RHORER RD & WALNUT STREET,39.12144,-86.526496
2012,12,3,Weekday,1200,2-Car,No injury/unknown,OTHER (DRIVER) - EXPLAIN IN NARRATIVE,ROARER RD & WALNUT STREET,39.12144,-86.526496
2012,1,3,Weekday,1900,2-Car,Non-incapacitating,FAILURE TO YIELD RIGHT OF WAY,S OLD STATE RD 37 & W GORDON PIKE,39.12141994,-86.53134986
2012,8,4,Weekday,1900,2-Car,Non-incapacitating,FOLLOWING TOO CLOSELY,RHORER & WALNUT ST,39.12141994,-86.53134986
2012,8,5,Weekday,1300,2-Car,No injury/unknown,DISREGARD SIGNAL/REG SIGN,RHORER & WALNUT ST,39.12141994,-86.53134986
2012,9,2,Weekday,1800,3+ Cars,No injury/unknown,FOLLOWING TOO CLOSELY,GORDON PIKE & WALNUT,39.12141994,-86.5313239
2012,7,2,Weekday,1800,1-Car,Non-incapacitating,RAN OFF ROAD RIGHT,E RHORER RD,39.12135758,-86.51039779
2012,11,6,Weekday,0,2-Car,No injury/unknown,SPEED TOO FAST FOR WEATHER CONDITIONS,RHORER & SNODDY RD,39.12134014,-86.48951008
2012,12,7,Weekend,1100,1-Car,No injury/unknown,SPEED TOO FAST FOR WEATHER CONDITIONS,MOORES CREEK RD & STERLING,39.12105985,-86.48850958
2012,4,1,Weekend,1400,2-Car,No injury/unknown,UNSAFE BACKING,SOUTH WALNUT ST,39.12103906,-86.52657084
2012,5,3,Weekday,1700,2-Car,No injury/unknown,OTHER (DRIVER) - EXPLAIN IN NARRATIVE,SOUTH WALNUT ST,39.12103906,-86.52657084
2012,8,7,Weekend,1600,2-Car,No injury/unknown,OTHER (DRIVER) - EXPLAIN IN NARRATIVE,OLD 37 SOUTH RD,39.12102766,-86.53128348
2012,4,6,Weekend,2100,Moped/Motorcycle,Incapacitating,UNSAFE SPEED,LEONARD SPRINGS & LEONARD SPRINGS RD,39.12095079,-86.5916
2012,2,2,Weekday,1700,1-Car,No injury/unknown,ANIMAL/OBJECT IN ROADWAY,DUNLAP & SR45W,39.11950015,-86.61879993
2012,11,1,Weekend,1200,2-Car,No injury/unknown,FOLLOWING TOO CLOSELY,DUNLAP & SR45W,39.11950015,-86.61879993
2012,11,2,Weekday,700,2-Car,No injury/unknown,SPEED TOO FAST FOR WEATHER CONDITIONS,DUNLAP & SR45W,39.11950015,-86.61877395
2012,8,5,Weekday,1700,2-Car,Non-incapacitating,UNSAFE LANE MOVEMENT,S ORCHARD & SR37S,39.11934418,-86.53131902
2012,7,5,Weekday,1700,2-Car,No injury/unknown,FOLLOWING TOO CLOSELY,DUNLAP & SR45W,39.11902366,-86.61946886
2012,12,1,Weekend,1800,2-Car,Non-incapacitating,LEFT OF CENTER,BOLIN & ROCKPORT RD,39.11899691,-86.57508999
2012,8,5,Weekday,1400,2-Car,Non-incapacitating,FOLLOWING TOO CLOSELY,HILLSIDE & ROGERS ST,39.11885822,-86.53876014
2012,7,2,Weekday,1700,1-Car,No injury/unknown,ANIMAL/OBJECT IN ROADWAY,SR37 & VICTOR,39.11842102,-86.56830283
2012,11,7,Weekend,2000,1-Car,No injury/unknown,ANIMAL/OBJECT IN ROADWAY,DUNLAP & SR45,39.11839078,-86.62104121
2012,5,6,Weekday,1600,2-Car,No injury/unknown,DRIVER DISTRACTED - EXPLAIN IN NARRATIVE,DUNLAP & SR45,39.11833841,-86.62114559
2012,5,5,Weekday,500,2-Car,Non-incapacitating,LEFT OF CENTER,S DUNLAP & SR45W,39.11790246,-86.62147383
2012,1,6,Weekday,1600,3+ Cars,Non-incapacitating,UNSAFE SPEED,DUNLAP & SR45W,39.11774229,-86.62176025
2012,3,2,Weekday,600,1-Car,No injury/unknown,ANIMAL/OBJECT IN ROADWAY,ROCKPORT & SR37N,39.117648,-86.567104
2012,8,3,Weekday,1700,2-Car,No injury/unknown,IMPROPER LANE USAGE,ROCKPORT & SR37S,39.117648,-86.567104
2012,11,3,Weekday,600,1-Car,No injury/unknown,ANIMAL/OBJECT IN ROADWAY,ROCKPORT & SR37,39.11755374,-86.56705561
2012,12,6,Weekday,1800,Pedestrian,Non-incapacitating,LEFT OF CENTER,HOLLAND & S WALNUT STREET PIKE,39.1170867,-86.526496
2012,7,1,Weekend,1700,Moped/Motorcycle,Non-incapacitating,OVERCORRECTING/OVERSTEERING,AIRY HILLS & HARRODSBURG,39.11698878,-86.59665748
2012,11,3,Weekday,2100,1-Car,No injury/unknown,OTHER (VEHICLE) - EXPLAIN IN NARRATIVE,ORCHARD & S COLLEGE DR,39.11655737,-86.53358624
2012,12,5,Weekday,0,1-Car,Non-incapacitating,RAN OFF ROAD RIGHT,PINE GROVE & SR446S,39.116464,-86.428672
2012,6,6,Weekday,1100,Moped/Motorcycle,No injury/unknown,RAN OFF ROAD RIGHT,45 & GARRISON CHAPEL RD,39.11623454,-86.64015832
2012,9,4,Weekday,800,2-Car,Non-incapacitating,FAILURE TO YIELD RIGHT OF WAY,OLD STATE ROAD 37 HWY & ORCHARD,39.11584,-86.5312
2012,10,3,Weekday,1000,1-Car,No injury/unknown,UNSAFE SPEED,SR37 & THAT RD,39.1156733,-86.56408659
2012,1,4,Weekday,1800,2-Car,Non-incapacitating,FAILURE TO YIELD RIGHT OF WAY,SR37S & THAT,39.115552,-86.564592
2012,6,3,Weekday,1400,2-Car,No injury/unknown,FAILURE TO YIELD RIGHT OF WAY,SR37S & THAT,39.115552,-86.564592
2012,5,2,Weekday,1700,2-Car,No injury/unknown,FOLLOWING TOO CLOSELY,STATE 37 & W THAT RD,39.115552,-86.564592
2012,7,1,Weekend,700,2-Car,Non-incapacitating,FAILURE TO YIELD RIGHT OF WAY,SR37N & THAT,39.115552,-86.564592
2012,7,6,Weekday,600,1-Car,No injury/unknown,RAN OFF ROAD RIGHT,SR37N & THAT,39.115552,-86.564592
2012,12,1,Weekend,1200,1-Car,No injury/unknown,UNSAFE SPEED,NORWOOD & STERLING AVE,39.11551975,-86.48614694
2012,6,4,Weekday,900,Moped/Motorcycle,Fatal,LEFT OF CENTER,DARRELL & SR45,39.11542516,-86.62555683
2012,2,3,Weekday,1600,2-Car,No injury/unknown,VIEW OBSTRUCTED,OLD STATE ROAD 37 RD & S FAIRFAX,39.1151791,-86.53149001
2012,2,2,Weekday,2200,1-Car,Non-incapacitating,RAN OFF ROAD RIGHT,DARREL & SR45W,39.11509998,-86.62771471
2012,1,3,Weekday,1600,2-Car,No injury/unknown,FAILURE TO YIELD RIGHT OF WAY,DINSMORE & SR45W,39.11504,-86.630992
2012,2,5,Weekday,1900,3+ Cars,No injury/unknown,UNSAFE SPEED,DINSMORE & SR45W,39.11504,-86.630992
2012,5,5,Weekday,1700,1-Car,No injury/unknown,RAN OFF ROAD RIGHT,DINSMORE & SR45W,39.11504,-86.630992
2012,5,5,Weekday,700,2-Car,No injury/unknown,FAILURE TO YIELD RIGHT OF WAY,DINSMORE & SR45W,39.11504,-86.630992
2012,6,7,Weekend,1400,Moped/Motorcycle,Non-incapacitating,FOLLOWING TOO CLOSELY,DARRELL & SR45W,39.114992,-86.62768
2012,7,5,Weekday,1700,2-Car,No injury/unknown,LEFT OF CENTER,THAT RD,39.11497794,-86.56255938
2012,10,5,Weekday,1500,2-Car,No injury/unknown,FOLLOWING TOO CLOSELY,VICTOR & W THAT RD,39.11466493,-86.54675111
2012,5,4,Weekday,1400,2-Car,No injury/unknown,OTHER (DRIVER) - EXPLAIN IN NARRATIVE,SOUTH ROGERS ST & THAT,39.11464,-86.539392
2012,12,5,Weekday,900,2-Car,Non-incapacitating,FAILURE TO YIELD RIGHT OF WAY,OLD SR 37 S & SR37S,39.11395264,-86.53115844
2012,10,4,Weekday,0,1-Car,No injury/unknown,RAN OFF ROAD RIGHT,BOLIN & ROCKPORT RD,39.11371798,-86.57508999
2012,12,1,Weekend,1500,1-Car,No injury/unknown,RAN OFF ROAD RIGHT,SR37 & THAT,39.11346156,-86.56240817
2012,3,7,Weekend,300,2-Car,No injury/unknown,UNSAFE SPEED,5825 S ROGERS ST & WALLACE,39.11319669,-86.53974202
2012,2,6,Weekday,1500,2-Car,No injury/unknown,FOLLOWING TOO CLOSELY,SR37N & VERNAL,39.11299434,-86.56233005
2012,4,6,Weekday,1400,2-Car,No injury/unknown,OVERCORRECTING/OVERSTEERING,ROBINS  BOW & WINSTON,39.11272295,-86.49266973
2012,3,1,Weekend,300,1-Car,No injury/unknown,OVERCORRECTING/OVERSTEERING,SOUTH OLD RICHARDSON & SR446S,39.11219984,-86.43133968
2012,10,1,Weekend,1700,2-Car,No injury/unknown,FAILURE TO YIELD RIGHT OF WAY,3RD & CURRY PIKE,39.11178754,-86.58292002
2012,12,5,Weekday,2100,1-Car,No injury/unknown,SPEED TOO FAST FOR WEATHER CONDITIONS,BOTTOM & SR37S,39.11144326,-86.55227661
2012,7,5,Weekday,1500,1-Car,No injury/unknown,RAN OFF ROAD RIGHT,GARRISON CHAPEL & SR45W,39.11119704,-86.63803021
2012,7,3,Weekday,1800,3+ Cars,No injury/unknown,FOLLOWING TOO CLOSELY,HARMONY & SR45N,39.11109624,-86.63820374
2012,8,4,Weekday,1700,2-Car,No injury/unknown,DRIVER DISTRACTED - EXPLAIN IN NARRATIVE,S HARMONY & SR45W,39.11109624,-86.63820374
2012,8,7,Weekend,2200,2-Car,Non-incapacitating,FOLLOWING TOO CLOSELY,HARMONY & SR45W,39.11108002,-86.63819968
2012,3,5,Weekday,800,2-Car,No injury/unknown,FAILURE TO YIELD RIGHT OF WAY,S GARRISON CHAPEL & SR45W,39.111024,-86.638304
2012,2,2,Weekday,700,1-Car,No injury/unknown,ANIMAL/OBJECT IN ROADWAY,RATLIFF & STARNS RD,39.11098415,-86.65871992
2012,10,3,Weekday,2100,2-Car,No injury/unknown,UNSAFE LANE MOVEMENT,ISON RD & TOWER,39.10979517,-86.60952015
2012,10,3,Weekday,2100,1-Car,No injury/unknown,RAN OFF ROAD RIGHT,ELWREN & ISON RD,39.10971025,-86.60961235
2012,1,6,Weekday,1700,2-Car,Non-incapacitating,FOLLOWING TOO CLOSELY,SR45W & WOODBINE,39.109264,-86.64112
2012,2,5,Weekday,1600,2-Car,Non-incapacitating,FOLLOWING TOO CLOSELY,SR45W & WOODBINE,39.109264,-86.64112
2012,1,7,Weekend,1200,1-Car,No injury/unknown,ROADWAY SURFACE CONDITION,SOUTH ROCKPORT RD,39.10861588,-86.57626342
2012,12,5,Weekday,200,1-Car,No injury/unknown,RAN OFF ROAD RIGHT,S COLLEGE AVE & W 2ND,39.10851229,-86.53492994
2012,5,6,Weekend,2100,1-Car,No injury/unknown,RAN OFF ROAD RIGHT,S STANFORD & W ELWREN RD,39.10824,-86.666192
2012,8,1,Weekend,1600,Moped/Motorcycle,Non-incapacitating,RAN OFF ROAD RIGHT,RUSH RODGE & SR446S,39.1082111,-86.43107683
2012,10,4,Weekday,1700,2-Car,Non-incapacitating,LEFT OF CENTER,DUNLAP & W ISON RD,39.10795104,-86.62414378
2012,10,7,Weekend,500,1-Car,No injury/unknown,OVERCORRECTING/OVERSTEERING,FAIRFAX & SCHACHT RD,39.10781178,-86.5220316
2012,6,4,Weekday,1200,2-Car,No injury/unknown,FAILURE TO YIELD RIGHT OF WAY,S WALNUT ST & WALNUT STREET,39.107344,-86.5264
2012,9,2,Weekday,1300,2-Car,Non-incapacitating,FAILURE TO YIELD RIGHT OF WAY,WALNUT & WALNUT ST,39.107344,-86.5264
2012,10,1,Weekend,1700,1-Car,Incapacitating,DRIVER ILLNESS,LOW GAP RD & TULIP TREE TRACE,39.10729381,-86.39923967
2012,3,6,Weekday,1700,2-Car,No injury/unknown,OTHER (DRIVER) - EXPLAIN IN NARRATIVE,FAIRFAX RD & OLD STATE ROAD 37 S,39.10725988,-86.53149001
2012,8,3,Weekday,600,3+ Cars,Non-incapacitating,FAILURE TO YIELD RIGHT OF WAY,FAIRFAX & S OLD SR 37 RD,39.10725988,-86.53149001
2012,12,2,Weekday,1600,2-Car,No injury/unknown,FAILURE TO YIELD RIGHT OF WAY,FAIRFAX RD & S OLD STATE ROAD 37,39.10725988,-86.53149001
2012,11,1,Weekend,1500,2-Car,No injury/unknown,FAILURE TO YIELD RIGHT OF WAY,CHURCH LN & OLD STATE 37 S,39.107248,-86.531392
2012,12,1,Weekend,1800,2-Car,No injury/unknown,DISREGARD SIGNAL/REG SIGN,CHURCH & OLD STATE ROAD 37 RD,39.107248,-86.531392
2012,9,6,Weekday,1600,2-Car,No injury/unknown,FAILURE TO YIELD RIGHT OF WAY,FAIRFAX RD & WALNUT,39.10723985,-86.53149584
2012,1,5,Weekday,1700,2-Car,Non-incapacitating,SPEED TOO FAST FOR WEATHER CONDITIONS,S FAIRFAX & S WALNUT ST PIKE,39.10716361,-86.52650724
2012,4,1,Weekend,1200,1-Car,Non-incapacitating,UNSAFE SPEED,E FAIRFAX RD & S WALNUT ST,39.10716361,-86.52650724
2012,4,1,Weekend,1200,1-Car,Non-incapacitating,UNSAFE SPEED,E FAIRFAX RD & S WALNUT ST,39.10716361,-86.52650724
2012,10,6,Weekday,1500,1-Car,No injury/unknown,OTHER (DRIVER) - EXPLAIN IN NARRATIVE,FAIRFAX & WALNUT STREET PIKE,39.10715997,-86.52650982
2012,11,4,Weekday,900,2-Car,No injury/unknown,ROADWAY SURFACE CONDITION,FAIRFAX & WALNUT STREET PIKE,39.10715997,-86.52650982
2012,12,7,Weekend,1500,1-Car,No injury/unknown,ROADWAY SURFACE CONDITION,HARRELL & SCHACHT RD,39.10708395,-86.50383156
2012,6,4,Weekday,1900,2-Car,No injury/unknown,OTHER LIGHTS DEFECTIVE,E SCHACHT & S FAIRFAX RD,39.10704,-86.523488
2012,9,6,Weekend,1900,2-Car,Non-incapacitating,DRIVER DISTRACTED - EXPLAIN IN NARRATIVE,FAIRFAX RD & SCHACHT,39.10704,-86.523488
2012,6,7,Weekend,2000,1-Car,No injury/unknown,RAN OFF ROAD RIGHT,FAIRFAX RD & SCHACHT,39.10688057,-86.52373622
2012,7,4,Weekday,1200,2-Car,No injury/unknown,UNSAFE BACKING,SOUTH OLD STATE ROAD 37 HWY,39.106848,-86.531568
2012,8,3,Weekday,1300,2-Car,No injury/unknown,FAILURE TO YIELD RIGHT OF WAY,OLD CAPITAL & SOUTH VICTOR PIKE,39.10678983,-86.55017025
2012,11,6,Weekday,400,2-Car,No injury/unknown,IMPROPER TURNING,SR37 & VICTOR PIKE,39.1066416,-86.55027985
2012,7,7,Weekend,1900,1-Car,No injury/unknown,RAN OFF ROAD RIGHT,SR37 & VICTOR,39.10564948,-86.55126849
2012,9,4,Weekday,700,2-Car,Non-incapacitating,SPEED TOO FAST FOR WEATHER CONDITIONS,SR37 & VICTOR,39.10564948,-86.55126849
2012,3,7,Weekend,1700,2-Car,No injury/unknown,FAILURE TO YIELD RIGHT OF WAY,SR37S & VICTOR,39.105552,-86.551104
2012,4,4,Weekday,2200,2-Car,Non-incapacitating,FAILURE TO YIELD RIGHT OF WAY,SR37S & VICTOR,39.105552,-86.551104
2012,11,3,Weekday,900,2-Car,No injury/unknown,FOLLOWING TOO CLOSELY,SR37 & VICTOR PIKE,39.105552,-86.551104
2012,5,6,Weekday,1600,2-Car,No injury/unknown,FOLLOWING TOO CLOSELY,SR37S & VICTOR,39.10532541,-86.55090477
2012,12,6,Weekday,1300,1-Car,No injury/unknown,SPEED TOO FAST FOR WEATHER CONDITIONS,SR45 & W BRENNICK,39.10406785,-86.64820861
2012,8,1,Weekend,400,1-Car,No injury/unknown,ANIMAL/OBJECT IN ROADWAY,4719 E MOORES CREEK & E MOORES CREEK RD,39.10368,-86.461792
2012,6,3,Weekday,2000,Moped/Motorcycle,Non-incapacitating,OVERCORRECTING/OVERSTEERING,FAIRFAX & WALNUT ST,39.10342224,-86.53329696
2012,6,4,Weekday,0,1-Car,No injury/unknown,RAN OFF ROAD RIGHT,MOORES CREEK & STIPP RD,39.10252261,-86.46318265
2012,5,2,Weekday,1500,2-Car,No injury/unknown,OTHER (ENVIRONMENTAL) - EXPLAIN IN NARR,5500 ROCKPORT RD & COCKRELL,39.10250779,-86.57542611
2012,7,5,Weekday,1300,3+ Cars,No injury/unknown,OVERSIZE/OVERWEIGHT LOAD,COCKRELL & ROCKPORT RD,39.10190717,-86.5765543
2012,1,7,Weekend,200,Moped/Motorcycle,Non-incapacitating,UNSAFE SPEED,COCKRELL & ROCKPORT RD,39.101776,-86.576864
2012,10,7,Weekend,2000,2-Car,No injury/unknown,UNSAFE BACKING,ROGERS ST,39.10133362,-86.53951263
2012,10,7,Weekend,400,2-Car,Non-incapacitating,OTHER (DRIVER) - EXPLAIN IN NARRATIVE,SOUTH ROGERS & SR37S,39.10099199,-86.53630257
2012,1,2,Weekday,2100,1-Car,No injury/unknown,ROADWAY SURFACE CONDITION,S LEONARD SPRINS RD & W FOWLER,39.100752,-86.593504
2012,3,3,Weekday,800,2-Car,No injury/unknown,FAILURE TO YIELD RIGHT OF WAY,EMPIRE & OLD STATE ROAD 37 HWY,39.10069783,-86.54263995
2012,9,7,Weekend,1700,1-Car,No injury/unknown,RAN OFF ROAD RIGHT,SALT CREEK RD & SR446N,39.1004743,-86.42239987
2012,2,7,Weekend,1300,2-Car,No injury/unknown,FAILURE TO YIELD RIGHT OF WAY,OLD 37 RD & RHORER,39.10029437,-86.53134986
2012,10,3,Weekday,1700,2-Car,No injury/unknown,IMPROPER TURNING,BOLEN & VICTOR PIKE,39.10024993,-86.55795
2012,12,2,Weekday,1100,2-Car,No injury/unknown,CELL PHONE USAGE,HINDS & SR45W,39.10024487,-86.65093271
2012,6,7,Weekend,0,2-Car,No injury/unknown,FAILURE TO YIELD RIGHT OF WAY,FAIRFAX RD & MOFFETT,39.09990996,-86.5178503
2012,7,6,Weekday,1300,1-Car,Non-incapacitating,OVERCORRECTING/OVERSTEERING,FAIRFAX ROAD RD & MOFFETT,39.09990996,-86.5178503
2012,12,3,Weekday,1800,1-Car,No injury/unknown,ANIMAL/OBJECT IN ROADWAY,HANDY RD & STIPP,39.09974031,-86.49385855
2012,7,2,Weekday,2200,1-Car,No injury/unknown,ANIMAL/OBJECT IN ROADWAY,HANDY & STIPP RD,39.09974031,-86.4938499
2012,11,5,Weekday,1200,2-Car,No injury/unknown,FAILURE TO YIELD RIGHT OF WAY,OLD STATE ROAD 37 HWY & ROGERS,39.099408,-86.537904
2012,12,2,Weekday,1700,2-Car,No injury/unknown,OTHER (DRIVER) - EXPLAIN IN NARRATIVE,SOUTH ROGERS & SOUTH ROGERS ST,39.099408,-86.537904
2012,4,4,Weekday,1700,2-Car,No injury/unknown,DRIVER ASLEEP OR FATIGUED,OLD STATE ROAD 37 S & S ROGERS ST,39.09930982,-86.53789982
2012,11,3,Weekday,1600,3+ Cars,No injury/unknown,OTHER (VEHICLE) - EXPLAIN IN NARRATIVE,HINDS & SR45W,39.09902014,-86.65217415
2012,2,5,Weekday,1500,2-Car,Incapacitating,FOLLOWING TOO CLOSELY,CONSTITUTION & S LIBERTY DR,39.09834571,-86.5768703
2012,12,2,Weekday,500,1-Car,No injury/unknown,RAN OFF ROAD RIGHT,HINDS & SR45W,39.09823709,-86.65331172
2012,7,7,Weekend,2200,1-Car,No injury/unknown,ANIMAL/OBJECT IN ROADWAY,HARMONY RD & ISON,39.098041,-86.63828015
2012,10,1,Weekday,2200,1-Car,No injury/unknown,RAN OFF ROAD RIGHT,HINDS & SR45W,39.09791987,-86.65502648
2012,12,1,Weekend,500,2-Car,Incapacitating,LEFT OF CENTER,HINDS & SR45W,39.09791987,-86.65502648
2012,5,3,Weekday,1100,2-Car,Non-incapacitating,FAILURE TO YIELD RIGHT OF WAY,CHERRY & FAIRFAX RD,39.09784,-86.5168
2012,11,6,Weekday,1400,1-Car,No injury/unknown,RAN OFF ROAD RIGHT,LAMKINS RIDGE & SR446S,39.09749727,-86.47138975
2012,10,4,Weekday,1500,2-Car,Non-incapacitating,FOLLOWING TOO CLOSELY,1824 S CURRY PIKE & FARMER,39.09676402,-86.584885
2012,1,4,Weekday,1800,1-Car,No injury/unknown,RAN OFF ROAD RIGHT,E HUPP & S FAIRFAX RD,39.09464,-86.516896
2012,7,3,Weekday,1100,1-Car,No injury/unknown,SPEED TOO FAST FOR WEATHER CONDITIONS,5500 MAY RD & HARMONY,39.093744,-86.638304
2012,3,5,Weekday,400,1-Car,Non-incapacitating,ANIMAL/OBJECT IN ROADWAY,MAY & SOUTH ROCKPORT RD,39.093344,-86.5868
2012,10,5,Weekday,1700,2-Car,No injury/unknown,DRIVER DISTRACTED - EXPLAIN IN NARRATIVE,MAY & ROCKPORT RD,39.093344,-86.5868
2012,3,5,Weekday,1100,2-Car,Non-incapacitating,FAILURE TO YIELD RIGHT OF WAY,DILLMAN & SR37,39.09298161,-86.54577872
2012,10,6,Weekday,700,1-Car,No injury/unknown,ANIMAL/OBJECT IN ROADWAY,DILLMAN & SR37,39.09298161,-86.54577872
2012,12,3,Weekday,1900,2-Car,No injury/unknown,OTHER (DRIVER) - EXPLAIN IN NARRATIVE,DILLMAN & SR37S,39.092976,-86.545648
2012,6,7,Weekend,1600,3+ Cars,No injury/unknown,UNSAFE LANE MOVEMENT,DILLMAN & WALNUT ST,39.09296938,-86.54417255
2012,12,1,Weekday,1900,2-Car,No injury/unknown,OVERCORRECTING/OVERSTEERING,DILLMAN & WALNUT ST,39.09296938,-86.54417255
2012,5,2,Weekday,800,2-Car,Non-incapacitating,FAILURE TO YIELD RIGHT OF WAY,DILLMAN & SR37N,39.09295969,-86.54603026
2012,12,1,Weekend,1300,2-Car,Non-incapacitating,FAILURE TO YIELD RIGHT OF WAY,DILLMAN RD & OLD STATE ROAD 37,39.09295969,-86.54420336
2012,7,7,Weekend,700,2-Car,No injury/unknown,FAILURE TO YIELD RIGHT OF WAY,DILLMAN & OLD STATE ROAD 37 HWY,39.09295969,-86.54416009
2012,12,1,Weekend,1100,1-Car,No injury/unknown,OVERCORRECTING/OVERSTEERING,OLD 37 SOUTH RD & SR 37 SOUTH,39.09295969,-86.54411682
2012,5,1,Weekend,1200,2-Car,No injury/unknown,FAILURE TO YIELD RIGHT OF WAY,DILLMAN & SOUTH OLD STATE ROAD 37 HWY,39.092944,-86.544
2012,7,7,Weekend,1700,2-Car,Non-incapacitating,FAILURE TO YIELD RIGHT OF WAY,DILLMAN & OLD STATE 37 S RD,39.092944,-86.544
2012,8,6,Weekday,1600,2-Car,Incapacitating,FAILURE TO YIELD RIGHT OF WAY,DILLMAN & OLD SR 37 S HWY,39.092944,-86.544
2012,1,4,Weekday,800,1-Car,No injury/unknown,ROADWAY SURFACE CONDITION,6000 BLOCK S ROCKPORT RD & MAY,39.09282781,-86.58704112
2012,12,3,Weekday,1800,1-Car,No injury/unknown,ANIMAL/OBJECT IN ROADWAY,2ND SANDERS & S FAIRFAX RD,39.09265226,-86.51577025
2012,6,7,Weekend,1500,2-Car,Non-incapacitating,DISREGARD SIGNAL/REG SIGN,FAIRFAX RD & RAYLETOWN,39.09264,-86.51672
2012,4,7,Weekend,800,2-Car,No injury/unknown,FAILURE TO YIELD RIGHT OF WAY,PAYNETOWN & SR446S,39.092112,-86.422832
2012,6,2,Weekday,1600,2-Car,No injury/unknown,FOLLOWING TOO CLOSELY,SR45S & STANFORD,39.09143201,-86.66411277
2012,6,6,Weekday,1100,1-Car,No injury/unknown,OBSTRUCTION NOT MARKED,HINDS RDS & STANFORD,39.09090559,-86.66269718
2012,5,5,Weekday,1700,2-Car,No injury/unknown,FAILURE TO YIELD RIGHT OF WAY,NORTH OLD STATE ROAD 37 & SR37N,39.09054631,-86.54273986
2012,1,6,Weekday,1200,2-Car,No injury/unknown,FOLLOWING TOO CLOSELY,BURCH & SR45W,39.09040189,-86.66553064
2012,12,2,Weekday,1200,2-Car,No injury/unknown,SPEED TOO FAST FOR WEATHER CONDITIONS,SR37S & VICTOR,39.0904007,-86.56349182
2012,9,1,Weekend,1800,2-Car,No injury/unknown,ANIMAL/OBJECT IN ROADWAY,MOUNT GILEAD & SR45E,39.09029922,-86.46886982
2012,7,2,Weekday,1500,1-Car,No injury/unknown,TIRE FAILURE OR DEFECTIVE,DILLMAN & SR37S,39.09023917,-86.54535097
2012,2,4,Weekday,1600,2-Car,Non-incapacitating,UNSAFE SPEED,SR45W & STANFORD,39.08993365,-86.66617511
2012,6,1,Weekend,1500,2-Car,No injury/unknown,FAILURE TO YIELD RIGHT OF WAY,BIRCH & SR45W,39.08984,-86.666304
2012,9,3,Weekday,1200,2-Car,No injury/unknown,FOLLOWING TOO CLOSELY,BURCH & SR45S,39.08984,-86.666304
2012,11,3,Weekday,200,1-Car,No injury/unknown,RAN OFF ROAD RIGHT,HANDY & PAYNETOWN RD,39.08972025,-86.47732275
2012,7,4,Weekday,800,2-Car,Non-incapacitating,FOLLOWING TOO CLOSELY,SR45W & STANFORD,39.08958316,-86.66671737
2012,5,7,Weekend,1700,2-Car,No injury/unknown,FAILURE TO YIELD RIGHT OF WAY,LEONARD SPRINGS RD & W SR 45,39.0891086,-86.58259011
2012,11,2,Weekday,700,1-Car,No injury/unknown,SPEED TOO FAST FOR WEATHER CONDITIONS,RED OAK & SR446S,39.08906981,-86.42326019
2012,6,7,Weekend,0,1-Car,Non-incapacitating,RAN OFF ROAD RIGHT,N PATHWAY LN & SR45,39.08847697,-86.66866422
2012,6,2,Weekday,1500,2-Car,No injury/unknown,FOLLOWING TOO CLOSELY,SPARKS & SR45W,39.0873269,-86.67043562
2012,8,6,Weekday,1700,1-Car,Non-incapacitating,RAN OFF ROAD RIGHT,GREENE COUNTY LINE & SR45W,39.08690307,-86.67518735
2012,6,5,Weekday,300,1-Car,No injury/unknown,RAN OFF ROAD RIGHT,10TH & PETE ELLIS DR,39.08687965,-86.4953801
2012,3,2,Weekday,600,1-Car,Non-incapacitating,RAN OFF ROAD RIGHT,SPARKS & SR45E,39.086848,-86.671296