Year,Month,Day,Weekend?,Hour,Collision Type,Injury Type,Primary Factor,Reported_Location,Latitude,Longitude
2012,3,5,Weekday,1300,3+ Cars,Fatal,FAILURE TO YIELD RIGHT OF WAY,BREEDEN & SR45W,39.0868228,-86.67304122
2012,6,3,Weekday,900,2-Car,Incapacitating,FAILURE TO YIELD RIGHT OF WAY,BREEDEN & SR45W,39.08680128,-86.67550806
2012,10,1,Weekend,1800,1-Car,No injury/unknown,RAN OFF ROAD RIGHT,LOUDEN RD,39.08673061,-86.63810729
2012,5,3,Weekday,2000,Moped/Motorcycle,Non-incapacitating,IMPROPER TURNING,W KIRKSVILLE RD,39.08664,-86.6536
2012,10,2,Weekday,700,1-Car,No injury/unknown,ANIMAL/OBJECT IN ROADWAY,FAIRFAX RD & SOUTH MCCORMICK,39.0862206,-86.50779001
2012,2,5,Weekday,1700,Moped/Motorcycle,Non-incapacitating,UNSAFE SPEED,SR37,39.085632,-86.542304
2012,3,2,Weekday,100,1-Car,No injury/unknown,RAN OFF ROAD RIGHT,SOUTH OLD STATE ROAD 37 RD & SR37S,39.085632,-86.542304
2012,5,4,Weekday,1600,2-Car,No injury/unknown,FOLLOWING TOO CLOSELY,OLD STATE ROAD 37 & SR37S,39.085632,-86.542304
2012,3,5,Weekday,1400,2-Car,No injury/unknown,FAILURE TO YIELD RIGHT OF WAY,SOUTH OLD STATE ROAD 37 & SR37S,39.085632,-86.542304
2012,6,6,Weekday,1300,2-Car,Incapacitating,LEFT OF CENTER,RUSH RIDGE & SR446,39.08561508,-86.42188971
2012,4,6,Weekday,1500,2-Car,Non-incapacitating,FAILURE TO YIELD RIGHT OF WAY,SR37 & WALNUT,39.08547972,-86.54257852
2012,2,7,Weekend,1400,1-Car,Non-incapacitating,OTHER (DRIVER) - EXPLAIN IN NARRATIVE,S WALNUT & SR37S,39.08531247,-86.54273987
2012,12,7,Weekend,500,1-Car,No injury/unknown,ANIMAL/OBJECT IN ROADWAY,S OLD STATE ROAD 37 & SR37S,39.08528942,-86.54201035
2012,7,6,Weekday,1800,2-Car,Non-incapacitating,DISREGARD SIGNAL/REG SIGN,S OLD 37 & SR37,39.08528745,-86.54275023
2012,1,7,Weekend,200,1-Car,No injury/unknown,RAN OFF ROAD RIGHT,OLD 37 & SR37S,39.08526979,-86.54273986
2012,3,6,Weekday,1400,2-Car,Non-incapacitating,FAILURE TO YIELD RIGHT OF WAY,SOUTH OLD 37 & SR37S,39.08526979,-86.54273986
2012,7,5,Weekday,1800,1-Car,No injury/unknown,RAN OFF ROAD RIGHT,OLD SATE ROAD 37 & SR37S,39.08526979,-86.54273986
2012,4,7,Weekend,1900,1-Car,No injury/unknown,SPEED TOO FAST FOR WEATHER CONDITIONS,SR446N & WEST PAYNETOWN,39.08457966,-86.42065175
2012,7,1,Weekday,2100,1-Car,No injury/unknown,RAN OFF ROAD RIGHT,SR37 & SR37S,39.08384,-86.540768
2012,6,7,Weekend,1500,3+ Cars,No injury/unknown,BRAKE FAILURE OR DEFECTIVE,SR37 & SR37S,39.08384,-86.540768
2012,1,4,Weekday,800,1-Car,No injury/unknown,RAN OFF ROAD RIGHT,HARMONY RD & KIRKSVILLE,39.08326966,-86.63533103
2012,3,4,Weekday,700,2-Car,No injury/unknown,FOLLOWING TOO CLOSELY,SR37 & SR37N,39.08314838,-86.54019332
2012,11,2,Weekday,1000,1-Car,No injury/unknown,LEFT OF CENTER,RAMP CREEK RD & SHIELDS RIDGE,39.0829698,-86.47282342
2012,6,6,Weekend,2300,1-Car,No injury/unknown,RAN OFF ROAD RIGHT,SOUTH OLD STATE ROAD 37 RD,39.08272533,-86.54089956
2012,3,7,Weekend,1100,2-Car,No injury/unknown,FAILURE TO YIELD RIGHT OF WAY,2ND SANDERS & FAIRFAX RD,39.082144,-86.515488
2012,5,6,Weekday,800,2-Car,No injury/unknown,FAILURE TO YIELD RIGHT OF WAY,2ND SANDERS & FAIRFAX RD,39.082144,-86.515488
2012,10,1,Weekend,200,1-Car,No injury/unknown,ANIMAL/OBJECT IN ROADWAY,2ND AVE SANDERS & FAIRFAX RD,39.08210009,-86.51577025
2012,11,2,Weekday,700,2-Car,No injury/unknown,FAILURE TO YIELD RIGHT OF WAY,2ND SANDERS & FAIRFAX RD,39.08210009,-86.51577025
2012,6,7,Weekend,100,1-Car,Incapacitating,RAN OFF ROAD RIGHT,ANNE & STRAIN RIDGE RD,39.08097237,-86.51104651
2012,9,6,Weekend,2200,1-Car,Non-incapacitating,RAN OFF ROAD RIGHT,1ST AVE SANDERS & FAIRFAX RD,39.07913621,-86.51293143
2012,2,1,Weekday,2100,1-Car,No injury/unknown,ANIMAL/OBJECT IN ROADWAY,BURCH RD & EVANS,39.07681561,-86.66628795
2012,4,2,Weekday,2300,1-Car,Fatal,RAN OFF ROAD RIGHT,S VICTOR PIKE & W FLUCK MILL,39.07609299,-86.5712142
2012,12,1,Weekend,300,1-Car,Non-incapacitating,LEFT OF CENTER,BURCH RD & TOM PHILLIPS,39.07540405,-86.66614219
2012,9,3,Weekday,800,1-Car,No injury/unknown,RAN OFF ROAD RIGHT,CHURCH & RAMP CREEK RD,39.07399982,-86.48465998
2012,8,2,Weekday,1600,2-Car,Non-incapacitating,FOLLOWING TOO CLOSELY,BURKS & WALNUT ST,39.07384869,-86.53136998
2012,5,5,Weekday,200,1-Car,No injury/unknown,RAN OFF ROAD RIGHT,CEDAR & OLD STATE ROAD 37 RD,39.07375714,-86.54116078
2012,7,1,Weekday,2000,1-Car,No injury/unknown,UNSAFE SPEED,SHADY SIDE & SHIELDS RDG,39.073088,-86.461184
2012,6,5,Weekday,700,1-Car,No injury/unknown,RAN OFF ROAD RIGHT,DELLSVILLE & SOUTH OLD STATE ROAD 37 HWY,39.07141421,-86.54152013
2012,9,1,Weekend,100,1-Car,Non-incapacitating,RAN OFF ROAD RIGHT,BERNICE & FAIRFAX RD,39.0712328,-86.50310097
2012,3,3,Weekday,700,2-Car,No injury/unknown,OTHER (DRIVER) - EXPLAIN IN NARRATIVE,EAST SMITHVILLE & SOUTH FAIRFAX RD,39.071152,-86.503088
2012,6,7,Weekend,1500,Moped/Motorcycle,No injury/unknown,DISREGARD SIGNAL/REG SIGN,FAIRFAX RD & RAMP CREEK,39.071152,-86.503088
2012,6,3,Weekday,1600,2-Car,Non-incapacitating,FAILURE TO YIELD RIGHT OF WAY,EAST RAMP CREEK & SOUTH FAIRFAX RD,39.071152,-86.503088
2012,4,4,Weekday,1400,2-Car,Non-incapacitating,FAILURE TO YIELD RIGHT OF WAY,SMITHVILLE & SR37S,39.071056,-86.5356
2012,6,7,Weekend,1600,3+ Cars,Non-incapacitating,FAILURE TO YIELD RIGHT OF WAY,SMITHVILLE & SR37N,39.071056,-86.5356
2012,8,4,Weekday,1200,2-Car,Incapacitating,FAILURE TO YIELD RIGHT OF WAY,SMITHVILLE & SR37S,39.071056,-86.5356
2012,2,3,Weekday,500,1-Car,No injury/unknown,RAN OFF ROAD RIGHT,SMITHVILLE RD & SOCIETY,39.071056,-86.517488
2012,7,7,Weekend,1600,2-Car,Non-incapacitating,FAILURE TO YIELD RIGHT OF WAY,SMITHVILLE & SR37S,39.07097027,-86.53639979
2012,1,2,Weekday,1800,2-Car,Non-incapacitating,OTHER (ENVIRONMENTAL) - EXPLAIN IN NARR,MOORES CREEK & SMITH RD,39.07094096,-86.48046031
2012,2,3,Weekday,1200,2-Car,Incapacitating,FAILURE TO YIELD RIGHT OF WAY,SMITHVILLE & SR37S,39.0709012,-86.53613118
2012,2,4,Weekday,1900,1-Car,No injury/unknown,OVERCORRECTING/OVERSTEERING,SMITHVILLE RD,39.07059744,-86.52021937
2012,7,3,Weekday,1600,1-Car,No injury/unknown,RAN OFF ROAD RIGHT,S VICTOR PIKE & W FLUCK MILL,39.07045003,-86.5749944
2012,10,4,Weekday,1600,1-Car,Non-incapacitating,ANIMAL/OBJECT IN ROADWAY,E SMITHVILLE RD & SR37S,39.07025895,-86.53198551
2012,4,4,Weekday,600,2-Car,No injury/unknown,FOLLOWING TOO CLOSELY,S OLD STATE ROAD 37 & SR37S,39.06944026,-86.54273986
2012,9,3,Weekday,2100,1-Car,No injury/unknown,ANIMAL/OBJECT IN ROADWAY,OLD STATE 37 SOUTH RD & W ROGERS,39.06919371,-86.54097028
2012,7,3,Weekday,1500,1-Car,No injury/unknown,RAN OFF ROAD RIGHT,ROCKPORT RD,39.06446591,-86.60382449
2012,4,6,Weekday,600,2-Car,No injury/unknown,LEFT OF CENTER,CLEVE BUTCHER & FAIRFAX RD,39.06204386,-86.49845522
2012,1,3,Weekday,1900,1-Car,No injury/unknown,RAN OFF ROAD RIGHT,CAROWINDS & FAIRFAX RD,39.0611224,-86.49844859
2012,1,7,Weekend,200,1-Car,No injury/unknown,RAN OFF ROAD RIGHT,CLEVE BUTCHER RD & SOUTH FAIRFAX,39.059984,-86.498432
2012,6,6,Weekday,1000,1-Car,No injury/unknown,DRIVER ASLEEP OR FATIGUED,OLD RICHARDSON & SR446S,39.05939837,-86.43133968
2012,9,2,Weekday,600,2-Car,No injury/unknown,UNSAFE BACKING,VICTOR PIKE,39.05935287,-86.58028411
2012,6,6,Weekday,1700,2-Car,No injury/unknown,FOLLOWING TOO CLOSELY,CURRY PIKE & THIRD,39.05891525,-86.58292002
2012,3,2,Weekday,1600,1-Car,No injury/unknown,ENGINE FAILURE OR DEFECTIVE,STRAIN RIDGE RD,39.05855969,-86.51102408
2012,2,4,Weekday,1700,2-Car,No injury/unknown,LEFT OF CENTER,BURCH RD & GRAVES,39.05844087,-86.65073773
2012,7,5,Weekday,400,1-Car,No injury/unknown,ANIMAL/OBJECT IN ROADWAY,SMITHVILLE & SR37S,39.05655466,-86.53579011
2012,8,4,Weekday,1000,1-Car,No injury/unknown,ANIMAL/OBJECT IN ROADWAY,CHUMLEY & OLD STATE ROAD 37 RD,39.056544,-86.541088
2012,12,6,Weekday,0,2-Car,No injury/unknown,RAN OFF ROAD RIGHT,HARMONY & SR45W,39.05585861,-86.61653446
2012,12,2,Weekday,2200,1-Car,No injury/unknown,UNSAFE BACKING,FAIRFAX RD & SMITHVILLE,39.05532616,-86.50319002
2012,8,6,Weekend,2200,1-Car,Non-incapacitating,RAN OFF ROAD RIGHT,SR37S & ZIKES,39.05494892,-86.53581235
2012,11,5,Weekday,2000,1-Car,No injury/unknown,ANIMAL/OBJECT IN ROADWAY,CLEVE BUTCHER & FAIRFAX RD,39.05471043,-86.49841014
2012,3,6,Weekday,200,1-Car,No injury/unknown,UNSAFE SPEED,FAIRFAX & S OLD STATE ROAD 37 HWY,39.05446508,-86.53149001
2012,6,7,Weekend,1900,1-Car,No injury/unknown,RAN OFF ROAD RIGHT,FLUCK MILL & KETCHAM RD,39.05399699,-86.5615797
2012,2,7,Weekend,900,2-Car,No injury/unknown,UNSAFE SPEED,ROCKPORT RD,39.05038163,-86.6089978
2012,2,2,Weekday,1100,2-Car,Non-incapacitating,FOLLOWING TOO CLOSELY,SR37S & ZIKES,39.049456,-86.535888
2012,5,1,Weekday,2000,1-Car,No injury/unknown,ANIMAL/OBJECT IN ROADWAY,SR37S & ZIKES,39.049456,-86.535888
2012,6,1,Weekend,700,1-Car,No injury/unknown,RAN OFF ROAD RIGHT,SOUTH STRAIN RIDGE RD,39.04938519,-86.51057749
2012,3,5,Weekday,1600,1-Car,Non-incapacitating,RAN OFF ROAD RIGHT,ANNE & STRAIN RIDGE RD,39.0493424,-86.51104651
2012,12,6,Weekday,100,1-Car,No injury/unknown,RAN OFF ROAD RIGHT,ANNE & STRAIN RIDGE RDS,39.04934026,-86.51104018
2012,4,1,Weekday,1900,Moped/Motorcycle,Non-incapacitating,RAN OFF ROAD RIGHT,HAYS & SR446S,39.04715121,-86.40881182
2012,6,6,Weekend,2300,1-Car,Non-incapacitating,RAN OFF ROAD RIGHT,HAYS & SR446S,39.04715121,-86.40881182
2012,11,7,Weekend,800,1-Car,Non-incapacitating,RAN OFF ROAD RIGHT,ANNE & STRAINRIDGE RD,39.0456693,-86.51194811
2012,4,1,Weekday,2300,1-Car,No injury/unknown,OVERCORRECTING/OVERSTEERING,S OLD ST RD 37 & SR37S,39.04421854,-86.54273986
2012,8,2,Weekday,2200,1-Car,Non-incapacitating,ANIMAL/OBJECT IN ROADWAY,SR37S & ZIKES,39.04396287,-86.53584423
2012,4,1,Weekend,400,1-Car,No injury/unknown,RAN OFF ROAD RIGHT,HARDING PLACE DR & OLD STATE ROAD 37 SOUTH,39.03958976,-86.54120635
2012,8,2,Weekday,1100,1-Car,No injury/unknown,SPEED TOO FAST FOR WEATHER CONDITIONS,PAYNETOWN & SR446S,39.03898619,-86.42302013
2012,3,5,Weekday,0,2-Car,Incapacitating,UNSAFE SPEED,SR37S & ZIKES,39.03690325,-86.535559
2012,9,1,Weekend,100,2-Car,No injury/unknown,OTHER (DRIVER) - EXPLAIN IN NARRATIVE,E POINTE RD,39.03646469,-86.5127182
2012,9,7,Weekend,0,2-Car,No injury/unknown,OTHER (DRIVER) - EXPLAIN IN NARRATIVE,POINTE RD,39.03646469,-86.5127182
2012,10,4,Weekday,1300,2-Car,No injury/unknown,DRIVER DISTRACTED - EXPLAIN IN NARRATIVE,FAIRFAX RD,39.03613374,-86.4911174
2012,6,1,Weekday,2000,Moped/Motorcycle,Incapacitating,RAN OFF ROAD RIGHT,E SALT CREEK & SR446S,39.0350413,-86.42239987
2012,10,3,Weekday,1700,1-Car,No injury/unknown,RAN OFF ROAD RIGHT,POINTE & STRAIN RIDGE RD,39.03492004,-86.51686271
2012,7,1,Weekend,100,2-Car,No injury/unknown,UNSAFE BACKING,E POINTE RD,39.03486505,-86.51013895
2012,10,6,Weekday,1600,3+ Cars,Non-incapacitating,SPEED TOO FAST FOR WEATHER CONDITIONS,CURRY PIKE & VERNAL,39.03434192,-86.58308029
2012,8,4,Weekday,1400,2-Car,No injury/unknown,,TOWER RIDGE RD,39.03424546,-86.32086016
2012,11,6,Weekend,2200,1-Car,Non-incapacitating,RAN OFF ROAD RIGHT,S KETCHAM RD,39.03410465,-86.56690746
2012,5,6,Weekend,2100,2-Car,No injury/unknown,IMPROPER TURNING,2388 S WINSLOW CT & GRAHAM,39.03383969,-86.52416863
2012,5,7,Weekend,2000,2-Car,No injury/unknown,UNSAFE SPEED,FAIRFAX RD & MT EABL,39.03321013,-86.49016991
2012,11,7,Weekend,900,1-Car,No injury/unknown,RAN OFF ROAD RIGHT,POINT RIDGE LN,39.03300095,-86.50893402
2012,2,7,Weekend,1800,1-Car,No injury/unknown,OVERCORRECTING/OVERSTEERING,FAIR FAX & POINTE RD,39.0324799,-86.48991713
2012,8,3,Weekday,700,3+ Cars,Non-incapacitating,FOLLOWING TOO CLOSELY,S WALNUT ST & WINSLOW,39.03030313,-86.5311098
2012,9,3,Weekday,1300,1-Car,No injury/unknown,ANIMAL/OBJECT IN ROADWAY,ALLENS CREEK & SR446S,39.03014083,-86.40774745
2012,7,7,Weekend,700,2-Car,No injury/unknown,UNSAFE BACKING,LAKE RIDGE DR,39.02923107,-86.50658807
2012,9,7,Weekend,1100,1-Car,No injury/unknown,ROADWAY SURFACE CONDITION,ALLENS CREEK & SR446S,39.02758297,-86.40724404
2012,9,1,Weekend,1400,2-Car,No injury/unknown,OTHER (DRIVER) - EXPLAIN IN NARRATIVE,OLD STATE ROAD 37 SOUTH HWY & SOUTH ROGERS,39.02541212,-86.53789982
2012,4,5,Weekday,2000,Moped/Motorcycle,Non-incapacitating,RAN OFF ROAD RIGHT,CHAPEL HILL & SR446S,39.02483704,-86.40536989
2012,12,1,Weekend,1400,2-Car,Fatal,LEFT OF CENTER,CHAPEL HILL & SR446S,39.02457064,-86.405296
2012,6,4,Weekday,2200,1-Car,No injury/unknown,ANIMAL/OBJECT IN ROADWAY,CHAPEL HILL & SR446S,39.02402132,-86.405296
2012,9,2,Weekday,1400,1-Car,No injury/unknown,SPEED TOO FAST FOR WEATHER CONDITIONS,ANDERSON & BEANBLOSSOM RD,39.02173938,-86.4321485
2012,3,6,Weekend,2200,1-Car,No injury/unknown,ANIMAL/OBJECT IN ROADWAY,MONROE DAM RD & SR37S,39.01938728,-86.53459712
2012,6,4,Weekday,1200,3+ Cars,No injury/unknown,UNSAFE LANE MOVEMENT,SR37S,39.01916087,-86.53651915
2012,7,3,Weekday,2100,1-Car,Non-incapacitating,RAN OFF ROAD RIGHT,MONROE DAM & STRAIN RIDGE RD,39.01879242,-86.52259042
2012,4,5,Weekday,300,1-Car,No injury/unknown,ANIMAL/OBJECT IN ROADWAY,MONROE DAM RD & OLD STATE ROAD 37 SOUTH,39.01866987,-86.53941411
2012,1,6,Weekday,900,1-Car,Non-incapacitating,RAN OFF ROAD RIGHT,MONROE DAM RD & STRAIN RIDGE RD,39.018656,-86.522896
2012,11,4,Weekday,1200,1-Car,No injury/unknown,RAN OFF ROAD RIGHT,CHESTNUT & STRAINRIDGE RD,39.016853,-86.50781505
2012,11,6,Weekday,700,2-Car,No injury/unknown,FOLLOWING TOO CLOSELY,SR37S,39.01630535,-86.53697023
2012,4,2,Weekday,2300,1-Car,No injury/unknown,ANIMAL/OBJECT IN ROADWAY,SR37 & ZIKES,39.01561701,-86.53702247
2012,9,4,Weekday,1500,1-Car,Non-incapacitating,RAN OFF ROAD RIGHT,E TOWER RIDGE RD & LAST HORSE,39.01509586,-86.39920394
2012,12,2,Weekday,1300,2-Car,No injury/unknown,LEFT OF CENTER,SR446S & TOWER RIDGE,39.015088,-86.401232
2012,1,3,Weekday,600,1-Car,No injury/unknown,RAN OFF ROAD RIGHT,HOBART RD & S OLD ST RD 37,39.01368968,-86.54097966
2012,5,4,Weekday,1100,1-Car,Non-incapacitating,RAN OFF ROAD RIGHT,FAIRFAX RD & MCCORMICK,39.01236758,-86.50779001
2012,5,7,Weekend,100,Moped/Motorcycle,Non-incapacitating,FAILURE TO YIELD RIGHT OF WAY,HARRODSBURG & POPCORN RD,39.012048,-86.545088
2012,1,7,Weekend,0,1-Car,No injury/unknown,RAN OFF ROAD RIGHT,MONROE DAM & SR37S,39.01050784,-86.53705079
2012,4,1,Weekend,100,1-Car,Fatal,RAN OFF ROAD RIGHT,KETCHAM & POPCORN RD,39.00978613,-86.56394108
2012,9,7,Weekend,600,1-Car,No injury/unknown,BRAKE FAILURE OR DEFECTIVE,MONROE DAM & VALLEY MISSION RD,39.009344,-86.510096
2012,6,6,Weekend,2300,1-Car,No injury/unknown,RAN OFF ROAD RIGHT,KETCHAM & POPCORN RD,39.00869022,-86.56645895
2012,9,4,Weekday,2200,1-Car,No injury/unknown,RAN OFF ROAD RIGHT,MONROE DAM CT,39.00725238,-86.51641599
2012,1,6,Weekday,1800,2-Car,No injury/unknown,DRIVER DISTRACTED - EXPLAIN IN NARRATIVE,12OO S LIBERTY DR & W 3RD,39.00599302,-86.57913216
2012,11,2,Weekday,2200,1-Car,No injury/unknown,ANIMAL/OBJECT IN ROADWAY,DUTCH RIDGE & SR446S,39.004288,-86.395616
2012,4,3,Weekday,1400,1-Car,Non-incapacitating,RAN OFF ROAD RIGHT,PEDIGO BAY & VALLEY MISSION RD,39.00356032,-86.5011435
2012,2,7,Weekend,900,1-Car,No injury/unknown,RAN OFF ROAD RIGHT,POPCORN RD & ROCKPORT,39.002752,-86.59
2012,8,6,Weekday,1400,2-Car,No injury/unknown,LEFT OF CENTER,E GUTHRIE RD & SAMANTHA,38.99470299,-86.46484673
2012,2,5,Weekday,300,1-Car,Non-incapacitating,RAN OFF ROAD RIGHT,INGRAM & SR37N,38.98793083,-86.53779269
2012,7,1,Weekday,2000,1-Car,No injury/unknown,OVERCORRECTING/OVERSTEERING,GORE & SOUTH OLD STATE ROAD 37 HWY,38.97993605,-86.54174007
2012,11,6,Weekend,2000,1-Car,Incapacitating,RAN OFF ROAD RIGHT,GORE & OLD STATE ROAD 37 RD,38.97993605,-86.54174007
2012,6,2,Weekday,700,2-Car,No injury/unknown,FAILURE TO YIELD RIGHT OF WAY,RAMP CREEK & SHIELDS RIDGE RD,38.97744578,-86.47290989
2012,12,4,Weekday,2200,1-Car,Non-incapacitating,RAN OFF ROAD RIGHT,BREEDEN RD & TOM PHILLIPS,38.97052497,-86.67456977
2012,3,2,Weekday,1400,1-Car,No injury/unknown,RAN OFF ROAD RIGHT,SMITHVILLE RD & ZIKES,38.96564784,-86.52540005
2012,11,5,Weekday,500,1-Car,No injury/unknown,ANIMAL/OBJECT IN ROADWAY,SR37S & ZIKES,38.95143498,-86.52629089
2012,9,3,Weekday,1000,1-Car,Non-incapacitating,RAN OFF ROAD RIGHT,SHUFFLE CREEK RD & SOUTHSHORE,38.93344093,-86.4008963
2012,12,5,Weekday,2000,1-Car,No injury/unknown,ANIMAL/OBJECT IN ROADWAY,HINDS & KIRKSVILLE RD,38.93213349,-86.6633702
2012,10,4,Weekday,1300,1-Car,Non-incapacitating,LEFT OF CENTER,FAIRFAX RD & POINT,38.9270922,-86.49009011
2012,12,1,Weekend,1200,1-Car,Non-incapacitating,RAN OFF ROAD RIGHT,FLUCK MILL & KETCHUM RD,38.80609898,-86.5615797
2012,8,1,Weekend,600,1-Car,No injury/unknown,RAN OFF ROAD RIGHT,9900 SOUTH OLD STATE ROAD 37 RD & HARRODSBURG,38.80047148,-86.54309329
2012,8,3,Weekday,1400,2-Car,No injury/unknown,UNSAFE SPEED,N OLD STATE RD 37 RD & WISHNAND,38.39655258,-86.51713013
2012,7,3,Weekday,2200,1-Car,No injury/unknown,ANIMAL/OBJECT IN ROADWAY,ACUFF & SR37N,38.38267105,-86.55361019
2012,4,3,Weekday,1700,2-Car,Non-incapacitating,FAILURE TO YIELD RIGHT OF WAY,BALFOUR & SR45-46E,9.183291774,-86.5117228
2012,1,4,Weekday,500,1-Car,Incapacitating,DRIVER ILLNESS,EXIT 10 & SR37S,1.0,1.0
2012,3,3,Weekday,1100,Moped/Motorcycle,Incapacitating,ROADWAY SURFACE CONDITION,E MOORES PKWY & S PICKWICK,1.0,1.0
2012,5,6,Weekend,2000,1-Car,Non-incapacitating,RAN OFF ROAD RIGHT,SR446 & TEXAS RIDGE RD,1.0,1.0
2012,7,2,Weekday,1900,2-Car,Non-incapacitating,DRIVER DISTRACTED - EXPLAIN IN NARRATIVE,RAILROAD TRACKS & SR45E,1.0,1.0
2012,8,5,Weekday,2100,1-Car,Non-incapacitating,RAN OFF ROAD RIGHT,CURRY & GATES DR,1.0,1.0
2012,8,1,Weekend,0,1-Car,Non-incapacitating,RAN OFF ROAD RIGHT,SISCOE & SR46W,1.0,1.0
2012,1,6,Weekday,1400,2-Car,No injury/unknown,FOLLOWING TOO CLOSELY,3RD & SR37S,0.0,0.0
2012,1,7,Weekend,1000,1-Car,No injury/unknown,RAN OFF ROAD RIGHT,S HARRODSBURG RD & SOUTH OLD SR37,0.0,0.0
2012,1,3,Weekday,600,1-Car,No injury/unknown,ANIMAL/OBJECT IN ROADWAY,MOORMAN & SR37S,0.0,0.0
2012,1,6,Weekday,500,2-Car,No injury/unknown,SPEED TOO FAST FOR WEATHER CONDITIONS,E COVENANTER DR & E STRATUM,0.0,0.0
2012,1,5,Weekday,600,1-Car,No injury/unknown,OVERCORRECTING/OVERSTEERING,SR45E & TUNELL ROAD,0.0,0.0
2012,1,7,Weekend,1500,2-Car,No injury/unknown,IMPROPER PASSING,11TH & FEE LN,0.0,0.0
2012,1,1,Weekend,1700,Pedestrian,No injury/unknown,FAILURE TO YIELD RIGHT OF WAY,COLLEGE MALL RD & PRIVATE DRIVE TO MALL,0.0,0.0
2012,1,3,Weekday,700,1-Car,No injury/unknown,SPEED TOO FAST FOR WEATHER CONDITIONS,MONROE LAKE & SR37,0.0,0.0
2012,1,3,Weekday,1000,2-Car,No injury/unknown,FOLLOWING TOO CLOSELY,SR45S,0.0,0.0
2012,1,4,Weekday,900,2-Car,No injury/unknown,UNSAFE LANE MOVEMENT,2600 BLOCK OF EAST TENTH ST & 4546 BYPASS,0.0,0.0
2012,1,6,Weekend,2000,Bus,No injury/unknown,ROADWAY SURFACE CONDITION,CAMPBELL & HARTSTRAT RD,0.0,0.0
2012,1,1,Weekend,1100,1-Car,No injury/unknown,ROADWAY SURFACE CONDITION,MOORES & STIPP RD,0.0,0.0
2012,3,5,Weekday,1500,2-Car,No injury/unknown,FOLLOWING TOO CLOSELY,BUSINESS 37 RD & STATE ROAD 37,0.0,0.0
2012,3,6,Weekday,1100,2-Car,No injury/unknown,FAILURE TO YIELD RIGHT OF WAY,HARTSTRAIGHT & TEMPERANCE ST,0.0,0.0
2012,3,7,Weekend,1700,2-Car,No injury/unknown,VIEW OBSTRUCTED,FAIR FAX & SR37S,0.0,0.0
2012,3,2,Weekday,2100,2-Car,No injury/unknown,OTHER (DRIVER) - EXPLAIN IN NARRATIVE,E STRATUM WAY DR,0.0,0.0
2012,1,3,Weekday,0,1-Car,No injury/unknown,ANIMAL/OBJECT IN ROADWAY,STONY BROOK DR DR & W BROOKFIELD CT,0.0,0.0
2012,1,7,Weekend,1800,1-Car,No injury/unknown,ANIMAL/OBJECT IN ROADWAY,SR446N & UNKNOWN,0.0,0.0
2012,1,5,Weekday,1800,1-Car,No injury/unknown,UNSAFE BACKING,ASSEMBLY HALL NORTH DR & FEE,0.0,0.0
2012,1,5,Weekday,1600,2-Car,No injury/unknown,FOLLOWING TOO CLOSELY,CURRY PIKE & YOST,0.0,0.0
2012,2,5,Weekday,1400,Cyclist,No injury/unknown,FAILURE TO YIELD RIGHT OF WAY,E 11TH & N FEE LN,0.0,0.0
2012,2,7,Weekend,2200,2-Car,No injury/unknown,DISREGARD SIGNAL/REG SIGN,SB RAMP N ST RD 37 & SR46E,0.0,0.0
2012,2,1,Weekend,700,1-Car,No injury/unknown,OVERCORRECTING/OVERSTEERING,N BUSINESS 37 HWY & STATE ROAD 37 NORTH,0.0,0.0
2012,2,7,Weekend,100,2-Car,No injury/unknown,SPEED TOO FAST FOR WEATHER CONDITIONS,COVENANTER DR & STRATUM,0.0,0.0
2012,2,6,Weekday,1200,2-Car,No injury/unknown,FAILURE TO YIELD RIGHT OF WAY,2709 E TENTH ST & EAST UNINVERSITY,0.0,0.0
2012,2,1,Weekend,1300,2-Car,No injury/unknown,FOLLOWING TOO CLOSELY,SR37S,0.0,0.0
2012,2,4,Weekday,1000,2-Car,No injury/unknown,FAILURE TO YIELD RIGHT OF WAY,JOHNSON AVE AVE & VALHALLA DRIVE,0.0,0.0
2012,2,4,Weekday,1000,2-Car,No injury/unknown,UNSAFE LANE MOVEMENT,PACKINGHOUSE & VERNAL PIKE,0.0,0.0
2012,2,3,Weekday,0,1-Car,No injury/unknown,SPEED TOO FAST FOR WEATHER CONDITIONS,RATTS & SR46W,0.0,0.0
2012,2,5,Weekday,1300,1-Car,No injury/unknown,OTHER (DRIVER) - EXPLAIN IN NARRATIVE,100 S HAWTHORNE DR & EAST THIRD,0.0,0.0
2012,2,2,Weekday,1600,2-Car,No injury/unknown,FOLLOWING TOO CLOSELY,46 BYP & EAST GATE,0.0,0.0
2012,2,7,Weekend,2000,2-Car,No injury/unknown,DRIVER DISTRACTED - EXPLAIN IN NARRATIVE,CURRY PIKE & GIRRORD,0.0,0.0
2012,2,4,Weekday,1000,2-Car,No injury/unknown,FOLLOWING TOO CLOSELY,SR37N,0.0,0.0
2012,2,4,Weekday,1900,2-Car,No injury/unknown,DRIVER DISTRACTED - EXPLAIN IN NARRATIVE,46 BYP & FEE,0.0,0.0
2012,2,5,Weekday,1300,1-Car,No injury/unknown,UNSAFE SPEED,SR37S,0.0,0.0
2012,3,2,Weekday,900,1-Car,No injury/unknown,SPEED TOO FAST FOR WEATHER CONDITIONS,11TH & 11TH AND FEE GARAGE 5TH FLOOR DR,0.0,0.0
2012,3,2,Weekday,1800,2-Car,No injury/unknown,FAILURE TO YIELD RIGHT OF WAY,HARTSTRAIT RD & SR46W,0.0,0.0
2012,3,2,Weekday,1700,1-Car,No injury/unknown,OVERCORRECTING/OVERSTEERING,SR37S & TURKEY TRACK,0.0,0.0
2012,3,7,Weekend,1900,2-Car,No injury/unknown,HEADLIGHT DEFECTIVE OR NOT ON,BROOKWOOD & SR46,0.0,0.0
2012,3,4,Weekday,1200,2-Car,No injury/unknown,FAILURE TO YIELD RIGHT OF WAY,EAST FORTH & INDIANA AVE,0.0,0.0