Year,Month,Day,Weekend?,Hour,Collision Type,Injury Type,Primary Factor,Reported_Location,Latitude,Longitude
2012,3,6,Weekday,800,2-Car,No injury/unknown,UNSAFE SPEED,1400 & W ELWREN RD,0.0,0.0
2012,3,6,Weekday,1200,2-Car,No injury/unknown,OTHER (DRIVER) - EXPLAIN IN NARRATIVE,EAST THIRD & HAWTHORNE ST,0.0,0.0
2012,4,2,Weekday,1700,2-Car,No injury/unknown,UNSAFE BACKING,COPPER BEACH WAY,0.0,0.0
2012,4,2,Weekday,1900,1-Car,No injury/unknown,SPEED TOO FAST FOR WEATHER CONDITIONS,SR37S & WHITEHALL CROSSING EXIT,0.0,0.0
2012,4,2,Weekday,1300,2-Car,No injury/unknown,UNSAFE LANE MOVEMENT,HIGHLAND & THIRD ST,0.0,0.0
2012,5,4,Weekday,2100,2-Car,No injury/unknown,FAILURE TO YIELD RIGHT OF WAY,CURRY PIKE & WHITEHALL,0.0,0.0
2012,3,4,Weekday,1200,2-Car,No injury/unknown,UNSAFE BACKING,IU WELLS LIBRARY DR & JORDAN,0.0,0.0
2012,3,3,Weekday,300,1-Car,No injury/unknown,ANIMAL/OBJECT IN ROADWAY,HARSTRAIGHT RD & W WOODYARD,0.0,0.0
2012,3,6,Weekend,2000,1-Car,No injury/unknown,RAN OFF ROAD RIGHT,BROWN CO LINE RD & SR37E,0.0,0.0
2012,3,2,Weekday,1800,2-Car,No injury/unknown,FOLLOWING TOO CLOSELY,E PRESIDENTS & S JORDAN AVE,0.0,0.0
2012,3,4,Weekday,1200,2-Car,No injury/unknown,UNSAFE BACKING,JORDAN & KIRKWOOD AVE,0.0,0.0
2012,3,6,Weekday,1400,2-Car,No injury/unknown,FOLLOWING TOO CLOSELY,COLLEGE MALL RDS & THIRD,0.0,0.0
2012,4,1,Weekend,1200,3+ Cars,No injury/unknown,FOLLOWING TOO CLOSELY,S LEONARD SPRINGS RD & W BLOOMFIELD,0.0,0.0
2012,4,6,Weekday,1100,2-Car,No injury/unknown,UNSAFE BACKING,601 WEST 2 ST ST,0.0,0.0
2012,4,6,Weekend,2300,2-Car,No injury/unknown,RAN OFF ROAD RIGHT,JOSHUA DR & MCMILLAN,0.0,0.0
2012,4,1,Weekend,1200,2-Car,No injury/unknown,,E RIDGE CREST CT,0.0,0.0
2012,4,4,Weekday,1000,2-Car,No injury/unknown,FAILURE TO YIELD RIGHT OF WAY,BLOOMFIELD RD & HICKORY LEAF,0.0,0.0
2012,4,5,Weekday,1000,2-Car,No injury/unknown,UNSAFE LANE MOVEMENT,500BLK W TEMPERANCE ST ST & 5TH,0.0,0.0
2012,4,6,Weekend,2200,2-Car,No injury/unknown,IMPROPER LANE USAGE,DUNN & E 1ST ST,0.0,0.0
2012,4,1,Weekend,600,1-Car,No injury/unknown,RAN OFF ROAD RIGHT,EAST TOWER RIDGE RD & SR446,0.0,0.0
2012,4,3,Weekday,600,1-Car,No injury/unknown,RAN OFF ROAD RIGHT,45 46 BYP & EASTGATE,0.0,0.0
2012,4,4,Weekday,800,1-Car,No injury/unknown,RAN OFF ROAD RIGHT,NORTH ACCESS DRIVE TO BHSN & PROW RD,0.0,0.0
2012,4,6,Weekday,1800,Bus,No injury/unknown,FAILURE TO YIELD RIGHT OF WAY,10TH ST & TULIP TREE ENTRANCE,0.0,0.0
2012,4,7,Weekend,1000,2-Car,No injury/unknown,FAILURE TO YIELD RIGHT OF WAY,EAST AND WEST ALY & NORTH AND SOUTH,0.0,0.0
2012,4,7,Weekend,1000,2-Car,No injury/unknown,FAILURE TO YIELD RIGHT OF WAY,SMITH PIKE & SR46W,0.0,0.0
2012,4,3,Weekday,400,2-Car,No injury/unknown,OTHER (DRIVER) - EXPLAIN IN NARRATIVE,HARTSTRAIT & SR46W,0.0,0.0
2012,4,5,Weekday,1300,2-Car,No injury/unknown,FAILURE TO YIELD RIGHT OF WAY,11TH & FEE LN,0.0,0.0
2012,5,4,Weekday,1100,2-Car,No injury/unknown,OTHER (DRIVER) - EXPLAIN IN NARRATIVE,PARKING LOT ST,0.0,0.0
2012,5,5,Weekday,700,2-Car,No injury/unknown,OTHER (DRIVER) - EXPLAIN IN NARRATIVE,PHYLLIS & WEST 46 HWY,0.0,0.0
2012,5,5,Weekday,1300,2-Car,No injury/unknown,OTHER (ENVIRONMENTAL) - EXPLAIN IN NARR,EW NS ALLEY S WASHINGTON ST,0.0,0.0
2012,5,6,Weekday,1300,2-Car,No injury/unknown,IMPROPER TURNING,CAMPUS CORNER DR & CLARIZZ,0.0,0.0
2012,6,2,Weekday,2000,1-Car,No injury/unknown,RAN OFF ROAD RIGHT,SR37S,0.0,0.0
2012,6,5,Weekday,1100,2-Car,No injury/unknown,FAILURE TO YIELD RIGHT OF WAY,PRIVATE DRIVE & SO LIBERTY DR,0.0,0.0
2012,7,1,Weekend,800,Pedestrian,No injury/unknown,FAILURE TO YIELD RIGHT OF WAY,OUTBACK RD & SR46W,0.0,0.0
2012,7,5,Weekday,1300,1-Car,No injury/unknown,RAN OFF ROAD RIGHT,MT GILEAD & SR45E,0.0,0.0
2012,7,6,Weekday,800,2-Car,No injury/unknown,OVERCORRECTING/OVERSTEERING,1200 E TENTH & 600 N FEE LN,0.0,0.0
2012,7,7,Weekend,2300,2-Car,No injury/unknown,SPEED TOO FAST FOR WEATHER CONDITIONS,E POINT & S STRAINRIDGE RD,0.0,0.0
2012,7,7,Weekend,1100,2-Car,No injury/unknown,FAILURE TO YIELD RIGHT OF WAY,ALEXANDER & JACOBS DR,0.0,0.0
2012,5,2,Weekday,1600,2-Car,No injury/unknown,FAILURE TO YIELD RIGHT OF WAY,BLOOMFIELD & LIBERTY DR,0.0,0.0
2012,4,5,Weekday,800,2-Car,No injury/unknown,FAILURE TO YIELD RIGHT OF WAY,1400 BLK W 14 ST & N ILLINOIS,0.0,0.0
2012,5,5,Weekday,1400,2-Car,No injury/unknown,UNSAFE LANE MOVEMENT,N MILO B SAMPSON & SR4546E,0.0,0.0
2012,5,6,Weekday,1300,2-Car,No injury/unknown,DRIVER DISTRACTED - EXPLAIN IN NARRATIVE,2700 E TENTH & 4546 BYPASS HWY,0.0,0.0
2012,5,2,Weekday,1500,2-Car,No injury/unknown,FOLLOWING TOO CLOSELY,BLOOMFIELD RD & LIBERTY,0.0,0.0
2012,5,3,Weekday,2300,1-Car,No injury/unknown,TIRE FAILURE OR DEFECTIVE,1185 W 2ND ST & PATTERSON,0.0,0.0
2012,5,4,Weekday,1200,2-Car,No injury/unknown,UNSAFE BACKING,EAST TEENTH ST & UNION,0.0,0.0
2012,5,6,Weekend,2100,1-Car,No injury/unknown,ANIMAL/OBJECT IN ROADWAY,HARTSTRAIT & SR46W,0.0,0.0
2012,5,7,Weekend,0,1-Car,No injury/unknown,RAN OFF ROAD RIGHT,SR37S,0.0,0.0
2012,5,5,Weekday,700,1-Car,No injury/unknown,ANIMAL/OBJECT IN ROADWAY,ANDERSON RD & TUNNEL,0.0,0.0
2012,6,2,Weekday,1000,2-Car,No injury/unknown,FOLLOWING TOO CLOSELY,SR37S & W THIRD,0.0,0.0
2012,6,1,Weekend,1800,2-Car,No injury/unknown,OTHER (DRIVER) - EXPLAIN IN NARRATIVE,PAYNETOWN PARKING LOT,0.0,0.0
2012,6,3,Weekday,100,2-Car,No injury/unknown,FAILURE TO YIELD RIGHT OF WAY,OAKDALE & SR45E,0.0,0.0
2012,6,2,Weekday,0,2-Car,No injury/unknown,FAILURE TO YIELD RIGHT OF WAY,ENT TO EASTLAND PLAZA & S COLLEGE MALL RD,0.0,0.0
2012,6,4,Weekday,1600,2-Car,No injury/unknown,UNSAFE BACKING,SHERWOOD DR & WEST THIRD,0.0,0.0
2012,6,2,Weekday,1700,1-Car,No injury/unknown,DRIVER ASLEEP OR FATIGUED,45 46 & SR37N,0.0,0.0
2012,6,7,Weekend,1500,3+ Cars,No injury/unknown,FAILURE TO YIELD RIGHT OF WAY,PRIVATE DRIVE EASTLAND PLAZA & S COLLEGE MALL RD,0.0,0.0
2012,6,2,Weekday,1000,1-Car,No injury/unknown,UNSAFE BACKING,EW ALLEY IN 500 BLOCK S FESS ALY & FESS,0.0,0.0
2012,6,1,Weekend,900,Moped/Motorcycle,No injury/unknown,UNSAFE BACKING,W TIMBERS TRL,0.0,0.0
2012,6,1,Weekend,1800,2-Car,No injury/unknown,FAILURE TO YIELD RIGHT OF WAY,E 3RD ST & PRIVATE,0.0,0.0
2012,6,1,Weekday,2200,2-Car,No injury/unknown,UNSAFE LANE MOVEMENT,BALFOUR & SR4546S,0.0,0.0
2012,7,3,Weekday,1400,2-Car,No injury/unknown,OTHER (DRIVER) - EXPLAIN IN NARRATIVE,SISCOE & SR46W,0.0,0.0
2012,7,5,Weekday,700,2-Car,No injury/unknown,IMPROPER TURNING,AUTO MALL RD & CURRY COLLISION CENTER,0.0,0.0
2012,7,2,Weekday,1500,Bus,No injury/unknown,UNSAFE LANE MOVEMENT,SR37S,0.0,0.0
2012,7,1,Weekday,2200,2-Car,No injury/unknown,UNSAFE BACKING,S STATE 45 RD,0.0,0.0
2012,6,3,Weekday,800,3+ Cars,No injury/unknown,FAILURE TO YIELD RIGHT OF WAY,300 E 2ND ST & 500 S LINCOLN,0.0,0.0
2012,7,5,Weekday,1100,1-Car,No injury/unknown,IMPROPER TURNING,11TH & 709 N FEE (PARKING GARAGE) LN,0.0,0.0
2012,7,5,Weekday,1900,2-Car,No injury/unknown,FAILURE TO YIELD RIGHT OF WAY,OLD SR37S HWY & STATE ROAD 37,0.0,0.0
2012,7,7,Weekend,1000,2-Car,No injury/unknown,OTHER (DRIVER) - EXPLAIN IN NARRATIVE,1100 E 3RD ST & 300 S HAWTHORNE,0.0,0.0
2012,7,6,Weekday,1600,2-Car,No injury/unknown,SPEED TOO FAST FOR WEATHER CONDITIONS,HARVEST & N UNION VALLEY RD,0.0,0.0
2012,7,6,Weekday,1800,1-Car,No injury/unknown,DRIVER DISTRACTED - EXPLAIN IN NARRATIVE,S CURRY PIKE,0.0,0.0
2012,7,2,Weekday,1100,2-Car,No injury/unknown,FAILURE TO YIELD RIGHT OF WAY,S EUCLID & W HOWE ST,0.0,0.0
2012,7,3,Weekday,1500,1-Car,No injury/unknown,RAN OFF ROAD RIGHT,SR37S,0.0,0.0
2012,8,4,Weekday,1300,2-Car,No injury/unknown,UNSAFE BACKING,EAST TENTH ST,0.0,0.0
2012,8,4,Weekday,700,2-Car,No injury/unknown,DISREGARD SIGNAL/REG SIGN,FRANKLIN & W 3RD ST,0.0,0.0
2012,8,4,Weekday,1200,2-Car,No injury/unknown,UNSAFE BACKING,E BUICK CADILLAC BLVD,0.0,0.0
2012,7,4,Weekday,1600,1-Car,No injury/unknown,RAN OFF ROAD RIGHT,SOUTH GARRISON CHAPEL RD,0.0,0.0
2012,7,3,Weekday,2100,2-Car,No injury/unknown,IMPROPER LANE USAGE,CURRY & W THIRD ST,0.0,0.0
2012,8,5,Weekday,400,1-Car,No injury/unknown,ANIMAL/OBJECT IN ROADWAY,8460 GARDNER RD & GARRISON CHAPPEL,0.0,0.0
2012,8,5,Weekday,1200,2-Car,No injury/unknown,UNSAFE BACKING,EAST THIRD ST,0.0,0.0
2012,8,5,Weekday,1600,2-Car,No injury/unknown,UNSAFE BACKING,NORTH FEE LN,0.0,0.0
2012,8,4,Weekday,1500,2-Car,No injury/unknown,FOLLOWING TOO CLOSELY,CUTRIGHT & SR446S,0.0,0.0
2012,8,6,Weekday,1400,2-Car,No injury/unknown,FAILURE TO YIELD RIGHT OF WAY,COLLEGEMALL & E 3RD ST,0.0,0.0
2012,8,6,Weekday,1700,2-Car,No injury/unknown,FOLLOWING TOO CLOSELY,CHAFIN CHAPEL & SR46W,0.0,0.0
2012,8,7,Weekend,1300,1-Car,No injury/unknown,OTHER (DRIVER) - EXPLAIN IN NARRATIVE,EAST SEVENTEENTH ST,0.0,0.0
2012,8,1,Weekend,1100,2-Car,No injury/unknown,OTHER (DRIVER) - EXPLAIN IN NARRATIVE,E ALPINE TRL,0.0,0.0
2012,8,1,Weekend,200,2-Car,No injury/unknown,,WEST SUDBURY DR,0.0,0.0
2012,7,5,Weekday,2100,2-Car,No injury/unknown,UNSAFE BACKING,CAMPGROUND ROAD & PAYNETOWN SRA BEACH PARKING LOOP,0.0,0.0
2012,8,4,Weekday,2200,1-Car,No injury/unknown,ANIMAL/OBJECT IN ROADWAY,INGRAM & SR37S,0.0,0.0
2012,8,1,Weekend,1100,2-Car,No injury/unknown,UNSAFE BACKING,3100 BLK COVENANTER DRS & AUTO MALL,0.0,0.0
2012,8,1,Weekend,1800,2-Car,No injury/unknown,OTHER (DRIVER) - EXPLAIN IN NARRATIVE,PRIVATE & S COLLEGE MALL RD,0.0,0.0
2012,8,4,Weekday,1000,2-Car,No injury/unknown,UNSAFE LANE MOVEMENT,1300 E 3RD ST & 300 S HIGHLAND,0.0,0.0
2012,8,4,Weekday,1900,1-Car,No injury/unknown,UNSAFE SPEED,MTGILEAD RD,0.0,0.0
2012,8,5,Weekday,1800,2-Car,No injury/unknown,SPEED TOO FAST FOR WEATHER CONDITIONS,RAMP 15 & SR 37 SOUTHBOUND RD,0.0,0.0
2012,8,4,Weekday,1600,2-Car,No injury/unknown,FAILURE TO YIELD RIGHT OF WAY,E UNIVERSITY & SR4546S,0.0,0.0
2012,6,7,Weekend,2200,2-Car,No injury/unknown,UNSAFE BACKING,13TH ST & WOODBURN,0.0,0.0
2012,8,4,Weekday,1200,2-Car,No injury/unknown,FAILURE TO YIELD RIGHT OF WAY,SR45W & W WALMART ENTRANCE,0.0,0.0
2012,8,6,Weekday,1100,2-Car,No injury/unknown,OTHER (DRIVER) - EXPLAIN IN NARRATIVE,HAGEN RD,0.0,0.0
2012,8,6,Weekday,1700,2-Car,No injury/unknown,FAILURE TO YIELD RIGHT OF WAY,IU GOLF COURSE & RANGE RD,0.0,0.0
2012,8,1,Weekend,1200,2-Car,No injury/unknown,FOLLOWING TOO CLOSELY,37 & W 2ND ST,0.0,0.0
2012,8,2,Weekday,800,2-Car,No injury/unknown,SPEED TOO FAST FOR WEATHER CONDITIONS,2800 E SR45 RD & STONEBELT,0.0,0.0
2012,8,2,Weekday,1700,2-Car,No injury/unknown,UNSAFE LANE MOVEMENT,300BLK W TEMPERANCE ST & SR46W,0.0,0.0
2012,8,3,Weekday,1100,2-Car,No injury/unknown,FAILURE TO YIELD RIGHT OF WAY,NORTH SOUTH ALY & W 1ST,0.0,0.0
2012,8,5,Weekday,700,2-Car,No injury/unknown,FAILURE TO YIELD RIGHT OF WAY,E3RD ST & SO REISNER,0.0,0.0
2012,8,4,Weekday,2100,2-Car,No injury/unknown,FAILURE TO YIELD RIGHT OF WAY,KINSER & SR4546W,0.0,0.0
2012,9,7,Weekend,1100,2-Car,No injury/unknown,FOLLOWING TOO CLOSELY,LONGVIEW & SR46E,0.0,0.0
2012,9,7,Weekend,1300,2-Car,No injury/unknown,UNSAFE LANE MOVEMENT,MILO B SAMPSON & SR4546E,0.0,0.0
2012,9,7,Weekend,2200,Bus,No injury/unknown,IMPROPER TURNING,PARKING LOT 17TH ST,0.0,0.0
2012,9,6,Weekday,1500,2-Car,No injury/unknown,IMPROPER TURNING,BLOOMFIELD & LIBERTY DR,0.0,0.0
2012,9,7,Weekend,300,1-Car,No injury/unknown,OVERCORRECTING/OVERSTEERING,COLLEGE AVE & VAUGHN CLIPP,0.0,0.0
2012,9,6,Weekday,1500,2-Car,No injury/unknown,OTHER (DRIVER) - EXPLAIN IN NARRATIVE,RIDGESPRINGS & SR46W,0.0,0.0
2012,9,1,Weekend,1500,2-Car,No injury/unknown,FAILURE TO YIELD RIGHT OF WAY,COMPTON BLVD & DONNIGAN,0.0,0.0
2012,9,7,Weekend,100,2-Car,No injury/unknown,OTHER (DRIVER) - EXPLAIN IN NARRATIVE,POINTE RESORT DR & POINTE RETREAT,0.0,0.0
2012,8,6,Weekday,400,2-Car,No injury/unknown,FAILURE TO YIELD RIGHT OF WAY,BLOOMFIELD RD & RAMP 17,0.0,0.0
2012,9,2,Weekday,1200,2-Car,No injury/unknown,FAILURE TO YIELD RIGHT OF WAY,KINSER & SR46E,0.0,0.0
2012,9,2,Weekday,1600,2-Car,No injury/unknown,FOLLOWING TOO CLOSELY,DUNN & SR4546E,0.0,0.0
2012,9,2,Weekday,600,2-Car,No injury/unknown,DRIVER DISTRACTED - EXPLAIN IN NARRATIVE,S CHEEKWOOD LN & S YADDOS,0.0,0.0
2012,9,4,Weekday,1000,2-Car,No injury/unknown,FAILURE TO YIELD RIGHT OF WAY,IN BUSINESS 37 N RD & WHISNAND,0.0,0.0
2012,10,2,Weekday,1200,2-Car,No injury/unknown,DRIVER DISTRACTED - EXPLAIN IN NARRATIVE,SR37N & WALNUT,0.0,0.0
2012,10,7,Weekend,2200,2-Car,No injury/unknown,FOLLOWING TOO CLOSELY,DUNN & SR4546W,0.0,0.0
2012,9,2,Weekday,800,2-Car,No injury/unknown,FAILURE TO YIELD RIGHT OF WAY,TAPP RD & TECH PARK,0.0,0.0
2012,8,1,Weekend,1400,2-Car,No injury/unknown,IMPROPER TURNING,N CURRY & SR46W,0.0,0.0
2012,9,3,Weekday,1400,Bus,No injury/unknown,UNSAFE LANE MOVEMENT,E COVENANTER DR & E STRATUM,0.0,0.0
2012,9,3,Weekday,1500,2-Car,No injury/unknown,FAILURE TO YIELD RIGHT OF WAY,EASTLAND PLAZA & SOUTH COLLEGE MALL RD,0.0,0.0
2012,9,4,Weekday,1600,1-Car,No injury/unknown,ANIMAL/OBJECT IN ROADWAY,BAYLES ROAD & SR37N,0.0,0.0
2012,8,1,Weekend,1400,2-Car,No injury/unknown,UNSAFE LANE MOVEMENT,N CURRY & SR46W,0.0,0.0
2012,9,7,Weekend,1200,2-Car,No injury/unknown,IMPROPER LANE USAGE,1300 E 3RD & 300 S HIGHLAND AVE,0.0,0.0
2012,9,3,Weekday,700,2-Car,No injury/unknown,FOLLOWING TOO CLOSELY,3RD ST,0.0,0.0
2012,9,3,Weekday,1700,2-Car,No injury/unknown,FOLLOWING TOO CLOSELY,17TH & SR4546S,0.0,0.0
2012,9,3,Weekday,1600,2-Car,No injury/unknown,FOLLOWING TOO CLOSELY,BELL & CURRY PIKE,0.0,0.0
2012,9,4,Weekday,800,2-Car,No injury/unknown,UNSAFE BACKING,17TH & IU FOOTBALL N CONCOURSE DR,0.0,0.0
2012,9,6,Weekday,600,2-Car,No injury/unknown,FOLLOWING TOO CLOSELY,FULLERTON & SR37S,0.0,0.0
2012,9,6,Weekday,1800,3+ Cars,No injury/unknown,OTHER (DRIVER) - EXPLAIN IN NARRATIVE,CHAFFIN CHAPEL & SR46W,0.0,0.0
2012,9,1,Weekend,100,1-Car,No injury/unknown,ANIMAL/OBJECT IN ROADWAY,MOORES CREEK & SR446S,0.0,0.0
2012,9,1,Weekend,1200,2-Car,No injury/unknown,FOLLOWING TOO CLOSELY,CURRY & SR46W,0.0,0.0
2012,9,1,Weekend,1700,2-Car,No injury/unknown,LEFT OF CENTER,SHUFFLE & SR45E,0.0,0.0
2012,10,4,Weekday,1300,1-Car,No injury/unknown,UNSAFE SPEED,SR37N,0.0,0.0
2012,10,4,Weekday,1700,2-Car,No injury/unknown,FOLLOWING TOO CLOSELY,BLOOMFIELD & SR37N,0.0,0.0
2012,10,4,Weekday,2300,2-Car,No injury/unknown,UNSAFE BACKING,W 3RD ST,0.0,0.0
2012,10,5,Weekday,1200,2-Car,No injury/unknown,OTHER (DRIVER) - EXPLAIN IN NARRATIVE,BELL AVE & HICKORY,0.0,0.0
2012,10,4,Weekday,1900,1-Car,No injury/unknown,IMPROPER LANE USAGE,S MONROE MEDICAL PARK BLVD,0.0,0.0
2012,10,6,Weekday,1500,2-Car,No injury/unknown,SPEED TOO FAST FOR WEATHER CONDITIONS,CURRY PIKE & WELMRE,0.0,0.0
2012,10,7,Weekend,1100,2-Car,No injury/unknown,IMPROPER TURNING,DUNN ST & PURPLE LOT,0.0,0.0
2012,10,2,Weekday,800,2-Car,No injury/unknown,FAILURE TO YIELD RIGHT OF WAY,E MELROSE AVE,0.0,0.0
2012,10,2,Weekday,1100,2-Car,No injury/unknown,UNSAFE BACKING,E THIRD ST,0.0,0.0
2012,10,3,Weekday,1900,2-Car,No injury/unknown,DISREGARD SIGNAL/REG SIGN,N CURRY & SR46W,0.0,0.0
2012,10,4,Weekday,1700,2-Car,No injury/unknown,FAILURE TO YIELD RIGHT OF WAY,FULLERTON & SR37S,0.0,0.0
2012,10,4,Weekday,1200,2-Car,No injury/unknown,OTHER (DRIVER) - EXPLAIN IN NARRATIVE,45 WEST & SR37S,0.0,0.0
2012,10,5,Weekday,1500,2-Car,No injury/unknown,FAILURE TO YIELD RIGHT OF WAY,ENTRANCE TO TARGET AND KMART & S KINGSTON DR,0.0,0.0
2012,10,5,Weekday,1800,2-Car,No injury/unknown,FAILURE TO YIELD RIGHT OF WAY,LAKE VIEW & SR46W,0.0,0.0
2012,10,1,Weekend,1400,2-Car,No injury/unknown,IMPROPER TURNING,CAMPUS VIEW LOT & UNION ST,0.0,0.0
2012,10,1,Weekend,1300,2-Car,No injury/unknown,FAILURE TO YIELD RIGHT OF WAY,S MAXWELL TER,0.0,0.0
2012,10,1,Weekend,1800,2-Car,No injury/unknown,FOLLOWING TOO CLOSELY,SR37S & VERNAL,0.0,0.0
2012,10,4,Weekday,1700,2-Car,No injury/unknown,FOLLOWING TOO CLOSELY,EASTGATE & SR4546S,0.0,0.0
2012,10,4,Weekday,1600,1-Car,No injury/unknown,RAN OFF ROAD RIGHT,BOLTINGHOUSE RD & LENTZ,0.0,0.0
2012,10,1,Weekend,1800,2-Car,No injury/unknown,LEFT OF CENTER,CHESTER DR & DEER,0.0,0.0
2012,10,4,Weekday,2100,1-Car,No injury/unknown,ANIMAL/OBJECT IN ROADWAY,MONROE DAM & SR37S,0.0,0.0
2012,10,5,Weekday,1600,2-Car,No injury/unknown,FOLLOWING TOO CLOSELY,SR37S & TAPP,0.0,0.0
2012,10,6,Weekday,700,2-Car,No injury/unknown,FOLLOWING TOO CLOSELY,CLARIZZ BLVD & ENTRANCE TO KMART,0.0,0.0
2012,10,6,Weekday,1700,2-Car,No injury/unknown,FOLLOWING TOO CLOSELY,7TH & STADIUM DR,0.0,0.0
2012,10,6,Weekend,2100,2-Car,No injury/unknown,OTHER (DRIVER) - EXPLAIN IN NARRATIVE,10TH ST & 46,0.0,0.0
2012,12,3,Weekday,1300,Bus,No injury/unknown,IMPROPER LANE USAGE,EAST FALLS CREEK & SR446E,0.0,0.0
2012,12,6,Weekend,2000,1-Car,No injury/unknown,RAN OFF ROAD RIGHT,900 BLK S COLLEGE MALL RD & ENTRANCE TO THE SHOPPES,0.0,0.0
2012,11,5,Weekday,900,2-Car,No injury/unknown,BRAKE FAILURE OR DEFECTIVE,SR37S,0.0,0.0
2012,10,2,Weekday,1700,2-Car,No injury/unknown,FAILURE TO YIELD RIGHT OF WAY,2ND & ALLEY EAST OF S WALNUT ALY,0.0,0.0
2012,11,6,Weekday,1500,2-Car,No injury/unknown,OTHER (DRIVER) - EXPLAIN IN NARRATIVE,S MONROE MEDICAL PARK BLVD,0.0,0.0
2012,11,7,Weekend,2200,1-Car,No injury/unknown,ANIMAL/OBJECT IN ROADWAY,SR37S & TURKEY TRACK,0.0,0.0
2012,11,1,Weekend,800,2-Car,No injury/unknown,FAILURE TO YIELD RIGHT OF WAY,CAPITOL AVE & SR46W,0.0,0.0
2012,11,1,Weekend,100,3+ Cars,No injury/unknown,UNSAFE BACKING,STRATUM WAY,0.0,0.0
2012,11,2,Weekday,1500,2-Car,No injury/unknown,FAILURE TO YIELD RIGHT OF WAY,BETHEL LN & MARLIN ELEMENTARY,0.0,0.0
2012,11,4,Weekday,1900,2-Car,No injury/unknown,FAILURE TO YIELD RIGHT OF WAY,10TH & SR4546,0.0,0.0
2012,11,4,Weekday,1500,3+ Cars,No injury/unknown,FOLLOWING TOO CLOSELY,37 & 45 RD,0.0,0.0
2012,11,4,Weekday,2100,1-Car,No injury/unknown,ANIMAL/OBJECT IN ROADWAY,KINSER & SR37S,0.0,0.0
2012,11,7,Weekend,2200,2-Car,No injury/unknown,ANIMAL/OBJECT IN ROADWAY,FULERTON & SR37S,0.0,0.0
2012,11,5,Weekday,1900,3+ Cars,No injury/unknown,FOLLOWING TOO CLOSELY,BLOOMFIELD RD & RAMP 14,0.0,0.0
2012,11,6,Weekday,1000,2-Car,No injury/unknown,FAILURE TO YIELD RIGHT OF WAY,CAPITAL & SR46W,0.0,0.0
2012,11,1,Weekend,1300,1-Car,No injury/unknown,SEVERE CROSSWINDS,IU GOLF COURSE & SR45W,0.0,0.0
2012,11,6,Weekday,1800,1-Car,No injury/unknown,ANIMAL/OBJECT IN ROADWAY,ACUFF & SR37N,0.0,0.0
2012,11,2,Weekday,1900,1-Car,No injury/unknown,ANIMAL/OBJECT IN ROADWAY,ACUFF & SR37N,0.0,0.0
2012,11,5,Weekday,1100,2-Car,No injury/unknown,OTHER (DRIVER) - EXPLAIN IN NARRATIVE,EAST THIRD & HIGH ST,0.0,0.0
2012,11,5,Weekday,2100,2-Car,No injury/unknown,OTHER (DRIVER) - EXPLAIN IN NARRATIVE,EAST GOODNIGHT WAY,0.0,0.0
2012,11,7,Weekend,100,1-Car,No injury/unknown,CELL PHONE USAGE,MT TABOR & OLD DUTCH CHURCH RDS,0.0,0.0
2012,11,7,Weekend,0,1-Car,No injury/unknown,ANIMAL/OBJECT IN ROADWAY,SR37S & STRAIN RIDGE ROAD,0.0,0.0
2012,11,6,Weekday,400,1-Car,No injury/unknown,ANIMAL/OBJECT IN ROADWAY,ANGELINA & VERNAL PIKE,0.0,0.0
2012,11,7,Weekend,2200,2-Car,No injury/unknown,UNSAFE BACKING,11TH ST & SUMMIT,0.0,0.0
2012,11,1,Weekday,2200,1-Car,No injury/unknown,ANIMAL/OBJECT IN ROADWAY,DEPOT & SR46W,0.0,0.0
2012,11,1,Weekend,1800,1-Car,No injury/unknown,ANIMAL/OBJECT IN ROADWAY,HUNTERS CREEK RD & SR446N,0.0,0.0
2012,11,1,Weekday,1900,1-Car,No injury/unknown,ANIMAL/OBJECT IN ROADWAY,COOSLEY & SR37N,0.0,0.0
2012,11,7,Weekend,1200,2-Car,No injury/unknown,FAILURE TO YIELD RIGHT OF WAY,PARK & SR46W,0.0,0.0
2012,11,3,Weekday,700,1-Car,No injury/unknown,ANIMAL/OBJECT IN ROADWAY,HEDRICK ROAD & SR46W,0.0,0.0
2012,11,3,Weekday,600,2-Car,No injury/unknown,FAILURE TO YIELD RIGHT OF WAY,CAPITAL & SR46W,0.0,0.0
2012,11,2,Weekday,2100,1-Car,No injury/unknown,ANIMAL/OBJECT IN ROADWAY,INGRAM & SR37S,0.0,0.0
2012,11,4,Weekday,1500,2-Car,No injury/unknown,FOLLOWING TOO CLOSELY,RAMP 16 SR 37 NB & WEST BLOOMFIELD RD,0.0,0.0
2012,11,4,Weekday,1800,3+ Cars,No injury/unknown,FOLLOWING TOO CLOSELY,CHANDLER & SR46W,0.0,0.0
2012,12,2,Weekday,0,2-Car,No injury/unknown,SPEED TOO FAST FOR WEATHER CONDITIONS,COVENANTER DR & STRATUM,0.0,0.0
2012,12,3,Weekday,700,2-Car,No injury/unknown,FOLLOWING TOO CLOSELY,S WALNUT ST & SOUTH,0.0,0.0
2012,12,3,Weekday,700,2-Car,No injury/unknown,IMPROPER LANE USAGE,MONROE DAM RD & SR37S,0.0,0.0
2012,12,7,Weekend,1600,Cyclist,No injury/unknown,FAILURE TO YIELD RIGHT OF WAY,ANNE DR & STRAINRIDGE,0.0,0.0
2012,12,2,Weekday,1400,2-Car,No injury/unknown,OTHER (DRIVER) - EXPLAIN IN NARRATIVE,UNKNOWN ST,0.0,0.0
2012,12,6,Weekday,0,2-Car,No injury/unknown,ROADWAY SURFACE CONDITION,MELROSE AVE,0.0,0.0
2012,12,6,Weekday,800,2-Car,No injury/unknown,FAILURE TO YIELD RIGHT OF WAY,BELL & CURRY PIKE,0.0,0.0
2012,12,5,Weekday,2100,1-Car,No injury/unknown,RAN OFF ROAD RIGHT,LOSTMANS & UNIONVALLEY RD,0.0,0.0
2012,12,7,Weekend,1900,1-Car,No injury/unknown,RAN OFF ROAD RIGHT,SR37S & THAT,0.0,0.0
2012,12,5,Weekday,2100,1-Car,No injury/unknown,ROADWAY SURFACE CONDITION,2200 RUSSELL RD & COMADOR,0.0,0.0
2012,12,6,Weekday,500,1-Car,No injury/unknown,SPEED TOO FAST FOR WEATHER CONDITIONS,SMITHVILLE RD & SR37N,0.0,0.0
2012,12,7,Weekend,1800,1-Car,No injury/unknown,ANIMAL/OBJECT IN ROADWAY,E BOLTINGHOUSE RD & OD MEYERS,0.0,0.0
2012,12,5,Weekday,1600,2-Car,No injury/unknown,OTHER (VEHICLE) - EXPLAIN IN NARRATIVE,3700 JONATHAN DR & CURRY,0.0,0.0
2012,12,4,Weekday,2300,2-Car,No injury/unknown,UNSAFE BACKING,W CHAFIN CHAPEL RD,0.0,0.0
2012,12,5,Weekday,1400,1-Car,No injury/unknown,RAN OFF ROAD RIGHT,BAYLES & BUISNESS 37 N RD,0.0,0.0
2012,12,7,Weekend,1200,2-Car,No injury/unknown,DISREGARD SIGNAL/REG SIGN,EAST TENTH & SR4546N,0.0,0.0
2012,12,6,Weekday,1300,2-Car,No injury/unknown,FOLLOWING TOO CLOSELY,SOUTHBOUND 37 OFF RAMP 48 & SR37S,0.0,0.0
2012,12,6,Weekday,1300,2-Car,No injury/unknown,DISREGARD SIGNAL/REG SIGN,ESTATE DRIVE DR & ROGERS,0.0,0.0