Year,Month,Day,Weekend?,Hour,Collision Type,Injury Type,Primary Factor,Reported_Location,Latitude,Longitude
2012,12,6,Weekday,700,2-Car,No injury/unknown,UNSAFE LANE MOVEMENT,S CURRY PIKE,0.0,0.0
2012,12,6,Weekday,1000,1-Car,No injury/unknown,RAN OFF ROAD RIGHT,N DANIELS WAY,0.0,0.0
2012,12,7,Weekend,1500,2-Car,No injury/unknown,ROADWAY SURFACE CONDITION,SR37N,0.0,0.0
2012,12,1,Weekend,1500,1-Car,No injury/unknown,ROADWAY SURFACE CONDITION,DERRETT & NORTH SHORE DR,0.0,0.0
2012,12,4,Weekday,500,1-Car,No injury/unknown,SPEED TOO FAST FOR WEATHER CONDITIONS,DANIELS WAY & STATE ROAD 48,0.0,0.0
2012,12,2,Weekday,1500,2-Car,No injury/unknown,UNSAFE BACKING,S TIMOTHY CT & W ROSS,0.0,0.0
2012,12,2,Weekday,1800,1-Car,No injury/unknown,SPEED TOO FAST FOR WEATHER CONDITIONS,GARRISON CHAPLE ROAD RD & GIFFORD ROAD,0.0,0.0
2012,12,2,Weekday,2300,1-Car,No injury/unknown,RAN OFF ROAD RIGHT,S OAKDALE DR & W BLOOMFIELD,0.0,0.0
2012,7,3,Weekday,1900,1-Car,No injury/unknown,ANIMAL/OBJECT IN ROADWAY,PINEGROVE & SR446S,0.0,0.0
2012,7,2,Weekday,1600,2-Car,No injury/unknown,UNSAFE BACKING,PARKING LOT OF EAGLE POINT PT & POIMT,0.0,0.0
2012,7,7,Weekend,1000,1-Car,No injury/unknown,RAN OFF ROAD RIGHT,ROCKEAST RD,0.0,0.0
2012,7,1,Weekday,2100,1-Car,No injury/unknown,OTHER (DRIVER) - EXPLAIN IN NARRATIVE,COWDEN RD,0.0,0.0
2012,7,6,Weekday,1800,2-Car,No injury/unknown,UNSAFE BACKING,AIRPORT RD,0.0,0.0
2012,7,6,Weekday,1200,2-Car,No injury/unknown,WRONG WAY ON ONE WAY,FOX HOLLOW & SR37N,0.0,0.0
2012,7,2,Weekday,800,1-Car,No injury/unknown,RAN OFF ROAD RIGHT,MT GILEAD & SR45N,0.0,0.0
2012,7,2,Weekday,1200,2-Car,No injury/unknown,DISREGARD SIGNAL/REG SIGN,COLLEGE MALL RD & EASTLAND PLAZA,0.0,0.0
2012,7,7,Weekend,2300,2-Car,No injury/unknown,OTHER (DRIVER) - EXPLAIN IN NARRATIVE,7TH & WALNUT ST,0.0,0.0
2012,7,1,Weekday,2300,2-Car,Non-incapacitating,LEFT OF CENTER,OLD DUTCH & RED HILL RD,0.0,0.0
2012,7,3,Weekday,1500,2-Car,No injury/unknown,FAILURE TO YIELD RIGHT OF WAY,BLOOMFIELD & LIBERTY DR,0.0,0.0
2012,7,3,Weekday,1700,Moped/Motorcycle,Non-incapacitating,UNSAFE SPEED,DEPOT & SR46W,0.0,0.0
2012,8,4,Weekday,1100,3+ Cars,Non-incapacitating,DISREGARD SIGNAL/REG SIGN,3RD ST & INDIANA,0.0,0.0
2012,8,4,Weekday,1200,1-Car,No injury/unknown,RAN OFF ROAD RIGHT,HEDRICK & STINESVILLE RD,0.0,0.0
2012,7,3,Weekday,1100,2-Car,No injury/unknown,UNSAFE BACKING,TILSON PLACE & YONKERS RD,0.0,0.0
2012,8,6,Weekday,1000,2-Car,No injury/unknown,FOLLOWING TOO CLOSELY,3RD ST & CURRY,0.0,0.0
2012,8,6,Weekend,1900,Cyclist,Non-incapacitating,DISREGARD SIGNAL/REG SIGN,7TH ST & FAIRVIEW,0.0,0.0
2012,8,6,Weekday,1700,2-Car,No injury/unknown,DISREGARD SIGNAL/REG SIGN,45 46 & KINSER PIKE,0.0,0.0
2012,8,6,Weekday,1800,2-Car,No injury/unknown,FOLLOWING TOO CLOSELY,COLLEGE AVE & KIRKWOOD,0.0,0.0
2012,8,6,Weekend,2200,2-Car,No injury/unknown,OTHER (VEHICLE) - EXPLAIN IN NARRATIVE,3RD ST,0.0,0.0
2012,8,7,Weekend,0,2-Car,No injury/unknown,IMPROPER TURNING,ROGERS RD & SPICEWOOD,0.0,0.0
2012,8,7,Weekend,1300,2-Car,Non-incapacitating,DISREGARD SIGNAL/REG SIGN,CORY LN & THIRD,0.0,0.0
2012,8,7,Weekend,1600,2-Car,Non-incapacitating,FAILURE TO YIELD RIGHT OF WAY,3RD & LIBERTY DR,0.0,0.0
2012,8,1,Weekend,1300,2-Car,No injury/unknown,FOLLOWING TOO CLOSELY,E MOORES PIKE & S SARE,0.0,0.0
2012,12,4,Weekday,2100,2-Car,No injury/unknown,LANE MARKING OBSCURED,HARTSTRAIT & RATLIFF RD,0.0,0.0
2012,12,4,Weekday,600,1-Car,No injury/unknown,SPEED TOO FAST FOR WEATHER CONDITIONS,SR37N & VICTOR,0.0,0.0
2012,12,5,Weekday,1300,1-Car,No injury/unknown,RAN OFF ROAD RIGHT,PEDIGO BAY & VALLEY MISSION RD,0.0,0.0
2012,12,5,Weekday,1800,2-Car,No injury/unknown,OTHER (ENVIRONMENTAL) - EXPLAIN IN NARR,FALCON & GORDON PIKE,0.0,0.0
2012,12,7,Weekend,1200,1-Car,Non-incapacitating,RAN OFF ROAD RIGHT,NEHRT & ROBINSON RD,0.0,0.0
2012,12,2,Weekday,500,2-Car,No injury/unknown,DISREGARD SIGNAL/REG SIGN,WALNUT ST & WINSLOW,0.0,0.0
2012,12,2,Weekday,900,1-Car,Non-incapacitating,SPEED TOO FAST FOR WEATHER CONDITIONS,HEDRICK & SR46W,0.0,0.0
2012,12,5,Weekday,1300,2-Car,No injury/unknown,FOLLOWING TOO CLOSELY,ADAMS & BLOOMFIELD RD,0.0,0.0
2012,12,2,Weekday,1700,2-Car,No injury/unknown,FOLLOWING TOO CLOSELY,COUNTRY CLUB DR & ROGERS,0.0,0.0
2012,12,1,Weekend,200,1-Car,No injury/unknown,ANIMAL/OBJECT IN ROADWAY,SR37S & ZIKES,0.0,0.0
2012,12,2,Weekday,1300,1-Car,No injury/unknown,OVERCORRECTING/OVERSTEERING,RED OAKLN & SR446S,0.0,0.0
2012,12,2,Weekday,200,1-Car,No injury/unknown,OTHER (ENVIRONMENTAL) - EXPLAIN IN NARR,LOUDEN RD & RATLIFF,0.0,0.0
2012,12,2,Weekday,700,2-Car,No injury/unknown,UNSAFE LANE MOVEMENT,BOTTOM & SR37N,0.0,0.0
2012,12,5,Weekday,1800,2-Car,Non-incapacitating,SPEED TOO FAST FOR WEATHER CONDITIONS,GIFFORD & WOODSIDE DR,0.0,0.0
2011,9,7,Weekend,1700,2-Car,No injury/unknown,FAILURE TO YIELD RIGHT OF WAY,COLLEGE MALL RD & EASTLAND LAND PLAZA,40.51038334,-88.95539078
2011,11,3,Weekday,1100,2-Car,No injury/unknown,IMPROPER LANE USAGE,COLLEGE MALL RD & EAST DRIVE EASTLAND PLAZA,40.51038334,-88.95539078
2011,10,5,Weekday,1500,2-Car,No injury/unknown,LEFT OF CENTER,W RILEY DR,40.491821,-88.959213
2011,8,4,Weekday,1700,2-Car,Incapacitating,DISREGARD SIGNAL/REG SIGN,SOUTH WALNUT & SR37,40.3683484,-86.8247366
2011,9,4,Weekday,1100,2-Car,Incapacitating,FOLLOWING TOO CLOSELY,CEDAR BLUFF RD & OLD STATE ROAD 37 RD,39.99085376,-86.54117
2011,12,3,Weekday,1300,1-Car,No injury/unknown,OTHER (ENVIRONMENTAL) - EXPLAIN IN NARR,STINE ST,39.52667999,-87.093544
2011,2,1,Weekday,2300,1-Car,No injury/unknown,ANIMAL/OBJECT IN ROADWAY,AIRPORT & ENDWRIGHT RD,39.50660092,-86.59632117
2011,12,6,Weekday,1600,2-Car,Non-incapacitating,DRIVER DISTRACTED - EXPLAIN IN NARRATIVE,SR37S & TAPP,39.45379834,-86.5731997
2011,11,7,Weekend,300,1-Car,Non-incapacitating,UNSAFE SPEED,NORTH MAPLE GROVE RD & STANTON,39.4259468,-86.56154014
2011,2,5,Weekday,700,1-Car,No injury/unknown,ANIMAL/OBJECT IN ROADWAY,SR37N & WYLIE,39.41041946,-86.52922139
2011,1,3,Weekday,2000,2-Car,No injury/unknown,ROADWAY SURFACE CONDITION,CROSSOVER ROAD & SR37S,39.40391508,-86.51840237
2011,2,7,Weekend,1000,1-Car,No injury/unknown,SPEED TOO FAST FOR WEATHER CONDITIONS,MT GILEAD & SR45E,39.38963331,-86.42414576
2011,1,6,Weekend,2000,1-Car,Non-incapacitating,SPEED TOO FAST FOR WEATHER CONDITIONS,BURMA & SR37,39.36715793,-86.51169512
2011,11,4,Weekday,1200,2-Car,No injury/unknown,SEVERE CROSSWINDS,BRYANTS CREEK & SR37N,39.34986026,-86.51242017
2011,7,7,Weekend,100,1-Car,Non-incapacitating,OTHER (DRIVER) - EXPLAIN IN NARRATIVE,MOON RD,39.34072834,-86.65174484
2011,1,3,Weekday,1000,1-Car,No injury/unknown,SPEED TOO FAST FOR WEATHER CONDITIONS,COOKSEY & SR37S,39.3388297,-86.50937286
2011,7,4,Weekday,1900,1-Car,No injury/unknown,RAN OFF ROAD RIGHT,S BRIGHTON & W WAMPLER RD,39.33448,-86.614368
2011,11,5,Weekday,1600,1-Car,No injury/unknown,RAN OFF ROAD RIGHT,BRYANTS & SR37,39.33393002,-86.51242017
2011,1,5,Weekday,1200,Pedestrian,Incapacitating,SPEED TOO FAST FOR WEATHER CONDITIONS,BRYANTS CREEK & SR37N,39.33333355,-86.51329012
2011,2,6,Weekday,800,1-Car,Non-incapacitating,SPEED TOO FAST FOR WEATHER CONDITIONS,COUNTY LINE RD & WILLIAMS,39.32548404,-86.6864419
2011,5,7,Weekend,1000,3+ Cars,No injury/unknown,UNSAFE BACKING,BRYANTS CREEK & OLD SR 37 HWY,39.3212,-86.48072
2011,9,5,Weekday,1300,2-Car,Non-incapacitating,LEFT OF CENTER,HWY 37 SOUTH & S OLD ST RD 37 RD,39.32106,-86.48081
2011,6,5,Weekday,1700,2-Car,No injury/unknown,UNSAFE LANE MOVEMENT,BURMA & SR37N,39.31968099,-86.51067443
2011,4,6,Weekday,500,1-Car,No injury/unknown,ANIMAL/OBJECT IN ROADWAY,BURMA & SR37N,39.31831096,-86.51055935
2011,1,6,Weekday,1400,2-Car,No injury/unknown,OTHER (ENVIRONMENTAL) - EXPLAIN IN NARR,CHAMBERS & SR37N,39.31734664,-86.51169016
2011,1,6,Weekday,1400,2-Car,No injury/unknown,OTHER (ENVIRONMENTAL) - EXPLAIN IN NARR,CHAMBERS & SR37N,39.31734664,-86.51169016
2011,11,6,Weekday,500,1-Car,No injury/unknown,ANIMAL/OBJECT IN ROADWAY,BURMA & SR37N,39.31561299,-86.51117113
2011,8,4,Weekday,1000,1-Car,Non-incapacitating,RAN OFF ROAD RIGHT,BURMA & SR37N,39.3145402,-86.51147583
2011,1,6,Weekday,1300,1-Car,No injury/unknown,SPEED TOO FAST FOR WEATHER CONDITIONS,BURMA & SR37N,39.314272,-86.511552
2011,9,1,Weekend,0,2-Car,No injury/unknown,RAN OFF ROAD RIGHT,SR37 & WEST BURMA RD,39.314272,-86.511552
2011,5,2,Weekday,2100,1-Car,No injury/unknown,ANIMAL/OBJECT IN ROADWAY,SR37N & W BURMA,39.31400279,-86.511622
2011,1,6,Weekday,1300,1-Car,Incapacitating,RAN OFF ROAD RIGHT,BOTTOM ROAD & MOUNT TABOR ROAD RD,39.310944,-86.633184
2011,11,4,Weekday,1700,1-Car,Non-incapacitating,ANIMAL/OBJECT IN ROADWAY,TEXAS RIDGE & WOLF MOUNTAIN RD,39.31089221,-86.65668011
2011,4,1,Weekend,1600,2-Car,No injury/unknown,OTHER (DRIVER) - EXPLAIN IN NARRATIVE,FARR RD & FISH,39.30673,-86.47693972
2011,5,4,Weekday,2100,1-Car,No injury/unknown,ANIMAL/OBJECT IN ROADWAY,N MT TABOR RD & N TABOR HILL,39.30584,-86.631008
2011,6,7,Weekend,300,1-Car,Non-incapacitating,SPEED TOO FAST FOR WEATHER CONDITIONS,E CHAMBERS & N OLD STATE ROAD 37 HWY,39.305712,-86.486608
2011,8,7,Weekend,1800,1-Car,No injury/unknown,RAN OFF ROAD RIGHT,E CHAMBERS PIKE & SR37N,39.30403671,-86.51659464
2011,10,1,Weekend,600,1-Car,No injury/unknown,ANIMAL/OBJECT IN ROADWAY,CHAMBERS & SR37N,39.30403671,-86.51668116
2011,7,6,Weekday,1800,1-Car,No injury/unknown,OVERCORRECTING/OVERSTEERING,CROSSOVER & SR37N,39.3031162,-86.51840237
2011,2,7,Weekend,600,1-Car,Non-incapacitating,OTHER (DRIVER) - EXPLAIN IN NARRATIVE,329 DITTEMORE RD & CROSSOVER,39.30239747,-86.51856628
2011,1,5,Weekday,0,1-Car,Non-incapacitating,SPEED TOO FAST FOR WEATHER CONDITIONS,BRYANTS CREEK & SR37N,39.30207196,-86.51238497
2011,2,5,Weekday,1500,2-Car,No injury/unknown,UNSAFE LANE MOVEMENT,FOXHOLLOW & SR37N,39.30043495,-86.51891463
2011,5,5,Weekday,1600,2-Car,Non-incapacitating,FAILURE TO YIELD RIGHT OF WAY,STINESVILLE RD,39.296976,-86.658576
2011,10,2,Weekday,2000,1-Car,Non-incapacitating,RAN OFF ROAD RIGHT,MOUNT CARMEL & STINESVILLE RD,39.29577725,-86.65953753
2011,1,6,Weekday,1300,1-Car,No injury/unknown,ROADWAY SURFACE CONDITION,CROSSOVER & SR37N,39.292718,-86.51840237
2011,10,7,Weekend,1600,2-Car,Non-incapacitating,UNSAFE SPEED,GOURLEY & OLD SR N 37 RD,39.29097999,-86.53521
2011,12,5,Weekday,2000,2-Car,No injury/unknown,LEFT OF CENTER,BOTTOM & WOODALL RD,39.28924335,-86.57655438
2011,9,5,Weekday,1100,1-Car,No injury/unknown,ANIMAL/OBJECT IN ROADWAY,FOX HOLLOW & SR37N,39.28858226,-86.51866137
2011,1,5,Weekday,1900,1-Car,No injury/unknown,RAN OFF ROAD RIGHT,BOTTOM & WOODALL RD,39.28813201,-86.57759672
2011,12,6,Weekday,1500,1-Car,No injury/unknown,RAN OFF ROAD RIGHT,FOX HOLLOW & SR37N,39.287808,-86.519024
2011,2,7,Weekend,1200,1-Car,No injury/unknown,ROADWAY SURFACE CONDITION,FOX HOLLOW & SR37N,39.28634016,-86.51998784
2011,1,5,Weekday,1500,1-Car,No injury/unknown,RAN OFF ROAD RIGHT,BOTTOM & SR37S,39.28585103,-86.54219875
2011,5,3,Weekday,1600,2-Car,No injury/unknown,FOLLOWING TOO CLOSELY,N PURCELL & SR37N,39.28565093,-86.52758897
2011,2,7,Weekend,900,1-Car,Fatal,UNSAFE SPEED,DUXBURY & SR37N,39.28183228,-86.52258039
2011,1,5,Weekday,800,1-Car,No injury/unknown,ROADWAY SURFACE CONDITION,NEWT FULFORD RD & OLD SR 37 NORTH,39.28139481,-86.49578712
2011,7,6,Weekday,1300,1-Car,Non-incapacitating,RAN OFF ROAD RIGHT,SR37N & WINERY,39.28040426,-86.52269173
2011,2,6,Weekday,900,2-Car,No injury/unknown,SPEED TOO FAST FOR WEATHER CONDITIONS,HENDRICKS & STINESVILLE RD,39.28037081,-86.66297393
2011,11,2,Weekday,1700,1-Car,No injury/unknown,ANIMAL/OBJECT IN ROADWAY,SIMPSON CHAPEL & SR37N,39.27913436,-86.52306942
2011,8,4,Weekday,500,Moped/Motorcycle,Incapacitating,ANIMAL/OBJECT IN ROADWAY,HEDRICK & STINESVILLE RD,39.27899761,-86.66295586
2011,12,7,Weekend,2000,1-Car,Non-incapacitating,RAN OFF ROAD RIGHT,HEDRICK & SR46W,39.27735598,-86.67709708
2011,10,1,Weekend,0,1-Car,No injury/unknown,ANIMAL/OBJECT IN ROADWAY,CROSSOVER & SR37N,39.27659018,-86.51840237
2011,5,3,Weekday,800,3+ Cars,Non-incapacitating,UNSAFE SPEED,HEDRICK & SR46E,39.27575308,-86.67573452
2011,9,6,Weekend,2300,2-Car,No injury/unknown,OTHER (DRIVER) - EXPLAIN IN NARRATIVE,7TH & N SUNRISE DR,39.27428503,-86.51242
2011,8,2,Weekday,600,2-Car,No injury/unknown,OTHER (DRIVER) - EXPLAIN IN NARRATIVE,17TH & 701 EAST 17TH (NORTH DRIVE) ST,39.27413636,-86.53351758
2011,4,5,Weekday,1500,1-Car,No injury/unknown,UNSAFE BACKING,SAIDAH RD,39.27404877,-86.5263049
2011,11,4,Weekday,400,1-Car,No injury/unknown,RAN OFF ROAD RIGHT,BARR & MT TABOR RD,39.273888,-86.621456
2011,4,4,Weekday,0,1-Car,No injury/unknown,RAN OFF ROAD RIGHT,STATE ROAD 37 BUSINESS,39.27168,-86.522992
2011,1,6,Weekday,1300,1-Car,Non-incapacitating,SPEED TOO FAST FOR WEATHER CONDITIONS,CROSSOVER & SR37N,39.27128497,-86.51840237
2011,4,1,Weekend,1500,1-Car,No injury/unknown,ENGINE FAILURE OR DEFECTIVE,N STATE ROAD 37 HWY,39.27037,-86.522749
2011,7,6,Weekday,1500,1-Car,No injury/unknown,OTHER (VEHICLE) - EXPLAIN IN NARRATIVE,SR46W & STINESVILLE,39.26884344,-86.66789
2011,6,7,Weekend,0,1-Car,No injury/unknown,ANIMAL/OBJECT IN ROADWAY,SR46W & STINESVILLE,39.26779516,-86.66674898
2011,12,3,Weekday,1100,1-Car,No injury/unknown,RAN OFF ROAD RIGHT,SAMPLE & SR37N,39.26753244,-86.5228128
2011,12,3,Weekday,1100,1-Car,No injury/unknown,RAN OFF ROAD RIGHT,SAMPLE & SR37N,39.26753244,-86.5228128
2011,8,2,Weekday,500,Moped/Motorcycle,Non-incapacitating,ANIMAL/OBJECT IN ROADWAY,SR46W & STINESVILLE,39.26716926,-86.66605959
2011,12,2,Weekday,1600,2-Car,No injury/unknown,FAILURE TO YIELD RIGHT OF WAY,COWDEN & MT TABOR RD,39.266864,-86.620704
2011,1,2,Weekday,1500,2-Car,No injury/unknown,FAILURE TO YIELD RIGHT OF WAY,SR46W & STINESVILLE,39.266752,-86.6656
2011,5,6,Weekday,1600,2-Car,No injury/unknown,FAILURE TO YIELD RIGHT OF WAY,SR46W & STINESVILLE,39.266752,-86.6656
2011,10,7,Weekend,2100,1-Car,No injury/unknown,ANIMAL/OBJECT IN ROADWAY,SAMPLE & SR37N,39.26657173,-86.52277024
2011,4,6,Weekday,800,2-Car,No injury/unknown,DRIVER DISTRACTED - EXPLAIN IN NARRATIVE,SR46E & STINESVILLE RD,39.26656091,-86.66541545
2011,1,6,Weekday,1800,1-Car,No injury/unknown,FOLLOWING TOO CLOSELY,SAMPLE & SR37N,39.26643449,-86.52276416
2011,9,7,Weekend,200,1-Car,Non-incapacitating,RAN OFF ROAD RIGHT,SR46W & STINESVILLE,39.26631271,-86.66517575
2011,1,5,Weekday,400,1-Car,No injury/unknown,ROADWAY SURFACE CONDITION,ANDERSON RD & N OLD SR37,39.2659,-86.50196325
2011,12,3,Weekday,1600,1-Car,Non-incapacitating,RAN OFF ROAD RIGHT,BOTTOM & SR37S,39.26455844,-86.54191978
2011,7,1,Weekend,1600,3+ Cars,Non-incapacitating,SPEED TOO FAST FOR WEATHER CONDITIONS,SR37N & WAYPORT,39.26439673,-86.52268903
2011,2,3,Weekday,2000,1-Car,No injury/unknown,RAN OFF ROAD RIGHT,LEE PAUL & SR37N,39.26366078,-86.52088856
2011,11,7,Weekend,1700,2-Car,No injury/unknown,FAILURE TO YIELD RIGHT OF WAY,SR37S & WAYPORT,39.26305216,-86.52252097
2011,2,6,Weekday,1300,2-Car,Non-incapacitating,FAILURE TO YIELD RIGHT OF WAY,SR37N & WAYPORT,39.263024,-86.52264
2011,3,4,Weekday,1600,2-Car,No injury/unknown,FAILURE TO YIELD RIGHT OF WAY,37 & SR37S,39.263024,-86.52264
2011,4,1,Weekend,1100,2-Car,No injury/unknown,FAILURE TO YIELD RIGHT OF WAY,SR37N & WAYPORT,39.263024,-86.52264
2011,6,7,Weekend,1500,2-Car,No injury/unknown,FAILURE TO YIELD RIGHT OF WAY,SR37S & WAYPORT ROAD,39.263024,-86.52264
2011,7,1,Weekend,1000,2-Car,Fatal,FAILURE TO YIELD RIGHT OF WAY,SR37N & WAYPORT,39.263024,-86.52264
2011,4,4,Weekday,100,1-Car,No injury/unknown,ANIMAL/OBJECT IN ROADWAY,SR37N & WAYPORT,39.2623377,-86.52261255
2011,11,7,Weekend,1600,1-Car,No injury/unknown,RAN OFF ROAD RIGHT,SR37N & WAYPORT,39.26220126,-86.52261598
2011,12,3,Weekday,1300,1-Car,No injury/unknown,RAN OFF ROAD RIGHT,BURMA & SR37,39.26132574,-86.51236988
2011,10,7,Weekend,300,1-Car,No injury/unknown,ANIMAL/OBJECT IN ROADWAY,SR37N & WAYPORT,39.26041222,-86.52349167
2011,1,6,Weekend,1900,1-Car,No injury/unknown,RAN OFF ROAD RIGHT,CHAFIN CHAPEL RD & RODEO,39.259776,-86.645216
2011,10,2,Weekday,1700,1-Car,No injury/unknown,UNSAFE BACKING,COWDEN RDS,39.25915271,-86.60196974
2011,7,5,Weekday,1400,2-Car,No injury/unknown,UNSAFE BACKING,E SAMPLE RD & OLD SR 37,39.25864,-86.5012
2011,1,2,Weekday,1500,2-Car,No injury/unknown,UNSAFE BACKING,WAYPORT RD,39.258336,-86.523037
2011,10,5,Weekday,600,Pedestrian,Non-incapacitating,OTHER (DRIVER) - EXPLAIN IN NARRATIVE,E MILLER DR,39.255568,-86.469632
2011,8,2,Weekday,1900,1-Car,No injury/unknown,OVERCORRECTING/OVERSTEERING,FLATWOODS & SR46W,39.25373018,-86.6545366
2011,9,7,Weekend,1400,1-Car,No injury/unknown,ACCELERATOR FAILURE OR DEFECTIVE,COWDEN RD & DELAP,39.25371,-86.59236
2011,8,1,Weekend,600,1-Car,Non-incapacitating,ANIMAL/OBJECT IN ROADWAY,COUNTY LINE & FLATWOODS RD,39.25264,-86.684096
2011,2,7,Weekend,900,2-Car,Non-incapacitating,ROADWAY SURFACE CONDITION,FLATWOODS & SR46W,39.252448,-86.653904
2011,3,3,Weekday,1200,2-Car,Incapacitating,OTHER (DRIVER) - EXPLAIN IN NARRATIVE,DELAP & MT TABOR RD,39.252336,-86.620512
2011,4,7,Weekend,900,1-Car,Non-incapacitating,OTHER (DRIVER) - EXPLAIN IN NARRATIVE,FLATWOODS & SR46W,39.25213753,-86.6535557
2011,3,2,Weekday,1500,1-Car,Non-incapacitating,RAN OFF ROAD RIGHT,DELAP & UNIONVALLEY RD,39.251904,-86.592816
2011,7,3,Weekday,400,1-Car,Non-incapacitating,UNSAFE SPEED,N UNION VALLEY & W DELAP RD,39.251904,-86.592816
2011,10,5,Weekday,2000,1-Car,No injury/unknown,ANIMAL/OBJECT IN ROADWAY,SR37 & WYLIE RD,39.251648,-86.529056
2011,8,7,Weekend,600,2-Car,No injury/unknown,OTHER (VEHICLE) - EXPLAIN IN NARRATIVE,N MAPLE GROVE RD & W MAPLE GROVE,39.251632,-86.566448
2011,10,6,Weekday,1700,1-Car,No injury/unknown,RAN OFF ROAD RIGHT,SHUFFLE CREEK RD & SOUTH SHORE,39.251536,-86.400816
2011,12,5,Weekday,800,2-Car,Non-incapacitating,FAILURE TO YIELD RIGHT OF WAY,FLATWOODS & SR46W,39.25141308,-86.652743
2011,8,1,Weekend,1300,1-Car,No injury/unknown,RAN OFF ROAD RIGHT,SHUFFLE CREEK RD RD & SOUTHSHORE DRIVE,39.25137028,-86.40089996
2011,6,7,Weekend,1700,1-Car,Non-incapacitating,OTHER (DRIVER) - EXPLAIN IN NARRATIVE,NORTH SHORE DR & RICHARDSON,39.25128,-86.388368
2011,1,6,Weekday,1000,1-Car,No injury/unknown,DRIVER ILLNESS,SR46W,39.2512,-86.652504
2011,6,7,Weekend,1600,2-Car,No injury/unknown,FAILURE TO YIELD RIGHT OF WAY,W STATE ROAD 45 BYP,39.2512,-86.652504
2011,7,6,Weekday,1800,1-Car,No injury/unknown,OTHER (DRIVER) - EXPLAIN IN NARRATIVE,W SR46 HWY,39.2512,-86.652504
2011,8,4,Weekday,1600,2-Car,No injury/unknown,UNSAFE BACKING,W SR46 HWY,39.2512,-86.652504
2011,11,6,Weekend,2000,2-Car,No injury/unknown,FOLLOWING TOO CLOSELY,STATE ROAD 46 RD,39.2512,-86.652504
2011,11,2,Weekday,1500,2-Car,No injury/unknown,UNSAFE BACKING,SR46 WEST HWY,39.2512,-86.652504
2011,9,7,Weekend,500,1-Car,No injury/unknown,OTHER (DRIVER) - EXPLAIN IN NARRATIVE,ROBINSON RD & WILLSAMER,39.2509599,-86.46768026
2011,1,7,Weekend,1300,2-Car,Non-incapacitating,DISREGARD SIGNAL/REG SIGN,SR37N & WALNUT ST,39.250688,-86.529744
2011,11,5,Weekday,300,1-Car,No injury/unknown,ANIMAL/OBJECT IN ROADWAY,FLATWOODS & SR46W,39.25037815,-86.65158204
2011,2,2,Weekday,700,1-Car,No injury/unknown,OTHER (DRIVER) - EXPLAIN IN NARRATIVE,GOOSE HOLLOW & TUNNEL RD,39.24957511,-86.42069774
2011,11,5,Weekday,1700,1-Car,No injury/unknown,ANIMAL/OBJECT IN ROADWAY,FLATWOODS & SR46W,39.24949408,-86.65024812
2011,4,3,Weekday,2100,1-Car,No injury/unknown,ANIMAL/OBJECT IN ROADWAY,GOOSE HOLLOW & TUNNEL RD,39.24889361,-86.42153288
2011,4,3,Weekday,1800,1-Car,No injury/unknown,ANIMAL/OBJECT IN ROADWAY,FLATWOODS & SR46W,39.24793707,-86.64733819
2011,8,7,Weekend,400,1-Car,No injury/unknown,RAN OFF ROAD RIGHT,N MAPLE GROVE RD & W MAPLE GROVE,39.24744,-86.547792
2011,12,3,Weekday,600,1-Car,No injury/unknown,SPEED TOO FAST FOR WEATHER CONDITIONS,BOTTOM & MAPLE GROVE RD,39.24744,-86.547792
2011,8,2,Weekday,600,1-Car,No injury/unknown,ANIMAL/OBJECT IN ROADWAY,RED HILL RD & SR46E,39.24706328,-86.64570525
2011,10,7,Weekend,1000,1-Car,No injury/unknown,RAN OFF ROAD RIGHT,ROBIINSON RD,39.246426,-86.48298
2011,12,6,Weekday,1300,1-Car,Non-incapacitating,SPEED TOO FAST FOR WEATHER CONDITIONS,6776 N TUNNEL RD & SHILO,39.246208,-86.431904
2011,1,3,Weekday,700,2-Car,No injury/unknown,FAILURE TO YIELD RIGHT OF WAY,REDHILL & SR46W,39.24568299,-86.63668392
2011,5,1,Weekend,1700,2-Car,No injury/unknown,FOLLOWING TOO CLOSELY,N REDHILL & SR46W,39.24568299,-86.63672724
2011,5,4,Weekday,400,2-Car,No injury/unknown,DISREGARD SIGNAL/REG SIGN,REDHILL & SR46W,39.24568299,-86.63670124
2011,11,6,Weekday,1100,1-Car,No injury/unknown,RAN OFF ROAD RIGHT,RHINESTONE DR,39.24557816,-86.60837452
2011,10,5,Weekday,200,1-Car,No injury/unknown,ROADWAY SURFACE CONDITION,MAPLE GROVE & N MATTHEWS RD,39.245408,-86.6204
2011,12,3,Weekday,1100,2-Car,Non-incapacitating,LEFT OF CENTER,MAPLE GROVE RD & MATTHEWS DRIVE ST,39.245408,-86.6204
2011,6,4,Weekday,1100,1-Car,No injury/unknown,OTHER (ENVIRONMENTAL) - EXPLAIN IN NARR,MAPLE GROVE RD & MATHWS,39.24534,-86.62044334
2011,5,4,Weekday,1300,2-Car,Non-incapacitating,FAILURE TO YIELD RIGHT OF WAY,SMITH PIKE & WOODYARD,39.24354736,-86.58311
2011,4,5,Weekday,800,2-Car,No injury/unknown,DRIVER DISTRACTED - EXPLAIN IN NARRATIVE,SMITH PIKE & WOOLDYARD,39.24353902,-86.58309109
2011,1,1,Weekend,0,1-Car,Non-incapacitating,OVERCORRECTING/OVERSTEERING,SHUFFLE CREEK RD & SR45,39.24154266,-86.40646483
2011,5,7,Weekend,100,1-Car,No injury/unknown,ANIMAL/OBJECT IN ROADWAY,RIDGESPRINGS & SR46W,39.24095991,-86.6321047
2011,3,2,Weekday,0,1-Car,Non-incapacitating,RAN OFF ROAD RIGHT,ROBINSON RD & TUNNEL,39.24065354,-86.43981986