Year,Month,Day,Weekend?,Hour,Collision Type,Injury Type,Primary Factor,Reported_Location,Latitude,Longitude
2011,7,4,Weekday,1200,1-Car,No injury/unknown,RAN OFF ROAD RIGHT,ROBINSON RD & TUNNEL,39.24064407,-86.43734756
2011,1,6,Weekend,1900,1-Car,No injury/unknown,RAN OFF ROAD RIGHT,E ROBINSON & N TUNNEL RD,39.24064,-86.436288
2011,6,7,Weekend,1800,1-Car,No injury/unknown,UNSAFE SPEED,RICHARDSON & SR45E,39.24051394,-86.38485993
2011,10,5,Weekday,700,1-Car,No injury/unknown,OVERCORRECTING/OVERSTEERING,BOLTINGHOUSE RD & OLD 37,39.23974,-86.49909725
2011,12,6,Weekend,1900,2-Car,No injury/unknown,IMPROPER LANE USAGE,BOLTINGHOUSE RD & OLD STATE ROAD 37,39.23905806,-86.49578006
2011,10,7,Weekend,2200,2-Car,No injury/unknown,OTHER (DRIVER) - EXPLAIN IN NARRATIVE,MAIN & TEMPERANCE ST,39.238848,-86.630096
2011,11,7,Weekend,1800,2-Car,No injury/unknown,DRIVER DISTRACTED - EXPLAIN IN NARRATIVE,MAIN ST & W TEMPERANCE,39.238848,-86.630096
2011,4,4,Weekday,2300,1-Car,No injury/unknown,RAN OFF ROAD RIGHT,RIDGE SPRINGS LN & SYCAMORE,39.238624,-86.640096
2011,8,4,Weekday,900,2-Car,Incapacitating,UNSAFE SPEED,GOURLEY & NORTH OLD STATE ROAD 37 RD,39.23807999,-86.53521
2011,11,3,Weekday,700,1-Car,Non-incapacitating,UNSAFE SPEED,RICHARDSON & SR45E,39.23801785,-86.37323206
2011,5,3,Weekday,700,2-Car,Non-incapacitating,FAILURE TO YIELD RIGHT OF WAY,MCNEELEY ST & RIDGEWAY,39.23765,-86.60692
2011,10,2,Weekday,1400,1-Car,Non-incapacitating,RAN OFF ROAD RIGHT,UNION VALLEY RD & W MCNEELY,39.23750514,-86.59280598
2011,7,7,Weekend,1000,2-Car,No injury/unknown,DRIVER DISTRACTED - EXPLAIN IN NARRATIVE,MCNEALEY ST & UNION VALLEY,39.23749991,-86.59277983
2011,8,6,Weekday,800,2-Car,No injury/unknown,ANIMAL/OBJECT IN ROADWAY,MEL CURRIE RDS & N SHOWERS,39.237248,-86.528896
2011,9,6,Weekday,1200,1-Car,No injury/unknown,RAN OFF ROAD RIGHT,2900 MEL CURRY RD & OLD STATE RD 37,39.23704,-86.5016
2011,2,1,Weekend,200,2-Car,No injury/unknown,SPEED TOO FAST FOR WEATHER CONDITIONS,E MEL CURRIE RD,39.2370189,-86.50500154
2011,11,1,Weekday,2100,1-Car,No injury/unknown,SPEED TOO FAST FOR WEATHER CONDITIONS,GILMORE & REEVES RD,39.236997,-86.67145853
2011,2,7,Weekend,2000,2-Car,No injury/unknown,FAILURE TO YIELD RIGHT OF WAY,MAIN ST & MATTHEWS,39.236096,-86.625168
2011,6,5,Weekday,1600,2-Car,Non-incapacitating,DISREGARD SIGNAL/REG SIGN,MAIN ST & MATTHEWS,39.236096,-86.625168
2011,4,4,Weekday,1600,2-Car,No injury/unknown,FAILURE TO YIELD RIGHT OF WAY,E BETHEL & N ROBS LN,39.235996,-86.46801
2011,1,7,Weekend,1000,2-Car,Non-incapacitating,FAILURE TO YIELD RIGHT OF WAY,MAIN ST & MATTEWS,39.23598071,-86.62501479
2011,8,2,Weekday,1700,2-Car,No injury/unknown,FAILURE TO YIELD RIGHT OF WAY,MAIN ST & MATTEWS,39.23598071,-86.62501479
2011,10,6,Weekday,500,1-Car,No injury/unknown,RAN OFF ROAD RIGHT,RICHARDSON & SR45E,39.23563868,-86.39085808
2011,10,6,Weekday,500,1-Car,No injury/unknown,RAN OFF ROAD RIGHT,RICHARDSON & SR45E,39.23563868,-86.39085808
2011,5,5,Weekday,700,2-Car,No injury/unknown,FAILURE TO YIELD RIGHT OF WAY,SALE ST & SALE ST ST,39.234944,-86.623392
2011,8,4,Weekday,1800,Moped/Motorcycle,Non-incapacitating,DISREGARD SIGNAL/REG SIGN,MATTHEWS & SR46E,39.234768,-86.626384
2011,8,4,Weekday,1700,2-Car,No injury/unknown,FAILURE TO YIELD RIGHT OF WAY,MATTHEWS & SR46W,39.234768,-86.626384
2011,8,5,Weekday,1700,2-Car,No injury/unknown,FOLLOWING TOO CLOSELY,MATTHEWS & SR46W,39.234768,-86.626384
2011,9,4,Weekday,1300,2-Car,Non-incapacitating,DISREGARD SIGNAL/REG SIGN,46 & MATTHEWS DR,39.234768,-86.626384
2011,9,4,Weekday,1100,1-Car,No injury/unknown,OTHER (VEHICLE) - EXPLAIN IN NARRATIVE,46 & SALE ST,39.23414396,-86.62434641
2011,5,7,Weekend,1600,2-Car,No injury/unknown,FAILURE TO YIELD RIGHT OF WAY,SALE & SR46W,39.23402598,-86.62517669
2011,7,4,Weekday,900,2-Car,No injury/unknown,ACCELERATOR FAILURE OR DEFECTIVE,W TEMPERANCE ST,39.23384776,-86.62472372
2011,2,7,Weekend,1100,2-Car,No injury/unknown,FAILURE TO YIELD RIGHT OF WAY,SALE & SR46E,39.23384,-86.624704
2011,2,6,Weekday,1200,2-Car,No injury/unknown,FAILURE TO YIELD RIGHT OF WAY,SALE & SR46E,39.23384,-86.624704
2011,2,6,Weekday,1600,2-Car,No injury/unknown,FOLLOWING TOO CLOSELY,SALE & SR46W,39.23384,-86.624704
2011,6,7,Weekend,1700,2-Car,No injury/unknown,UNSAFE LANE MOVEMENT,SALE & SR46W,39.23384,-86.624704
2011,3,5,Weekday,700,3+ Cars,No injury/unknown,FAILURE TO YIELD RIGHT OF WAY,SALES & SR46W,39.23374723,-86.62467328
2011,9,6,Weekday,1200,2-Car,Non-incapacitating,DISREGARD SIGNAL/REG SIGN,SALE & SR46W,39.23374723,-86.62467328
2011,10,2,Weekday,800,2-Car,No injury/unknown,FAILURE TO YIELD RIGHT OF WAY,SALE & SR46W,39.23374723,-86.62467328
2011,10,6,Weekend,2000,1-Car,No injury/unknown,OTHER (DRIVER) - EXPLAIN IN NARRATIVE,LANTERN & TURTLEBACK CREEK RD,39.23363022,-86.61876
2011,5,5,Weekday,1600,1-Car,No injury/unknown,RAN OFF ROAD RIGHT,5TH ST & TEMPERANCE,39.23352,-86.62424
2011,7,7,Weekend,1800,2-Car,No injury/unknown,IMPROPER TURNING,5TH ST & WEST TEMPERANCE,39.23352,-86.62424
2011,11,3,Weekday,700,1-Car,No injury/unknown,OTHER (DRIVER) - EXPLAIN IN NARRATIVE,ASSOCIATION ST & SALE,39.23342589,-86.62612219
2011,3,6,Weekend,2200,1-Car,No injury/unknown,RAN OFF ROAD RIGHT,614 W ASSOCIATION & SALE,39.23317,-86.62559
2011,5,2,Weekday,1700,2-Car,No injury/unknown,FOLLOWING TOO CLOSELY,MATTHEWS & SR46W,39.23308732,-86.62363063
2011,5,6,Weekend,2100,1-Car,No injury/unknown,ANIMAL/OBJECT IN ROADWAY,N BOTTOM & SR37N,39.23288663,-86.54219875
2011,1,7,Weekend,1700,2-Car,No injury/unknown,FOLLOWING TOO CLOSELY,SR37S & SR45W,39.232688,-86.623056
2011,7,7,Weekend,0,2-Car,No injury/unknown,UNSAFE BACKING,CLOVER LN & MEADOWLANDS,39.23266,-86.61114866
2011,7,2,Weekday,1700,2-Car,No injury/unknown,FAILURE TO YIELD RIGHT OF WAY,SR46W & THIRD,39.23254854,-86.62304087
2011,9,3,Weekday,0,2-Car,No injury/unknown,IMPROPER TURNING,N WALNUT ST,39.232544,-86.540704
2011,11,3,Weekday,1500,2-Car,No injury/unknown,VIEW OBSTRUCTED,2ND & W VINE ST,39.232352,-86.621904
2011,3,3,Weekday,300,Moped/Motorcycle,Incapacitating,ANIMAL/OBJECT IN ROADWAY,DAISY DR & WILDFLOWER,39.23176,-86.60599
2011,9,7,Weekend,800,2-Car,Non-incapacitating,UNSAFE SPEED,FOX HOLLOW & SR37N,39.23169718,-86.51891463
2011,1,6,Weekday,1400,1-Car,No injury/unknown,RAN OFF ROAD RIGHT,GILMORE RD & REEVES,39.23168861,-86.67482678
2011,2,4,Weekday,700,2-Car,No injury/unknown,FAILURE TO YIELD RIGHT OF WAY,1ST & SR46W,39.23144,-86.621296
2011,1,4,Weekday,700,2-Car,No injury/unknown,FOLLOWING TOO CLOSELY,REEVES RD & SYCAMORE,39.23134596,-86.64020192
2011,10,6,Weekday,800,2-Car,No injury/unknown,FAILURE TO YIELD RIGHT OF WAY,REEVES RD,39.23133887,-86.64145588
2011,8,3,Weekday,1200,1-Car,No injury/unknown,OTHER (VEHICLE) - EXPLAIN IN NARRATIVE,2ND & OAK ST,39.2309216,-86.6239251
2011,5,6,Weekend,2100,2-Car,No injury/unknown,LEFT OF CENTER,SHUFFLE CREEK RD & SR45E,39.23077305,-86.4160652
2011,7,4,Weekday,700,1-Car,No injury/unknown,ANIMAL/OBJECT IN ROADWAY,MT GILEAD & SR45E,39.23074878,-86.42444824
2011,10,1,Weekend,200,1-Car,No injury/unknown,UNSAFE SPEED,SR45E & YOUNG CEMETERY,39.23074878,-86.42758817
2011,10,6,Weekday,1600,2-Car,No injury/unknown,FOLLOWING TOO CLOSELY,MT GILEAD & SR45E,39.23074878,-86.42423218
2011,4,3,Weekday,1200,2-Car,Non-incapacitating,FAILURE TO YIELD RIGHT OF WAY,BRUMMETTS & SR45E,39.230544,-86.42
2011,6,4,Weekday,600,2-Car,Non-incapacitating,SPEED TOO FAST FOR WEATHER CONDITIONS,BRUMMETTS CREEK & SR46E,39.230544,-86.42
2011,7,2,Weekday,600,1-Car,No injury/unknown,ANIMAL/OBJECT IN ROADWAY,BRUMMETTS CREEK & SR46E,39.230544,-86.42
2011,12,2,Weekday,1500,2-Car,No injury/unknown,FAILURE TO YIELD RIGHT OF WAY,1ST & SR46W,39.23051334,-86.61999286
2011,12,3,Weekday,1300,2-Car,No injury/unknown,UNSAFE BACKING,BOLTINGHOUSE & EARL YOUNG RD,39.23031025,-86.473207
2011,7,6,Weekday,1800,2-Car,No injury/unknown,FOLLOWING TOO CLOSELY,SR37S & VERNAL,39.23026714,-86.5609886
2011,7,5,Weekday,800,2-Car,No injury/unknown,FAILURE TO YIELD RIGHT OF WAY,E ST RD 45 HWY & TUNNEL,39.230048,-86.4316
2011,1,1,Weekend,0,1-Car,No injury/unknown,ROADWAY SURFACE CONDITION,6565 N SHUFFLE CK RD & SR45,39.229952,-86.416096
2011,10,2,Weekday,1500,1-Car,No injury/unknown,RAN OFF ROAD RIGHT,BREEZEWOOD CT,39.229464,-86.585408
2011,9,5,Weekday,1600,2-Car,Non-incapacitating,ROADWAY SURFACE CONDITION,FIRST ST & RITTER,39.229424,-86.623584
2011,2,7,Weekend,1400,2-Car,No injury/unknown,FAILURE TO YIELD RIGHT OF WAY,FIRST ST & RITTER,39.22936567,-86.62355313
2011,6,7,Weekend,1500,Cyclist,Non-incapacitating,FAILURE TO YIELD RIGHT OF WAY,VINE ST,39.229344,-86.618704
2011,12,2,Weekday,1800,1-Car,No injury/unknown,OTHER (VEHICLE) - EXPLAIN IN NARRATIVE,EAST CHESTER DR DR,39.228944,-86.627504
2011,11,7,Weekend,1600,2-Car,No injury/unknown,OTHER (ENVIRONMENTAL) - EXPLAIN IN NARR,NESTLE DOWN & UNION VALLEY RD,39.22874987,-86.5927302
2011,11,6,Weekday,800,2-Car,No injury/unknown,FAILURE TO YIELD RIGHT OF WAY,1ST & DEWEY DR,39.22851987,-86.62455998
2011,2,2,Weekday,1600,2-Car,No injury/unknown,UNSAFE BACKING,E TEMPERANCE ST,39.2283992,-86.61715324
2011,8,4,Weekday,1700,2-Car,No injury/unknown,FAILURE TO YIELD RIGHT OF WAY,CAMPBELLS PARK & HARTSTRAIT RD,39.22628023,-86.61640003
2011,3,3,Weekday,1600,Moped/Motorcycle,Non-incapacitating,RAN OFF ROAD RIGHT,OLD 37 N & OLD MEYERS RD,39.2261364,-86.48712158
2011,9,6,Weekday,300,3+ Cars,No injury/unknown,OTHER (DRIVER) - EXPLAIN IN NARRATIVE,KINSER & SR37N,39.22607704,-86.54663581
2011,2,5,Weekday,1600,2-Car,No injury/unknown,LEFT OF CENTER,BRUMMETTS CREEK RD & SR45,39.22592361,-86.41449856
2011,11,5,Weekday,1600,2-Car,No injury/unknown,FAILURE TO YIELD RIGHT OF WAY,E EARL YOUNG RD & E WELLSTON,39.225536,-86.454592
2011,1,5,Weekday,1500,2-Car,No injury/unknown,RAN OFF ROAD RIGHT,SIMPSON CHAPPEL & SR37N,39.22366371,-86.52303324
2011,2,6,Weekday,700,1-Car,No injury/unknown,RAN OFF ROAD RIGHT,SAMPLE & SR37S,39.22356482,-86.52286248
2011,7,7,Weekend,1300,2-Car,No injury/unknown,FOLLOWING TOO CLOSELY,CAPITOL & SR46W,39.22319037,-86.60908281
2011,10,3,Weekday,2100,1-Car,No injury/unknown,ANIMAL/OBJECT IN ROADWAY,CAPITOL & SR46W,39.22319037,-86.60910879
2011,7,4,Weekday,1300,2-Car,No injury/unknown,FOLLOWING TOO CLOSELY,LOST MANS & UNION VALLEY RD,39.22298533,-86.592704
2011,8,5,Weekday,1600,2-Car,Non-incapacitating,FAILURE TO YIELD RIGHT OF WAY,LOSTMANS & UNIONVALLEY RD,39.222848,-86.592704
2011,8,1,Weekend,1500,2-Car,No injury/unknown,UNSAFE BACKING,N KINSER PIKE,39.222752,-86.550096
2011,12,3,Weekday,900,1-Car,No injury/unknown,BRAKE FAILURE OR DEFECTIVE,WHISNAND RD,39.22268674,-86.51923902
2011,11,3,Weekday,700,Moped/Motorcycle,Non-incapacitating,ANIMAL/OBJECT IN ROADWAY,KINSER & SR37N,39.22215594,-86.54933828
2011,5,1,Weekend,1700,1-Car,No injury/unknown,UNSAFE SPEED,GATES DR & JONATHAN,39.22163783,-86.57642
2011,10,2,Weekday,800,2-Car,No injury/unknown,FAILURE TO YIELD RIGHT OF WAY,LAKEVIEW DR & SR46W,39.22155931,-86.60552041
2011,2,2,Weekday,1500,2-Car,No injury/unknown,OVERCORRECTING/OVERSTEERING,N KINSER & SR37N,39.22136752,-86.55001248
2011,5,7,Weekend,1200,2-Car,No injury/unknown,FAILURE TO YIELD RIGHT OF WAY,N  KINSER & SR37N,39.221248,-86.55
2011,8,6,Weekday,1500,2-Car,No injury/unknown,FAILURE TO YIELD RIGHT OF WAY,KINSER & SR37N,39.221248,-86.55
2011,8,5,Weekday,1200,2-Car,Non-incapacitating,FAILURE TO YIELD RIGHT OF WAY,LAKEVIEW DR & SR46W,39.221152,-86.6056
2011,9,1,Weekend,1100,3+ Cars,Non-incapacitating,FAILURE TO YIELD RIGHT OF WAY,LAKEVIEW & SR46W,39.221152,-86.6056
2011,3,2,Weekday,700,2-Car,No injury/unknown,UNSAFE BACKING,E SR 45 HWY,39.221062,-86.441987
2011,4,6,Weekday,1700,2-Car,Non-incapacitating,DRIVER DISTRACTED - EXPLAIN IN NARRATIVE,LAKEVIEW & SR46W,39.22105821,-86.60547104
2011,4,7,Weekend,1900,1-Car,No injury/unknown,OTHER (DRIVER) - EXPLAIN IN NARRATIVE,4600 BLOCK N KINSER PIKE & SR37,39.22044931,-86.54856384
2011,10,5,Weekday,1700,2-Car,Non-incapacitating,FAILURE TO YIELD RIGHT OF WAY,N VIKING RIDGE & SR45E,39.219552,-86.444592
2011,11,6,Weekday,1600,Bus,No injury/unknown,DRIVER DISTRACTED - EXPLAIN IN NARRATIVE,EAST 45 HWY,39.21936967,-86.44920774
2011,12,2,Weekday,2200,1-Car,Incapacitating,OTHER (DRIVER) - EXPLAIN IN NARRATIVE,SR45E & VIKING RIDGE RD,39.21904006,-86.44433603
2011,8,5,Weekday,1500,2-Car,No injury/unknown,FAILURE TO YIELD RIGHT OF WAY,E BOLTINGHOUSE & N OLD STATRE ROAD 37 RD,39.21904,-86.472896
2011,6,2,Weekday,900,1-Car,No injury/unknown,RAN OFF ROAD RIGHT,CHATHAM DR,39.218786,-86.567307
2011,4,3,Weekday,1500,2-Car,No injury/unknown,IMPROPER TURNING,E JONES & N JORDAN AVE,39.21827329,-86.51641
2011,12,4,Weekday,1900,2-Car,No injury/unknown,FAILURE TO YIELD RIGHT OF WAY,DANIELS WAY WAY & STATE ROAD 48,39.21770267,-86.59910984
2011,9,6,Weekday,1200,2-Car,No injury/unknown,UNSAFE BACKING,LINDEN & TAMARACK TRL,39.21755399,-86.52027
2011,7,1,Weekend,1100,3+ Cars,Non-incapacitating,FOLLOWING TOO CLOSELY,RIDGEWOOD DR & SR46W,39.2171903,-86.59883544
2011,9,7,Weekend,1100,2-Car,No injury/unknown,UNSAFE BACKING,N STARNES RD RD & W RATLIFF,39.21687,-86.65872
2011,4,5,Weekday,1100,2-Car,Non-incapacitating,FAILURE TO YIELD RIGHT OF WAY,BRIARGATE & SR46W,39.21660701,-86.59636259
2011,11,5,Weekday,1900,1-Car,No injury/unknown,ANIMAL/OBJECT IN ROADWAY,BRIAR GATE & SR46W,39.21658518,-86.59635392
2011,7,3,Weekday,2000,1-Car,No injury/unknown,RAN OFF ROAD RIGHT,RICHLAND PLAZA DR,39.21650314,-86.59526824
2011,2,6,Weekday,1600,2-Car,No injury/unknown,FAILURE TO YIELD RIGHT OF WAY,LYNWEST & UNIONVALLEY DR,39.21584,-86.5928
2011,7,2,Weekday,1500,2-Car,No injury/unknown,FAILURE TO YIELD RIGHT OF WAY,SR46W & UNION VALLEY,39.21569341,-86.59442231
2011,12,1,Weekday,1900,1-Car,No injury/unknown,ROADWAY SURFACE CONDITION,N RIDGEWOOD DR & W DUNLEIGH,39.21550417,-86.5990017
2011,7,5,Weekday,1600,2-Car,No injury/unknown,IMPROPER LANE USAGE,SR46W & UNION VALLEY,39.2154804,-86.59377143
2011,12,6,Weekday,1800,2-Car,No injury/unknown,DRIVER DISTRACTED - EXPLAIN IN NARRATIVE,BAYLES & SR37N,39.21547801,-86.53700724
2011,10,6,Weekday,1300,2-Car,Non-incapacitating,DISREGARD SIGNAL/REG SIGN,OUTBACK & SR46W,39.21538925,-86.59300447
2011,11,4,Weekday,1600,2-Car,No injury/unknown,FOLLOWING TOO CLOSELY,N UNION VALLEY & SR46W,39.21525091,-86.59309122
2011,5,5,Weekday,1700,Moped/Motorcycle,Non-incapacitating,LEFT OF CENTER,E BETHEL LN,39.21517201,-86.51138259
2011,1,1,Weekday,2100,2-Car,No injury/unknown,UNSAFE LANE MOVEMENT,UNION VALLEY & W 46 EASTBOUND HWY,39.215152,-86.5928
2011,1,6,Weekday,1700,3+ Cars,No injury/unknown,DRIVER DISTRACTED - EXPLAIN IN NARRATIVE,SR46W & UNION VALLEY,39.215152,-86.5928
2011,3,3,Weekday,1500,2-Car,No injury/unknown,FOLLOWING TOO CLOSELY,N UNION VALLEY & SR46W,39.215152,-86.5928
2011,4,2,Weekday,1800,3+ Cars,Non-incapacitating,FAILURE TO YIELD RIGHT OF WAY,SR46W & UNION VALLEY,39.215152,-86.5928
2011,7,2,Weekday,1600,2-Car,Non-incapacitating,FAILURE TO YIELD RIGHT OF WAY,N UNION VALLEY RD & SR46W,39.215152,-86.5928
2011,8,4,Weekday,500,1-Car,No injury/unknown,UNSAFE LANE MOVEMENT,N UNION VALLEY & SR46W,39.215152,-86.5928
2011,9,3,Weekday,1200,3+ Cars,Non-incapacitating,DISREGARD SIGNAL/REG SIGN,SR46W & UNION VALLEY ROAD,39.215152,-86.5928
2011,11,2,Weekday,700,2-Car,No injury/unknown,FOLLOWING TOO CLOSELY,SR46W & UNION VALLEY,39.21513028,-86.59269723
2011,10,2,Weekday,1700,Moped/Motorcycle,Non-incapacitating,FAILURE TO YIELD RIGHT OF WAY,SR46W & UNIONVALLEY,39.21496137,-86.59254583
2011,8,3,Weekday,300,1-Car,No injury/unknown,RAN OFF ROAD RIGHT,EAST BETHEL LN & INNISBROOKE,39.2149,-86.46903
2011,10,3,Weekday,2000,2-Car,No injury/unknown,DRIVER DISTRACTED - EXPLAIN IN NARRATIVE,NORTH UNION VALLEY ROAD & SR46W,39.21477514,-86.59228631
2011,1,6,Weekday,1700,1-Car,No injury/unknown,RAN OFF ROAD RIGHT,E BETHEL LN & STIDD,39.214752,-86.477504
2011,1,6,Weekend,2200,1-Car,No injury/unknown,ROADWAY SURFACE CONDITION,HARTSTRAIT RD & RATLIFF,39.21440323,-86.61138
2011,5,3,Weekday,1900,Moped/Motorcycle,Incapacitating,FAILURE TO YIELD RIGHT OF WAY,SR46W & UNION VALLEY,39.21421656,-86.59150766
2011,7,6,Weekday,400,1-Car,No injury/unknown,ANIMAL/OBJECT IN ROADWAY,SR46W & UNION VALLEY,39.21421656,-86.59150766
2011,1,6,Weekday,1600,1-Car,No injury/unknown,RAN OFF ROAD RIGHT,E  BETHEL LN,39.214084,-86.479105
2011,11,5,Weekday,1300,1-Car,Non-incapacitating,RAN OFF ROAD RIGHT,BETHEL LN & BOLTINGHOUSE,39.21408399,-86.47960539
2011,9,4,Weekday,200,1-Car,No injury/unknown,OTHER (DRIVER) - EXPLAIN IN NARRATIVE,TULIP STREET RD,39.213789,-86.631282
2011,1,6,Weekday,1500,1-Car,No injury/unknown,SPEED TOO FAST FOR WEATHER CONDITIONS,E BETHEL LN & N BAUGH,39.212944,-86.486896
2011,7,4,Weekday,2300,1-Car,Non-incapacitating,UNSAFE SPEED,BAUGH & BETHEL LN,39.21287961,-86.49042556
2011,9,5,Weekday,1700,2-Car,No injury/unknown,LEFT OF CENTER,E BETHEL & N HINKLE RD,39.212848,-86.505392
2011,7,6,Weekday,1100,2-Car,No injury/unknown,FAILURE TO YIELD RIGHT OF WAY,FORREST PARK & SR46E,39.21206495,-86.58700777
2011,5,3,Weekday,700,3+ Cars,Non-incapacitating,FAILURE TO YIELD RIGHT OF WAY,FORREST PARK & SR46W,39.21202382,-86.58704577
2011,1,1,Weekend,1600,2-Car,No injury/unknown,FAILURE TO YIELD RIGHT OF WAY,CRIDER & RIDGEWOOD DR,39.212016,-86.59872
2011,5,3,Weekday,1400,2-Car,No injury/unknown,FOLLOWING TOO CLOSELY,BETHEL LN & WESLEY,39.21193,-86.49604
2011,2,2,Weekday,1700,2-Car,No injury/unknown,UNSAFE BACKING,S LIBERTY RD,39.211744,-86.572192
2011,5,4,Weekday,1100,2-Car,No injury/unknown,OTHER (DRIVER) - EXPLAIN IN NARRATIVE,S WALKER ST,39.21168,-86.559184
2011,7,6,Weekday,1100,2-Car,Non-incapacitating,UNSAFE BACKING,S WALKER ST,39.21168,-86.559184
2011,6,7,Weekend,400,1-Car,No injury/unknown,ANIMAL/OBJECT IN ROADWAY,OLD MEYERS & OLD STATE ROAD 37 RD,39.21065481,-86.50636
2011,10,2,Weekday,1800,Pedestrian,Incapacitating,PEDESTRIAN ACTION,GRAMERCY PARK DR & N CLAYBROOKE,39.21045,-86.51202
2011,3,3,Weekday,1200,Moped/Motorcycle,Incapacitating,OTHER (DRIVER) - EXPLAIN IN NARRATIVE,BRIGHTON & SMITH RD,39.21041269,-86.48065
2011,6,2,Weekday,1500,2-Car,Non-incapacitating,FAILURE TO YIELD RIGHT OF WAY,N SMITH & SR46W,39.210144,-86.5832
2011,10,7,Weekend,1500,2-Car,Non-incapacitating,DISREGARD SIGNAL/REG SIGN,SMITH & SR46W,39.210144,-86.5832
2011,10,3,Weekday,500,2-Car,No injury/unknown,DRIVER DISTRACTED - EXPLAIN IN NARRATIVE,NORTH SMITH PIKE & SR46,39.210144,-86.5832
2011,11,4,Weekday,2000,2-Car,No injury/unknown,OTHER (DRIVER) - EXPLAIN IN NARRATIVE,SMITH PIKE & SR46,39.210144,-86.5832
2011,6,7,Weekend,1300,1-Car,No injury/unknown,ANIMAL/OBJECT IN ROADWAY,ACUFF & SR37N,39.21013821,-86.55431179
2011,7,5,Weekday,1900,2-Car,No injury/unknown,DRIVER DISTRACTED - EXPLAIN IN NARRATIVE,SMITH & SR46W,39.21005745,-86.58306296
2011,6,4,Weekday,1300,2-Car,Incapacitating,DRIVER ILLNESS,CENTENIAL & SR46W,39.20990698,-86.58277988
2011,6,6,Weekday,200,2-Car,No injury/unknown,IMPROPER TURNING,SMITH PIKE & SR46,39.20986935,-86.5832
2011,1,5,Weekday,1400,2-Car,No injury/unknown,FOLLOWING TOO CLOSELY,ARLINGTON ROAD RD & SR46,39.209808,-86.582672
2011,6,7,Weekend,900,2-Car,Non-incapacitating,FAILURE TO YIELD RIGHT OF WAY,ARLINGTON & SR46W,39.209808,-86.582672
2011,11,6,Weekday,1800,1-Car,No injury/unknown,ANIMAL/OBJECT IN ROADWAY,ACUFF & SR37N,39.20959587,-86.55442385
2011,12,1,Weekday,1900,1-Car,No injury/unknown,ANIMAL/OBJECT IN ROADWAY,ACUFF & SR37N,39.20959587,-86.55442385
2011,6,2,Weekday,1600,2-Car,No injury/unknown,FAILURE TO YIELD RIGHT OF WAY,SMITH PIKE & SR46,39.20959469,-86.5832
2011,7,4,Weekday,1700,2-Car,No injury/unknown,FOLLOWING TOO CLOSELY,HARTSTRAIT & RATLIFF RD,39.20911007,-86.61138027
2011,7,4,Weekday,1600,1-Car,No injury/unknown,RAN OFF ROAD RIGHT,W BEXLEY & W MAPLE GROVE RD,39.20864,-86.5588
2011,4,7,Weekend,1700,1-Car,No injury/unknown,RAN OFF ROAD RIGHT,ACUFF RD & SR37,39.20824,-86.5557631
2011,5,2,Weekday,100,1-Car,No injury/unknown,UNSAFE SPEED,ACUFF RD & SR37N,39.20824,-86.55646916
2011,2,7,Weekend,1200,2-Car,No injury/unknown,LEFT OF CENTER,ACUFF RD & SR37N,39.20824,-86.554704
2011,2,2,Weekday,1400,2-Car,Incapacitating,FAILURE TO YIELD RIGHT OF WAY,ACUFF & SR37N,39.20824,-86.554704
2011,3,4,Weekday,1800,2-Car,Incapacitating,FAILURE TO YIELD RIGHT OF WAY,ACUFF & SR37,39.20824,-86.554704
2011,4,7,Weekend,900,2-Car,Incapacitating,FAILURE TO YIELD RIGHT OF WAY,ACUFF ROAD & SR37N,39.20824,-86.554704
2011,5,4,Weekday,700,2-Car,Non-incapacitating,FAILURE TO YIELD RIGHT OF WAY,ACUFF & SR37N,39.20824,-86.554704
2011,6,7,Weekend,1300,2-Car,No injury/unknown,OTHER (DRIVER) - EXPLAIN IN NARRATIVE,ACUFF ROAD & SR37,39.20824,-86.554704
2011,10,4,Weekday,1500,2-Car,No injury/unknown,ROADWAY SURFACE CONDITION,ACUFF RD & SR37,39.20824,-86.554704
2011,10,3,Weekday,1800,2-Car,No injury/unknown,FAILURE TO YIELD RIGHT OF WAY,ACUFF & SR37N,39.20824,-86.554704
2011,11,7,Weekend,1300,1-Car,No injury/unknown,RAN OFF ROAD RIGHT,FORREST PARK & SMITH PIKE,39.20822024,-86.58315002
2011,6,6,Weekday,1500,2-Car,No injury/unknown,FOLLOWING TOO CLOSELY,FORREST PARK & N SMITH PIKE,39.20822,-86.58315
2011,11,5,Weekday,1400,2-Car,No injury/unknown,LEFT OF CENTER,FORREST PARK & SMITH PIKE,39.20822,-86.58315
2011,4,4,Weekday,1200,2-Car,No injury/unknown,UNSAFE BACKING,FORESTVIEW DRIVE & FORESTVIEW DRIVE DR,39.208144,-86.5832
2011,12,3,Weekday,900,1-Car,No injury/unknown,RAN OFF ROAD RIGHT,FORREST PARK DR & SMITH,39.208144,-86.5832
2011,1,6,Weekday,1700,2-Car,Non-incapacitating,LEFT OF CENTER,DUNN & OLD STATE ROAD 37 RD,39.208048,-86.528704
2011,6,1,Weekend,900,1-Car,No injury/unknown,SPEED TOO FAST FOR WEATHER CONDITIONS,N DUNN & N OLD STATE ROAD 37 RD,39.208048,-86.528704