Year,Month,Day,Weekend?,Hour,Collision Type,Injury Type,Primary Factor,Reported_Location,Latitude,Longitude
2011,10,1,Weekend,1800,2-Car,No injury/unknown,DRIVER DISTRACTED - EXPLAIN IN NARRATIVE,NORTH WALNUT ST & STATE ROAD 45  46,39.186368,-86.5344
2011,11,5,Weekday,1700,2-Car,No injury/unknown,IMPROPER PASSING,N WALNUT ST & STATE ROAD 45 46,39.186368,-86.5344
2011,9,6,Weekday,900,2-Car,No injury/unknown,IMPROPER PASSING,SR45E & WALNUT,39.18636383,-86.53369418
2011,6,5,Weekday,1700,2-Car,No injury/unknown,IMPROPER TURNING,WEST SR45 RD,39.18636,-86.533048
2011,12,6,Weekday,1400,2-Car,No injury/unknown,FAILURE TO YIELD RIGHT OF WAY,WEST STATE ROAD 45 RD,39.18636,-86.533048
2011,10,2,Weekday,700,2-Car,No injury/unknown,FAILURE TO YIELD RIGHT OF WAY,SO SR 46 HWY,39.186354,-86.535259
2011,11,7,Weekend,1000,2-Car,No injury/unknown,FOLLOWING TOO CLOSELY,DUNN & SR45E,39.18635204,-86.52637847
2011,5,7,Weekend,900,2-Car,No injury/unknown,FOLLOWING TOO CLOSELY,N DUNN & SR46E,39.186352,-86.52863717
2011,1,2,Weekday,1600,2-Car,Non-incapacitating,FAILURE TO YIELD RIGHT OF WAY,DUNN & SR45 46,39.186352,-86.528496
2011,1,3,Weekday,1600,2-Car,No injury/unknown,FOLLOWING TOO CLOSELY,N DUNN & SR4546W,39.186352,-86.528496
2011,1,7,Weekend,2200,2-Car,No injury/unknown,FOLLOWING TOO CLOSELY,FRITZ & SR45W,39.186352,-86.529792
2011,1,2,Weekday,1200,2-Car,No injury/unknown,OTHER (DRIVER) - EXPLAIN IN NARRATIVE,COLLEGE & SR45 46 BYP,39.186352,-86.534704
2011,2,3,Weekday,900,2-Car,No injury/unknown,UNSAFE SPEED,E STATE ROAD 45 46 BYP & N DUNN,39.186352,-86.528496
2011,3,3,Weekday,1400,2-Car,No injury/unknown,FOLLOWING TOO CLOSELY,N DUNN & SR 45 46 BYP,39.186352,-86.528496
2011,3,3,Weekday,1700,2-Car,No injury/unknown,FOLLOWING TOO CLOSELY,N DUNN & SR 45 46 BYP,39.186352,-86.528496
2011,5,6,Weekday,1300,2-Car,No injury/unknown,FOLLOWING TOO CLOSELY,2200 NORTH DUNN ST & SR4546E,39.186352,-86.528496
2011,5,1,Weekend,600,2-Car,Non-incapacitating,FAILURE TO YIELD RIGHT OF WAY,N COLLEGE & SR4546E,39.186352,-86.534704
2011,7,4,Weekday,2300,2-Car,No injury/unknown,FOLLOWING TOO CLOSELY,MARTHA & SR46E,39.186352,-86.531696
2011,9,7,Weekend,0,1-Car,No injury/unknown,IMPROPER TURNING,COLLEGE & SR45E,39.186352,-86.534704
2011,10,7,Weekend,1600,1-Car,No injury/unknown,IMPROPER TURNING,COLLEGE & SR45E,39.186352,-86.534704
2011,10,1,Weekend,1800,2-Car,No injury/unknown,FOLLOWING TOO CLOSELY,DUNN & SR4546E,39.186352,-86.528496
2011,10,1,Weekend,1600,2-Car,Non-incapacitating,FAILURE TO YIELD RIGHT OF WAY,N DUNN ST & SR4546,39.186352,-86.528496
2011,11,4,Weekday,1200,2-Car,No injury/unknown,BRAKE FAILURE OR DEFECTIVE,N MARTHA & SR4546N,39.186352,-86.531696
2011,10,1,Weekend,200,2-Car,No injury/unknown,IMPROPER TURNING,45 46 BYP & N WALNUT,39.18633007,-86.53453968
2011,3,4,Weekday,800,2-Car,No injury/unknown,FOLLOWING TOO CLOSELY,FEE & SR46W,39.18631477,-86.52192606
2011,1,2,Weekday,900,2-Car,Non-incapacitating,UNSAFE SPEED,MILO B SAMPSON & SR46E,39.18624327,-86.52217946
2011,5,5,Weekday,1200,2-Car,No injury/unknown,FOLLOWING TOO CLOSELY,MILO B SAMPSON & SR46E,39.18624327,-86.52217514
2011,8,2,Weekday,1700,2-Car,No injury/unknown,FOLLOWING TOO CLOSELY,MILO B SAMPSON & SR46W,39.18624327,-86.52218292
2011,4,1,Weekend,1100,2-Car,No injury/unknown,FAILURE TO YIELD RIGHT OF WAY,E MATLOCK & N HEADLEY RD,39.18624,-86.514496
2011,12,4,Weekday,200,1-Car,No injury/unknown,BRAKE FAILURE OR DEFECTIVE,HEADLEY & MATLOCK RD,39.18624,-86.514496
2011,11,1,Weekday,2200,2-Car,No injury/unknown,UNSAFE BACKING,46 & WALNUT ST,39.18619007,-86.53441873
2011,7,2,Weekday,900,3+ Cars,Non-incapacitating,FOLLOWING TOO CLOSELY,FEE & SR46E,39.18616889,-86.52088402
2011,2,7,Weekend,1900,2-Car,No injury/unknown,FOLLOWING TOO CLOSELY,N FEE & SR46W,39.18614457,-86.52071035
2011,12,3,Weekday,1100,2-Car,Non-incapacitating,ROADWAY SURFACE CONDITION,OLD VERNAL & VERNAL PIKE,39.18611012,-86.59628011
2011,6,4,Weekday,1700,2-Car,No injury/unknown,UNSAFE SPEED,OLD VERNAL & VERNAL PIKE,39.18611,-86.59635794
2011,8,2,Weekday,1500,2-Car,No injury/unknown,FAILURE TO YIELD RIGHT OF WAY,OLD VERNAL & W VERNAL PIKE,39.18611,-86.59625402
2011,5,4,Weekday,1700,2-Car,Non-incapacitating,FAILURE TO YIELD RIGHT OF WAY,2100 BLK N WALNUT ST & SR4546,39.18609426,-86.53442882
2011,1,2,Weekday,1600,2-Car,Non-incapacitating,LEFT OF CENTER,ARLINGTON RD & HICKORY,39.186048,-86.550976
2011,7,7,Weekend,1800,2-Car,No injury/unknown,FOLLOWING TOO CLOSELY,FEE & SR 4546 BYP,39.186032,-86.51984
2011,11,2,Weekday,1000,2-Car,No injury/unknown,UNSAFE SPEED,NORTH FEE & SR46E,39.186032,-86.51984
2011,12,5,Weekday,1100,Bus,No injury/unknown,LEFT OF CENTER,N KINSER PIKE,39.18584,-86.537872
2011,3,4,Weekday,900,2-Car,No injury/unknown,FAILURE TO YIELD RIGHT OF WAY,SR46W & WALNUT ST,39.18582052,-86.53445763
2011,4,3,Weekday,1200,2-Car,No injury/unknown,FAILURE TO YIELD RIGHT OF WAY,SR46 & WALNUT ST,39.18582052,-86.53445763
2011,11,3,Weekday,1700,2-Car,Non-incapacitating,FOLLOWING TOO CLOSELY,STATE ROAD 45 46 & WALNUT ST,39.18582052,-86.53445763
2011,9,5,Weekday,1900,2-Car,No injury/unknown,UNSAFE BACKING,WEST GOURLEY PIKE,39.185803,-86.54184
2011,2,6,Weekday,1800,1-Car,Non-incapacitating,ENGINE FAILURE OR DEFECTIVE,LANE & WOODYARD RD,39.18556623,-86.57157898
2011,12,7,Weekend,1400,2-Car,No injury/unknown,,N KINSER PIKE,39.18543153,-86.53772145
2011,1,6,Weekend,2200,2-Car,No injury/unknown,FAILURE TO YIELD RIGHT OF WAY,GOURLEY & N KINSER PIKE,39.185392,-86.537856
2011,3,5,Weekday,900,2-Car,Non-incapacitating,FAILURE TO YIELD RIGHT OF WAY,GOURLEY & KINSER PIKE,39.185392,-86.537856
2011,4,6,Weekday,1700,2-Car,No injury/unknown,FAILURE TO YIELD RIGHT OF WAY,NORTH KINSER PIKE & WEST GOURLEY,39.185392,-86.537856
2011,5,7,Weekend,1600,2-Car,Non-incapacitating,FAILURE TO YIELD RIGHT OF WAY,GOURLEY & KINSER PIKE,39.185392,-86.537856
2011,9,6,Weekday,1500,2-Car,Non-incapacitating,FAILURE TO YIELD RIGHT OF WAY,GOURLEY & KINSER PIKE,39.185392,-86.537856
2011,10,3,Weekday,1700,2-Car,No injury/unknown,FAILURE TO YIELD RIGHT OF WAY,PETE ELLIS DR & THIRD,39.18535867,-86.49496
2011,11,2,Weekday,800,1-Car,No injury/unknown,RAN OFF ROAD RIGHT,GOURLEY PIKE & W CASCADES,39.185232,-86.54124768
2011,1,4,Weekday,1900,2-Car,No injury/unknown,UNSAFE BACKING,W GOURLEY PIKE,39.185232,-86.54060206
2011,1,5,Weekday,800,2-Car,No injury/unknown,LEFT OF CENTER,W GOURLEY PIKE,39.185232,-86.54060206
2011,7,3,Weekday,1200,2-Car,No injury/unknown,OTHER (DRIVER) - EXPLAIN IN NARRATIVE,W GOURLEY PIKE,39.185232,-86.54060206
2011,9,6,Weekday,1000,1-Car,No injury/unknown,UNSAFE SPEED,W GOURLEY PIKE,39.185232,-86.54060206
2011,8,6,Weekday,1100,Cyclist,Non-incapacitating,FAILURE TO YIELD RIGHT OF WAY,SR37N & W GOURLEY,39.18522527,-86.53522968
2011,11,2,Weekday,1700,2-Car,No injury/unknown,UNSAFE LANE MOVEMENT,CASCADE & GOURLEY PIKE,39.1852,-86.541952
2011,2,3,Weekday,1800,2-Car,No injury/unknown,UNSAFE BACKING,N COLLEGE AVE,39.185152,-86.535296
2011,2,7,Weekend,2200,2-Car,No injury/unknown,UNSAFE BACKING,N COLLEGE AVE,39.185152,-86.535296
2011,8,6,Weekend,2000,Pedestrian,Non-incapacitating,PEDESTRIAN ACTION,N COLLEGE AVE,39.185152,-86.535296
2011,9,7,Weekend,1700,2-Car,No injury/unknown,,W GOURLEY PIKE,39.18508,-86.540075
2011,10,2,Weekday,1200,2-Car,No injury/unknown,,GOURLEY PIKE,39.18508,-86.540075
2011,7,4,Weekday,0,2-Car,No injury/unknown,IMPROPER TURNING,KINSER PIKE,39.18506,-86.537779
2011,8,4,Weekday,2100,1-Car,No injury/unknown,ANIMAL/OBJECT IN ROADWAY,HARMONY RD & KNOONTZ,39.18464387,-86.63040988
2011,11,7,Weekend,1000,2-Car,No injury/unknown,FAILURE TO YIELD RIGHT OF WAY,NORTH FEE LN,39.18458,-86.519245
2011,11,4,Weekday,1400,2-Car,No injury/unknown,FOLLOWING TOO CLOSELY,KINSER PIKE & VAUGHN CLIP,39.18453593,-86.53775967
2011,2,4,Weekday,1000,1-Car,No injury/unknown,UNSAFE BACKING,801 NORTH RANGE RD & RANGE,39.184208,-86.492816
2011,4,7,Weekend,500,2-Car,No injury/unknown,OTHER (DRIVER) - EXPLAIN IN NARRATIVE,N WALNUT ST,39.1841412,-86.5344552
2011,6,1,Weekday,1900,2-Car,No injury/unknown,UNSAFE LANE MOVEMENT,20TH & MONROE ST,39.184048,-86.546896
2011,6,3,Weekday,1600,2-Car,No injury/unknown,FOLLOWING TOO CLOSELY,20TH & N ARLINGTON RD,39.184048,-86.550192
2011,10,7,Weekend,200,1-Car,No injury/unknown,RAN OFF ROAD RIGHT,20TH & ARLINGTON RD,39.184048,-86.550192
2011,10,7,Weekend,1000,2-Car,No injury/unknown,,20TH & SASSAFRAS DR,39.184048,-86.54816
2011,4,6,Weekday,1500,2-Car,No injury/unknown,IMPROPER TURNING,N FEE LN & N JORDAN,39.18384,-86.5192
2011,2,3,Weekday,100,2-Car,No injury/unknown,SPEED TOO FAST FOR WEATHER CONDITIONS,FISHERS & NORTH JORDAN AVE,39.18377,-86.5168773
2011,3,3,Weekday,1200,2-Car,No injury/unknown,,FISHERS & JORDAN AVE,39.18377,-86.51686
2011,1,6,Weekend,2200,3+ Cars,No injury/unknown,ROADWAY SURFACE CONDITION,E VARSITY LN,39.18367,-86.530282
2011,1,7,Weekend,0,2-Car,No injury/unknown,SPEED TOO FAST FOR WEATHER CONDITIONS,E VARSITY LN,39.183668,-86.530209
2011,8,6,Weekend,2000,2-Car,No injury/unknown,UNSAFE BACKING,VARSITY VILLAS,39.183655,-86.53061
2011,12,3,Weekday,1700,2-Car,No injury/unknown,FOLLOWING TOO CLOSELY,LOESCH & VERNAL PIKE,39.18365387,-86.59265227
2011,8,6,Weekend,2300,2-Car,No injury/unknown,,VARISITY LN LN,39.183625,-86.530775
2011,6,4,Weekday,2200,1-Car,No injury/unknown,OTHER (DRIVER) - EXPLAIN IN NARRATIVE,S WALNUT ST,39.18350109,-86.53424
2011,8,2,Weekday,1100,2-Car,No injury/unknown,OTHER (DRIVER) - EXPLAIN IN NARRATIVE,SOUTH WALNUT ST,39.18347943,-86.53423289
2011,10,5,Weekday,1700,2-Car,No injury/unknown,OTHER (VEHICLE) - EXPLAIN IN NARRATIVE,AMARYLLIS DR,39.18341,-86.539668
2011,10,5,Weekday,1400,2-Car,No injury/unknown,SPEED TOO FAST FOR WEATHER CONDITIONS,CURRY PIKE & VERNAL,39.18336744,-86.58312501
2011,6,1,Weekend,0,2-Car,No injury/unknown,FOLLOWING TOO CLOSELY,OLD 37 & WALNUT ST,39.18336,-86.53415
2011,8,6,Weekday,1800,2-Car,No injury/unknown,FOLLOWING TOO CLOSELY,OLD N ST RD 37 & WALNUT ST,39.18336,-86.53415
2011,2,5,Weekday,200,2-Car,No injury/unknown,UNSAFE BACKING,N COLLEGE AVE,39.18335771,-86.53469029
2011,4,5,Weekday,200,2-Car,No injury/unknown,OTHER (DRIVER) - EXPLAIN IN NARRATIVE,N COLLEGE AVE,39.18335771,-86.53469029
2011,10,1,Weekend,400,2-Car,No injury/unknown,,N COLLEGE AVE,39.18335771,-86.53469029
2011,11,4,Weekday,2000,2-Car,Non-incapacitating,OTHER (DRIVER) - EXPLAIN IN NARRATIVE,NORTH COLLEGE AVE,39.18335771,-86.53469029
2011,5,2,Weekday,2000,1-Car,Non-incapacitating,OTHER (DRIVER) - EXPLAIN IN NARRATIVE,BALFOUR & SR46N,39.18323799,-86.51178391
2011,7,6,Weekday,700,2-Car,Non-incapacitating,UNSAFE SPEED,BALFOUR & SR46E,39.18323799,-86.51177959
2011,9,3,Weekday,1600,2-Car,Non-incapacitating,FOLLOWING TOO CLOSELY,BALFOUR & SR46E,39.18323799,-86.51177743
2011,2,3,Weekday,1500,2-Car,No injury/unknown,UNSAFE BACKING,E VARSITY LN,39.183142,-86.52933
2011,7,3,Weekday,1900,2-Car,Non-incapacitating,UNSAFE BACKING,WILLIS DR,39.183091,-86.544049
2011,5,6,Weekday,1000,2-Car,No injury/unknown,FOLLOWING TOO CLOSELY,BROOKDALE & KINSER PIKE,39.1830262,-86.53781943
2011,3,6,Weekday,0,2-Car,No injury/unknown,,DUNN & VARSITY LN,39.182976,-86.528416
2011,4,4,Weekday,900,2-Car,No injury/unknown,UNSAFE BACKING,E VARSITY LN,39.182976,-86.528416
2011,11,7,Weekend,1900,2-Car,No injury/unknown,UNSAFE LANE MOVEMENT,VARSITY LANE LN,39.182976,-86.528416
2011,6,1,Weekend,600,1-Car,No injury/unknown,RAN OFF ROAD RIGHT,N MONROE ST,39.18296686,-86.54692408
2011,3,2,Weekday,800,1-Car,No injury/unknown,RAN OFF ROAD RIGHT,N MONROE ST,39.18291657,-86.54692539
2011,4,4,Weekday,1400,2-Car,No injury/unknown,FOLLOWING TOO CLOSELY,19TH & WALNUT ST,39.18288252,-86.53403688
2011,9,1,Weekday,2000,2-Car,Non-incapacitating,FOLLOWING TOO CLOSELY,19TH & WALNUT ST,39.18288252,-86.53403688
2011,8,2,Weekday,900,1-Car,No injury/unknown,UNSAFE BACKING,EAST THIRD & HAWTHORNE ST,39.18275511,-86.52009
2011,4,6,Weekday,1300,2-Car,No injury/unknown,UNSAFE BACKING,N JORDAN AVE,39.18270085,-86.51294939
2011,8,4,Weekday,1600,Cyclist,No injury/unknown,FAILURE TO YIELD RIGHT OF WAY,KINSER & NORTHLANE DR,39.18265,-86.53777
2011,3,4,Weekday,1900,2-Car,No injury/unknown,FAILURE TO YIELD RIGHT OF WAY,N FEE LN,39.18242962,-86.51914028
2011,5,4,Weekday,200,1-Car,No injury/unknown,UNSAFE BACKING,N FEE LN,39.18242962,-86.51914028
2011,6,5,Weekday,1300,1-Car,No injury/unknown,IMPROPER TURNING,10TH & 2719 EAST 10TH (DOCK) ST,39.18223883,-86.53357828
2011,2,1,Weekend,100,2-Car,No injury/unknown,OTHER (DRIVER) - EXPLAIN IN NARRATIVE,S WALNUT ST,39.18220833,-86.53381551
2011,3,1,Weekend,300,2-Car,No injury/unknown,OTHER (DRIVER) - EXPLAIN IN NARRATIVE,WALNUT ST,39.18220833,-86.53381551
2011,8,3,Weekday,1600,2-Car,No injury/unknown,,E 10TH ST & N CAMPBELL,39.18216633,-86.51394
2011,4,5,Weekday,1100,2-Car,Non-incapacitating,FOLLOWING TOO CLOSELY,SR37S & VERNAL PK,39.18213773,-86.5609886
2011,1,2,Weekday,900,2-Car,No injury/unknown,FAILURE TO YIELD RIGHT OF WAY,E 10TH & SR46N,39.18213127,-86.50224214
2011,7,1,Weekend,400,2-Car,No injury/unknown,OTHER (DRIVER) - EXPLAIN IN NARRATIVE,N WALNUT ST,39.18203331,-86.53375804
2011,12,3,Weekday,2100,2-Car,No injury/unknown,FAILURE TO YIELD RIGHT OF WAY,N WALNUT ST,39.18203331,-86.53375804
2011,10,7,Weekend,1100,2-Car,No injury/unknown,UNSAFE BACKING,E RIDGE CT,39.18192,-86.543984
2011,8,5,Weekday,1900,Moped/Motorcycle,Incapacitating,OVERCORRECTING/OVERSTEERING,PATTERSON ST & SECOND,39.18189681,-86.54851
2011,1,1,Weekend,1400,2-Car,No injury/unknown,UNSAFE BACKING,N WASHINGTON ST,39.18184,-86.532192
2011,10,5,Weekday,1800,2-Car,No injury/unknown,OTHER (DRIVER) - EXPLAIN IN NARRATIVE,N WASHINGTON ST,39.18184,-86.532192
2011,12,7,Weekend,0,2-Car,No injury/unknown,IMPROPER TURNING,N WASHINGTON ST,39.18184,-86.532192
2011,12,3,Weekday,1800,2-Car,No injury/unknown,FAILURE TO YIELD RIGHT OF WAY,20TH & DUNN ST,39.18184,-86.5284
2011,11,3,Weekday,1500,2-Car,No injury/unknown,FAILURE TO YIELD RIGHT OF WAY,19TH & WALNUT ST,39.1818181,-86.53368738
2011,10,6,Weekday,200,1-Car,No injury/unknown,RAN OFF ROAD RIGHT,20TH ST & DUNN,39.18181026,-86.52892797
2011,4,6,Weekday,1600,3+ Cars,Non-incapacitating,SPEED TOO FAST FOR WEATHER CONDITIONS,19TH & WALNUT ST,39.181552,-86.5336
2011,6,6,Weekend,2000,3+ Cars,No injury/unknown,UNSAFE SPEED,E 19TH ST & N WALNUT,39.181552,-86.5336
2011,8,4,Weekday,1600,2-Car,No injury/unknown,FOLLOWING TOO CLOSELY,19TH & N WALNUT ST,39.181552,-86.5336
2011,11,1,Weekend,1300,2-Car,No injury/unknown,,N WALNUT ST,39.181552,-86.5336
2011,4,5,Weekday,1700,2-Car,No injury/unknown,FOLLOWING TOO CLOSELY,ARLINGTON RD & WEST 20TH,39.18142462,-86.54940688
2011,3,1,Weekend,1800,2-Car,No injury/unknown,IMPROPER TURNING,LAW & NORTH JORDAN AVE,39.18137612,-86.51547905
2011,3,4,Weekday,100,3+ Cars,Non-incapacitating,CELL PHONE USAGE,19TH ST & WASHINGTON,39.18128,-86.531792
2011,6,1,Weekend,1800,Pedestrian,Non-incapacitating,OTHER (DRIVER) - EXPLAIN IN NARRATIVE,NORTH LONGFELLOW RD & UPPER VALLEY,39.18128,-86.542064
2011,8,1,Weekend,1700,2-Car,No injury/unknown,FAILURE TO YIELD RIGHT OF WAY,19TH ST & WASHINGTON,39.18128,-86.531792
2011,11,2,Weekday,1600,2-Car,No injury/unknown,UNSAFE BACKING,E JONES AVE & S JORDAN,39.18126199,-86.51641
2011,4,5,Weekday,1900,Cyclist,Non-incapacitating,FAILURE TO YIELD RIGHT OF WAY,19TH ST & LINCOLN,39.18112,-86.530816
2011,6,4,Weekday,1700,2-Car,No injury/unknown,FAILURE TO YIELD RIGHT OF WAY,19TH ST & LINCOLN,39.18112,-86.53093
2011,7,5,Weekday,1400,2-Car,No injury/unknown,FOLLOWING TOO CLOSELY,COLLEGE AVENUE WXIT & SR37S,39.18104146,-86.53453308
2011,5,5,Weekday,1100,2-Car,No injury/unknown,FAILURE TO YIELD RIGHT OF WAY,E 19TH & N DUNN ST,39.18104,-86.5284
2011,7,5,Weekday,2300,2-Car,No injury/unknown,IMPROPER TURNING,E 19TH ST,39.18104,-86.52943151
2011,11,4,Weekday,1100,2-Car,No injury/unknown,IMPROPER TURNING,N DUNN ST,39.18104,-86.5284
2011,5,2,Weekday,1700,1-Car,No injury/unknown,OBSTRUCTION NOT MARKED,HENNESSEY & ROCKPORT RD,39.18101306,-86.55672
2011,7,6,Weekday,1200,1-Car,Non-incapacitating,RAN OFF ROAD RIGHT,HENNESSEY & ROCKPORT RD,39.18101306,-86.55672
2011,5,2,Weekday,1700,1-Car,No injury/unknown,OBSTRUCTION NOT MARKED,HENNESSEY & ROCKPORT RD,39.18097552,-86.5567129
2011,6,6,Weekday,1000,2-Car,No injury/unknown,UNSAFE BACKING,SLATE DR,39.18082416,-86.54076308
2011,7,2,Weekday,1400,2-Car,No injury/unknown,OTHER (DRIVER) - EXPLAIN IN NARRATIVE,WESTFIELD & WILLIS DR,39.18069732,-86.54396962
2011,8,1,Weekend,0,2-Car,No injury/unknown,UNSAFE BACKING,W MARBLE LN,39.18067914,-86.54081131
2011,9,3,Weekday,1000,2-Car,Non-incapacitating,FAILURE TO YIELD RIGHT OF WAY,CURRY PIKE & VERNAL,39.18062115,-86.583175
2011,6,4,Weekday,400,2-Car,No injury/unknown,UNSAFE SPEED,W MARBLE LN,39.18060101,-86.54089686
2011,12,5,Weekday,1000,2-Car,No injury/unknown,OTHER (DRIVER) - EXPLAIN IN NARRATIVE,WEST ST,39.18056,-86.543968
2011,11,6,Weekday,900,2-Car,Non-incapacitating,FAILURE TO YIELD RIGHT OF WAY,17TH & SR45E,39.18039903,-86.50786573
2011,6,1,Weekend,1300,2-Car,No injury/unknown,UNSAFE BACKING,WEST MARBLE LN,39.180375,-86.540719
2011,4,7,Weekend,1800,1-Car,No injury/unknown,UNSAFE BACKING,NORTH FEE LN,39.180357,-86.519098
2011,1,6,Weekday,100,2-Car,No injury/unknown,,18TH ST & GRANT,39.180352,-86.529792
2011,9,1,Weekend,300,1-Car,No injury/unknown,OTHER (DRIVER) - EXPLAIN IN NARRATIVE,N DUNN ST,39.180352,-86.5284
2011,9,3,Weekday,1400,2-Car,No injury/unknown,FAILURE TO YIELD RIGHT OF WAY,N DUNN ST,39.180352,-86.5284
2011,11,1,Weekday,2100,2-Car,Non-incapacitating,CELL PHONE USAGE,18TH & DUNN ST,39.180352,-86.5284
2011,9,2,Weekday,900,Bus,No injury/unknown,FAILURE TO YIELD RIGHT OF WAY,NORTH DUNN ST,39.18019,-86.528309
2011,10,4,Weekday,1400,Bus,No injury/unknown,UNSAFE BACKING,N DUNN ST,39.18019,-86.528309
2011,11,7,Weekend,0,2-Car,No injury/unknown,UNSAFE BACKING,GRANITE DR,39.180185,-86.539774
2011,11,7,Weekend,0,Pedestrian,Incapacitating,OTHER (DRIVER) - EXPLAIN IN NARRATIVE,GRANITE DR,39.18017976,-86.53969958
2011,1,4,Weekday,1100,2-Car,No injury/unknown,OTHER (DRIVER) - EXPLAIN IN NARRATIVE,N WASHINGTON ST,39.18008727,-86.53212331
2011,2,2,Weekday,700,2-Car,No injury/unknown,IMPROPER LANE USAGE,NORTH JORDAN AVE,39.18008244,-86.51092331
2011,5,7,Weekend,2300,2-Car,No injury/unknown,LEFT OF CENTER,17TH & SR46E,39.18002634,-86.50734724
2011,9,2,Weekday,0,2-Car,No injury/unknown,,N WASHINGTON ST,39.18001455,-86.53214352
2011,8,4,Weekday,700,2-Car,No injury/unknown,OTHER (VEHICLE) - EXPLAIN IN NARRATIVE,S WALNUT ST,39.17997932,-86.53330441
2011,5,4,Weekday,0,3+ Cars,No injury/unknown,IMPROPER LANE USAGE,20TH & LINCOLN ST,39.17985094,-86.53083879
2011,3,5,Weekday,700,2-Car,No injury/unknown,UNSAFE SPEED,17TH & SR46W,39.17984,-86.507088
2011,3,1,Weekend,1600,2-Car,No injury/unknown,FOLLOWING TOO CLOSELY,17TH & SR4546E,39.17984,-86.507088
2011,4,6,Weekday,900,2-Car,Non-incapacitating,UNSAFE SPEED,17TH & SR46E,39.17984,-86.507088
2011,4,7,Weekend,2300,Pedestrian,Non-incapacitating,PEDESTRIAN ACTION,E 17TH & SR45,39.17984,-86.507088
2011,7,2,Weekday,1900,2-Car,No injury/unknown,FOLLOWING TOO CLOSELY,17TH ST & SR4546,39.17984,-86.507088
2011,9,7,Weekend,100,2-Car,No injury/unknown,LEFT OF CENTER,17TH & SR46N,39.17984,-86.507088
2011,9,1,Weekend,0,1-Car,No injury/unknown,BRAKE FAILURE OR DEFECTIVE,17TH & SR4546N,39.17984,-86.507088
2011,11,6,Weekday,1600,3+ Cars,Non-incapacitating,FAILURE TO YIELD RIGHT OF WAY,17TH & SR4546E,39.17984,-86.507088
2011,11,7,Weekend,2200,1-Car,No injury/unknown,ANIMAL/OBJECT IN ROADWAY,17TH & SR4546E,39.17984,-86.507088
2011,12,7,Weekend,2000,2-Car,No injury/unknown,FOLLOWING TOO CLOSELY,17TH & SR4546E,39.17984,-86.507088
2011,12,7,Weekend,2000,2-Car,Non-incapacitating,FAILURE TO YIELD RIGHT OF WAY,17TH & SR4546E,39.17984,-86.507088
2011,12,7,Weekend,1400,1-Car,No injury/unknown,UNSAFE LANE MOVEMENT,17TH ST & 45 46,39.17977042,-86.50724012
2011,4,5,Weekday,1800,2-Car,No injury/unknown,UNSAFE BACKING,N JORDAN AVE,39.17967426,-86.511088
2011,8,5,Weekday,1000,1-Car,No injury/unknown,UNSAFE BACKING,N FEE LN,39.17965751,-86.51902289
2011,7,2,Weekday,2200,1-Car,No injury/unknown,OTHER (DRIVER) - EXPLAIN IN NARRATIVE,TROY CT,39.179632,-86.539136
2011,8,6,Weekday,1600,2-Car,No injury/unknown,FAILURE TO YIELD RIGHT OF WAY,W ARLINGTON RD,39.1793458,-86.54728221
2011,4,3,Weekday,1400,1-Car,No injury/unknown,RAN OFF ROAD RIGHT,LINDBERGH & W 17TH ST,39.17924801,-86.55153334
2011,1,6,Weekend,2000,2-Car,Non-incapacitating,SPEED TOO FAST FOR WEATHER CONDITIONS,17TH ST & LINDBERGH,39.179248,-86.552592
2011,1,3,Weekday,1700,1-Car,No injury/unknown,FAILURE TO YIELD RIGHT OF WAY,17TH & NORTH MONROE ST,39.179248,-86.547104
2011,2,4,Weekday,1100,2-Car,No injury/unknown,FAILURE TO YIELD RIGHT OF WAY,17TH ST & MONROE,39.179248,-86.547104
2011,5,2,Weekday,1500,2-Car,No injury/unknown,DRIVER DISTRACTED - EXPLAIN IN NARRATIVE,CURRY PIKE & VERNAL,39.179248,-86.5832
2011,5,3,Weekday,1400,2-Car,Non-incapacitating,FAILURE TO YIELD RIGHT OF WAY,17TH ST & MONROE,39.179248,-86.547104
2011,6,2,Weekday,1700,2-Car,Non-incapacitating,FOLLOWING TOO CLOSELY,N CURRY PIKE & W VERNAL,39.179248,-86.5832
2011,6,7,Weekend,800,1-Car,No injury/unknown,UNSAFE SPEED,17TH ST & MONROE,39.179248,-86.547104
2011,8,5,Weekday,1800,2-Car,No injury/unknown,FOLLOWING TOO CLOSELY,17TH ST & MONROE,39.179248,-86.547104
2011,8,4,Weekday,1700,2-Car,No injury/unknown,FAILURE TO YIELD RIGHT OF WAY,N CURRY PIKE & W VERNAL,39.179248,-86.5832
2011,9,6,Weekday,1400,2-Car,No injury/unknown,FAILURE TO YIELD RIGHT OF WAY,17TH ST & MONROE,39.179248,-86.547104