Year,Month,Day,Weekend?,Hour,Collision Type,Injury Type,Primary Factor,Reported_Location,Latitude,Longitude
2011,1,6,Weekday,1700,2-Car,No injury/unknown,OTHER (DRIVER) - EXPLAIN IN NARRATIVE,N COLLEGE AVE & W 10TH,39.17694817,-86.53483
2011,2,7,Weekend,300,2-Car,No injury/unknown,FAILURE TO YIELD RIGHT OF WAY,15TH & DUNN ST,39.176944,-86.528272
2011,3,4,Weekday,1700,2-Car,No injury/unknown,FAILURE TO YIELD RIGHT OF WAY,E 15TH & N DUNN ST,39.176944,-86.528272
2011,4,3,Weekday,1900,Moped/Motorcycle,Non-incapacitating,FAILURE TO YIELD RIGHT OF WAY,E 15TH & N DUNN ST,39.176944,-86.528272
2011,3,4,Weekday,2200,2-Car,Non-incapacitating,FOLLOWING TOO CLOSELY,15TH & JACKSON ST,39.1769145,-86.53970007
2011,12,7,Weekend,1500,2-Car,No injury/unknown,OTHER (DRIVER) - EXPLAIN IN NARRATIVE,15TH & LINCOLN ST,39.176896,-86.53088
2011,9,5,Weekday,1000,2-Car,No injury/unknown,UNSAFE BACKING,N MAPLE ST,39.17685832,-86.542096
2011,1,6,Weekday,1300,2-Car,No injury/unknown,UNSAFE BACKING,15TH ST,39.176848,-86.552592
2011,2,7,Weekend,1000,1-Car,No injury/unknown,RAN OFF ROAD RIGHT,E 15TH ST & N WALNUT,39.176848,-86.533424
2011,3,3,Weekday,1500,2-Car,No injury/unknown,FOLLOWING TOO CLOSELY,10TH & SR4546E,39.176848,-86.478192
2011,4,2,Weekday,1600,2-Car,No injury/unknown,UNSAFE LANE MOVEMENT,E 15TH & N WALNUT ST,39.176848,-86.533424
2011,4,5,Weekday,1700,2-Car,No injury/unknown,FAILURE TO YIELD RIGHT OF WAY,10TH & STATE RD 45 46 BYP,39.176848,-86.478192
2011,4,2,Weekday,1700,2-Car,No injury/unknown,FOLLOWING TOO CLOSELY,E 10TH ST & SR4546,39.176848,-86.478192
2011,5,2,Weekday,1600,2-Car,No injury/unknown,FOLLOWING TOO CLOSELY,10TH & SR4546N,39.176848,-86.478192
2011,6,7,Weekend,2300,3+ Cars,No injury/unknown,DRIVER DISTRACTED - EXPLAIN IN NARRATIVE,E 10TH & SR4546N,39.176848,-86.478192
2011,8,3,Weekday,2100,2-Car,No injury/unknown,DRIVER DISTRACTED - EXPLAIN IN NARRATIVE,E 10TH & SR45E,39.176848,-86.478192
2011,9,5,Weekday,1600,2-Car,No injury/unknown,DISREGARD SIGNAL/REG SIGN,10TH & SR4546S,39.176848,-86.478192
2011,11,6,Weekday,100,2-Car,No injury/unknown,DISREGARD SIGNAL/REG SIGN,10TH & SR45E,39.176848,-86.478192
2011,11,2,Weekday,1800,2-Car,No injury/unknown,FAILURE TO YIELD RIGHT OF WAY,10TH & SR4546E,39.176848,-86.478192
2011,12,1,Weekend,1800,2-Car,Non-incapacitating,FOLLOWING TOO CLOSELY,10TH & SR45E,39.176848,-86.478192
2011,9,5,Weekday,1100,2-Car,Non-incapacitating,DRIVER DISTRACTED - EXPLAIN IN NARRATIVE,SR37S & VERNAL PK,39.17678633,-86.56211299
2011,10,1,Weekend,1200,Moped/Motorcycle,Non-incapacitating,IMPROPER PASSING,MOORES & S 446 RD,39.17677649,-86.47139
2011,5,2,Weekday,1300,2-Car,No injury/unknown,UNSAFE LANE MOVEMENT,NORTH MAPLE ST,39.17676129,-86.542096
2011,6,4,Weekday,1000,2-Car,Non-incapacitating,DRIVER DISTRACTED - EXPLAIN IN NARRATIVE,SR37S & VERNAL,39.17674594,-86.56216082
2011,11,6,Weekend,1900,Bus,No injury/unknown,FOLLOWING TOO CLOSELY,10TH ST & SR4546,39.17668635,-86.47847728
2011,9,6,Weekday,900,2-Car,No injury/unknown,FOLLOWING TOO CLOSELY,SR37N & VERNAL,39.17664497,-86.56228041
2011,4,3,Weekday,1700,Cyclist,Non-incapacitating,FAILURE TO YIELD RIGHT OF WAY,15TH ST & JACKSON,39.17664,-86.539712
2011,9,2,Weekday,900,2-Car,No injury/unknown,DISREGARD SIGNAL/REG SIGN,1ST & ROGERS ST,39.17664,-86.538496
2011,1,7,Weekend,1900,2-Car,No injury/unknown,OTHER (DRIVER) - EXPLAIN IN NARRATIVE,SR37N & VERNAL,39.176544,-86.5624
2011,3,6,Weekday,1600,3+ Cars,No injury/unknown,UNSAFE LANE MOVEMENT,SR37N & WEST VERNAL,39.176544,-86.5624
2011,8,7,Weekend,1400,2-Car,Non-incapacitating,FOLLOWING TOO CLOSELY,SR37N & VERNAL,39.176544,-86.5624
2011,9,5,Weekday,1400,3+ Cars,No injury/unknown,UNSAFE LANE MOVEMENT,SR37N & VERNAL,39.176544,-86.5624
2011,9,7,Weekend,1400,3+ Cars,Non-incapacitating,FOLLOWING TOO CLOSELY,SR37S & VERNAL,39.176544,-86.5624
2011,11,3,Weekday,1100,2-Car,No injury/unknown,FOLLOWING TOO CLOSELY,SR37N & VERNAL,39.176544,-86.5624
2011,11,4,Weekday,1800,2-Car,Non-incapacitating,FOLLOWING TOO CLOSELY,SR37S & VERNAL,39.176544,-86.5624
2011,12,4,Weekday,1700,3+ Cars,No injury/unknown,FOLLOWING TOO CLOSELY,SR37S & VERNAL,39.176544,-86.5624
2011,9,2,Weekday,2000,Bus,No injury/unknown,OTHER (DRIVER) - EXPLAIN IN NARRATIVE,LINGLEBACH LN & UNION,39.17653,-86.5099373
2011,10,4,Weekday,1600,Bus,No injury/unknown,IMPROPER LANE USAGE,LINGLEBACH LN & UNION,39.17653,-86.50991611
2011,10,5,Weekday,1800,2-Car,No injury/unknown,UNSAFE BACKING,LINGELBACH LN & UNION,39.17653,-86.5099373
2011,10,1,Weekend,1200,2-Car,No injury/unknown,OTHER (VEHICLE) - EXPLAIN IN NARRATIVE,LINGELBACH LN & NORTH UNION,39.17653,-86.50992
2011,4,6,Weekday,1800,2-Car,No injury/unknown,UNSAFE BACKING,NORTH FEE LN,39.17649317,-86.51882584
2011,8,5,Weekday,1600,3+ Cars,No injury/unknown,FOLLOWING TOO CLOSELY,STATE ROAD 37 SOUTHBOUND RD & VERNAL,39.17646468,-86.56232831
2011,1,5,Weekday,1300,1-Car,No injury/unknown,ROADWAY SURFACE CONDITION,SMITHVILLE & SR37S,39.17643097,-86.5364409
2011,5,3,Weekday,600,1-Car,No injury/unknown,ANIMAL/OBJECT IN ROADWAY,SR37N & VERNAL,39.17635934,-86.56266121
2011,6,1,Weekend,1200,2-Car,No injury/unknown,SPEED TOO FAST FOR WEATHER CONDITIONS,SR37N & W VERNAL,39.17635934,-86.56266121
2011,4,5,Weekday,2000,2-Car,No injury/unknown,UNSAFE BACKING,14TH & INDIANA AVE,39.17632928,-86.52712458
2011,11,7,Weekend,1000,3+ Cars,No injury/unknown,OTHER (DRIVER) - EXPLAIN IN NARRATIVE,SR37S & VERNAL,39.17626701,-86.56279182
2011,11,3,Weekday,1200,2-Car,No injury/unknown,UNSAFE BACKING,RANGE RD,39.17625234,-86.49542234
2011,9,3,Weekday,1200,2-Car,No injury/unknown,,600 BLK E 14TH ST & FESS,39.17624,-86.52584
2011,12,2,Weekday,1600,3+ Cars,No injury/unknown,FAILURE TO YIELD RIGHT OF WAY,14TH & INDIANA AVE,39.176192,-86.52712
2011,4,2,Weekday,1700,2-Car,No injury/unknown,FAILURE TO YIELD RIGHT OF WAY,E 14TH ST & S DUNN,39.17616,-86.528224
2011,3,2,Weekday,1100,2-Car,No injury/unknown,FAILURE TO YIELD RIGHT OF WAY,14TH & WOODLAWN AVE,39.176144,-86.523504
2011,3,2,Weekday,0,2-Car,No injury/unknown,UNSAFE BACKING,N FEE LN,39.17612549,-86.51898236
2011,3,4,Weekday,1600,2-Car,No injury/unknown,IMPROPER TURNING,14TH ST & INDIANA,39.17611,-86.52701
2011,10,3,Weekday,1500,1-Car,No injury/unknown,RAN OFF ROAD RIGHT,14TH ST & FORREST,39.17604,-86.52245346
2011,4,7,Weekend,2100,2-Car,No injury/unknown,FAILURE TO YIELD RIGHT OF WAY,E 14TH ST & N LINCOLN,39.176,-86.530896
2011,2,6,Weekday,700,2-Car,No injury/unknown,OTHER (DRIVER) - EXPLAIN IN NARRATIVE,14TH ST & COLLEGE,39.175984,-86.534736
2011,9,3,Weekday,1900,2-Car,No injury/unknown,OTHER (DRIVER) - EXPLAIN IN NARRATIVE,14TH & NORTH COLLEGE AVE,39.175984,-86.534736
2011,11,3,Weekday,300,1-Car,No injury/unknown,OTHER (DRIVER) - EXPLAIN IN NARRATIVE,N COLLEGE AVE,39.175984,-86.534736
2011,12,6,Weekday,700,Bus,No injury/unknown,DISREGARD SIGNAL/REG SIGN,14TH & COLLEGE AVE,39.175984,-86.534736
2011,9,1,Weekday,2100,2-Car,No injury/unknown,FOLLOWING TOO CLOSELY,JONES & JORDAN AVE,39.17597466,-86.51641
2011,2,7,Weekend,1000,2-Car,No injury/unknown,SPEED TOO FAST FOR WEATHER CONDITIONS,E 14TH & N WALNUT ST,39.175952,-86.53344
2011,8,4,Weekday,0,2-Car,No injury/unknown,IMPROPER LANE USAGE,14TH & WALNUT ST,39.175952,-86.53344
2011,9,4,Weekday,1800,2-Car,Non-incapacitating,FAILURE TO YIELD RIGHT OF WAY,14TH & NORTH WALNUT ST,39.175952,-86.53344
2011,9,6,Weekday,1500,2-Car,No injury/unknown,IMPROPER LANE USAGE,14TH & N WALNUT ST,39.175952,-86.53344
2011,11,2,Weekday,1100,2-Car,Non-incapacitating,FAILURE TO YIELD RIGHT OF WAY,E 14TH & N WALNUT ST,39.175952,-86.53344
2011,4,1,Weekend,300,2-Car,Non-incapacitating,UNSAFE SPEED,EAST 14TH & NORTH WALNUT ST,39.17595,-86.53356
2011,11,4,Weekday,2100,1-Car,No injury/unknown,ANIMAL/OBJECT IN ROADWAY,KNIGHTRIDGE & SR446S,39.17590674,-86.46687023
2011,2,4,Weekday,1400,2-Car,No injury/unknown,FOLLOWING TOO CLOSELY,SR37N & VERNAL,39.17562068,-86.56370604
2011,9,2,Weekday,1200,2-Car,No injury/unknown,IMPROPER TURNING,E BROWNSTONE RD RD,39.175594,-86.531515
2011,1,4,Weekday,1600,2-Car,No injury/unknown,OTHER (DRIVER) - EXPLAIN IN NARRATIVE,N UNION CT,39.175553,-86.509179
2011,5,2,Weekday,0,1-Car,No injury/unknown,UNSAFE SPEED,13TH & DUNN ST,39.175552,-86.528192
2011,7,6,Weekday,1600,1-Car,No injury/unknown,UNSAFE SPEED,13TH ST & INDIANA,39.17551488,-86.52735061
2011,7,4,Weekday,1800,2-Car,No injury/unknown,FAILURE TO YIELD RIGHT OF WAY,1020 S WOODLAWN DR,39.17550727,-86.52349127
2011,1,4,Weekday,1100,2-Car,No injury/unknown,FAILURE TO YIELD RIGHT OF WAY,E 13TH ST & N INDIANA,39.175504,-86.527104
2011,2,2,Weekday,1300,2-Car,No injury/unknown,FAILURE TO YIELD RIGHT OF WAY,E 13TH & N INDIANA AVE,39.175504,-86.527104
2011,3,7,Weekend,1300,3+ Cars,No injury/unknown,FAILURE TO YIELD RIGHT OF WAY,E 13TH & N INDIANA AVE,39.175504,-86.527104
2011,4,6,Weekday,1300,2-Car,No injury/unknown,FAILURE TO YIELD RIGHT OF WAY,13TH & INDIANA AVE,39.175504,-86.527104
2011,4,5,Weekday,1400,3+ Cars,No injury/unknown,FAILURE TO YIELD RIGHT OF WAY,13TH & INDIANA AVE,39.175504,-86.527104
2011,5,7,Weekend,700,1-Car,Non-incapacitating,OTHER (DRIVER) - EXPLAIN IN NARRATIVE,E 13TH & N INDIANA AVE,39.175504,-86.527104
2011,11,6,Weekday,1600,2-Car,No injury/unknown,FAILURE TO YIELD RIGHT OF WAY,13TH & INDIANA AVE,39.175504,-86.527104
2011,11,1,Weekend,1600,2-Car,Non-incapacitating,FAILURE TO YIELD RIGHT OF WAY,E 13TH & N INDIANA AVE,39.175504,-86.527104
2011,11,4,Weekday,1700,Cyclist,Non-incapacitating,FAILURE TO YIELD RIGHT OF WAY,13TH ST & INDIANA,39.175504,-86.527104
2011,11,3,Weekday,1500,2-Car,No injury/unknown,FAILURE TO YIELD RIGHT OF WAY,13TH & INDIANA AVE,39.175504,-86.527104
2011,1,7,Weekend,2200,2-Car,Non-incapacitating,FAILURE TO YIELD RIGHT OF WAY,E 13TH ST & N FESS,39.17544,-86.525824
2011,2,7,Weekend,2100,2-Car,No injury/unknown,DISREGARD SIGNAL/REG SIGN,13TH ST & FESS,39.17544,-86.525824
2011,2,4,Weekday,2300,2-Car,No injury/unknown,FAILURE TO YIELD RIGHT OF WAY,E 13TH ST & N FESS,39.17544,-86.525824
2011,2,7,Weekend,200,3+ Cars,No injury/unknown,RAN OFF ROAD RIGHT,N RANGE RD,39.17536961,-86.49557588
2011,5,6,Weekend,2300,2-Car,No injury/unknown,OTHER (DRIVER) - EXPLAIN IN NARRATIVE,RANGE RD,39.17536961,-86.49557588
2011,4,4,Weekday,1400,2-Car,No injury/unknown,,E 13TH ST & N WOODLAWN,39.175344,-86.523488
2011,6,6,Weekday,0,2-Car,No injury/unknown,UNSAFE SPEED,S ROGERS ST,39.17529894,-86.538512
2011,11,4,Weekday,1500,2-Car,Non-incapacitating,UNSAFE BACKING,NORTH FEE LN,39.17524114,-86.51896409
2011,1,6,Weekday,1500,3+ Cars,No injury/unknown,FAILURE TO YIELD RIGHT OF WAY,E 13TH ST & N WALNUT GROVE,39.175232,-86.520976
2011,9,1,Weekday,1900,2-Car,No injury/unknown,FAILURE TO YIELD RIGHT OF WAY,13 ST & WALNUT,39.175232,-86.520976
2011,10,7,Weekend,0,2-Car,No injury/unknown,OTHER (DRIVER) - EXPLAIN IN NARRATIVE,E 13TH ST,39.17521746,-86.52061527
2011,1,5,Weekday,900,2-Car,No injury/unknown,SPEED TOO FAST FOR WEATHER CONDITIONS,N FEE LN,39.175152,-86.518992
2011,3,1,Weekend,1700,1-Car,No injury/unknown,OVERCORRECTING/OVERSTEERING,13TH ST & FEE,39.175152,-86.518992
2011,9,5,Weekday,0,2-Car,No injury/unknown,UNSAFE BACKING,N SUMMIT ST & W 13TH,39.175152,-86.548048
2011,10,1,Weekend,1700,Pedestrian,Incapacitating,UNSAFE BACKING,W 13TH ST,39.175152,-86.54949273
2011,10,4,Weekday,2200,3+ Cars,No injury/unknown,OVERCORRECTING/OVERSTEERING,E 13TH ST & N FEE,39.175152,-86.518992
2011,11,6,Weekday,1600,2-Car,No injury/unknown,UNSAFE BACKING,10TH ST & ROGERS,39.175152,-86.538512
2011,3,7,Weekend,400,1-Car,No injury/unknown,BRAKE FAILURE OR DEFECTIVE,RUSSELL & SR45E,39.17513055,-86.4814988
2011,5,6,Weekday,1200,2-Car,No injury/unknown,OTHER (VEHICLE) - EXPLAIN IN NARRATIVE,RUSSELL & SR45W,39.17513055,-86.4814694
2011,1,5,Weekday,1600,2-Car,No injury/unknown,SPEED TOO FAST FOR WEATHER CONDITIONS,N FEE LN,39.175113,-86.519036
2011,4,7,Weekend,1400,2-Car,No injury/unknown,IMPROPER TURNING,14TH & COLLEGE AVE,39.17488547,-86.534752
2011,8,3,Weekday,1100,2-Car,No injury/unknown,UNSAFE BACKING,4300 E KINSER DR & DECKARD,39.174544,-86.479792
2011,9,6,Weekday,100,2-Car,No injury/unknown,IMPROPER LANE USAGE,12TH ST & GRANT,39.174448,-86.529696
2011,3,2,Weekday,1900,2-Car,No injury/unknown,LEFT OF CENTER,12TH ST & LINCOLN,39.174416,-86.530992
2011,12,7,Weekend,2200,3+ Cars,No injury/unknown,OTHER (DRIVER) - EXPLAIN IN NARRATIVE,12 TH ST & LINCOLN,39.174416,-86.530992
2011,9,1,Weekday,2300,2-Car,No injury/unknown,IMPROPER TURNING,7TH & MORTON ST,39.17437653,-86.53612
2011,10,4,Weekday,1800,Bus,No injury/unknown,OVERCORRECTING/OVERSTEERING,12TH ST & INDIANA,39.174368,-86.527088
2011,11,2,Weekday,1800,Cyclist,Non-incapacitating,OTHER (DRIVER) - EXPLAIN IN NARRATIVE,12TH & INDIANA AVE,39.174368,-86.527088
2011,8,2,Weekday,2100,2-Car,Non-incapacitating,DISREGARD SIGNAL/REG SIGN,12 & INDIANA AVE,39.17435958,-86.52698457
2011,10,6,Weekday,900,2-Car,No injury/unknown,OTHER (DRIVER) - EXPLAIN IN NARRATIVE,12TH ST & ILLINOIS,39.17435201,-86.54951785
2011,5,6,Weekday,1600,2-Car,Non-incapacitating,BRAKE FAILURE OR DEFECTIVE,N MONROE ST & W 12TH,39.174352,-86.547104
2011,8,5,Weekday,1900,Pedestrian,Non-incapacitating,PEDESTRIAN ACTION,12TH ST & NORTH SUMMIT,39.174352,-86.548
2011,9,6,Weekend,2000,2-Car,No injury/unknown,SPEED TOO FAST FOR WEATHER CONDITIONS,12TH ST & WALNUT,39.174352,-86.533472
2011,3,7,Weekend,800,2-Car,No injury/unknown,DISREGARD SIGNAL/REG SIGN,12TH & INDIANA AVE,39.17435,-86.52699
2011,11,3,Weekday,1300,2-Car,No injury/unknown,FAILURE TO YIELD RIGHT OF WAY,INDIANA AVE & TWELFTH,39.17434998,-86.52698993
2011,10,7,Weekend,1800,2-Car,No injury/unknown,FAILURE TO YIELD RIGHT OF WAY,12TH ST & FESS,39.17434,-86.52584
2011,7,7,Weekend,1200,1-Car,No injury/unknown,,W 11TH ST,39.173184,-86.537792
2011,1,5,Weekday,1200,1-Car,No injury/unknown,SPEED TOO FAST FOR WEATHER CONDITIONS,700 BLK E12TH ST & FESS,39.174336,-86.525808
2011,4,4,Weekday,1300,2-Car,No injury/unknown,UNSAFE LANE MOVEMENT,11TH & COLLEGE AVE,39.17433062,-86.534752
2011,12,3,Weekday,800,1-Car,Non-incapacitating,RAN OFF ROAD RIGHT,E RHORER & S SARE RD,39.1742456,-86.51158275
2011,1,7,Weekend,1200,2-Car,No injury/unknown,LEFT OF CENTER,N WOODBRIDGE DR,39.1741,-86.492509
2011,5,7,Weekend,1600,Moped/Motorcycle,Non-incapacitating,UNSAFE SPEED,NORTH WOODBRIDGE DR,39.1741,-86.492509
2011,1,4,Weekday,1500,2-Car,No injury/unknown,SPEED TOO FAST FOR WEATHER CONDITIONS,N WOODBRIDGE DR,39.1740787,-86.49051471
2011,12,1,Weekend,1100,2-Car,No injury/unknown,OTHER (DRIVER) - EXPLAIN IN NARRATIVE,11TH & 800 BLK N COLLEGE AVE,39.17405597,-86.534752
2011,12,1,Weekend,1100,2-Car,No injury/unknown,OTHER (DRIVER) - EXPLAIN IN NARRATIVE,11TH & 800 BLK N COLLEGE AVE,39.17405597,-86.534752
2011,4,4,Weekday,1400,Bus,No injury/unknown,FAILURE TO YIELD RIGHT OF WAY,FEE LN & LAW,39.174048,-86.518896
2011,11,3,Weekday,1900,Cyclist,Non-incapacitating,FAILURE TO YIELD RIGHT OF WAY,FEE LN & LAW,39.174048,-86.518896
2011,11,3,Weekday,1900,Pedestrian,Non-incapacitating,FAILURE TO YIELD RIGHT OF WAY,FEE & LAW LN,39.174048,-86.518896
2011,11,4,Weekday,2300,3+ Cars,No injury/unknown,FAILURE TO YIELD RIGHT OF WAY,13 & INDIANA AVE,39.173884,-86.526979
2011,4,2,Weekday,1100,1-Car,No injury/unknown,,10TH & DUNN ST,39.17378527,-86.52828
2011,5,4,Weekday,1100,2-Car,No injury/unknown,UNSAFE BACKING,JORDAN & LAW LN,39.17364542,-86.51618343
2011,2,7,Weekend,300,3+ Cars,No injury/unknown,OTHER (DRIVER) - EXPLAIN IN NARRATIVE,LAW & NORTH JORDAN AVE,39.173552,-86.515488
2011,4,2,Weekday,1300,2-Car,No injury/unknown,IMPROPER TURNING,JORDAN AVE & LAW,39.173552,-86.515488
2011,10,6,Weekday,1700,2-Car,No injury/unknown,FOLLOWING TOO CLOSELY,JORDAN AVE & LAW,39.173552,-86.515488
2011,11,2,Weekday,1400,2-Car,No injury/unknown,FAILURE TO YIELD RIGHT OF WAY,JORDAN & LAW LN,39.173552,-86.515488
2011,11,1,Weekend,1800,3+ Cars,No injury/unknown,CELL PHONE USAGE,JORDAN AVE & LAW,39.173552,-86.515488
2011,5,1,Weekday,2000,1-Car,No injury/unknown,CELL PHONE USAGE,11TH & VERNAL PIKE,39.17352489,-86.55523062
2011,11,4,Weekday,1400,2-Car,No injury/unknown,,JORDAN & LAW LN,39.17350763,-86.51532103
2011,9,2,Weekday,1100,Cyclist,Non-incapacitating,FAILURE TO YIELD RIGHT OF WAY,EAST ELEVENTH & NORTH FEE LN,39.17344883,-86.52583659
2011,2,3,Weekday,400,2-Car,No injury/unknown,RAN OFF ROAD RIGHT,11TH & INDIANA AVE,39.17344,-86.527056
2011,3,6,Weekday,1500,2-Car,No injury/unknown,FAILURE TO YIELD RIGHT OF WAY,11TH & WOODLAWN AVE,39.17344,-86.523616
2011,4,2,Weekday,2300,2-Car,No injury/unknown,FAILURE TO YIELD RIGHT OF WAY,EAST 11TH & WOODLAWN AVE,39.17344,-86.523616
2011,5,4,Weekday,1500,2-Car,No injury/unknown,UNSAFE BACKING,EAST 11TH ST,39.17344,-86.522464
2011,6,3,Weekday,2300,2-Car,No injury/unknown,IMPROPER LANE USAGE,11TH & N LINCOLN ST,39.17344,-86.530992
2011,10,5,Weekday,2100,2-Car,No injury/unknown,FAILURE TO YIELD RIGHT OF WAY,E 11TH & N WOODLAWN AVE,39.17344,-86.523616
2011,10,6,Weekday,1200,2-Car,No injury/unknown,FAILURE TO YIELD RIGHT OF WAY,E 11TH ST & N WOODLAWN,39.17344,-86.523616
2011,10,2,Weekday,900,2-Car,No injury/unknown,FAILURE TO YIELD RIGHT OF WAY,11TH ST & WOODLAWN,39.17344,-86.523616
2011,11,5,Weekday,1100,2-Car,No injury/unknown,FAILURE TO YIELD RIGHT OF WAY,900 E 11TH ST & WOODLAWN,39.17344,-86.523616
2011,12,1,Weekday,1900,2-Car,No injury/unknown,SPEED TOO FAST FOR WEATHER CONDITIONS,11TH ST & WALNUT GROVE,39.17344,-86.520944
2011,4,4,Weekday,1100,2-Car,No injury/unknown,UNSAFE BACKING,EAST 11TH ST,39.17342,-86.522409
2011,9,6,Weekday,1500,Bus,No injury/unknown,IMPROPER TURNING,11TH & WOODLAWN AVE,39.17342,-86.52352
2011,6,1,Weekend,1800,2-Car,No injury/unknown,RAN OFF ROAD RIGHT,11TH ST & ORRIS,39.173344,-86.54505686
2011,1,1,Weekend,900,2-Car,No injury/unknown,OTHER (DRIVER) - EXPLAIN IN NARRATIVE,W 11TH ST,39.173344,-86.54980245
2011,2,4,Weekday,1500,2-Car,No injury/unknown,FAILURE TO YIELD RIGHT OF WAY,W 11TH & W VERNAL PIKE,39.173344,-86.555104
2011,5,3,Weekday,1700,2-Car,No injury/unknown,UNSAFE BACKING,WEST 11TH ST,39.173344,-86.54734825
2011,9,4,Weekday,1100,3+ Cars,No injury/unknown,UNSAFE BACKING,W 11TH ST,39.173344,-86.544272
2011,9,6,Weekday,1400,2-Car,Non-incapacitating,UNSAFE SPEED,ILLINOIS & ILLINOIS CT,39.173344,-86.550304
2011,12,6,Weekday,300,1-Car,No injury/unknown,UNSAFE SPEED,11TH ST,39.173344,-86.5493208
2011,10,3,Weekday,1900,2-Car,No injury/unknown,SPEED TOO FAST FOR WEATHER CONDITIONS,11TH & NORTH COLLEGE AVE,39.17328,-86.5348
2011,10,3,Weekday,1600,2-Car,No injury/unknown,FAILURE TO YIELD RIGHT OF WAY,11TH ST & COLLEGE,39.17328,-86.53478702
2011,2,4,Weekday,1400,2-Car,No injury/unknown,UNSAFE BACKING,WEST 11TH ST,39.17326249,-86.53670727
2011,4,7,Weekend,1500,2-Car,Non-incapacitating,IMPROPER TURNING,11TH & N WALNUT ST,39.173248,-86.533488
2011,8,4,Weekday,1900,2-Car,No injury/unknown,FAILURE TO YIELD RIGHT OF WAY,11TH & WALNUT ST,39.173248,-86.533488
2011,8,6,Weekend,1900,2-Car,No injury/unknown,FAILURE TO YIELD RIGHT OF WAY,E 11TH & N WALNUT ST,39.173248,-86.533488
2011,3,5,Weekday,1300,2-Car,No injury/unknown,FOLLOWING TOO CLOSELY,11TH & COLLEGE AVE,39.173232,-86.534752
2011,4,5,Weekday,1600,2-Car,No injury/unknown,FOLLOWING TOO CLOSELY,N COLLEGE AVE & W 11TH,39.173232,-86.534752
2011,7,2,Weekday,1100,3+ Cars,No injury/unknown,FOLLOWING TOO CLOSELY,N COLLEGE AVE & W 11TH,39.173232,-86.534752
2011,7,5,Weekday,300,2-Car,No injury/unknown,UNSAFE LANE MOVEMENT,11TH & COLLEGE AVE,39.173232,-86.534752
2011,8,6,Weekday,1700,Pedestrian,Non-incapacitating,RAN OFF ROAD RIGHT,11TH & 700 BLOCK OF NORTH COLLEGE AVE,39.173232,-86.534752
2011,11,1,Weekday,2100,2-Car,No injury/unknown,SPEED TOO FAST FOR WEATHER CONDITIONS,N COLLEGE AVE & W 11TH,39.173232,-86.534752
2011,1,4,Weekday,2000,3+ Cars,No injury/unknown,OTHER (VEHICLE) - EXPLAIN IN NARRATIVE,NORTH MORTON & WEST 11 TH ST,39.173216,-86.536
2011,1,4,Weekday,1100,Bus,No injury/unknown,FAILURE TO YIELD RIGHT OF WAY,300 W 11TH ST & 600 N MORTON,39.173216,-86.536
2011,3,2,Weekday,1400,2-Car,No injury/unknown,FAILURE TO YIELD RIGHT OF WAY,11TH ST & MORTON,39.173216,-86.536
2011,9,6,Weekend,1900,2-Car,No injury/unknown,IMPROPER TURNING,W 11TH ST,39.17319967,-86.53691429
2011,3,5,Weekday,1200,Moped/Motorcycle,Incapacitating,DISREGARD SIGNAL/REG SIGN,500 W 11TH ST & 600 N ROGERS,39.173184,-86.538528
2011,8,4,Weekday,800,2-Car,No injury/unknown,DISREGARD SIGNAL/REG SIGN,N ROGERS ST & W 11TH,39.173184,-86.538528
2011,8,6,Weekend,2100,2-Car,No injury/unknown,FAILURE TO YIELD RIGHT OF WAY,11TH ST & ROGERS,39.173184,-86.538528
2011,7,7,Weekend,400,1-Car,No injury/unknown,RAN OFF ROAD RIGHT,11TH ST & FAIRVIEW,39.17315946,-86.5402708
2011,12,4,Weekday,900,2-Car,No injury/unknown,FOLLOWING TOO CLOSELY,W GRAY ST & W VERNAL,39.173056,-86.55464
2011,7,5,Weekday,800,2-Car,No injury/unknown,UNSAFE LANE MOVEMENT,SR37S & VERNAL,39.17302422,-86.56737844
2011,1,5,Weekday,2000,1-Car,No injury/unknown,OTHER (DRIVER) - EXPLAIN IN NARRATIVE,EAST LAW LN,39.17300295,-86.51342316
2011,2,7,Weekend,1900,2-Car,No injury/unknown,IMPROPER TURNING,E LAW LN,39.17300295,-86.51342316
2011,5,4,Weekday,1200,2-Car,No injury/unknown,UNSAFE BACKING,LAW LN,39.172986,-86.513406
2011,9,3,Weekday,2100,1-Car,No injury/unknown,RAN OFF ROAD RIGHT,E LAW LN,39.17297448,-86.51331469
2011,11,3,Weekday,1000,2-Car,No injury/unknown,OVERCORRECTING/OVERSTEERING,11TH & COLLEGE AVE,39.17295735,-86.53475495
2011,12,1,Weekend,900,1-Car,No injury/unknown,RAN OFF ROAD RIGHT,SR37 & VERNAL,39.17286025,-86.56761135