Year,Month,Day,Weekend?,Hour,Collision Type,Injury Type,Primary Factor,Reported_Location,Latitude,Longitude
2011,12,4,Weekday,1400,2-Car,No injury/unknown,UNSAFE BACKING,COLLEGE & SEVENTH ST,39.168656,-86.534784
2011,3,3,Weekday,2000,2-Car,No injury/unknown,,E 7TH ST & N DUNN,39.16864,-86.528224
2011,3,5,Weekday,1800,2-Car,No injury/unknown,DRIVER DISTRACTED - EXPLAIN IN NARRATIVE,EAST 7TH ST & NORTH LINCOLN,39.16864,-86.530992
2011,3,1,Weekday,2000,2-Car,No injury/unknown,FAILURE TO YIELD RIGHT OF WAY,E 7TH & N WALNUT ST,39.16864,-86.533568
2011,4,4,Weekday,1200,3+ Cars,No injury/unknown,FOLLOWING TOO CLOSELY,7TH & N WALNUT ST,39.16864,-86.533568
2011,4,6,Weekday,1800,2-Car,No injury/unknown,UNSAFE BACKING,E 7TH ST,39.16864,-86.526944
2011,7,2,Weekday,1100,2-Car,No injury/unknown,BRAKE FAILURE OR DEFECTIVE,E 7TH ST & N DUNN,39.16864,-86.528224
2011,7,5,Weekday,1500,1-Car,No injury/unknown,,400 E 7TH ST & GRANT,39.16864,-86.529696
2011,7,1,Weekday,1900,2-Car,No injury/unknown,IMPROPER TURNING,E 7TH & N WALNUT ST,39.16864,-86.533568
2011,7,6,Weekday,1100,2-Car,No injury/unknown,IMPROPER LANE USAGE,NORTH WALNUT ST & WEST 7TH,39.16864,-86.533568
2011,8,7,Weekend,300,2-Car,No injury/unknown,UNSAFE LANE MOVEMENT,E 7TH & N LINCOLN ST,39.16864,-86.530992
2011,8,6,Weekday,1400,2-Car,No injury/unknown,IMPROPER TURNING,7TH ST & LINCOLN,39.16864,-86.530992
2011,9,4,Weekday,900,Bus,No injury/unknown,FAILURE TO YIELD RIGHT OF WAY,E 7TH ST & N WALNUT,39.16864,-86.533568
2011,9,3,Weekday,2000,2-Car,No injury/unknown,UNSAFE LANE MOVEMENT,7TH & WALNUT ST,39.16864,-86.533568
2011,9,4,Weekday,2100,Pedestrian,Non-incapacitating,FAILURE TO YIELD RIGHT OF WAY,E 7TH ST & N GRANT,39.16864,-86.529696
2011,9,4,Weekday,700,2-Car,No injury/unknown,UNSAFE LANE MOVEMENT,E 7TH & N WALNUT ST,39.16864,-86.533568
2011,10,5,Weekday,100,2-Car,No injury/unknown,UNSAFE LANE MOVEMENT,7TH & N WALNUT ST,39.16864,-86.533568
2011,10,6,Weekday,1200,Cyclist,Non-incapacitating,FAILURE TO YIELD RIGHT OF WAY,7TH ST & WALNUT,39.16864,-86.533568
2011,10,1,Weekend,300,2-Car,No injury/unknown,IMPROPER TURNING,EAST SEVENTH ST & WASHINGTON,39.16864,-86.5324
2011,11,6,Weekday,1700,2-Car,No injury/unknown,OTHER (DRIVER) - EXPLAIN IN NARRATIVE,7TH ST & GRANT,39.16864,-86.529696
2011,11,1,Weekend,1300,2-Car,Non-incapacitating,DISREGARD SIGNAL/REG SIGN,7TH ST & WASHINGTON,39.16864,-86.5324
2011,11,3,Weekday,1200,2-Car,No injury/unknown,UNSAFE BACKING,E 7TH ST & N WALNUT,39.16864,-86.533568
2011,11,2,Weekday,2300,2-Car,No injury/unknown,UNSAFE BACKING,7TH ST & WASHINGTON,39.16864,-86.5324
2011,12,1,Weekend,0,2-Car,No injury/unknown,OTHER (DRIVER) - EXPLAIN IN NARRATIVE,EAST 7TH ST,39.16864,-86.529696
2011,12,1,Weekend,1200,2-Car,Non-incapacitating,UNSAFE SPEED,E 7TH ST & N LINCOLN,39.16864,-86.530992
2011,9,4,Weekday,1700,2-Car,No injury/unknown,UNSAFE BACKING,E 7TH ST,39.16861781,-86.52243407
2011,8,5,Weekday,1800,1-Car,No injury/unknown,UNSAFE BACKING,E 7TH ST,39.16858267,-86.52091725
2011,3,7,Weekend,1500,Moped/Motorcycle,Non-incapacitating,FAILURE TO YIELD RIGHT OF WAY,7TH & ADAMS ST,39.168576,-86.5496
2011,1,3,Weekday,1900,2-Car,No injury/unknown,FOLLOWING TOO CLOSELY,N COLLEGE AVE & W 7TH,39.16856,-86.53486
2011,11,4,Weekday,900,Cyclist,Non-incapacitating,LEFT OF CENTER,E 7TH ST,39.16855314,-86.51964238
2011,4,2,Weekday,1400,2-Car,No injury/unknown,FOLLOWING TOO CLOSELY,7TH ST & SUNRISE,39.16854625,-86.51238497
2011,2,3,Weekday,1800,2-Car,No injury/unknown,FAILURE TO YIELD RIGHT OF WAY,EAST 7TH ST & NORTH LINCOLN,39.16854283,-86.53101937
2011,8,4,Weekday,700,2-Car,No injury/unknown,UNSAFE BACKING,7TH ST & DUNN,39.16851,-86.52823702
2011,11,6,Weekday,1500,2-Car,No injury/unknown,FOLLOWING TOO CLOSELY,7TH & INDIANA AVE,39.16850269,-86.52694155
2011,4,2,Weekday,1400,3+ Cars,No injury/unknown,OTHER (DRIVER) - EXPLAIN IN NARRATIVE,E SEVENTH ST,39.16847,-86.520745
2011,2,3,Weekday,2300,2-Car,No injury/unknown,UNSAFE BACKING,E 7TH ST & FORREST,39.16846087,-86.52108527
2011,2,2,Weekday,1900,Bus,No injury/unknown,OTHER (DRIVER) - EXPLAIN IN NARRATIVE,E 7TH & N WOODLAWN AVE,39.16845746,-86.52346354
2011,12,1,Weekday,1900,1-Car,No injury/unknown,HOLES/RUTS IN SURFACE,WEST HENNESSEY & WICKINS ST,39.16839618,-86.55259028
2011,2,4,Weekday,1800,2-Car,Non-incapacitating,FAILURE TO YIELD RIGHT OF WAY,N CURRY PIKE & W JONATHAN,39.16837891,-86.5830023
2011,4,7,Weekend,1700,1-Car,No injury/unknown,ROADWAY SURFACE CONDITION,CURRY & JOHNATHAN DR,39.16836,-86.58300598
2011,7,5,Weekday,1700,2-Car,No injury/unknown,FAILURE TO YIELD RIGHT OF WAY,NORTH GATES DR,39.168269,-86.576396
2011,1,6,Weekend,1900,1-Car,No injury/unknown,ROADWAY SURFACE CONDITION,E BRAESIDE & N PETE ELLIS DR,39.168192,-86.49504
2011,9,5,Weekday,1400,1-Car,No injury/unknown,ANIMAL/OBJECT IN ROADWAY,BRAESIDE & PETE ELLIS DR,39.168192,-86.49504
2011,10,4,Weekday,200,2-Car,No injury/unknown,RAN OFF ROAD RIGHT,7TH & N JEFFERSON ST,39.168192,-86.507024
2011,6,5,Weekday,1700,2-Car,No injury/unknown,FAILURE TO YIELD RIGHT OF WAY,300 SOUTH COLLEGE AVE & SMITH,39.16815393,-86.53497924
2011,11,2,Weekday,100,2-Car,No injury/unknown,,7TH ST & ROSE,39.16814669,-86.51085091
2011,4,1,Weekend,1400,2-Car,No injury/unknown,UNSAFE BACKING,7TH ST & ROSE,39.168144,-86.510992
2011,2,2,Weekday,1800,2-Car,No injury/unknown,FOLLOWING TOO CLOSELY,7TH & JORDAN AVE,39.16812347,-86.51611253
2011,3,4,Weekday,2100,3+ Cars,No injury/unknown,IMPROPER LANE USAGE,LINCOLN ST & SMITH,39.16811698,-86.53117
2011,7,4,Weekday,1000,2-Car,No injury/unknown,,N MORTON ST,39.16811657,-86.536
2011,12,7,Weekend,1100,2-Car,No injury/unknown,OTHER (DRIVER) - EXPLAIN IN NARRATIVE,N GATES DR,39.16803807,-86.57621853
2011,5,6,Weekday,1500,2-Car,No injury/unknown,FOLLOWING TOO CLOSELY,E MILLER & S WALNUT ST,39.16803046,-86.53265697
2011,4,5,Weekday,1300,3+ Cars,No injury/unknown,OTHER (DRIVER) - EXPLAIN IN NARRATIVE,N GATES DR,39.167817,-86.576129
2011,8,2,Weekday,800,2-Car,No injury/unknown,OTHER (DRIVER) - EXPLAIN IN NARRATIVE,NORTH ROGERS ST,39.167802,-86.538677
2011,10,3,Weekday,2100,2-Car,No injury/unknown,IMPROPER TURNING,MORTON ST,39.16778743,-86.536
2011,11,3,Weekday,1400,2-Car,No injury/unknown,OTHER (DRIVER) - EXPLAIN IN NARRATIVE,E 7TH ST & N HILLSDALE,39.16776,-86.503616
2011,4,7,Weekend,1300,2-Car,No injury/unknown,IMPROPER LANE USAGE,6TH & N INDIANA AVE,39.167744,-86.526928
2011,7,6,Weekday,1300,Pedestrian,Incapacitating,OTHER (DRIVER) - EXPLAIN IN NARRATIVE,6TH ST & INDIANA,39.167744,-86.526928
2011,10,5,Weekday,1600,2-Car,No injury/unknown,OVERCORRECTING/OVERSTEERING,N DUNN ST,39.167728,-86.528208
2011,8,1,Weekend,1600,2-Car,No injury/unknown,,E 6TH ST,39.16771527,-86.52939233
2011,2,5,Weekday,1400,2-Car,No injury/unknown,UNSAFE BACKING,6TH ST & GRANT,39.167712,-86.529696
2011,5,1,Weekend,1200,2-Car,No injury/unknown,FAILURE TO YIELD RIGHT OF WAY,6TH & ROGERS ST,39.16768,-86.538592
2011,5,7,Weekend,1900,1-Car,No injury/unknown,RAN OFF ROAD RIGHT,6TH & JACKSON ST,39.16768,-86.539808
2011,5,6,Weekday,1500,2-Car,No injury/unknown,FAILURE TO YIELD RIGHT OF WAY,N ROGERS ST & W 6TH,39.16768,-86.538592
2011,10,4,Weekday,1500,2-Car,No injury/unknown,FAILURE TO YIELD RIGHT OF WAY,6TH & ROGERS ST,39.16768,-86.538592
2011,10,7,Weekend,1000,2-Car,No injury/unknown,FAILURE TO YIELD RIGHT OF WAY,6TH ST & ROGERS,39.16767782,-86.53841561
2011,5,3,Weekday,1100,2-Car,No injury/unknown,UNSAFE BACKING,N GATES DR,39.16767,-86.576029
2011,8,1,Weekend,1200,2-Car,No injury/unknown,IMPROPER TURNING,N GATES DR,39.16767,-86.576029
2011,10,6,Weekday,1400,2-Car,No injury/unknown,FOLLOWING TOO CLOSELY,N GATES DR,39.16767,-86.576029
2011,1,6,Weekday,1700,2-Car,No injury/unknown,DRIVER DISTRACTED - EXPLAIN IN NARRATIVE,N MORTON & W 6TH ST,39.167664,-86.536
2011,4,3,Weekday,1800,3+ Cars,No injury/unknown,DRIVER DISTRACTED - EXPLAIN IN NARRATIVE,MADISON & W 6TH ST,39.167664,-86.537296
2011,6,3,Weekday,1500,2-Car,No injury/unknown,IMPROPER TURNING,E 6TH ST & N MADISON,39.167664,-86.537296
2011,6,3,Weekday,1300,2-Car,No injury/unknown,OTHER (DRIVER) - EXPLAIN IN NARRATIVE,E 6TH ST & N WASHINGTON,39.167664,-86.5324
2011,7,6,Weekday,1300,2-Car,No injury/unknown,UNSAFE BACKING,E SIXTH ST & WASHINGTON,39.167664,-86.5324
2011,10,1,Weekend,1300,2-Car,Non-incapacitating,FAILURE TO YIELD RIGHT OF WAY,6TH & WASHINGTON ST,39.167664,-86.5324
2011,10,5,Weekday,1300,2-Car,No injury/unknown,UNSAFE BACKING,W 6TH ST,39.167664,-86.53659813
2011,10,6,Weekday,1300,Cyclist,Non-incapacitating,OTHER (DRIVER) - EXPLAIN IN NARRATIVE,N MORTON ST,39.167664,-86.536
2011,11,2,Weekday,1400,2-Car,No injury/unknown,OTHER (DRIVER) - EXPLAIN IN NARRATIVE,6TH ST & MORTON,39.16766168,-86.53582361
2011,6,5,Weekday,1400,Moped/Motorcycle,Non-incapacitating,RAN OFF ROAD RIGHT,ROGERS & SARE RD,39.16766013,-86.49653
2011,2,6,Weekend,2300,2-Car,No injury/unknown,UNSAFE BACKING,N COLLEGE AVE & W 6TH,39.167648,-86.534784
2011,4,6,Weekday,400,3+ Cars,No injury/unknown,RAN OFF ROAD RIGHT,6TH ST & WALNUT,39.167648,-86.533584
2011,5,1,Weekday,1900,Moped/Motorcycle,Non-incapacitating,FAILURE TO YIELD RIGHT OF WAY,6TH & WALNUT ST,39.167648,-86.533584
2011,7,7,Weekend,2300,2-Car,No injury/unknown,INSECURE/LEAKY LOAD,6TH ST & WALNUT,39.167648,-86.533584
2011,7,4,Weekday,800,2-Car,No injury/unknown,FAILURE TO YIELD RIGHT OF WAY,N COLLEGE & W 6TH ST,39.167648,-86.534784
2011,8,5,Weekday,1400,2-Car,No injury/unknown,IMPROPER TURNING,6TH & WALNUT ST,39.167648,-86.533584
2011,9,1,Weekend,1100,2-Car,No injury/unknown,IMPROPER LANE USAGE,N COLLEGE AVE & W 6TH,39.167648,-86.534784
2011,10,7,Weekend,1000,2-Car,No injury/unknown,FAILURE TO YIELD RIGHT OF WAY,N WALNUT ST & W 6TH,39.167648,-86.533584
2011,11,6,Weekday,1000,2-Car,No injury/unknown,UNSAFE BACKING,N COLLEGE & W 6TH ST,39.167648,-86.534784
2011,11,6,Weekday,1500,2-Car,No injury/unknown,UNSAFE BACKING,E 6TH & N WALNUT ST,39.167648,-86.533584
2011,11,2,Weekday,1900,2-Car,No injury/unknown,UNSAFE LANE MOVEMENT,6TH & COLLEGE AVE,39.167648,-86.534784
2011,4,4,Weekday,1000,1-Car,No injury/unknown,OTHER (DRIVER) - EXPLAIN IN NARRATIVE,N JORDAN AVE,39.1676,-86.516168
2011,11,6,Weekday,900,1-Car,No injury/unknown,OTHER (DRIVER) - EXPLAIN IN NARRATIVE,N JORDAN AVE,39.1676,-86.516168
2011,2,2,Weekday,1600,2-Car,No injury/unknown,IMPROPER TURNING,N COLLEGE AVE & SIXTH,39.16759344,-86.53489044
2011,10,6,Weekday,1800,2-Car,No injury/unknown,IMPROPER LANE USAGE,6TH & DUNN ST,39.16759068,-86.52820598
2011,2,2,Weekday,0,2-Car,No injury/unknown,LEFT OF CENTER,6TH ST & WALDRON,39.16758661,-86.54374237
2011,1,6,Weekend,2100,Bus,No injury/unknown,IMPROPER TURNING,SIXTH ST & WALNUT,39.16755,-86.5336
2011,4,5,Weekday,1600,2-Car,No injury/unknown,FOLLOWING TOO CLOSELY,GRANT ST & SIXTH,39.16754,-86.52979
2011,7,2,Weekday,1000,2-Car,No injury/unknown,OTHER (DRIVER) - EXPLAIN IN NARRATIVE,6TH ST & DUNN,39.16752979,-86.52825996
2011,2,2,Weekday,1700,2-Car,No injury/unknown,FAILURE TO YIELD RIGHT OF WAY,EAST 6TH & NORTH WASHINGTON ST,39.16751148,-86.53231546
2011,6,7,Weekend,100,2-Car,No injury/unknown,IMPROPER TURNING,FRANKLIN RD,39.16744798,-86.57099492
2011,8,3,Weekday,2100,2-Car,No injury/unknown,UNSAFE BACKING,N JORDAN AVE,39.167344,-86.515792
2011,10,2,Weekday,800,2-Car,No injury/unknown,IMPROPER TURNING,COTTAGE & FORREST AVE,39.16723171,-86.5224
2011,5,2,Weekday,1800,2-Car,No injury/unknown,IMPROPER LANE USAGE,GRANT ST & KIRKWOOD,39.16718931,-86.529696
2011,4,5,Weekday,1400,2-Car,No injury/unknown,IMPROPER LANE USAGE,INDIANA AVE & KIRKWOOD,39.16718917,-86.52691192
2011,7,1,Weekday,2100,1-Car,No injury/unknown,UNSAFE SPEED,JOHNSON AVE,39.16708441,-86.564992
2011,3,3,Weekday,1500,2-Car,No injury/unknown,UNSAFE BACKING,N JORDAN AVE,39.16704361,-86.51616207
2011,3,6,Weekend,2300,2-Car,No injury/unknown,FAILURE TO YIELD RIGHT OF WAY,NORTH JORDAN AVE,39.16704361,-86.51616207
2011,3,2,Weekday,2200,2-Car,No injury/unknown,UNSAFE BACKING,NORTH JORDAN AVE,39.167006,-86.516145
2011,3,5,Weekday,1700,Pedestrian,Non-incapacitating,FAILURE TO YIELD RIGHT OF WAY,NORTH JORDAN AVE,39.166992,-86.51614
2011,11,7,Weekend,2100,Bus,No injury/unknown,OVERSIZE/OVERWEIGHT LOAD,JORDAN AVE,39.166992,-86.51614
2011,11,3,Weekday,2000,2-Car,No injury/unknown,OTHER (DRIVER) - EXPLAIN IN NARRATIVE,KIRKWOOD & ROOSEVELT ST,39.16695782,-86.50589188
2011,3,6,Weekday,1200,2-Car,Non-incapacitating,FAILURE TO YIELD RIGHT OF WAY,E LONGVIEW & N PETE ELLIS DR,39.166944,-86.495056
2011,4,7,Weekend,1100,3+ Cars,Incapacitating,FAILURE TO YIELD RIGHT OF WAY,LONGVIEW & PETE ELLIS DR,39.166944,-86.495056
2011,11,6,Weekday,1800,2-Car,No injury/unknown,FAILURE TO YIELD RIGHT OF WAY,LONGVIEW & PETE ELLIS DR,39.166944,-86.495056
2011,9,1,Weekend,1800,2-Car,No injury/unknown,UNSAFE BACKING,S KIMBLE DR,39.16694335,-86.568
2011,7,7,Weekend,1700,2-Car,No injury/unknown,UNSAFE BACKING,NORTH JORDAN AVE,39.166912,-86.516224
2011,8,3,Weekday,1200,2-Car,No injury/unknown,IMPROPER TURNING,N JORDAN AVE,39.166912,-86.516224
2011,10,2,Weekday,1300,2-Car,No injury/unknown,IMPROPER PASSING,LONGVIEW & PETE ELLIS DR,39.16691,-86.49492
2011,6,6,Weekday,1600,2-Car,No injury/unknown,UNSAFE BACKING,FOREST & KIRKWOOD AVE,39.16685,-86.52154404
2011,1,7,Weekend,1200,2-Car,No injury/unknown,FAILURE TO YIELD RIGHT OF WAY,E 5TH & JEFFERSON ST,39.166848,-86.506992
2011,11,2,Weekday,1300,2-Car,No injury/unknown,FAILURE TO YIELD RIGHT OF WAY,E 5TH & N JEFFERSON ST,39.166848,-86.506992
2011,11,1,Weekday,1900,2-Car,No injury/unknown,FAILURE TO YIELD RIGHT OF WAY,5TH ST & JEFFERSON,39.166848,-86.506992
2011,6,2,Weekday,200,2-Car,No injury/unknown,UNSAFE BACKING,E KIRKWOOD AVE,39.166828,-86.521999
2011,8,3,Weekday,1600,Moped/Motorcycle,No injury/unknown,OTHER (DRIVER) - EXPLAIN IN NARRATIVE,ADAMS & KIRKWOOD AVE,39.166816,-86.549488
2011,9,6,Weekday,1600,3+ Cars,No injury/unknown,UNSAFE SPEED,ADAMS & KIRKWOOD AVE,39.166816,-86.549488
2011,11,4,Weekday,700,2-Car,Non-incapacitating,FAILURE TO YIELD RIGHT OF WAY,ADAMS & KIRKWOOD AVE,39.166816,-86.549488
2011,9,6,Weekday,1700,2-Car,No injury/unknown,FAILURE TO YIELD RIGHT OF WAY,5TH & JEFFERSON ST,39.16681,-86.50716
2011,1,6,Weekend,2100,2-Car,No injury/unknown,ROADWAY SURFACE CONDITION,PINE & WEST KIRKWOOD ST,39.1668,-86.548288
2011,6,3,Weekday,1600,2-Car,No injury/unknown,UNSAFE BACKING,E KIRKWOOD AVE,39.166787,-86.525016
2011,9,1,Weekend,1300,1-Car,No injury/unknown,OVERCORRECTING/OVERSTEERING,BIRDIE GALYAN RD & FLEENER,39.16678468,-86.41173876
2011,7,2,Weekday,1400,2-Car,Non-incapacitating,FOLLOWING TOO CLOSELY,KING & SR46E,39.16664,-86.454992
2011,1,7,Weekend,1300,2-Car,No injury/unknown,FAILURE TO YIELD RIGHT OF WAY,OAK & W KIRKWOOD AVE,39.166784,-86.5468
2011,12,2,Weekday,2100,2-Car,Non-incapacitating,UNSAFE BACKING,E KIRKWOOD AVE,39.16678078,-86.52203053
2011,5,6,Weekday,200,Moped/Motorcycle,Non-incapacitating,DISREGARD SIGNAL/REG SIGN,ELM & KIRKWOOD AVE,39.166768,-86.5452
2011,9,6,Weekday,1700,2-Car,Incapacitating,FOLLOWING TOO CLOSELY,ELM & KIRKWOOD AVE,39.166768,-86.5452
2011,1,7,Weekend,1600,2-Car,Non-incapacitating,FOLLOWING TOO CLOSELY,N WALDRON & W KIRKWOOD AVE,39.166736,-86.5436
2011,5,7,Weekend,1900,1-Car,No injury/unknown,RAN OFF ROAD RIGHT,W KIRKWOOD AVE & WALDRON,39.166736,-86.5436
2011,10,4,Weekday,1600,Cyclist,Non-incapacitating,FAILURE TO YIELD RIGHT OF WAY,800 BLOCK OF WEST KIRKWOOD AVE & WALDRON,39.16673225,-86.54324721
2011,11,3,Weekday,800,Bus,No injury/unknown,OTHER (VEHICLE) - EXPLAIN IN NARRATIVE,KIRKWOOD & MAPLE ST,39.16672,-86.542096
2011,3,3,Weekday,1400,2-Car,No injury/unknown,UNSAFE BACKING,DANIELS WAY,39.16671234,-86.5991352
2011,4,6,Weekend,2200,2-Car,No injury/unknown,FOLLOWING TOO CLOSELY,S ADAMS ST & W KIRKWOOD,39.1667,-86.54964
2011,9,1,Weekend,300,2-Car,No injury/unknown,UNSAFE LANE MOVEMENT,ADAMS ST & KIRKWOOD,39.1667,-86.54964
2011,2,3,Weekday,800,2-Car,No injury/unknown,IMPROPER PASSING,JACKSON & W KIRKWOOD AVE,39.166688,-86.539808
2011,10,3,Weekday,1300,2-Car,No injury/unknown,FAILURE TO YIELD RIGHT OF WAY,N JACKSON & W KIRKWOOD AVE,39.166688,-86.539808
2011,2,5,Weekday,1100,2-Car,No injury/unknown,OTHER (DRIVER) - EXPLAIN IN NARRATIVE,DANIELS WAY,39.166678,-86.599144
2011,9,5,Weekday,1100,3+ Cars,No injury/unknown,OTHER (DRIVER) - EXPLAIN IN NARRATIVE,DANIELS WAY,39.166678,-86.599144
2011,5,4,Weekday,1000,2-Car,Non-incapacitating,FAILURE TO YIELD RIGHT OF WAY,KIRKWOOD AVE & ROGERS,39.16667671,-86.53896077
2011,11,4,Weekday,1600,2-Car,No injury/unknown,FAILURE TO YIELD RIGHT OF WAY,KIRKWOOD AVE & ROGERS,39.16667671,-86.53896077
2011,11,3,Weekday,900,2-Car,No injury/unknown,UNSAFE BACKING,W KIRKWOOD AVE,39.16667233,-86.53863249
2011,2,2,Weekday,1700,2-Car,Non-incapacitating,FOLLOWING TOO CLOSELY,S ROGERS ST & W KIRKWOOD,39.166672,-86.538608
2011,5,5,Weekday,1700,3+ Cars,Non-incapacitating,FAILURE TO YIELD RIGHT OF WAY,KIRKWOOD AVE & ROGERS,39.166672,-86.538608
2011,8,2,Weekday,2000,2-Car,Non-incapacitating,DISREGARD SIGNAL/REG SIGN,KIRKWOOD AVE & ROGERS,39.166672,-86.538608
2011,10,6,Weekday,1700,Bus,No injury/unknown,IMPROPER LANE USAGE,KIRKWOOD & ROGERS ST,39.166672,-86.538608
2011,11,3,Weekday,1600,Pedestrian,Non-incapacitating,FAILURE TO YIELD RIGHT OF WAY,KIRKWOOD & ROGERS ST,39.166672,-86.538608
2011,12,7,Weekend,1300,2-Car,Non-incapacitating,FOLLOWING TOO CLOSELY,N ROGERS ST & W KIRKWOOD,39.166672,-86.538608
2011,12,3,Weekday,900,Bus,No injury/unknown,DISREGARD SIGNAL/REG SIGN,N ROGERS ST & W KIRKWOOD,39.166672,-86.538608
2011,2,3,Weekday,900,2-Car,Non-incapacitating,FAILURE TO YIELD RIGHT OF WAY,N MADISON & W KIRKWOOD AVE,39.166656,-86.537296
2011,4,6,Weekday,1200,2-Car,No injury/unknown,DISREGARD SIGNAL/REG SIGN,MADISON & W KIRKWOOD AVE,39.166656,-86.537296
2011,6,4,Weekday,1600,2-Car,Non-incapacitating,FAILURE TO YIELD RIGHT OF WAY,KIRKWOOD AVE & MADISON,39.166656,-86.537296
2011,9,6,Weekday,1000,2-Car,No injury/unknown,DISREGARD SIGNAL/REG SIGN,N MADISON & W KIRKWOOD AVE,39.166656,-86.537296
2011,10,1,Weekday,1900,2-Car,No injury/unknown,FAILURE TO YIELD RIGHT OF WAY,KIRKWOOD AVE & MADISON,39.166656,-86.537296
2011,12,3,Weekday,1900,2-Car,No injury/unknown,FAILURE TO YIELD RIGHT OF WAY,S MADISON & W KIRKWOOD AVE,39.166656,-86.537296
2011,2,4,Weekday,2100,1-Car,No injury/unknown,IMPROPER LANE USAGE,KIRKWOOD AVE,39.16664404,-86.54561384
2011,2,3,Weekday,2300,2-Car,No injury/unknown,UNSAFE BACKING,KIRKWOOD AVE,39.16664404,-86.54689109
2011,9,7,Weekend,1600,2-Car,No injury/unknown,FOLLOWING TOO CLOSELY,GRANT & KIRKWOOD AVE,39.16664,-86.52934318
2011,2,7,Weekend,1500,2-Car,No injury/unknown,UNSAFE BACKING,DUNN & KIRKWOOD AVE,39.16664,-86.52806851
2011,6,7,Weekend,1000,2-Car,No injury/unknown,OVERSIZE/OVERWEIGHT LOAD,KIRKWOOD AVE & WALNUT,39.16664,-86.53386462
2011,9,6,Weekday,900,2-Car,No injury/unknown,FAILURE TO YIELD RIGHT OF WAY,400 E KIRKWOOD AVE & DUNN,39.16664,-86.52836841
2011,12,5,Weekday,1300,2-Car,No injury/unknown,LEFT OF CENTER,COLLEGE & KIRKWOOD AVE,39.16664,-86.53453538
2011,1,6,Weekend,2000,2-Car,No injury/unknown,ROADWAY SURFACE CONDITION,SR446 & SR46E,39.16664,-86.462496
2011,1,5,Weekday,1100,1-Car,No injury/unknown,SPEED TOO FAST FOR WEATHER CONDITIONS,N COLLEGE AVE & W KIRKWOOD,39.16664,-86.5348
2011,1,6,Weekday,1200,2-Car,No injury/unknown,FAILURE TO YIELD RIGHT OF WAY,KIRKWOOD AVE AVE & LINCOLN ST,39.16664,-86.530992
2011,2,7,Weekend,1100,2-Car,No injury/unknown,SPEED TOO FAST FOR WEATHER CONDITIONS,E KIRKWOOD AVE,39.16664,-86.52816555
2011,2,1,Weekend,1300,2-Car,No injury/unknown,UNSAFE BACKING,E KIRKWOOD & N LINCOLN ST,39.16664,-86.530992
2011,2,4,Weekday,2000,2-Car,No injury/unknown,,S WALNUT ST,39.16664,-86.5336
2011,2,7,Weekend,1200,2-Car,No injury/unknown,UNSAFE BACKING,COLLEGE & W KIRKWOOD AVE,39.16664,-86.5348
2011,2,1,Weekday,2000,2-Car,Non-incapacitating,DRIVER DISTRACTED - EXPLAIN IN NARRATIVE,KIRKWOOD AVE & WALNUT,39.16664,-86.5336
2011,2,2,Weekday,1700,2-Car,No injury/unknown,UNSAFE BACKING,INDIANA AVE,39.16664,-86.526896
2011,3,5,Weekday,1200,2-Car,No injury/unknown,FOLLOWING TOO CLOSELY,KIRKWOOD & WASHINGTON ST,39.16664,-86.5324
2011,3,1,Weekend,1200,2-Car,No injury/unknown,IMPROPER LANE USAGE,5TH & N COLLEGE AVE,39.16664,-86.5348
2011,3,6,Weekday,800,2-Car,Non-incapacitating,IMPROPER TURNING,KIRKWOOD & WALNUT ST,39.16664,-86.5336
2011,3,2,Weekday,1700,2-Car,No injury/unknown,UNSAFE BACKING,E KIRKWOOD AVE,39.16664,-86.52798041
2011,4,3,Weekday,900,2-Car,No injury/unknown,DRIVER DISTRACTED - EXPLAIN IN NARRATIVE,CURRY PIKE PIKE & GRAND AVE,39.16664,-86.582992
2011,4,2,Weekday,1400,2-Car,No injury/unknown,UNSAFE LANE MOVEMENT,DUNN & E KIRKWOOD AVE,39.16664,-86.528192
2011,4,7,Weekend,200,2-Car,No injury/unknown,UNSAFE BACKING,E KIRKWOOD AVE,39.16664,-86.52798041
2011,6,6,Weekday,200,1-Car,Non-incapacitating,RAN OFF ROAD RIGHT,INDIANA AVE & KIRKWOOD,39.16664,-86.526896
2011,7,6,Weekday,1600,2-Car,No injury/unknown,UNSAFE LANE MOVEMENT,INDIANA AVE & KIRKWOOD,39.16664,-86.526896
2011,7,1,Weekend,1800,Moped/Motorcycle,Non-incapacitating,FAILURE TO YIELD RIGHT OF WAY,SR446 & SR46E,39.16664,-86.462496
2011,8,3,Weekday,1700,2-Car,No injury/unknown,FAILURE TO YIELD RIGHT OF WAY,E KIRKWOOD AVE,39.16664,-86.53096555
2011,8,3,Weekday,1500,Moped/Motorcycle,No injury/unknown,IMPROPER TURNING,E KIRKWOOD & N INDIANA AVE,39.16664,-86.526896
2011,9,7,Weekend,1200,2-Car,No injury/unknown,FOLLOWING TOO CLOSELY,KIRKWOOD & N WALNUT ST,39.16664,-86.5336
2011,9,6,Weekend,2300,Moped/Motorcycle,No injury/unknown,FOLLOWING TOO CLOSELY,GRANT & KIRKWOOD AVE,39.16664,-86.529696
2011,9,7,Weekend,1100,3+ Cars,No injury/unknown,FOLLOWING TOO CLOSELY,E KIRKWOOD & N WALNUT ST,39.16664,-86.5336