Year,Month,Day,Weekend?,Hour,Collision Type,Injury Type,Primary Factor,Reported_Location,Latitude,Longitude
2011,9,3,Weekday,1300,1-Car,No injury/unknown,OTHER (DRIVER) - EXPLAIN IN NARRATIVE,E KIRKWOOD AVE,39.16664,-86.53091265
2011,10,1,Weekend,1000,2-Car,No injury/unknown,LEFT OF CENTER,SR446S & SR46,39.16664,-86.462496
2011,10,6,Weekend,2100,Pedestrian,No injury/unknown,FAILURE TO YIELD RIGHT OF WAY,KIRKWOOD AVE & WASHINGTON,39.16664,-86.5324
2011,10,7,Weekend,1600,2-Car,No injury/unknown,IMPROPER TURNING,KIRKWOOD & WALNUT ST,39.16664,-86.5336
2011,11,4,Weekday,1700,2-Car,No injury/unknown,FAILURE TO YIELD RIGHT OF WAY,KIRKWOOD & WALNUT ST,39.16664,-86.5336
2011,11,6,Weekday,1700,3+ Cars,No injury/unknown,UNSAFE LANE MOVEMENT,KIRKWOOD & WALNUT ST,39.16664,-86.5336
2011,11,2,Weekday,1600,2-Car,No injury/unknown,UNSAFE BACKING,KIRKWOOD AVE & WALNUT,39.16664,-86.5336
2011,11,7,Weekend,100,2-Car,No injury/unknown,RAN OFF ROAD RIGHT,E KIRKWOOD & N WALNUT ST,39.16664,-86.5336
2011,11,2,Weekday,1200,2-Car,No injury/unknown,UNSAFE BACKING,KIRKWOOD & WALNUT ST,39.16664,-86.5336
2011,11,2,Weekday,1700,2-Car,No injury/unknown,UNSAFE LANE MOVEMENT,KIRKWOOD & S DUNN ST,39.16664,-86.528192
2011,10,7,Weekend,1400,Pedestrian,Non-incapacitating,DISREGARD SIGNAL/REG SIGN,GRANT ST & KIRKWOOD,39.16664,-86.529696
2011,5,1,Weekday,1900,2-Car,No injury/unknown,UNSAFE BACKING,SOUTH JORDAN AVE,39.16662014,-86.51636697
2011,9,2,Weekday,1700,2-Car,No injury/unknown,FAILURE TO YIELD RIGHT OF WAY,KIRKWOOD & ROGERS ST,39.16661,-86.53869
2011,1,1,Weekend,1300,2-Car,No injury/unknown,DISREGARD SIGNAL/REG SIGN,COLLEGE AVE & KIRKWOOD,39.1666,-86.53488
2011,8,3,Weekday,1000,2-Car,No injury/unknown,FOLLOWING TOO CLOSELY,KIRKWOOD AVE & MORTON,39.16659,-86.53605
2011,12,5,Weekday,1300,2-Car,No injury/unknown,UNSAFE BACKING,WEST KIRKWOOD AVE,39.16656822,-86.53888486
2011,5,6,Weekday,1200,2-Car,No injury/unknown,FAILURE TO YIELD RIGHT OF WAY,KIRKWOOD AVE & MORTON,39.16656208,-86.5360054
2011,10,3,Weekday,1800,2-Car,No injury/unknown,OTHER (DRIVER) - EXPLAIN IN NARRATIVE,EAST KIRKWOOD AVE,39.16656,-86.53104
2011,11,1,Weekend,1500,2-Car,No injury/unknown,UNSAFE BACKING,S KINGSTON DR,39.16655822,-86.492816
2011,5,6,Weekday,1300,2-Car,No injury/unknown,UNSAFE BACKING,E KIRKWOOD AVE,39.166548,-86.529462
2011,4,6,Weekday,1700,2-Car,No injury/unknown,,NORTH INDIANA AVE,39.166543,-86.526918
2011,6,7,Weekend,2100,Pedestrian,Non-incapacitating,IMPROPER TURNING,INDIANA & KIRKWOOD AVE,39.16654,-86.52692
2011,7,1,Weekday,2300,2-Car,No injury/unknown,IMPROPER TURNING,S FRANKLIN RD,39.166496,-86.571216
2011,1,3,Weekday,1600,2-Car,No injury/unknown,UNSAFE BACKING,4116 GRAND AVE & CURRY,39.16648695,-86.58282913
2011,4,5,Weekday,1400,2-Car,No injury/unknown,FAILURE TO YIELD RIGHT OF WAY,5TH & HILLSDALE DR,39.16648,-86.503472
2011,9,7,Weekend,2100,2-Car,No injury/unknown,UNSAFE BACKING,S INDIANA AVE,39.16647804,-86.52688816
2011,7,1,Weekend,1500,2-Car,Non-incapacitating,SPEED TOO FAST FOR WEATHER CONDITIONS,MORNINGSIDE & SMITH RD,39.166432,-86.4812
2011,9,6,Weekday,1600,2-Car,No injury/unknown,FOLLOWING TOO CLOSELY,E MORNINGSIDE & N SMITH RD,39.166432,-86.4812
2011,9,4,Weekday,1800,3+ Cars,No injury/unknown,FOLLOWING TOO CLOSELY,E MORNINGSIDE & N SMITH RD,39.166432,-86.4812
2011,10,7,Weekend,1200,3+ Cars,No injury/unknown,OTHER (DRIVER) - EXPLAIN IN NARRATIVE,MORNINGSIDE & SMITH RD,39.166432,-86.4812
2011,8,5,Weekday,800,Bus,No injury/unknown,UNSAFE BACKING,HERITAGE & MORNINGSIDE DR,39.166416,-86.482592
2011,4,2,Weekday,400,1-Car,No injury/unknown,ANIMAL/OBJECT IN ROADWAY,LORI & SR46E,39.16634549,-86.46651258
2011,3,3,Weekday,1600,2-Car,No injury/unknown,UNSAFE BACKING,SO KINGSTON DR,39.166344,-86.492798
2011,4,6,Weekday,1300,2-Car,No injury/unknown,DRIVER DISTRACTED - EXPLAIN IN NARRATIVE,S PETE ELLIS DR,39.16626253,-86.495088
2011,8,5,Weekday,1700,2-Car,No injury/unknown,UNSAFE BACKING,N ROSE AVE,39.1662177,-86.51097988
2011,10,2,Weekday,1300,2-Car,No injury/unknown,FOLLOWING TOO CLOSELY,KINGS & SR46E,39.16613201,-86.46757996
2011,12,5,Weekday,1700,2-Car,No injury/unknown,IMPROPER TURNING,GATES DR,39.16609012,-86.57594829
2011,2,4,Weekday,1500,Cyclist,Incapacitating,FAILURE TO YIELD RIGHT OF WAY,EAST WEST ALY & NORTH SOUTH,39.16606467,-86.52897745
2011,5,6,Weekday,1500,2-Car,No injury/unknown,FAILURE TO YIELD RIGHT OF WAY,4TH & COLLEGE AVE,39.16586999,-86.5348
2011,4,7,Weekend,300,1-Car,No injury/unknown,ROADWAY SURFACE CONDITION,SR48W & VERNAL,39.16579568,-86.6549245
2011,4,6,Weekday,100,1-Car,No injury/unknown,RAN OFF ROAD RIGHT,W 4TH ST,39.165744,-86.545296
2011,8,3,Weekday,2200,2-Car,No injury/unknown,UNSAFE BACKING,4TH ST & FAIRVIEW,39.165712,-86.54108226
2011,4,7,Weekend,1600,2-Car,No injury/unknown,UNSAFE BACKING,S ROGERS ST,39.165696,-86.538592
2011,7,3,Weekday,1700,1-Car,No injury/unknown,UNSAFE BACKING,EAST 4TH ST,39.165696,-86.538592
2011,10,3,Weekday,1000,2-Car,Non-incapacitating,FAILURE TO YIELD RIGHT OF WAY,4TH & ROGERS ST,39.165696,-86.538592
2011,11,3,Weekday,1800,2-Car,Non-incapacitating,FAILURE TO YIELD RIGHT OF WAY,4TH ST & ROGERS,39.165696,-86.538592
2011,11,6,Weekday,1000,2-Car,No injury/unknown,UNSAFE BACKING,4TH & MADISON ST,39.16568,-86.537296
2011,2,5,Weekday,1300,2-Car,Non-incapacitating,FOLLOWING TOO CLOSELY,S COLLEGE & W 4TH ST,39.165664,-86.5348
2011,5,3,Weekday,1400,2-Car,No injury/unknown,FOLLOWING TOO CLOSELY,4TH & COLLEGE AVE,39.165664,-86.5348
2011,5,3,Weekday,2000,2-Car,No injury/unknown,UNSAFE BACKING,EAST 4TH ST,39.165664,-86.536
2011,10,2,Weekday,1400,2-Car,No injury/unknown,UNSAFE BACKING,S COLLEGE AVE,39.165664,-86.5348
2011,11,1,Weekend,1000,2-Car,No injury/unknown,DISREGARD SIGNAL/REG SIGN,S COLLEGE & W 4TH ST,39.165664,-86.5348
2011,5,3,Weekday,1200,2-Car,No injury/unknown,OTHER (DRIVER) - EXPLAIN IN NARRATIVE,4TH ST & GRANT,39.165648,-86.52935918
2011,11,6,Weekday,1600,2-Car,No injury/unknown,FAILURE TO YIELD RIGHT OF WAY,4TH ST & LINCOLN,39.165648,-86.53136082
2011,1,5,Weekday,1400,1-Car,No injury/unknown,UNSAFE BACKING,4TH & S WALNUT ST,39.165648,-86.5336
2011,1,6,Weekend,1900,2-Car,No injury/unknown,FAILURE TO YIELD RIGHT OF WAY,E 4TH ST & S GRANT,39.165648,-86.529712
2011,1,6,Weekday,1200,2-Car,Non-incapacitating,FAILURE TO YIELD RIGHT OF WAY,E 4TH & S DUNN ST,39.165648,-86.528144
2011,3,3,Weekday,1300,1-Car,No injury/unknown,OTHER (DRIVER) - EXPLAIN IN NARRATIVE,E 4TH ST,39.165648,-86.52968
2011,4,2,Weekday,1600,3+ Cars,No injury/unknown,DISREGARD SIGNAL/REG SIGN,E 4TH ST & S WALNUT,39.165648,-86.5336
2011,4,6,Weekday,1700,2-Car,No injury/unknown,UNSAFE LANE MOVEMENT,4TH & WALNUT ST,39.165648,-86.5336
2011,4,1,Weekend,300,2-Car,No injury/unknown,OTHER (DRIVER) - EXPLAIN IN NARRATIVE,4TH ST & INDIANA,39.165648,-86.526848
2011,4,7,Weekend,200,2-Car,No injury/unknown,FAILURE TO YIELD RIGHT OF WAY,WALNUT ST,39.165648,-86.5336
2011,4,3,Weekday,1500,2-Car,No injury/unknown,UNSAFE BACKING,E 4TH & N INDIANA AVE,39.165648,-86.526848
2011,5,1,Weekend,1500,2-Car,No injury/unknown,DISREGARD SIGNAL/REG SIGN,4TH & WASHINGTON ST,39.165648,-86.5324
2011,5,5,Weekday,1300,2-Car,No injury/unknown,OTHER (DRIVER) - EXPLAIN IN NARRATIVE,DUNN & E 4TH ST,39.165648,-86.528144
2011,6,5,Weekday,1700,2-Car,No injury/unknown,UNSAFE BACKING,E 4TH & S DUNN ST,39.165648,-86.528144
2011,6,7,Weekend,1300,2-Car,No injury/unknown,OTHER (DRIVER) - EXPLAIN IN NARRATIVE,E 4TH ST & S GRANT,39.165648,-86.529712
2011,7,6,Weekday,1200,2-Car,No injury/unknown,UNSAFE BACKING,E 4TH ST & S DUNN,39.165648,-86.528144
2011,7,6,Weekend,2000,2-Car,No injury/unknown,FAILURE TO YIELD RIGHT OF WAY,4TH ST & LINCOLN,39.165648,-86.531008
2011,7,3,Weekday,1000,2-Car,No injury/unknown,FAILURE TO YIELD RIGHT OF WAY,DUNN & FOURTH ST,39.165648,-86.528144
2011,7,7,Weekend,1700,2-Car,No injury/unknown,UNSAFE BACKING,S WALNUT ST,39.165648,-86.5336
2011,7,4,Weekday,1600,2-Car,No injury/unknown,OTHER (VEHICLE) - EXPLAIN IN NARRATIVE,E 4TH ST & S INDIANA,39.165648,-86.526848
2011,7,5,Weekday,1600,2-Car,No injury/unknown,IMPROPER TURNING,4TH ST & WASHINGTON,39.165648,-86.5324
2011,8,3,Weekday,1800,2-Car,No injury/unknown,FAILURE TO YIELD RIGHT OF WAY,4TH ST & WASHINGTON,39.165648,-86.5324
2011,8,1,Weekend,300,2-Car,No injury/unknown,UNSAFE BACKING,S WALNUT ST PIKE,39.165648,-86.5336
2011,9,7,Weekend,1700,2-Car,No injury/unknown,FOLLOWING TOO CLOSELY,E 4TH ST & S WALNUT,39.165648,-86.5336
2011,10,4,Weekday,1500,Cyclist,Incapacitating,FAILURE TO YIELD RIGHT OF WAY,EAST 4TH ST & SOUTH GRANT,39.165648,-86.529712
2011,10,4,Weekday,1300,Pedestrian,Non-incapacitating,FAILURE TO YIELD RIGHT OF WAY,E 4TH & S WALNUT ST,39.165648,-86.5336
2011,10,6,Weekday,700,2-Car,No injury/unknown,OTHER (DRIVER) - EXPLAIN IN NARRATIVE,S WALNUT STREET PIKE,39.165648,-86.5336
2011,11,3,Weekday,1000,2-Car,No injury/unknown,OTHER (DRIVER) - EXPLAIN IN NARRATIVE,S WASHINGTON ST,39.165648,-86.5324
2011,11,4,Weekday,1300,2-Car,Non-incapacitating,FAILURE TO YIELD RIGHT OF WAY,E 4TH & S LINCOLN ST,39.165648,-86.531008
2011,12,1,Weekend,1700,2-Car,No injury/unknown,OTHER (DRIVER) - EXPLAIN IN NARRATIVE,E 4TH ST,39.165648,-86.529712
2011,12,7,Weekend,1500,2-Car,No injury/unknown,IMPROPER TURNING,SOUTH INDIANA AVE,39.165648,-86.526848
2011,12,5,Weekday,1300,2-Car,No injury/unknown,FOLLOWING TOO CLOSELY,100 E 4TH ST & S WALNUT,39.165648,-86.5336
2011,8,1,Weekend,200,1-Car,No injury/unknown,SPEED TOO FAST FOR WEATHER CONDITIONS,BASSWOOD DR & BLOOMFIELD,39.16564621,-86.56891162
2011,3,2,Weekday,800,2-Car,No injury/unknown,FAILURE TO YIELD RIGHT OF WAY,MAPLE & W 4TH ST,39.16564,-86.54219
2011,7,4,Weekday,1400,2-Car,No injury/unknown,FAILURE TO YIELD RIGHT OF WAY,4TH & ROGERS ST,39.16563012,-86.53869979
2011,10,6,Weekend,2000,2-Car,No injury/unknown,OTHER (DRIVER) - EXPLAIN IN NARRATIVE,4TH ST & RODGERS,39.16563012,-86.53869979
2011,11,2,Weekday,1500,2-Car,No injury/unknown,FAILURE TO YIELD RIGHT OF WAY,4TH & RODGERS ST,39.16563012,-86.53869979
2011,11,7,Weekend,1000,2-Car,No injury/unknown,FAILURE TO YIELD RIGHT OF WAY,GATES & JACOB DR,39.16562006,-86.57604321
2011,4,6,Weekday,1500,2-Car,No injury/unknown,DRIVER DISTRACTED - EXPLAIN IN NARRATIVE,GATES & JACOB DR,39.16562,-86.57600866
2011,6,3,Weekday,1200,2-Car,No injury/unknown,FAILURE TO YIELD RIGHT OF WAY,GATES DR & JACOB,39.16562,-86.576
2011,8,4,Weekday,1500,2-Car,No injury/unknown,UNSAFE BACKING,GATES & JACOB DR,39.16562,-86.576
2011,9,6,Weekend,2000,2-Car,Non-incapacitating,FOLLOWING TOO CLOSELY,GATES & JACOB DR,39.16562,-86.576
2011,8,5,Weekday,1300,1-Car,No injury/unknown,UNSAFE BACKING,ROSE AVE,39.16558739,-86.51096776
2011,7,1,Weekday,2200,1-Car,No injury/unknown,UNSAFE BACKING,S JORDAN AVE,39.165576,-86.516312
2011,12,7,Weekend,2200,2-Car,No injury/unknown,FAILURE TO YIELD RIGHT OF WAY,4TH & DUNN ST,39.16555971,-86.52822978
2011,8,3,Weekday,900,1-Car,Non-incapacitating,OTHER (DRIVER) - EXPLAIN IN NARRATIVE,S HAWTHORNE DR,39.16555,-86.520939
2011,9,5,Weekday,1300,2-Car,No injury/unknown,OTHER (DRIVER) - EXPLAIN IN NARRATIVE,SO KINGSTON AVE,39.16554,-86.492754
2011,2,2,Weekday,1400,2-Car,No injury/unknown,OTHER (DRIVER) - EXPLAIN IN NARRATIVE,4TH ST & DUNN,39.16553755,-86.52819003
2011,2,6,Weekday,400,2-Car,No injury/unknown,OTHER (DRIVER) - EXPLAIN IN NARRATIVE,4TH ST & DUNN,39.16553755,-86.52817705
2011,2,7,Weekend,2000,1-Car,No injury/unknown,IMPROPER TURNING,WEST FOURTH ST,39.16553755,-86.53366101
2011,1,1,Weekday,2300,2-Car,No injury/unknown,OTHER (DRIVER) - EXPLAIN IN NARRATIVE,SOUTH WALNUT ST,39.165531,-86.533619
2011,11,4,Weekday,900,1-Car,No injury/unknown,OBSTRUCTION NOT MARKED,JONES AVE & JORDAN,39.16540012,-86.51643159
2011,5,4,Weekday,1100,2-Car,No injury/unknown,UNSAFE BACKING,JONES AVE & JORDAN,39.1654,-86.51641692
2011,6,6,Weekend,2200,1-Car,No injury/unknown,DRIVER DISTRACTED - EXPLAIN IN NARRATIVE,JONES & JORDAN AVE,39.1654,-86.51641
2011,10,7,Weekend,1200,3+ Cars,No injury/unknown,OTHER (DRIVER) - EXPLAIN IN NARRATIVE,4TH & GRANT ST,39.16537337,-86.52971636
2011,4,2,Weekday,1800,2-Car,No injury/unknown,FAILURE TO YIELD RIGHT OF WAY,JONES AVE & ROSE,39.16529,-86.51089567
2011,9,6,Weekday,1400,2-Car,No injury/unknown,UNSAFE BACKING,S PETE ELLIS DR,39.165279,-86.494933
2011,12,7,Weekend,1200,2-Car,No injury/unknown,UNSAFE BACKING,S GATES DR,39.16513726,-86.57609179
2011,5,1,Weekday,1900,1-Car,Non-incapacitating,RAN OFF ROAD RIGHT,N TRAILWAY & SR46E,39.16510298,-86.42990248
2011,8,3,Weekday,1200,2-Car,No injury/unknown,IMPROPER PASSING,3RD & PETE ELLIS DR,39.16506397,-86.495088
2011,6,5,Weekday,1700,1-Car,Incapacitating,RAN OFF ROAD RIGHT,BENDER & SR46E,39.16497725,-86.4311555
2011,1,6,Weekday,600,2-Car,Non-incapacitating,SPEED TOO FAST FOR WEATHER CONDITIONS,DANIELS WAY & SR48W,39.16485453,-86.59907373
2011,10,3,Weekday,900,2-Car,No injury/unknown,FOLLOWING TOO CLOSELY,DANIELS & SR48W,39.16485453,-86.59907373
2011,3,6,Weekday,1800,2-Car,No injury/unknown,UNSAFE BACKING,W 3RD ST,39.164848,-86.57487674
2011,3,7,Weekend,1500,3+ Cars,No injury/unknown,UNSAFE BACKING,W 3RD ST,39.164848,-86.57594157
2011,4,7,Weekend,1100,2-Car,No injury/unknown,UNSAFE BACKING,W 3RD ST,39.164848,-86.581504
2011,8,3,Weekday,1300,2-Car,No injury/unknown,UNSAFE BACKING,W 3RD ST,39.164848,-86.581504
2011,9,6,Weekend,2000,2-Car,No injury/unknown,OTHER (DRIVER) - EXPLAIN IN NARRATIVE,W 3RD ST,39.164848,-86.57568232
2011,9,7,Weekend,1300,2-Car,No injury/unknown,UNSAFE BACKING,W 3RD ST,39.164848,-86.581504
2011,12,4,Weekday,1100,2-Car,No injury/unknown,UNSAFE BACKING,3RD ST,39.164848,-86.581504
2011,12,6,Weekday,0,1-Car,Non-incapacitating,UNSAFE SPEED,WEST 3RD ST,39.164848,-86.5780112
2011,2,2,Weekday,1300,2-Car,No injury/unknown,UNSAFE BACKING,W 3RD ST,39.16483984,-86.5804062
2011,9,5,Weekday,1200,2-Car,No injury/unknown,UNSAFE BACKING,W 3RD ST,39.16483984,-86.5804062
2011,10,2,Weekday,1500,2-Car,No injury/unknown,UNSAFE BACKING,W 3RD ST,39.164832,-86.582048
2011,11,4,Weekday,2100,1-Car,No injury/unknown,ANIMAL/OBJECT IN ROADWAY,DANIELS & SR48W,39.16483015,-86.59902324
2011,8,1,Weekday,2300,2-Car,No injury/unknown,FOLLOWING TOO CLOSELY,KINGS & SR46E,39.1648224,-86.45156267
2011,7,3,Weekday,1800,2-Car,No injury/unknown,UNSAFE BACKING,WEST 3RD ST,39.16482122,-86.5789551
2011,9,1,Weekend,1600,1-Car,No injury/unknown,SPEED TOO FAST FOR WEATHER CONDITIONS,WEST 3RD ST,39.16482122,-86.5789551
2011,9,5,Weekday,1000,1-Car,No injury/unknown,RAN OFF ROAD RIGHT,ORD & STATE ROAD 48 HWY,39.16482,-86.62013701
2011,2,7,Weekend,1400,2-Car,No injury/unknown,,W 3RD ST,39.164816,-86.573888
2011,10,4,Weekday,2100,2-Car,No injury/unknown,DISREGARD SIGNAL/REG SIGN,SR37S & WEST 3RD ST,39.1648,-86.573792
2011,8,3,Weekday,1600,2-Car,No injury/unknown,FOLLOWING TOO CLOSELY,PARK SQUARE & SR48W,39.16476574,-86.59263469
2011,9,4,Weekday,1700,2-Car,Non-incapacitating,OTHER (VEHICLE) - EXPLAIN IN NARRATIVE,PROFILE & SR48W,39.16476574,-86.59262603
2011,4,2,Weekday,1400,2-Car,No injury/unknown,FOLLOWING TOO CLOSELY,SR 37 & W 3RD ST,39.164752,-86.573104
2011,4,7,Weekend,1300,2-Car,No injury/unknown,FAILURE TO YIELD RIGHT OF WAY,3RD ST & SR37,39.164752,-86.573104
2011,5,2,Weekday,1500,2-Car,No injury/unknown,FOLLOWING TOO CLOSELY,SR37W & W 3RD ST,39.164752,-86.573104
2011,5,3,Weekday,2100,Pedestrian,Non-incapacitating,OTHER (DRIVER) - EXPLAIN IN NARRATIVE,3RD & SR37S,39.164752,-86.573104
2011,6,3,Weekday,700,2-Car,No injury/unknown,DISREGARD SIGNAL/REG SIGN,3RD ST & SR37,39.164752,-86.573104
2011,7,6,Weekday,1200,2-Car,No injury/unknown,OTHER (DRIVER) - EXPLAIN IN NARRATIVE,3RD & SR37N,39.164752,-86.573104
2011,7,3,Weekday,1000,2-Car,No injury/unknown,FOLLOWING TOO CLOSELY,SR37 & SR48W,39.164752,-86.573104
2011,7,4,Weekday,2200,2-Car,No injury/unknown,FOLLOWING TOO CLOSELY,3RD & SR37N,39.164752,-86.573104
2011,8,4,Weekday,900,2-Car,No injury/unknown,OTHER (DRIVER) - EXPLAIN IN NARRATIVE,3RD ST & JACKSON,39.164752,-86.53984
2011,8,4,Weekday,2100,2-Car,No injury/unknown,WRONG WAY ON ONE WAY,3RD ST & JACKSON,39.164752,-86.53984
2011,8,6,Weekday,800,Bus,No injury/unknown,IMPROPER TURNING,3RD ST & SR37S,39.164752,-86.573104
2011,9,6,Weekday,600,2-Car,Non-incapacitating,FAILURE TO YIELD RIGHT OF WAY,3RD ST & SR37S,39.164752,-86.573104
2011,9,1,Weekday,2000,1-Car,Non-incapacitating,RAN OFF ROAD RIGHT,SR37S & W 3RD,39.164752,-86.573104
2011,12,1,Weekend,1800,2-Car,Non-incapacitating,FAILURE TO YIELD RIGHT OF WAY,37 & W 3RD ST,39.164752,-86.573104
2011,8,2,Weekday,1400,3+ Cars,No injury/unknown,OTHER (DRIVER) - EXPLAIN IN NARRATIVE,SR37 & WEST 3RD ST,39.16474489,-86.57289251
2011,2,1,Weekend,1400,2-Car,No injury/unknown,IMPROPER TURNING,W 3RD ST,39.16474251,-86.57282163
2011,6,1,Weekday,2200,2-Car,No injury/unknown,OTHER (VEHICLE) - EXPLAIN IN NARRATIVE,WEST 3RD ST,39.16474251,-86.57282163
2011,7,6,Weekend,2100,2-Car,No injury/unknown,FAILURE TO YIELD RIGHT OF WAY,W 3RD ST,39.16474251,-86.57282163
2011,12,7,Weekend,2200,2-Car,No injury/unknown,UNSAFE BACKING,W 3RD ST,39.16474251,-86.57282163
2011,12,7,Weekend,2100,2-Car,No injury/unknown,UNSAFE LANE MOVEMENT,S PARK SQUARE & SR48W,39.16474029,-86.59259006
2011,11,7,Weekend,1400,1-Car,Non-incapacitating,OTHER (DRIVER) - EXPLAIN IN NARRATIVE,3RD ST,39.16472651,-86.57234563
2011,3,4,Weekday,200,1-Car,No injury/unknown,OTHER (DRIVER) - EXPLAIN IN NARRATIVE,3RD ST & ROGERS,39.16472,-86.538592
2011,10,7,Weekend,1700,1-Car,No injury/unknown,RAN OFF ROAD RIGHT,3RD & ROGERS ST,39.16472,-86.538592
2011,12,5,Weekday,1100,2-Car,No injury/unknown,FAILURE TO YIELD RIGHT OF WAY,3RD & ROGERS ST,39.16472,-86.538592
2011,7,1,Weekend,1500,2-Car,No injury/unknown,OTHER (DRIVER) - EXPLAIN IN NARRATIVE,EAST 3RD ST,39.16470933,-86.57183467
2011,11,4,Weekday,1600,2-Car,No injury/unknown,FAILURE TO YIELD RIGHT OF WAY,EAST 3RD ST,39.16470933,-86.57183467
2011,8,4,Weekday,1600,2-Car,No injury/unknown,FAILURE TO YIELD RIGHT OF WAY,MADISON & THIRD ST,39.164704,-86.537296
2011,8,3,Weekday,1600,1-Car,No injury/unknown,RAN OFF ROAD RIGHT,2800 BLOCK W 3RD ST & FRANKLIN,39.16469985,-86.57155249
2011,5,5,Weekday,2100,2-Car,No injury/unknown,FOLLOWING TOO CLOSELY,3RD ST & FRANKLIN,39.164688,-86.5712
2011,8,2,Weekday,1200,Moped/Motorcycle,Non-incapacitating,UNSAFE LANE MOVEMENT,FRANKLIN RD & W 3RD,39.164688,-86.5712
2011,10,4,Weekday,1600,2-Car,No injury/unknown,UNSAFE LANE MOVEMENT,3RD ST & FRANKLIN,39.164688,-86.5712
2011,12,7,Weekend,2100,3+ Cars,No injury/unknown,IMPROPER TURNING,FRANKLIN & W 3RD ST,39.164688,-86.5712
2011,5,5,Weekday,1600,2-Car,No injury/unknown,FAILURE TO YIELD RIGHT OF WAY,HICKORY & W 3RD ST RD 48 W ST,39.16468554,-86.58588018
2011,1,7,Weekend,700,3+ Cars,Non-incapacitating,SPEED TOO FAST FOR WEATHER CONDITIONS,CURRY PIKE & SR48W,39.16468378,-86.58292033
2011,2,6,Weekday,1600,2-Car,Non-incapacitating,FAILURE TO YIELD RIGHT OF WAY,3RD ST & HICKORY,39.16468378,-86.58584548
2011,5,2,Weekday,1500,2-Car,Non-incapacitating,SPEED TOO FAST FOR WEATHER CONDITIONS,HICKORY & ST RD 48 (W 3RD ST) RD,39.16468378,-86.58584548
2011,9,2,Weekday,1500,2-Car,Non-incapacitating,DRIVER ILLNESS,W 3RD ST,39.16468378,-86.58716188
2011,10,5,Weekday,800,3+ Cars,Non-incapacitating,DISREGARD SIGNAL/REG SIGN,300 S CURRY & 4000 W 3RD ST,39.16468378,-86.58292033
2011,10,7,Weekend,1500,2-Car,No injury/unknown,BRAKE FAILURE OR DEFECTIVE,WEST 3RD ST,39.16468378,-86.58297498
2011,11,6,Weekday,1300,2-Car,No injury/unknown,IMPROPER LANE USAGE,CURRY & SR48,39.16468378,-86.58296363
2011,3,4,Weekday,800,2-Car,No injury/unknown,OTHER (DRIVER) - EXPLAIN IN NARRATIVE,W 3RD ST,39.16467533,-86.570478
2011,12,6,Weekday,1700,2-Car,No injury/unknown,UNSAFE BACKING,3RD ST,39.16467067,-86.57025067
2011,7,6,Weekday,1700,2-Car,No injury/unknown,FAILURE TO YIELD RIGHT OF WAY,CURRY & W 3RD ST,39.16465983,-86.58292002
2011,12,3,Weekday,1300,2-Car,No injury/unknown,FOLLOWING TOO CLOSELY,CURRY & W 3RD ST,39.16465983,-86.58292002
2011,7,3,Weekday,1400,2-Car,No injury/unknown,FAILURE TO YIELD RIGHT OF WAY,WEST THIRD ST,39.16464843,-86.57720692
2011,3,7,Weekend,1000,Cyclist,Non-incapacitating,PEDESTRIAN ACTION,3RD ST & WASHINGTON,39.16464,-86.53266461
2011,1,7,Weekend,2000,2-Car,No injury/unknown,,W 3RD ST,39.16464,-86.56632619
2011,1,5,Weekday,2200,2-Car,No injury/unknown,FAILURE TO YIELD RIGHT OF WAY,COLLEGE AVE & W 3RD,39.16464,-86.534816
2011,1,5,Weekday,1400,2-Car,No injury/unknown,DISREGARD SIGNAL/REG SIGN,E 3RD ST & S WASHINGTON,39.16464,-86.5324
2011,1,5,Weekday,2000,2-Car,No injury/unknown,FOLLOWING TOO CLOSELY,E 3RD & S WALNUT ST,39.16464,-86.5336
2011,2,5,Weekday,2100,2-Car,No injury/unknown,,E 3RD ST & S GRANT,39.16464,-86.529728
2011,2,5,Weekday,2100,2-Car,No injury/unknown,FAILURE TO YIELD RIGHT OF WAY,GRANT & THIRD ST,39.16464,-86.529728
2011,2,1,Weekend,1400,2-Car,No injury/unknown,DISREGARD SIGNAL/REG SIGN,E 3RD & S WALNUT ST,39.16464,-86.5336
2011,2,6,Weekday,1300,2-Car,No injury/unknown,DISREGARD SIGNAL/REG SIGN,E 3RD ST & S COLLEGE,39.16464,-86.534816
2011,2,2,Weekday,900,2-Car,No injury/unknown,DISREGARD SIGNAL/REG SIGN,3RD ST & WASHINGTON,39.16464,-86.5324
2011,3,7,Weekend,300,Pedestrian,Non-incapacitating,SPEED TOO FAST FOR WEATHER CONDITIONS,3RD ST & WASHINGTON,39.16464,-86.5324
2011,3,2,Weekday,1200,2-Car,No injury/unknown,FAILURE TO YIELD RIGHT OF WAY,200 S COLLEGE AVE AVE & W 3RD,39.16464,-86.534816
2011,3,4,Weekday,1200,2-Car,No injury/unknown,OTHER (DRIVER) - EXPLAIN IN NARRATIVE,COLLEGE & W THIRD ST,39.16464,-86.534816
2011,3,6,Weekend,2300,2-Car,No injury/unknown,IMPROPER LANE USAGE,3RD & COLLEGE AVE,39.16464,-86.534816