Year,Month,Day,Weekend?,Hour,Collision Type,Injury Type,Primary Factor,Reported_Location,Latitude,Longitude
2011,11,3,Weekday,600,2-Car,No injury/unknown,OTHER (DRIVER) - EXPLAIN IN NARRATIVE,THIRD ST & WOODLAWN,39.164352,-86.522592
2011,11,2,Weekday,1900,2-Car,No injury/unknown,FAILURE TO YIELD RIGHT OF WAY,3RD ST & HIGH,39.164352,-86.508288
2011,1,4,Weekday,1500,2-Car,No injury/unknown,WRONG WAY ON ONE WAY,3RD ST & INDIANA,39.16432,-86.52691
2011,7,6,Weekend,1900,Moped/Motorcycle,No injury/unknown,OTHER (DRIVER) - EXPLAIN IN NARRATIVE,BURMA & SR37,39.16432,-86.50824
2011,10,3,Weekday,1600,2-Car,No injury/unknown,FOLLOWING TOO CLOSELY,BRYAN & E 3RD ST,39.16432,-86.50824
2011,12,3,Weekday,1700,2-Car,No injury/unknown,FOLLOWING TOO CLOSELY,3RD ST & INDIANA,39.16431986,-86.52691014
2011,4,7,Weekend,1100,3+ Cars,No injury/unknown,FOLLOWING TOO CLOSELY,E 3RD ST & S JEFFERSON,39.164304,-86.506992
2011,4,3,Weekday,800,2-Car,No injury/unknown,DRIVER DISTRACTED - EXPLAIN IN NARRATIVE,JEFFERSON & THIRD ST,39.164304,-86.506992
2011,4,4,Weekday,1100,2-Car,No injury/unknown,IMPROPER LANE USAGE,3RD ST,39.164304,-86.506992
2011,6,3,Weekday,1400,2-Car,No injury/unknown,FAILURE TO YIELD RIGHT OF WAY,3RD ST & ROOSEVELT,39.164304,-86.505792
2011,6,5,Weekday,2000,2-Car,Non-incapacitating,FOLLOWING TOO CLOSELY,E 3RD ST & JEFFERSON,39.164304,-86.506992
2011,8,4,Weekday,1700,3+ Cars,No injury/unknown,DRIVER DISTRACTED - EXPLAIN IN NARRATIVE,EAST 3RD ST & JEFFERSON,39.164304,-86.506992
2011,9,5,Weekday,1300,2-Car,Non-incapacitating,FAILURE TO YIELD RIGHT OF WAY,3RD ST & ROOSEVELT,39.164304,-86.505792
2011,9,2,Weekday,1400,2-Car,Non-incapacitating,FOLLOWING TOO CLOSELY,3RD ST & ROOSEVELT,39.164304,-86.505792
2011,10,6,Weekday,1800,2-Car,No injury/unknown,IMPROPER PASSING,JEFFERSON & THIRD ST,39.164304,-86.506992
2011,10,6,Weekday,1600,2-Car,No injury/unknown,FAILURE TO YIELD RIGHT OF WAY,E THIRD ST & JEFFERSON,39.164304,-86.506992
2011,10,1,Weekend,1100,3+ Cars,No injury/unknown,IMPROPER LANE USAGE,E 3RD ST & JEFFERSON,39.164304,-86.506992
2011,11,6,Weekday,1800,2-Car,No injury/unknown,FOLLOWING TOO CLOSELY,3RD ST & JEFFERSON,39.164304,-86.506992
2011,10,6,Weekday,1000,2-Car,No injury/unknown,FOLLOWING TOO CLOSELY,3RD ST & ROOSEVELT,39.16430116,-86.50561563
2011,9,3,Weekday,1000,2-Car,No injury/unknown,UNSAFE BACKING,E 3RD ST,39.16429555,-86.50526814
2011,9,5,Weekday,1900,2-Car,No injury/unknown,FOLLOWING TOO CLOSELY,3RD ST & FESS,39.16429,-86.52587
2011,9,6,Weekday,0,2-Car,No injury/unknown,DISREGARD SIGNAL/REG SIGN,FESS & THIRD ST,39.16429,-86.52587
2011,11,5,Weekday,1800,2-Car,Non-incapacitating,FOLLOWING TOO CLOSELY,3RD ST & FESS,39.16429,-86.52588298
2011,1,6,Weekday,1800,2-Car,Non-incapacitating,FOLLOWING TOO CLOSELY,E 3RD ST & S CLARK,39.164288,-86.5048
2011,5,3,Weekday,1600,2-Car,Non-incapacitating,UNSAFE LANE MOVEMENT,E 3RD ST & S CLARK,39.164288,-86.5048
2011,6,7,Weekend,1800,1-Car,No injury/unknown,UNSAFE BACKING,3RD ST,39.16428767,-86.47308692
2011,4,7,Weekend,2300,Pedestrian,Incapacitating,PEDESTRIAN ACTION,SR46,39.16428662,-86.47433281
2011,7,4,Weekday,1000,2-Car,No injury/unknown,DRIVER DISTRACTED - EXPLAIN IN NARRATIVE,3RD ST & CLIFTON,39.16428,-86.50969
2011,10,7,Weekend,1500,2-Car,No injury/unknown,FOLLOWING TOO CLOSELY,E 3RD ST & S CLIFTON,39.16428,-86.50969
2011,12,7,Weekend,2000,2-Car,No injury/unknown,IMPROPER TURNING,E THIRD ST,39.16427225,-86.49709202
2011,1,7,Weekend,1400,3+ Cars,No injury/unknown,FOLLOWING TOO CLOSELY,EAST 3RD ST & SOUTH HILLSDALE,39.164272,-86.502416
2011,1,7,Weekend,1600,2-Car,No injury/unknown,FAILURE TO YIELD RIGHT OF WAY,E 3RD ST & S OVERHILL,39.164272,-86.501488
2011,3,6,Weekday,1200,2-Car,No injury/unknown,IMPROPER LANE USAGE,E 3RD ST & S OVERHILL,39.164272,-86.501488
2011,3,6,Weekday,1300,3+ Cars,No injury/unknown,FOLLOWING TOO CLOSELY,EAST THIRD ST & HILLSDALE,39.164272,-86.502416
2011,4,5,Weekday,1900,2-Car,Non-incapacitating,DRIVER DISTRACTED - EXPLAIN IN NARRATIVE,3RD ST & OVERHILL,39.164272,-86.501488
2011,9,6,Weekend,1900,2-Car,No injury/unknown,FAILURE TO YIELD RIGHT OF WAY,E 3RD ST & S OVERHILL,39.164272,-86.501488
2011,9,6,Weekday,1400,Moped/Motorcycle,No injury/unknown,HOLES/RUTS IN SURFACE,EAST 3RD ST & OVERHILL,39.164272,-86.501488
2011,10,1,Weekend,1200,2-Car,No injury/unknown,UNSAFE BACKING,3RD & HILLSDALE DR,39.164272,-86.502416
2011,11,7,Weekend,1300,2-Car,No injury/unknown,UNSAFE BACKING,E 3RD ST,39.164272,-86.50177208
2011,12,4,Weekday,1000,2-Car,No injury/unknown,FOLLOWING TOO CLOSELY,E 3RD ST & S OVERHILL,39.164272,-86.501488
2011,12,7,Weekend,1600,2-Car,No injury/unknown,UNSAFE LANE MOVEMENT,3RD ST & BALLANTINE,39.16427024,-86.51913404
2011,12,6,Weekday,1700,3+ Cars,No injury/unknown,FOLLOWING TOO CLOSELY,3RD ST & EASTSIDE,39.16427024,-86.51321008
2011,12,6,Weekday,1100,2-Car,No injury/unknown,IMPROPER TURNING,3RD ST & HIGHLAND,39.16427024,-86.51772022
2011,4,6,Weekday,1200,2-Car,No injury/unknown,FOLLOWING TOO CLOSELY,E 3RD ST & S WOODSCREST,39.16427,-86.5024273
2011,5,3,Weekday,1500,2-Car,No injury/unknown,UNSAFE BACKING,EAST 3RD ST,39.16427,-86.517692
2011,5,2,Weekday,1000,3+ Cars,No injury/unknown,FAILURE TO YIELD RIGHT OF WAY,THIRD ST & WOODSCREST,39.16427,-86.50241
2011,6,2,Weekday,900,2-Car,No injury/unknown,FAILURE TO YIELD RIGHT OF WAY,BALLANTINE & THIRD ST,39.16427,-86.51913
2011,9,4,Weekday,1700,2-Car,No injury/unknown,IMPROPER TURNING,3RD & BALLANTINE RD,39.16427,-86.51913
2011,9,6,Weekday,1400,3+ Cars,Non-incapacitating,FOLLOWING TOO CLOSELY,3RD ST & HILLSDALE,39.16427,-86.5026327
2011,10,1,Weekend,1700,2-Car,No injury/unknown,FOLLOWING TOO CLOSELY,3RD ST & ROOSEVELT,39.16427,-86.50601
2011,10,5,Weekday,1200,2-Car,No injury/unknown,SPEED TOO FAST FOR WEATHER CONDITIONS,E 3RD ST & S BALLANTINE,39.16427,-86.51913
2011,11,4,Weekday,1700,2-Car,No injury/unknown,IMPROPER TURNING,3RD ST & BALLANTINE,39.16427,-86.51913
2011,11,5,Weekday,1500,2-Car,No injury/unknown,FOLLOWING TOO CLOSELY,E 3RD ST & JEFFERSON,39.16427,-86.5071
2011,11,5,Weekday,1800,2-Car,No injury/unknown,FOLLOWING TOO CLOSELY,3RD ST & FACULTY,39.16427,-86.5210673
2011,11,1,Weekend,1300,2-Car,No injury/unknown,IMPROPER TURNING,BALLANTINE & THIRD ST,39.16427,-86.51913
2011,6,1,Weekday,1900,2-Car,No injury/unknown,IMPROPER TURNING,E 3RD ST & S JORDAN,39.16426736,-86.51640012
2011,12,3,Weekday,2000,2-Car,No injury/unknown,FAILURE TO YIELD RIGHT OF WAY,E 3RD ST,39.16426678,-86.50098384
2011,1,5,Weekday,1200,2-Car,No injury/unknown,OTHER (DRIVER) - EXPLAIN IN NARRATIVE,E 3RD ST,39.16426112,-86.50043808
2011,1,2,Weekday,1000,Bus,No injury/unknown,OTHER (DRIVER) - EXPLAIN IN NARRATIVE,EAST THIRD ST & JORDAN,39.16426,-86.5163827
2011,3,3,Weekday,1800,2-Car,No injury/unknown,IMPROPER PASSING,EAST 3RD ST & S JORDAN,39.16426,-86.5164
2011,3,6,Weekday,1600,2-Car,Non-incapacitating,FOLLOWING TOO CLOSELY,EAST 3RD ST & SOUTH JORDAN,39.16426,-86.5164
2011,4,5,Weekday,1900,Bus,No injury/unknown,UNSAFE LANE MOVEMENT,S JORDAN AVE & THIRD,39.16426,-86.5164
2011,4,1,Weekday,2000,2-Car,No injury/unknown,FOLLOWING TOO CLOSELY,E 3RD ST & S JORDAN,39.16426,-86.5164
2011,6,5,Weekday,1200,2-Car,No injury/unknown,IMPROPER LANE USAGE,EAST THIRD ST & JORDAN,39.16426,-86.51640865
2011,7,2,Weekday,700,2-Car,No injury/unknown,IMPROPER TURNING,EAST THIRD ST & JORDAN,39.16426,-86.5164
2011,8,6,Weekend,2100,2-Car,No injury/unknown,UNSAFE LANE MOVEMENT,3RD ST & JORDAN,39.16426,-86.5164
2011,8,1,Weekend,1600,2-Car,No injury/unknown,IMPROPER TURNING,3RD ST & JORDAN,39.16426,-86.5164
2011,8,3,Weekday,2100,3+ Cars,Non-incapacitating,IMPROPER TURNING,E 3RD ST & S JORDAN,39.16426,-86.5164
2011,9,2,Weekday,1600,2-Car,No injury/unknown,FOLLOWING TOO CLOSELY,3RD ST & JORDAN,39.16426,-86.5164
2011,9,2,Weekday,1500,2-Car,Non-incapacitating,FOLLOWING TOO CLOSELY,EAST THIRD & JORDAN AVE,39.16426,-86.5164
2011,9,4,Weekday,1500,2-Car,No injury/unknown,FOLLOWING TOO CLOSELY,3RD & JORDAN AVE,39.16426,-86.5164
2011,9,2,Weekday,1200,2-Car,Non-incapacitating,FOLLOWING TOO CLOSELY,3RD & JORDAN AVE,39.16426,-86.5164
2011,10,3,Weekday,1600,2-Car,No injury/unknown,FOLLOWING TOO CLOSELY,3RD ST & JORDAN,39.16426,-86.5164
2011,10,2,Weekday,1700,Pedestrian,Non-incapacitating,FAILURE TO YIELD RIGHT OF WAY,3RD ST & JORDAN,39.16426,-86.5164
2011,10,3,Weekday,1500,2-Car,No injury/unknown,UNSAFE BACKING,E 3RD ST,39.16425856,-86.50019104
2011,1,1,Weekend,0,2-Car,No injury/unknown,,EAST 3RD ST,39.164251,-86.514198
2011,1,1,Weekend,0,2-Car,No injury/unknown,,EAST 3RD ST,39.164251,-86.514198
2011,1,1,Weekend,0,2-Car,No injury/unknown,,EAST 3RD ST,39.164251,-86.514198
2011,7,6,Weekday,1200,2-Car,No injury/unknown,FAILURE TO YIELD RIGHT OF WAY,3RD ST & COLLEGE MALL,39.16425098,-86.49945834
2011,8,2,Weekday,1200,Moped/Motorcycle,No injury/unknown,FAILURE TO YIELD RIGHT OF WAY,3RD ST & COLLEGE MALL,39.16425098,-86.49945834
2011,11,3,Weekday,700,2-Car,No injury/unknown,IMPROPER TURNING,SWAIN & THIRD ST,39.16425012,-86.51525996
2011,12,6,Weekday,1800,2-Car,No injury/unknown,FAILURE TO YIELD RIGHT OF WAY,3RD ST & HAWTHORN,39.16425012,-86.52008562
2011,12,2,Weekday,1600,2-Car,No injury/unknown,IMPROPER LANE USAGE,EAST 3RD ST & SWAIN,39.16425012,-86.51525996
2011,1,2,Weekday,1700,2-Car,No injury/unknown,IMPROPER TURNING,3RD ST & SWAIN,39.16425006,-86.5152195
2011,2,5,Weekday,2200,Pedestrian,Incapacitating,PEDESTRIAN ACTION,E 3RD & S JORDAN AVE,39.16425006,-86.51642161
2011,3,6,Weekday,1600,2-Car,Non-incapacitating,FAILURE TO YIELD RIGHT OF WAY,KINGSTON & SR46E,39.16425006,-86.49308148
2011,5,1,Weekend,1100,2-Car,No injury/unknown,UNSAFE LANE MOVEMENT,1400 E THIRD ST & 300 S JORDAN,39.16425006,-86.51642161
2011,6,2,Weekday,1300,2-Car,No injury/unknown,UNSAFE BACKING,1428 E 3RD ST & SWAIN,39.16425006,-86.51521517
2011,9,7,Weekend,1000,2-Car,No injury/unknown,UNSAFE LANE MOVEMENT,1100 EAST THIRD ST & 300 SOUTH  HAWTHORNE,39.16425006,-86.52011675
2011,9,2,Weekday,900,2-Car,No injury/unknown,FOLLOWING TOO CLOSELY,2700 E THIRD ST & COLLEGE MALL,39.16425006,-86.49833754
2011,4,2,Weekday,1500,Bus,No injury/unknown,UNSAFE LANE MOVEMENT,3RD ST & HAWTHORNE,39.16425,-86.52009
2011,4,2,Weekday,1600,Bus,Non-incapacitating,FAILURE TO YIELD RIGHT OF WAY,MITCHELL & THIRD ST,39.16425,-86.51423
2011,5,1,Weekend,100,2-Car,Non-incapacitating,LEFT OF CENTER,3RD ST & MITCHELL,39.16425,-86.51423
2011,5,6,Weekday,1300,2-Car,No injury/unknown,UNSAFE LANE MOVEMENT,3RD ST & SWAIN,39.16425,-86.51525567
2011,5,6,Weekday,800,2-Car,Non-incapacitating,FOLLOWING TOO CLOSELY,3RD ST & MITCHELL,39.16425,-86.51423
2011,7,4,Weekday,1500,2-Car,No injury/unknown,IMPROPER TURNING,E 3RD ST & S SWAIN,39.16425,-86.51526
2011,9,1,Weekend,1300,2-Car,No injury/unknown,IMPROPER TURNING,SWAIN & THIRD ST,39.16425,-86.51526
2011,9,3,Weekday,1900,2-Car,No injury/unknown,UNSAFE BACKING,E 3RD & S HAWTHORNE DR,39.16425,-86.52009
2011,9,5,Weekday,1600,2-Car,No injury/unknown,UNSAFE BACKING,E THIRD ST,39.16425,-86.515259
2011,10,4,Weekday,1300,2-Car,No injury/unknown,IMPROPER TURNING,E THIRD ST,39.16425,-86.499448
2011,11,4,Weekday,0,2-Car,No injury/unknown,IMPROPER TURNING,3RD ST & SWAIN,39.16425,-86.51526
2011,1,2,Weekday,1300,Bus,No injury/unknown,OTHER (DRIVER) - EXPLAIN IN NARRATIVE,3RD ST & COLLEGE MALL,39.16424732,-86.49910556
2011,2,4,Weekday,1500,2-Car,No injury/unknown,IMPROPER TURNING,EAST 3RD ST,39.16424664,-86.52553992
2011,2,4,Weekday,1300,2-Car,No injury/unknown,UNSAFE LANE MOVEMENT,HIGHLAND & THIRD ST,39.16424664,-86.51772117
2011,2,2,Weekday,1100,2-Car,No injury/unknown,FOLLOWING TOO CLOSELY,EAST THIRD ST & WODLAWN,39.16424664,-86.52258381
2011,2,6,Weekend,2100,3+ Cars,No injury/unknown,FOLLOWING TOO CLOSELY,3RD ST & WOODLAWN,39.16424664,-86.52260111
2011,3,7,Weekend,1100,2-Car,No injury/unknown,UNSAFE LANE MOVEMENT,1300 EAST THIRD ST & 300 SOUTH HIGHLAND,39.16424664,-86.51771252
2011,4,2,Weekday,1000,2-Car,No injury/unknown,UNSAFE LANE MOVEMENT,HIGHLAND & THIRD ST,39.16424664,-86.51771252
2011,7,4,Weekday,1400,2-Car,No injury/unknown,UNSAFE LANE MOVEMENT,1300 E 3RD ST & 300 S HIGHLAND,39.16424664,-86.51771252
2011,8,5,Weekday,1300,1-Car,Non-incapacitating,OVERCORRECTING/OVERSTEERING,HIGHLAND & THIRD ST,39.16424664,-86.51771252
2011,8,3,Weekday,2200,2-Car,No injury/unknown,FAILURE TO YIELD RIGHT OF WAY,E 3RD ST & HIGHLAND,39.16424664,-86.51771252
2011,9,6,Weekday,1700,2-Car,Non-incapacitating,OTHER (DRIVER) - EXPLAIN IN NARRATIVE,3RD ST & HIGHLAND,39.16424664,-86.51771252
2011,10,2,Weekday,1300,2-Car,No injury/unknown,IMPROPER TURNING,3RD ST & HIGHLAND,39.16424664,-86.51771252
2011,5,1,Weekend,1600,Moped/Motorcycle,Non-incapacitating,FOLLOWING TOO CLOSELY,3RD ST & PLEASANT RIDGE,39.16424,-86.48955281
2011,9,6,Weekday,1100,2-Car,No injury/unknown,SPEED TOO FAST FOR WEATHER CONDITIONS,PLEASANT RIDGE & SR46E,39.16424,-86.48955281
2011,7,2,Weekday,2200,Pedestrian,Non-incapacitating,PEDESTRIAN ACTION,3RD ST & KINGSTON,39.16424,-86.49312041
2011,1,5,Weekday,1600,2-Car,No injury/unknown,FOLLOWING TOO CLOSELY,E 3RD ST & S MEADOWBROOK,39.16424,-86.484384
2011,1,7,Weekend,1600,2-Car,No injury/unknown,FOLLOWING TOO CLOSELY,EAST 3RD ST & PETE ELLIS,39.16424,-86.495088
2011,1,6,Weekday,900,2-Car,No injury/unknown,FOLLOWING TOO CLOSELY,CLARIZZ & EAST THIRD ST,39.16424,-86.4908
2011,1,6,Weekday,500,2-Car,Non-incapacitating,SPEED TOO FAST FOR WEATHER CONDITIONS,3RD ST & CLARIZZ,39.16424,-86.4908
2011,2,5,Weekday,1500,1-Car,No injury/unknown,IMPROPER TURNING,COLLEGE MALL & THIRD ST,39.16424,-86.49827
2011,2,6,Weekday,1100,2-Car,No injury/unknown,OTHER (DRIVER) - EXPLAIN IN NARRATIVE,E 3RD ST & KINGSTON,39.16424,-86.492944
2011,2,4,Weekday,1100,2-Car,Incapacitating,FAILURE TO YIELD RIGHT OF WAY,SMITHVILLE & SR37N,39.16424,-86.480688
2011,2,6,Weekday,1600,2-Car,No injury/unknown,FOLLOWING TOO CLOSELY,E 3RD & S COLLEGE MALL RD,39.16424,-86.4984
2011,2,3,Weekday,1000,2-Car,No injury/unknown,UNSAFE BACKING,E 3RD ST,39.16424,-86.4984
2011,2,6,Weekday,1700,2-Car,No injury/unknown,FAILURE TO YIELD RIGHT OF WAY,W 3RD ST,39.16424,-86.49307941
2011,2,2,Weekday,800,2-Car,No injury/unknown,OTHER (DRIVER) - EXPLAIN IN NARRATIVE,3RD ST & PETE ELLIS,39.16424,-86.495088
2011,2,2,Weekday,1700,2-Car,No injury/unknown,UNSAFE BACKING,E 3RD ST,39.16424,-86.5152
2011,3,3,Weekday,1300,2-Car,No injury/unknown,FOLLOWING TOO CLOSELY,E 3RD ST & PETE ELLIS,39.16424,-86.495088
2011,3,1,Weekday,2300,2-Car,No injury/unknown,FAILURE TO YIELD RIGHT OF WAY,3RD ST & PETE ELLIS,39.16424,-86.495088
2011,4,7,Weekend,1000,2-Car,No injury/unknown,FAILURE TO YIELD RIGHT OF WAY,COLLEGE MALL & E 3RD ST,39.16424,-86.4984
2011,4,1,Weekend,1300,2-Car,No injury/unknown,FOLLOWING TOO CLOSELY,E 3RD ST & SR46,39.16424,-86.473296
2011,3,3,Weekday,1500,2-Car,No injury/unknown,FAILURE TO YIELD RIGHT OF WAY,E 3RD ST,39.16424,-86.49368135
2011,4,3,Weekday,900,2-Car,No injury/unknown,FAILURE TO YIELD RIGHT OF WAY,KINGSTON & SR46E,39.16424,-86.492944
2011,4,5,Weekday,1000,2-Car,No injury/unknown,FOLLOWING TOO CLOSELY,3RD ST & COLLEGE MALL,39.16424,-86.4984
2011,4,3,Weekday,1900,2-Car,No injury/unknown,FOLLOWING TOO CLOSELY,3RD & SMITH RD,39.16424,-86.480688
2011,4,6,Weekday,1500,2-Car,Non-incapacitating,DISREGARD SIGNAL/REG SIGN,3RD ST & SMITH,39.16424,-86.480688
2011,4,5,Weekday,1100,2-Car,No injury/unknown,DRIVER ILLNESS,E 3RD ST & SMITH,39.16424,-86.480688
2011,4,6,Weekday,1400,2-Car,No injury/unknown,OTHER (DRIVER) - EXPLAIN IN NARRATIVE,SOUTH COLLEGE MALL RD,39.16424,-86.498269
2011,5,4,Weekday,1200,Pedestrian,Non-incapacitating,UNSAFE BACKING,E 3RD ST,39.16424,-86.49250645
2011,5,5,Weekday,900,1-Car,No injury/unknown,ANIMAL/OBJECT IN ROADWAY,MEADOWBROOK & THIRD ST,39.16424,-86.484384
2011,5,5,Weekday,1500,2-Car,Non-incapacitating,FAILURE TO YIELD RIGHT OF WAY,3RD ST & COLLEGE MALL,39.16424,-86.4984
2011,5,1,Weekend,1500,2-Car,No injury/unknown,IMPROPER LANE USAGE,COLLEGE MALL & EAST 3RD ST,39.16424,-86.4984
2011,5,4,Weekday,700,2-Car,No injury/unknown,FOLLOWING TOO CLOSELY,E 3RD ST & SO COLLEGE MALL,39.16424,-86.4984
2011,5,3,Weekday,1600,2-Car,Non-incapacitating,FAILURE TO YIELD RIGHT OF WAY,3RD ST & SMITH,39.16424,-86.480688
2011,5,6,Weekday,700,1-Car,No injury/unknown,RAN OFF ROAD RIGHT,E 3RD & SR46E,39.16424,-86.473296
2011,5,2,Weekday,1800,2-Car,No injury/unknown,IMPROPER TURNING,E 3RD ST,39.16424,-86.4939483
2011,6,3,Weekday,1400,2-Car,Non-incapacitating,DRIVER DISTRACTED - EXPLAIN IN NARRATIVE,3RD & SMITH RD,39.16424,-86.480688
2011,6,4,Weekday,1400,2-Car,No injury/unknown,FAILURE TO YIELD RIGHT OF WAY,E 3RD ST & S COLLEGE MALL,39.16424,-86.4984
2011,6,7,Weekend,200,1-Car,No injury/unknown,OVERCORRECTING/OVERSTEERING,3RD & SR46N,39.16424,-86.473296
2011,6,7,Weekend,1000,Moped/Motorcycle,No injury/unknown,FAILURE TO YIELD RIGHT OF WAY,E 3RD & S COLLEGE MALL RD,39.16424,-86.4984
2011,6,2,Weekday,1600,2-Car,Non-incapacitating,FAILURE TO YIELD RIGHT OF WAY,SMITHVILLE & SR37S,39.16424,-86.480688
2011,6,3,Weekday,1800,2-Car,No injury/unknown,FOLLOWING TOO CLOSELY,COLLEGE MALL RD & EAST 3RD,39.16424,-86.4984
2011,6,6,Weekday,1000,Cyclist,Non-incapacitating,FAILURE TO YIELD RIGHT OF WAY,E 3RD ST & S CLARIZZ,39.16424,-86.4908
2011,6,3,Weekday,900,3+ Cars,No injury/unknown,OTHER (DRIVER) - EXPLAIN IN NARRATIVE,W 3RD ST,39.16424,-86.492944
2011,7,3,Weekday,1400,2-Car,No injury/unknown,FAILURE TO YIELD RIGHT OF WAY,WEST 3RD ST,39.16424,-86.48434743
2011,7,4,Weekday,2100,2-Car,No injury/unknown,FAILURE TO YIELD RIGHT OF WAY,COLLEGE MALL & W 3RD ST,39.16424,-86.4984
2011,7,7,Weekend,2000,2-Car,No injury/unknown,FAILURE TO YIELD RIGHT OF WAY,2366 E 3RD ST & S KINGSTON,39.16424,-86.492944
2011,7,3,Weekday,1500,2-Car,Non-incapacitating,FAILURE TO YIELD RIGHT OF WAY,EAST 3RD ST & SMITH,39.16424,-86.480688
2011,7,5,Weekday,1700,2-Car,No injury/unknown,UNSAFE BACKING,E 3RD ST,39.16424,-86.49425989
2011,7,5,Weekday,2000,2-Car,Non-incapacitating,FAILURE TO YIELD RIGHT OF WAY,E 3RD & S COLLEGE MALL RD,39.16424,-86.4984
2011,8,4,Weekday,1500,2-Car,Non-incapacitating,FOLLOWING TOO CLOSELY,E THIRD ST & KINGSTON,39.16424,-86.492944
2011,8,5,Weekday,0,2-Car,No injury/unknown,FOLLOWING TOO CLOSELY,E 3RD ST & PETE ELLIS,39.16424,-86.495088
2011,8,7,Weekend,1700,2-Car,No injury/unknown,FOLLOWING TOO CLOSELY,COLLEGE MALL & SR46N,39.16424,-86.4984
2011,8,7,Weekend,1200,2-Car,No injury/unknown,UNSAFE BACKING,E 3RD ST,39.16424,-86.49425989
2011,8,5,Weekday,1900,2-Car,No injury/unknown,FOLLOWING TOO CLOSELY,E 3RD ST & S SMITH,39.16424,-86.480688
2011,8,2,Weekday,1200,2-Car,No injury/unknown,OTHER (DRIVER) - EXPLAIN IN NARRATIVE,E 3RD ST,39.16424,-86.49425989
2011,8,2,Weekday,1400,2-Car,No injury/unknown,FOLLOWING TOO CLOSELY,PARK RIDGE & THIRD ST,39.16424,-86.476096
2011,8,7,Weekend,1400,3+ Cars,No injury/unknown,FOLLOWING TOO CLOSELY,E 3RD ST & S KINGSTON,39.16424,-86.492944
2011,8,2,Weekday,1400,2-Car,No injury/unknown,UNSAFE BACKING,E 3RD ST,39.16424,-86.492944
2011,9,1,Weekend,1400,2-Car,No injury/unknown,UNSAFE BACKING,E 3RD ST,39.16424,-86.49494053
2011,9,2,Weekday,1600,2-Car,No injury/unknown,FAILURE TO YIELD RIGHT OF WAY,E 3RD & SR46E,39.16424,-86.473296
2011,9,7,Weekend,2000,2-Car,No injury/unknown,UNSAFE LANE MOVEMENT,E 3RD ST,39.16424,-86.4939483
2011,9,3,Weekday,1300,2-Car,No injury/unknown,IMPROPER TURNING,3RD ST & CLARIZZ,39.16424,-86.4908
2011,9,6,Weekday,1500,2-Car,No injury/unknown,FOLLOWING TOO CLOSELY,E 3RD ST,39.16424,-86.49259396
2011,9,7,Weekend,1500,2-Car,No injury/unknown,IMPROPER LANE USAGE,COLLEGE MALL & E 3RD ST,39.16424,-86.4984
2011,9,1,Weekday,1900,2-Car,No injury/unknown,FAILURE TO YIELD RIGHT OF WAY,COLLEGE MALL & SR4546E,39.16424,-86.4984
2011,9,2,Weekday,1700,2-Car,No injury/unknown,FOLLOWING TOO CLOSELY,E 3RD ST & KINGSTON,39.16424,-86.492944
2011,10,7,Weekend,900,2-Car,Non-incapacitating,FAILURE TO YIELD RIGHT OF WAY,E 3RD ST & PARK RIDGE,39.16424,-86.476096
2011,10,7,Weekend,1700,3+ Cars,Non-incapacitating,FOLLOWING TOO CLOSELY,EAST 3RD ST & SOUTH PETE ELLIS,39.16424,-86.495088
2011,10,1,Weekend,100,2-Car,No injury/unknown,DISREGARD SIGNAL/REG SIGN,3RD ST & COLLEGE MALL,39.16424,-86.4984
2011,10,4,Weekday,1900,3+ Cars,No injury/unknown,FAILURE TO YIELD RIGHT OF WAY,E 3RD ST & S PARK RIDGE,39.16424,-86.476096
2011,10,5,Weekday,800,2-Car,No injury/unknown,FAILURE TO YIELD RIGHT OF WAY,E 3RD ST & PARK RIDGE,39.16424,-86.476096
2011,10,4,Weekday,1700,3+ Cars,Incapacitating,FOLLOWING TOO CLOSELY,E 3RD ST & S PETE ELLIS,39.16424,-86.495088
2011,10,1,Weekend,1100,1-Car,Non-incapacitating,DRIVER DISTRACTED - EXPLAIN IN NARRATIVE,E 3RD ST & SMITH,39.16424,-86.480688
2011,10,4,Weekday,1400,2-Car,Non-incapacitating,FAILURE TO YIELD RIGHT OF WAY,CLARIZZ & E 3RD ST,39.16424,-86.4908
2011,10,5,Weekday,1300,2-Car,No injury/unknown,FOLLOWING TOO CLOSELY,3RD ST & MORNINGSIDE,39.16424,-86.473696
2011,10,5,Weekday,1400,2-Car,No injury/unknown,FAILURE TO YIELD RIGHT OF WAY,COLLEGE MALL & E 3RD ST,39.16424,-86.4984
2011,10,5,Weekday,1800,2-Car,No injury/unknown,FAILURE TO YIELD RIGHT OF WAY,COLLEGE MALL & E THIRD ST,39.16424,-86.4984
2011,10,7,Weekend,1600,2-Car,No injury/unknown,FAILURE TO YIELD RIGHT OF WAY,3RD & SOUTH COLLEGE MALL RD,39.16424,-86.4984
2011,10,6,Weekday,1600,2-Car,No injury/unknown,OTHER (DRIVER) - EXPLAIN IN NARRATIVE,EAST 3RD ST,39.16424,-86.5161551
2011,10,2,Weekday,1500,2-Car,Non-incapacitating,FAILURE TO YIELD RIGHT OF WAY,3RD ST & COLLEGE MALL,39.16424,-86.4984
2011,10,4,Weekday,1700,2-Car,No injury/unknown,FOLLOWING TOO CLOSELY,COLLEGE MALL & E 3RD ST,39.16424,-86.4984