Year,Month,Day,Weekend?,Hour,Collision Type,Injury Type,Primary Factor,Reported_Location,Latitude,Longitude
2011,9,2,Weekday,1500,Moped/Motorcycle,Non-incapacitating,FAILURE TO YIELD RIGHT OF WAY,3RD & CURRY PIKE,39.1618364,-86.56015
2011,11,6,Weekday,1300,2-Car,No injury/unknown,,S COLLEGE MALL RD,39.161835,-86.497851
2011,12,3,Weekday,1200,1-Car,No injury/unknown,ROADWAY SURFACE CONDITION,SOUTH KIRBY RD,39.16179724,-86.61047168
2011,8,2,Weekday,1300,2-Car,No injury/unknown,UNSAFE BACKING,S MULLER PKWY,39.161785,-86.567382
2011,9,2,Weekday,800,2-Car,No injury/unknown,UNSAFE BACKING,S MULLER PKWY,39.161754,-86.5674
2011,4,6,Weekday,1400,2-Car,No injury/unknown,OTHER (DRIVER) - EXPLAIN IN NARRATIVE,S MULLER PKWY,39.161723,-86.567419
2011,12,6,Weekday,1600,2-Car,No injury/unknown,UNSAFE BACKING,S LIBERTY DR,39.16167587,-86.57919779
2011,1,6,Weekend,2200,3+ Cars,No injury/unknown,SPEED TOO FAST FOR WEATHER CONDITIONS,S MULLER PKWY,39.161662,-86.567456
2011,7,2,Weekday,1700,2-Car,No injury/unknown,FOLLOWING TOO CLOSELY,S WALKER & W 2ND ST,39.161648,-86.546128
2011,2,4,Weekday,0,2-Car,No injury/unknown,,MULLER PKWY,39.161569,-86.567511
2011,2,2,Weekday,1200,2-Car,No injury/unknown,OTHER (DRIVER) - EXPLAIN IN NARRATIVE,800 W 2ND ST ST & S MAPLE,39.161568,-86.542096
2011,9,4,Weekday,1400,2-Car,No injury/unknown,UNSAFE BACKING,W 2ND ST,39.16153675,-86.53981487
2011,7,1,Weekend,1000,2-Car,No injury/unknown,,W 2ND ST,39.16153611,-86.53976784
2011,9,6,Weekday,1300,2-Car,No injury/unknown,UNSAFE BACKING,W 2ND ST,39.16153611,-86.53976784
2011,10,3,Weekday,1200,2-Car,No injury/unknown,FOLLOWING TOO CLOSELY,S ROGERS ST & WEST 2 ST ST,39.16152,-86.538592
2011,11,7,Weekend,1700,2-Car,No injury/unknown,LEFT OF CENTER,S MULLER PKWY,39.161508,-86.567548
2011,9,4,Weekday,1700,2-Car,Non-incapacitating,FOLLOWING TOO CLOSELY,2ND ST & MADISON,39.161488,-86.537296
2011,1,7,Weekend,200,1-Car,No injury/unknown,ROADWAY SURFACE CONDITION,N WALNUT & W 2ND ST,39.16144,-86.5336
2011,1,4,Weekday,1100,2-Car,No injury/unknown,UNSAFE BACKING,E 2ND & S FESS AVE,39.16144,-86.52584
2011,2,6,Weekday,0,2-Car,No injury/unknown,DISREGARD SIGNAL/REG SIGN,2ND ST & COLLEGE,39.16144,-86.534848
2011,2,6,Weekday,1700,2-Car,No injury/unknown,FOLLOWING TOO CLOSELY,S COLLEGE & W 2ND ST,39.16144,-86.534848
2011,3,6,Weekday,1300,2-Car,No injury/unknown,OTHER (DRIVER) - EXPLAIN IN NARRATIVE,2ND ST,39.16144,-86.527152
2011,3,4,Weekday,1700,Cyclist,Non-incapacitating,UNSAFE LANE MOVEMENT,E 2ND & S WASHINGTON ST,39.16144,-86.5324
2011,4,7,Weekend,1200,2-Car,No injury/unknown,FAILURE TO YIELD RIGHT OF WAY,E 2ND & S FESS AVE,39.16144,-86.52584
2011,4,4,Weekday,1900,2-Car,No injury/unknown,UNSAFE LANE MOVEMENT,2ND & COLLEGE AVE,39.16144,-86.534848
2011,5,1,Weekend,1100,2-Car,No injury/unknown,DISREGARD SIGNAL/REG SIGN,200 W 2ND ST & 500 S COLLEGE,39.16144,-86.534848
2011,6,6,Weekday,400,2-Car,No injury/unknown,IMPROPER TURNING,2ND ST,39.16144,-86.527152
2011,7,5,Weekday,1000,2-Car,No injury/unknown,FOLLOWING TOO CLOSELY,SO WALNUT ST & W 2ND,39.16144,-86.5336
2011,8,4,Weekday,1100,2-Car,Non-incapacitating,FOLLOWING TOO CLOSELY,COLLEGE & W 2ND ST,39.16144,-86.534848
2011,10,2,Weekday,1500,3+ Cars,No injury/unknown,ANIMAL/OBJECT IN ROADWAY,2ND ST & GRANT,39.16144,-86.52976
2011,10,7,Weekend,0,2-Car,No injury/unknown,UNSAFE BACKING,E 2ND ST,39.16144,-86.52807935
2011,10,3,Weekday,1900,2-Car,No injury/unknown,LEFT OF CENTER,COLLEGE & W 2ND ST,39.16144,-86.534848
2011,10,4,Weekday,1200,2-Car,Non-incapacitating,FOLLOWING TOO CLOSELY,E 2ND & S WASHINGTON ST,39.16144,-86.5324
2011,12,6,Weekday,1300,2-Car,No injury/unknown,FAILURE TO YIELD RIGHT OF WAY,2ND ST & GRANT,39.16144,-86.52976
2011,12,6,Weekday,1600,Bus,No injury/unknown,FAILURE TO YIELD RIGHT OF WAY,2ND ST & PARK,39.16144,-86.523952
2011,1,3,Weekday,900,2-Car,Non-incapacitating,SPEED TOO FAST FOR WEATHER CONDITIONS,2ND ST & WALKER,39.16143,-86.54614
2011,10,3,Weekday,1600,2-Car,No injury/unknown,DISREGARD SIGNAL/REG SIGN,2ND ST & WALKER,39.16143,-86.54614
2011,3,4,Weekday,0,1-Car,No injury/unknown,IMPROPER TURNING,WEST 2ND ST,39.1614087,-86.5365092
2011,1,5,Weekday,1300,2-Car,No injury/unknown,FAILURE TO YIELD RIGHT OF WAY,2ND ST & ROGERS,39.16140529,-86.53867437
2011,2,5,Weekday,1600,Pedestrian,Non-incapacitating,PEDESTRIAN ACTION,EUCLID & WEST 2ND ST,39.16140529,-86.54340086
2011,3,3,Weekday,1600,2-Car,Non-incapacitating,FOLLOWING TOO CLOSELY,2ND ST & MORTON,39.16140529,-86.53627014
2011,4,4,Weekday,700,1-Car,Non-incapacitating,OTHER (DRIVER) - EXPLAIN IN NARRATIVE,WEST 2ND ST,39.16140529,-86.53993112
2011,12,4,Weekday,1300,2-Car,No injury/unknown,IMPROPER TURNING,2ND ST & WALNUT,39.16140027,-86.53362974
2011,12,5,Weekday,800,2-Car,Non-incapacitating,OTHER (DRIVER) - EXPLAIN IN NARRATIVE,ROGERS & SECOND ST,39.16140027,-86.53867028
2011,3,6,Weekday,1400,2-Car,No injury/unknown,FOLLOWING TOO CLOSELY,2ND & ROGERS ST,39.1614,-86.53867
2011,4,7,Weekend,0,2-Car,Non-incapacitating,FAILURE TO YIELD RIGHT OF WAY,S ROGERS & W 2ND ST,39.1614,-86.53867
2011,5,7,Weekend,1200,Bus,No injury/unknown,FOLLOWING TOO CLOSELY,2ND ST & WALNUT,39.1614,-86.53363
2011,6,5,Weekday,1600,3+ Cars,No injury/unknown,IMPROPER LANE USAGE,W 2ND ST,39.1614,-86.539916
2011,8,5,Weekday,1700,2-Car,Non-incapacitating,ACCELERATOR FAILURE OR DEFECTIVE,2ND & ROGERS ST,39.1614,-86.53867
2011,7,6,Weekday,1200,Bus,No injury/unknown,IMPROPER LANE USAGE,COLLEGE AVE & WEST 2 ST ST,39.16138016,-86.53491956
2011,8,3,Weekday,1400,2-Car,Non-incapacitating,FOLLOWING TOO CLOSELY,2ND & COLLEGE AVE,39.16138,-86.53493
2011,9,5,Weekday,1100,2-Car,No injury/unknown,FOLLOWING TOO CLOSELY,2ND & COLLEGE AVE,39.16138,-86.53493
2011,1,2,Weekday,0,3+ Cars,No injury/unknown,RAN OFF ROAD RIGHT,2ND ST & GRANT,39.16136,-86.52988346
2011,6,1,Weekday,2300,Cyclist,Non-incapacitating,WRONG WAY ON ONE WAY,E 2ND ST & S WASHINGTON,39.16136,-86.53241
2011,8,6,Weekend,1900,2-Car,No injury/unknown,FAILURE TO YIELD RIGHT OF WAY,E 2ND & S GRANT ST,39.16136,-86.52988
2011,5,3,Weekday,900,3+ Cars,No injury/unknown,OTHER (DRIVER) - EXPLAIN IN NARRATIVE,2ND ST & DUNN,39.16135,-86.52840135
2011,8,4,Weekday,1800,2-Car,No injury/unknown,DRIVER DISTRACTED - EXPLAIN IN NARRATIVE,E 2ND ST & S HENDERSON,39.16134,-86.5272
2011,8,5,Weekday,1800,2-Car,No injury/unknown,FAILURE TO YIELD RIGHT OF WAY,2ND ST & HENDERSON,39.16134,-86.52720433
2011,2,2,Weekday,2300,3+ Cars,No injury/unknown,IMPROPER TURNING,E 2ND & S WASHINGTON ST,39.16132332,-86.53240426
2011,7,2,Weekday,1500,2-Car,Non-incapacitating,DISREGARD SIGNAL/REG SIGN,2ND ST & WOODLAWN,39.161312,-86.522576
2011,8,5,Weekday,1900,2-Car,No injury/unknown,FAILURE TO YIELD RIGHT OF WAY,2ND ST & WOODLAWN,39.161312,-86.522576
2011,11,1,Weekend,1500,1-Car,No injury/unknown,OVERCORRECTING/OVERSTEERING,2ND ST & WOODLAWN,39.161312,-86.522576
2011,10,5,Weekday,1400,1-Car,No injury/unknown,IMPROPER TURNING,PARK & SECOND ST,39.161205,-86.524
2011,5,1,Weekend,0,2-Car,No injury/unknown,OTHER (DRIVER) - EXPLAIN IN NARRATIVE,S COLLEGE AVE,39.16115717,-86.53485253
2011,6,6,Weekday,1700,2-Car,No injury/unknown,OTHER (DRIVER) - EXPLAIN IN NARRATIVE,S COLLEGE AVE,39.16115717,-86.53485253
2011,10,3,Weekday,1200,2-Car,No injury/unknown,VIEW OBSTRUCTED,S COLLEGE AVE,39.16115717,-86.53485253
2011,7,3,Weekday,1100,2-Car,Non-incapacitating,DISREGARD SIGNAL/REG SIGN,EAST SECOND ST & S HIGHLAND,39.16107978,-86.5177685
2011,3,2,Weekday,900,2-Car,No injury/unknown,FAILURE TO YIELD RIGHT OF WAY,ARCH HAVEN AVE,39.161059,-86.551447
2011,8,3,Weekday,1100,1-Car,No injury/unknown,OTHER (DRIVER) - EXPLAIN IN NARRATIVE,2ND ST & JORDAN,39.16104,-86.51639
2011,1,6,Weekend,2000,2-Car,No injury/unknown,SPEED TOO FAST FOR WEATHER CONDITIONS,E 2ND ST & S HIGH,39.16099,-86.50847
2011,2,5,Weekday,1700,2-Car,No injury/unknown,LEFT OF CENTER,2ND ST & HIGH,39.16098864,-86.50843029
2011,8,4,Weekday,900,2-Car,No injury/unknown,UNSAFE BACKING,E SECOND ST,39.160963,-86.507148
2011,12,6,Weekday,1600,2-Car,No injury/unknown,FOLLOWING TOO CLOSELY,MORNINGSIDE & SMITH RD,39.16096226,-86.48128978
2011,10,6,Weekday,1700,3+ Cars,No injury/unknown,FOLLOWING TOO CLOSELY,2ND ST & ROOSEVELT,39.16095,-86.50584
2011,1,2,Weekday,1500,2-Car,No injury/unknown,FAILURE TO YIELD RIGHT OF WAY,E 2ND ST & S COLLEGE MALL,39.160944,-86.497696
2011,5,2,Weekday,900,2-Car,No injury/unknown,FAILURE TO YIELD RIGHT OF WAY,E 2ND & S COLLEGE MALL RD,39.160944,-86.497696
2011,7,6,Weekday,1100,2-Car,No injury/unknown,FAILURE TO YIELD RIGHT OF WAY,E 2ND & S COLLEGE MALL RD,39.160944,-86.497696
2011,9,7,Weekend,1600,2-Car,No injury/unknown,FAILURE TO YIELD RIGHT OF WAY,COLLEGE MALL & COLLEGE MALL RD,39.160944,-86.497696
2011,11,4,Weekday,800,2-Car,No injury/unknown,SPEED TOO FAST FOR WEATHER CONDITIONS,2ND ST & HIGH,39.160944,-86.508288
2011,11,4,Weekday,1700,2-Car,No injury/unknown,UNSAFE LANE MOVEMENT,2ND & SOUTH COLLEGE MALL RD,39.160944,-86.497696
2011,11,6,Weekday,800,2-Car,Non-incapacitating,FOLLOWING TOO CLOSELY,2ND & S COLLEGE MALL RD,39.160944,-86.497696
2011,12,3,Weekday,1200,2-Car,No injury/unknown,DISREGARD SIGNAL/REG SIGN,2ND & COLLEGE MALL RD,39.160944,-86.497696
2011,7,1,Weekend,300,2-Car,No injury/unknown,UNSAFE LANE MOVEMENT,2ND ST & COLLEGE MALL,39.16094,-86.49772
2011,11,2,Weekday,1800,2-Car,No injury/unknown,FOLLOWING TOO CLOSELY,2ND ST & WOODSCREST,39.16092016,-86.50244973
2011,7,2,Weekday,800,2-Car,No injury/unknown,FOLLOWING TOO CLOSELY,E 2ND ST & WOODSCREST,39.16092,-86.50245
2011,10,5,Weekday,2200,2-Car,No injury/unknown,DISREGARD SIGNAL/REG SIGN,2ND ST & WOODSCREST,39.16092,-86.50245
2011,12,4,Weekday,1600,2-Car,Non-incapacitating,FAILURE TO YIELD RIGHT OF WAY,ARCH HAVEN & LANDMARK AVE,39.1609101,-86.55405007
2011,3,4,Weekday,1700,3+ Cars,No injury/unknown,FOLLOWING TOO CLOSELY,2ND ST & WOODCREST,39.16090327,-86.50241973
2011,8,5,Weekday,1200,2-Car,Non-incapacitating,OTHER (DRIVER) - EXPLAIN IN NARRATIVE,ARCH HAVEN & LANDMARK AVE,39.16088278,-86.55404913
2011,11,7,Weekend,1400,2-Car,Non-incapacitating,FAILURE TO YIELD RIGHT OF WAY,2ND & COLLEGE MALL RD,39.16085065,-86.49769922
2011,10,4,Weekday,1200,Cyclist,Non-incapacitating,UNSAFE SPEED,S COLLEGE MALL RD,39.160826,-86.497717
2011,8,3,Weekday,1900,2-Car,No injury/unknown,FAILURE TO YIELD RIGHT OF WAY,2ND ST & PATTERSON,39.16075,-86.54851
2011,9,3,Weekday,1000,2-Car,No injury/unknown,FOLLOWING TOO CLOSELY,2ND & PATTERSON DR,39.16075,-86.54851
2011,9,2,Weekday,0,2-Car,Non-incapacitating,DISREGARD SIGNAL/REG SIGN,S PATTERSON DR & W 2ND,39.16075,-86.54851
2011,11,3,Weekday,900,2-Car,No injury/unknown,OTHER (DRIVER) - EXPLAIN IN NARRATIVE,S PATTERSON DR & W 2ND,39.16075,-86.54851
2011,10,5,Weekday,1100,2-Car,No injury/unknown,FOLLOWING TOO CLOSELY,1200 W 2ND ST & S PATTERSON,39.16071544,-86.54846886
2011,8,4,Weekday,700,Pedestrian,Non-incapacitating,DISREGARD SIGNAL/REG SIGN,2ND ST & ADAMS,39.160544,-86.5508
2011,1,2,Weekday,1200,2-Car,No injury/unknown,OTHER (DRIVER) - EXPLAIN IN NARRATIVE,LANDMARK AVE,39.16053785,-86.55396033
2011,9,1,Weekend,200,2-Car,No injury/unknown,LEFT OF CENTER,PARK AVE & UNIVERSITY,39.16038637,-86.52392254
2011,4,7,Weekend,100,2-Car,No injury/unknown,FAILURE TO YIELD RIGHT OF WAY,HENDERSON ST & UNIVERSITY,39.16038076,-86.52715867
2011,10,2,Weekday,1600,2-Car,No injury/unknown,FOLLOWING TOO CLOSELY,2ND ST & ADAMS,39.16038,-86.55083
2011,7,5,Weekday,1800,2-Car,No injury/unknown,,SR 446,39.16033949,-86.4715755
2011,1,4,Weekday,200,2-Car,No injury/unknown,UNSAFE BACKING,S LINCOLN ST,39.1603205,-86.5310725
2011,5,2,Weekday,800,2-Car,Non-incapacitating,DISREGARD SIGNAL/REG SIGN,HENDERSON & UNIVERSITY ST,39.16032,-86.527136
2011,7,3,Weekday,1300,2-Car,Non-incapacitating,FAILURE TO YIELD RIGHT OF WAY,E UNIVERSITY & S HENDERSON ST,39.16032,-86.527136
2011,11,3,Weekday,1800,2-Car,No injury/unknown,FAILURE TO YIELD RIGHT OF WAY,BLOOMFIELD RD,39.16021541,-86.55312471
2011,5,3,Weekday,1700,3+ Cars,Non-incapacitating,FAILURE TO YIELD RIGHT OF WAY,JORDAN AVE & UNIVERSITY,39.16015,-86.51639
2011,10,3,Weekday,1900,1-Car,No injury/unknown,ANIMAL/OBJECT IN ROADWAY,2ND & COLLEGE AVE,39.16006682,-86.53486997
2011,9,5,Weekday,2100,2-Car,No injury/unknown,UNSAFE BACKING,W BLOOMFIELD RD,39.15998862,-86.55307876
2011,5,6,Weekday,1500,1-Car,No injury/unknown,ANIMAL/OBJECT IN ROADWAY,FAIRFAX & WALNUT STREET PIKE,39.15995467,-86.52651
2011,3,6,Weekday,1700,2-Car,No injury/unknown,FAILURE TO YIELD RIGHT OF WAY,BLOOMFIELD RD & LANDMARK,39.15994021,-86.55379641
2011,3,3,Weekday,900,2-Car,No injury/unknown,FOLLOWING TOO CLOSELY,BLOOMFIELD RD & LANDMARK,39.15994021,-86.55375313
2011,5,4,Weekday,1600,2-Car,Non-incapacitating,FOLLOWING TOO CLOSELY,BLOOMFIELD RD & LANDMARK,39.15994021,-86.5538016
2011,8,2,Weekday,1400,2-Car,No injury/unknown,UNSAFE BACKING,1300 W BLOOMFIELD RD & 600 S LANDMARK,39.15994021,-86.55379641
2011,4,1,Weekend,100,2-Car,No injury/unknown,FAILURE TO YIELD RIGHT OF WAY,9TH & COLLEGE AVE,39.15988398,-86.53485
2011,8,2,Weekday,2000,Moped/Motorcycle,Non-incapacitating,RAN OFF ROAD RIGHT,BUICK CADILAC DR & CLARIZZ,39.1596,-86.490784
2011,1,6,Weekday,1200,3+ Cars,Non-incapacitating,DISREGARD SIGNAL/REG SIGN,S COLLEGE & W 1RST ST,39.15944,-86.53488
2011,3,6,Weekday,1600,1-Car,Non-incapacitating,SPEED TOO FAST FOR WEATHER CONDITIONS,BLOOMFIELD RD & RANSOM,39.15944,-86.555296
2011,10,4,Weekday,1200,2-Car,No injury/unknown,FAILURE TO YIELD RIGHT OF WAY,CURRY PIKE & STATE ROAD 48,39.1593726,-86.58292002
2011,4,2,Weekday,1400,2-Car,No injury/unknown,FAILURE TO YIELD RIGHT OF WAY,1ST & WALNUT ST,39.15936,-86.53366
2011,1,5,Weekday,1000,2-Car,No injury/unknown,FOLLOWING TOO CLOSELY,E 1ST & S WALNUT ST,39.159344,-86.5336
2011,4,3,Weekday,500,1-Car,No injury/unknown,RAN OFF ROAD RIGHT,E 1ST ST,39.159344,-86.523888
2011,4,4,Weekday,1200,2-Car,No injury/unknown,UNSAFE LANE MOVEMENT,1ST & S WALNUT ST,39.159344,-86.5336
2011,4,5,Weekday,1400,2-Car,Non-incapacitating,FAILURE TO YIELD RIGHT OF WAY,E 1ST ST & S HENDERSON,39.159344,-86.52712
2011,5,2,Weekday,2200,2-Car,Non-incapacitating,FAILURE TO YIELD RIGHT OF WAY,1ST & WALNUT ST,39.159344,-86.5336
2011,5,5,Weekday,1000,Bus,No injury/unknown,OTHER (VEHICLE) - EXPLAIN IN NARRATIVE,E 1ST & S WASHINGTON ST,39.159344,-86.5324
2011,6,2,Weekday,1700,2-Car,No injury/unknown,FOLLOWING TOO CLOSELY,E 1ST ST & S WALNUT,39.159344,-86.5336
2011,6,4,Weekday,1300,2-Car,No injury/unknown,FOLLOWING TOO CLOSELY,E 1ST & S WALNUT ST,39.159344,-86.5336
2011,8,3,Weekday,1600,Moped/Motorcycle,Non-incapacitating,OTHER (DRIVER) - EXPLAIN IN NARRATIVE,1ST ST & FESS,39.159344,-86.525872
2011,10,7,Weekend,1200,2-Car,No injury/unknown,UNSAFE BACKING,WEST 1ST ST,39.159344,-86.53071771
2011,11,2,Weekday,900,2-Car,No injury/unknown,SPEED TOO FAST FOR WEATHER CONDITIONS,1ST ST & HENDERSON,39.15932022,-86.52714014
2011,1,3,Weekday,1600,2-Car,No injury/unknown,SPEED TOO FAST FOR WEATHER CONDITIONS,1ST ST & FESS,39.15932,-86.52594
2011,10,3,Weekday,1500,Moped/Motorcycle,Incapacitating,FAILURE TO YIELD RIGHT OF WAY,EAST 1ST & FESS AVE,39.15932,-86.52594
2011,1,6,Weekend,2200,Pedestrian,Non-incapacitating,SPEED TOO FAST FOR WEATHER CONDITIONS,E 1ST & S WOODLAWN AVE,39.15929,-86.52264
2011,3,7,Weekend,2000,2-Car,No injury/unknown,OTHER (DRIVER) - EXPLAIN IN NARRATIVE,SOUTH RANSON & WEST BLOOMFIELD RD,39.15926,-86.55528
2011,10,5,Weekday,1600,Pedestrian,No injury/unknown,DISREGARD SIGNAL/REG SIGN,1ST & HIGH ST,39.159248,-86.508288
2011,6,3,Weekday,900,2-Car,No injury/unknown,UNSAFE BACKING,S COLLEGE MALL RD,39.159235,-86.497809
2011,8,7,Weekend,1600,1-Car,No injury/unknown,BRAKE FAILURE OR DEFECTIVE,SOUTH CORY LN,39.158956,-86.559889
2011,6,7,Weekend,800,2-Car,No injury/unknown,OTHER (VEHICLE) - EXPLAIN IN NARRATIVE,S BASSWOOD DR,39.15895544,-86.56739205
2011,10,2,Weekday,1100,2-Car,No injury/unknown,FOLLOWING TOO CLOSELY,3RD & COLLEGE MALL RD,39.15895283,-86.49827
2011,2,3,Weekday,900,2-Car,No injury/unknown,SPEED TOO FAST FOR WEATHER CONDITIONS,FIELDSTONE & MONARCH CT,39.1588,-86.60463
2011,9,6,Weekday,1000,Bus,No injury/unknown,OTHER (DRIVER) - EXPLAIN IN NARRATIVE,INDIANA AVE & KIRKWOOD,39.15860878,-86.52692
2011,11,3,Weekday,600,2-Car,No injury/unknown,,S BASSWOOD DR & S MULLER,39.15859,-86.56791
2011,11,4,Weekday,1200,2-Car,No injury/unknown,,BASSWOOD DR & MULLER,39.15858999,-86.56790971
2011,11,2,Weekday,2200,1-Car,No injury/unknown,SPEED TOO FAST FOR WEATHER CONDITIONS,S COLLEGE AVE,39.15849455,-86.53488808
2011,11,4,Weekday,1800,Cyclist,Non-incapacitating,FAILURE TO YIELD RIGHT OF WAY,HENDERSON & WYLIE ST,39.158448,-86.527104
2011,5,7,Weekend,2000,2-Car,No injury/unknown,FOLLOWING TOO CLOSELY,DOYLE & SOUTH CURRY PIKE,39.158352,-86.582752
2011,8,6,Weekday,1600,2-Car,No injury/unknown,DRIVER DISTRACTED - EXPLAIN IN NARRATIVE,DOYLE & S CURRY PIKE,39.158352,-86.582752
2011,12,3,Weekday,100,1-Car,Non-incapacitating,SPEED TOO FAST FOR WEATHER CONDITIONS,S WOODSCREST DR,39.15834323,-86.50050915
2011,10,6,Weekend,1900,1-Car,No injury/unknown,OTHER (DRIVER) - EXPLAIN IN NARRATIVE,S CURRY PIKE,39.15834137,-86.58275165
2011,10,1,Weekend,1000,2-Car,No injury/unknown,,GRANT & WYLIE ST,39.15834,-86.53027
2011,9,3,Weekday,900,2-Car,No injury/unknown,IMPROPER PASSING,AUTO MALL & BUICK CADILLAC BLVD,39.15832,-86.49611
2011,11,6,Weekend,2100,1-Car,No injury/unknown,RAN OFF ROAD RIGHT,WOODSCREST DR & WYNWOOD,39.1583097,-86.50002387
2011,2,2,Weekday,1900,2-Car,No injury/unknown,UNSAFE BACKING,SOUTH BASSWOOD DR,39.15829072,-86.56911652
2011,4,2,Weekday,1500,2-Car,Non-incapacitating,FOLLOWING TOO CLOSELY,E BUICK CADILLAC & S COLLEGE MALL RD,39.15816,-86.497792
2011,4,6,Weekend,2000,2-Car,No injury/unknown,FAILURE TO YIELD RIGHT OF WAY,BUICK CADILLAC & COLLEGE MALL RD,39.15816,-86.497792
2011,9,7,Weekend,1900,2-Car,No injury/unknown,DISREGARD SIGNAL/REG SIGN,BUICK CADILLAC & COLLEGE MALL RD,39.15811,-86.49789
2011,10,6,Weekday,1400,2-Car,Non-incapacitating,DISREGARD SIGNAL/REG SIGN,BUICK CADILLAC & COLLEGE MALL RD,39.15811,-86.49789
2011,9,7,Weekend,2000,2-Car,Non-incapacitating,FOLLOWING TOO CLOSELY,S ANNA LEE & SR 45 ST,39.15803917,-86.55758858
2011,10,5,Weekday,1300,2-Car,No injury/unknown,IMPROPER TURNING,HENDERSON & MAXWELL ST,39.157952,-86.527088
2011,10,1,Weekend,1400,2-Car,No injury/unknown,OTHER (DRIVER) - EXPLAIN IN NARRATIVE,E MAXWELL LN & PARK,39.15792,-86.523696
2011,2,4,Weekday,0,2-Car,No injury/unknown,UNSAFE SPEED,MAXWELL LN,39.157904,-86.5216
2011,4,6,Weekday,1600,2-Car,No injury/unknown,FAILURE TO YIELD RIGHT OF WAY,E MAXWELL & S HAWTHORNE ST,39.157888,-86.520272
2011,10,5,Weekday,1500,2-Car,No injury/unknown,FOLLOWING TOO CLOSELY,HENDERSON ST & MAXWELL,39.15786,-86.52709
2011,8,1,Weekend,1300,2-Car,No injury/unknown,OTHER (DRIVER) - EXPLAIN IN NARRATIVE,17TH & GRANT ST,39.15781336,-86.5297
2011,11,1,Weekend,1300,2-Car,No injury/unknown,FAILURE TO YIELD RIGHT OF WAY,HAWTHORNE & MAXWELL LN,39.15780008,-86.5201798
2011,6,4,Weekday,800,Bus,No injury/unknown,DISREGARD SIGNAL/REG SIGN,HIGH ST & MAXWELL,39.157792,-86.508288
2011,1,5,Weekday,1600,2-Car,No injury/unknown,VIEW OBSTRUCTED,S COLLEGE MALL RD,39.157787,-86.497866
2011,6,7,Weekend,1600,2-Car,No injury/unknown,FAILURE TO YIELD RIGHT OF WAY,MAXWELL & MAXWELL LN,39.157744,-86.503792
2011,4,7,Weekend,1100,2-Car,No injury/unknown,UNSAFE LANE MOVEMENT,GARRISON CHAPEL RD & TRENDMAR,39.157696,-86.646528
2011,1,6,Weekend,2100,2-Car,No injury/unknown,ROADWAY SURFACE CONDITION,S ROGERS ST & W DODDS,39.157616,-86.538592
2011,2,2,Weekday,1500,2-Car,Non-incapacitating,FOLLOWING TOO CLOSELY,S ROGERS ST & W DODDS,39.157616,-86.538592
2011,8,3,Weekday,0,2-Car,No injury/unknown,FAILURE TO YIELD RIGHT OF WAY,DODDS & ROGERS ST,39.157616,-86.538592
2011,10,2,Weekday,1700,2-Car,Non-incapacitating,IMPROPER LANE USAGE,GOODNIGHT & S CLARIZZ BLVD,39.15759409,-86.49038315
2011,10,5,Weekday,1900,Pedestrian,Non-incapacitating,PEDESTRIAN ACTION,ADAIR & PLEASANT RIDGE RD,39.15757365,-86.48885116
2011,1,5,Weekday,1100,1-Car,No injury/unknown,SPEED TOO FAST FOR WEATHER CONDITIONS,BRIGHTON CRST & SMITH,39.157552,-86.480592
2011,4,6,Weekday,1200,2-Car,No injury/unknown,FAILURE TO YIELD RIGHT OF WAY,SO FAIRVIEW & W DODDS ST,39.15752,-86.54103606
2011,11,4,Weekday,2200,2-Car,No injury/unknown,IMPROPER TURNING,DODDS ST & FAIRVIEW,39.15751979,-86.54102995
2011,7,3,Weekday,1300,2-Car,No injury/unknown,FAILURE TO YIELD RIGHT OF WAY,DODDS & LINCOLN ST,39.157504,-86.531104
2011,4,1,Weekend,0,2-Car,No injury/unknown,OTHER (DRIVER) - EXPLAIN IN NARRATIVE,BASSWOOD DR,39.15748476,-86.57118607
2011,10,6,Weekday,700,Moped/Motorcycle,Non-incapacitating,FAILURE TO YIELD RIGHT OF WAY,BLOOMFIELD RD & CORY,39.15743952,-86.55932349
2011,6,4,Weekday,1600,2-Car,No injury/unknown,FAILURE TO YIELD RIGHT OF WAY,DODDS & WALNUT ST,39.15742,-86.53365
2011,4,1,Weekend,100,1-Car,No injury/unknown,RAN OFF ROAD RIGHT,NOTA DR,39.15727,-86.503055
2011,7,5,Weekday,1700,2-Car,No injury/unknown,UNSAFE BACKING,S CORY LN & W BLOOMFIELD,39.157248,-86.559792
2011,8,6,Weekday,1000,2-Car,No injury/unknown,FOLLOWING TOO CLOSELY,BLOOMFIELD & CORY LN,39.157248,-86.559792
2011,2,7,Weekend,1700,2-Car,No injury/unknown,ACCELERATOR FAILURE OR DEFECTIVE,SOUTH COLLEGE MALL RD,39.15720813,-86.49780252
2011,8,5,Weekday,1600,2-Car,No injury/unknown,FAILURE TO YIELD RIGHT OF WAY,SOUTH LIBERTY DR & WEST 3RD,39.15719629,-86.57913641
2011,11,4,Weekday,1500,2-Car,No injury/unknown,UNSAFE BACKING,S COLLEGE MALL RD,39.157142,-86.497819