Year,Month,Day,Weekend?,Hour,Collision Type,Injury Type,Primary Factor,Reported_Location,Latitude,Longitude
2011,4,5,Weekday,1800,2-Car,No injury/unknown,UNSAFE BACKING,S LEONARD SPRINGS RD,39.142048,-86.582592
2011,6,6,Weekday,900,2-Car,No injury/unknown,FOLLOWING TOO CLOSELY,CURRY PK & SR 45 RTE,39.142048,-86.582592
2011,6,4,Weekday,1600,2-Car,No injury/unknown,FAILURE TO YIELD RIGHT OF WAY,LEONARD SPRINGS & SR45W,39.142048,-86.582592
2011,7,7,Weekend,1200,2-Car,No injury/unknown,UNSAFE LANE MOVEMENT,S LEONARD SPRINGS & SR45W,39.142048,-86.582592
2011,7,3,Weekday,1600,2-Car,No injury/unknown,FOLLOWING TOO CLOSELY,CURRY & SR45W,39.142048,-86.582592
2011,8,5,Weekday,1600,2-Car,No injury/unknown,DRIVER ILLNESS,CURRY PIKE & SR45,39.142048,-86.582592
2011,9,6,Weekday,1600,2-Car,No injury/unknown,OTHER (VEHICLE) - EXPLAIN IN NARRATIVE,S LEONARD SPRINGS RD & SR45,39.142048,-86.582592
2011,10,2,Weekday,1400,2-Car,No injury/unknown,FOLLOWING TOO CLOSELY,CURRY & SR45W,39.142048,-86.582592
2011,11,5,Weekday,2000,2-Car,No injury/unknown,FAILURE TO YIELD RIGHT OF WAY,CURRY PIKE & SR45,39.142048,-86.582592
2011,2,6,Weekday,700,2-Car,Non-incapacitating,OTHER (DRIVER) - EXPLAIN IN NARRATIVE,BLOOMFIELD RD & CURRY,39.14202701,-86.58260822
2011,4,6,Weekday,1800,2-Car,Non-incapacitating,IMPROPER LANE USAGE,CURRY PIKE & SR 45,39.14195,-86.58259
2011,11,6,Weekday,1700,2-Car,No injury/unknown,DRIVER DISTRACTED - EXPLAIN IN NARRATIVE,LEONARD SPRINGS RD & SR45W,39.14191534,-86.582572
2011,1,3,Weekday,1500,Bus,No injury/unknown,FAILURE TO YIELD RIGHT OF WAY,CLARIZZ & COVENANTER DR,39.14191047,-86.49056252
2011,3,2,Weekday,1400,2-Car,No injury/unknown,FOLLOWING TOO CLOSELY,S HENDERSON ST & WYLIE FARM,39.14191,-86.52694
2011,5,3,Weekday,2000,Pedestrian,Incapacitating,UNSAFE BACKING,S LEONARD SPRINGS RD,39.14187494,-86.58259037
2011,7,1,Weekend,1200,2-Car,No injury/unknown,UNSAFE BACKING,S LEONARD SPRINGS ROAD RD,39.14187494,-86.58259037
2011,9,3,Weekday,1400,Pedestrian,Non-incapacitating,FAILURE TO YIELD RIGHT OF WAY,S LEONARD SPRINGS RD,39.14187494,-86.58259037
2011,10,4,Weekday,1400,2-Car,No injury/unknown,UNSAFE BACKING,S LEONARD SPRINGS RD,39.14187494,-86.58259037
2011,5,6,Weekday,1800,2-Car,No injury/unknown,FAILURE TO YIELD RIGHT OF WAY,WEST STATE ROAD 45 HWY,39.141847,-86.582755
2011,6,6,Weekday,1400,2-Car,Non-incapacitating,DRIVER DISTRACTED - EXPLAIN IN NARRATIVE,S WALNUT ST & SOUTH,39.14173578,-86.53114736
2011,8,6,Weekday,700,1-Car,No injury/unknown,OTHER (DRIVER) - EXPLAIN IN NARRATIVE,S BROWN AVE,39.14159445,-86.54202808
2011,3,3,Weekday,1600,2-Car,Non-incapacitating,FOLLOWING TOO CLOSELY,LEONARD SPRINGS & SR45W,39.14145928,-86.58418054
2011,2,3,Weekday,1200,Bus,No injury/unknown,UNSAFE BACKING,S ROCKPORT RD,39.14144,-86.543632
2011,6,7,Weekend,500,2-Car,No injury/unknown,IMPROPER LANE USAGE,SOUTH & WALNUT ST,39.14138005,-86.53088525
2011,6,6,Weekday,700,3+ Cars,No injury/unknown,FOLLOWING TOO CLOSELY,CURRY & SR45W,39.14134894,-86.58450352
2011,4,6,Weekday,1400,2-Car,No injury/unknown,FAILURE TO YIELD RIGHT OF WAY,S ROGERS ST & W COOLIDGE,39.141328,-86.538528
2011,11,3,Weekday,800,2-Car,No injury/unknown,UNSAFE BACKING,WOOLERY MILL RD,39.14127968,-86.55037477
2011,9,4,Weekday,800,2-Car,Non-incapacitating,UNSAFE SPEED,COOLIDGE & ROCKPORT RD,39.14127899,-86.54379699
2011,10,3,Weekday,1500,2-Car,Non-incapacitating,FOLLOWING TOO CLOSELY,COOLIDGE & RODGERS ST,39.14125315,-86.53882921
2011,1,1,Weekday,2300,3+ Cars,No injury/unknown,RAN OFF ROAD RIGHT,COOLIDGE & ROGERS ST,39.14124,-86.53881
2011,10,2,Weekday,1500,1-Car,No injury/unknown,UNSAFE SPEED,BENT TREE DR & WYLIE FARM,39.14108,-86.52172
2011,10,5,Weekday,2000,2-Car,No injury/unknown,OTHER (DRIVER) - EXPLAIN IN NARRATIVE,SOUTH ROCKPORT RD,39.14106,-86.544119
2011,11,5,Weekday,1300,2-Car,Non-incapacitating,OTHER TELEMATICS IN USE,SOUTH ROCKPORT RD,39.14106,-86.544119
2011,5,6,Weekday,1600,2-Car,No injury/unknown,UNSAFE BACKING,SARE & SPICEWOOD LN,39.14093,-86.49658
2011,6,5,Weekday,900,1-Car,No injury/unknown,OTHER (ENVIRONMENTAL) - EXPLAIN IN NARR,SPICER LANE LN,39.14071977,-86.6529525
2011,1,1,Weekend,300,1-Car,Non-incapacitating,RAN OFF ROAD RIGHT,POINTE & STRAIN RIDGE RD,39.14031428,-86.51688
2011,11,3,Weekday,800,2-Car,No injury/unknown,OTHER (DRIVER) - EXPLAIN IN NARRATIVE,BALFOUR & NORTH JORDAN AVE,39.14009301,-86.51259988
2011,11,3,Weekday,1000,2-Car,No injury/unknown,FAILURE TO YIELD RIGHT OF WAY,FORD & GRAHAM DR,39.14001101,-86.54112041
2011,6,6,Weekday,700,2-Car,Non-incapacitating,FOLLOWING TOO CLOSELY,HILLSIDE & ROGERS ST,39.13999935,-86.53876
2011,2,7,Weekend,1900,2-Car,No injury/unknown,FOLLOWING TOO CLOSELY,S ROGERS ST & W GRAHAM,39.13992,-86.538416
2011,12,4,Weekday,2300,1-Car,No injury/unknown,RAN OFF ROAD RIGHT,AIRPORT & ENDWRIGHT RD,39.13986897,-86.59634723
2011,5,4,Weekday,1400,2-Car,No injury/unknown,OTHER (DRIVER) - EXPLAIN IN NARRATIVE,10TH & CAMPBELL ST,39.13986101,-86.51394
2011,6,3,Weekday,1000,1-Car,No injury/unknown,ANIMAL/OBJECT IN ROADWAY,SR37S & W TAPP,39.13978646,-86.57292991
2011,4,1,Weekday,1900,1-Car,No injury/unknown,UNSAFE SPEED,BRYAN & GRAHAM DR,39.13976,-86.53642
2011,10,1,Weekend,300,2-Car,No injury/unknown,OTHER (DRIVER) - EXPLAIN IN NARRATIVE,S FORRESTER DR,39.139587,-86.492698
2011,3,1,Weekday,2300,2-Car,No injury/unknown,OTHER (DRIVER) - EXPLAIN IN NARRATIVE,PINE MEADOWS DR & TWIN OAKS VALLEY,39.139576,-86.55035399
2011,12,5,Weekday,1900,2-Car,No injury/unknown,IMPROPER LANE USAGE,S HIGHLAND AVE,39.13951412,-86.51756532
2011,12,2,Weekday,900,2-Car,No injury/unknown,IMPROPER TURNING,S HIGHLAND AVE,39.13951412,-86.51756532
2011,6,3,Weekday,1600,2-Car,No injury/unknown,IMPROPER TURNING,S HIGHLAND AVE,39.13950428,-86.51762373
2011,11,7,Weekend,1600,1-Car,Non-incapacitating,RAN OFF ROAD RIGHT,TAPP & WEIMER RD,39.13925856,-86.56203042
2011,12,2,Weekday,1700,2-Car,No injury/unknown,FOLLOWING TOO CLOSELY,BUTTONWOOD & SARE RD,39.13920969,-86.49654015
2011,2,7,Weekend,1500,2-Car,No injury/unknown,UNSAFE BACKING,E GRAHAM PL,39.138811,-86.528022
2011,6,6,Weekday,1400,1-Car,No injury/unknown,UNSAFE SPEED,HENNESSEY & ROCKPORT RD,39.13875444,-86.55672021
2011,7,6,Weekday,1800,2-Car,No injury/unknown,UNSAFE BACKING,S  OLD ST RD 37 RD,39.138688,-86.465968
2011,4,3,Weekday,1500,1-Car,No injury/unknown,OTHER (VEHICLE) - EXPLAIN IN NARRATIVE,SR37S & TAPP,39.13868787,-86.57291634
2011,11,5,Weekday,800,1-Car,Non-incapacitating,OTHER (DRIVER) - EXPLAIN IN NARRATIVE,MULBERRY LN,39.138602,-86.490665
2011,12,7,Weekend,200,1-Car,No injury/unknown,ANIMAL/OBJECT IN ROADWAY,ROGERS & SMITH RD,39.13858559,-86.48040205
2011,1,6,Weekend,2200,3+ Cars,No injury/unknown,SPEED TOO FAST FOR WEATHER CONDITIONS,E GRAHAM PL,39.138576,-86.528144
2011,4,7,Weekend,1300,3+ Cars,Non-incapacitating,OTHER (DRIVER) - EXPLAIN IN NARRATIVE,EASTGATE & SR46W,39.13845082,-86.50147033
2011,10,2,Weekday,1900,1-Car,No injury/unknown,ANIMAL/OBJECT IN ROADWAY,SR37S & TAPP,39.13841323,-86.57291295
2011,8,2,Weekday,1900,2-Car,Non-incapacitating,OTHER (DRIVER) - EXPLAIN IN NARRATIVE,SOUTH LEONARD SPRINGS RD & STAPLETON,39.138336,-86.582528
2011,9,1,Weekday,2000,Moped/Motorcycle,Non-incapacitating,RAN OFF ROAD RIGHT,LEONARD SPRINGS RD & STAPLETON,39.138336,-86.582528
2011,5,3,Weekday,800,2-Car,No injury/unknown,FOLLOWING TOO CLOSELY,ROGERS ST & SOUTAR,39.13822295,-86.53845
2011,11,4,Weekday,1400,2-Car,No injury/unknown,INSECURE/LEAKY LOAD,AIRPORT & KIRBY RD,39.13822079,-86.61024005
2011,1,7,Weekend,0,2-Car,No injury/unknown,IMPROPER LANE USAGE,1ST & FESS ST,39.13817397,-86.52594
2011,12,4,Weekday,800,1-Car,No injury/unknown,,E HICKORY STICK DR & E WINSLOW FARM,39.1381704,-86.52016671
2011,5,1,Weekday,2000,2-Car,No injury/unknown,OBSTRUCTION NOT MARKED,LEONARD SPRINGS & SR45W,39.13805706,-86.59176662
2011,1,4,Weekday,500,2-Car,No injury/unknown,,S WINSLOW CT,39.13794514,-86.524
2011,4,6,Weekend,2300,1-Car,No injury/unknown,ANIMAL/OBJECT IN ROADWAY,AIRPORT & SR45W,39.13785055,-86.59211256
2011,4,3,Weekday,1600,2-Car,No injury/unknown,FAILURE TO YIELD RIGHT OF WAY,N WALNUT ST & SOUTH OLD STATE ROAD 37,39.137744,-86.530288
2011,5,2,Weekday,1300,2-Car,Incapacitating,LEFT OF CENTER,SR37N & TAPP,39.13772661,-86.57290448
2011,6,4,Weekday,1700,2-Car,No injury/unknown,UNSAFE BACKING,SOUTH CURRY PIKE,39.13753631,-86.582655
2011,7,6,Weekday,1700,2-Car,No injury/unknown,UNSAFE BACKING,S WALNUT ST,39.137392,-86.529936
2011,11,5,Weekday,800,1-Car,No injury/unknown,OTHER (VEHICLE) - EXPLAIN IN NARRATIVE,RIDGEVIEW & S WALNUT ST,39.13725282,-86.53144
2011,8,1,Weekend,1600,Moped/Motorcycle,Non-incapacitating,UNSAFE LANE MOVEMENT,HENDERSON ST & WINSLOW,39.13724251,-86.52678154
2011,3,5,Weekday,2000,2-Car,No injury/unknown,UNSAFE BACKING,MADISON ST & WATSON,39.1372,-86.537088
2011,11,6,Weekday,1700,2-Car,No injury/unknown,FOLLOWING TOO CLOSELY,AIRPORT & SR45W,39.13718219,-86.59323219
2011,2,6,Weekday,1600,2-Car,No injury/unknown,FAILURE TO YIELD RIGHT OF WAY,S OLD STATE ROAD 37 RD,39.137088,-86.53056
2011,7,1,Weekend,1400,2-Car,No injury/unknown,OTHER (DRIVER) - EXPLAIN IN NARRATIVE,S OLD SR 37 RD,39.137088,-86.53056
2011,3,4,Weekday,1600,2-Car,No injury/unknown,SPEED TOO FAST FOR WEATHER CONDITIONS,RAYLE & TAPP RD,39.13704,-86.577504
2011,3,7,Weekend,2300,2-Car,No injury/unknown,DISREGARD SIGNAL/REG SIGN,SR37S & W TAPP,39.13704,-86.572896
2011,5,4,Weekday,2200,1-Car,No injury/unknown,ANIMAL/OBJECT IN ROADWAY,LEONARD SPRINGS RD & TAPP,39.13704,-86.582512
2011,7,6,Weekday,700,2-Car,No injury/unknown,OTHER (VEHICLE) - EXPLAIN IN NARRATIVE,SR37S & W TAPP,39.13704,-86.572896
2011,7,2,Weekday,1700,2-Car,No injury/unknown,FOLLOWING TOO CLOSELY,LEONARD SPRING RD & TAPP,39.13704,-86.582512
2011,8,3,Weekday,700,3+ Cars,No injury/unknown,DISREGARD SIGNAL/REG SIGN,SR37S & TAPP,39.13704,-86.572896
2011,8,5,Weekday,1800,2-Car,No injury/unknown,IMPROPER TURNING,SR37S & TAPP,39.13704,-86.572896
2011,9,5,Weekday,1400,2-Car,No injury/unknown,FOLLOWING TOO CLOSELY,SR37S & TAPP,39.13704,-86.572896
2011,9,2,Weekday,1000,2-Car,No injury/unknown,FAILURE TO YIELD RIGHT OF WAY,SR37 & W TAPP RD,39.13704,-86.572896
2011,9,7,Weekend,900,2-Car,No injury/unknown,FAILURE TO YIELD RIGHT OF WAY,S LEONARD SPRINGS RD & W TAPP,39.13704,-86.582512
2011,9,6,Weekday,800,2-Car,No injury/unknown,DISREGARD SIGNAL/REG SIGN,SR37 & TAPP,39.13704,-86.572896
2011,12,6,Weekday,1600,2-Car,Non-incapacitating,FOLLOWING TOO CLOSELY,SR37S & TAPP,39.13704,-86.572896
2011,6,3,Weekday,1000,2-Car,No injury/unknown,UNSAFE LANE MOVEMENT,SR37 & TAPP RD,39.13701449,-86.57219163
2011,7,6,Weekday,1800,2-Car,No injury/unknown,BRAKE FAILURE OR DEFECTIVE,SR37N & W TAPP,39.13687521,-86.572896
2011,7,5,Weekday,1700,1-Car,No injury/unknown,OTHER (DRIVER) - EXPLAIN IN NARRATIVE,WEST AIRPORT RD,39.13686477,-86.60612717
2011,1,2,Weekday,1400,2-Car,No injury/unknown,DISREGARD SIGNAL/REG SIGN,AIRPORT & SR45W,39.136848,-86.593792
2011,1,6,Weekend,2300,1-Car,No injury/unknown,DRIVER DISTRACTED - EXPLAIN IN NARRATIVE,SR45W & W AIRPORT,39.136848,-86.593792
2011,1,6,Weekend,2300,1-Car,No injury/unknown,CELL PHONE USAGE,AIRPORT & SR45W,39.136848,-86.593792
2011,4,2,Weekday,800,2-Car,No injury/unknown,FOLLOWING TOO CLOSELY,AIRPORT & SR45E,39.136848,-86.593792
2011,6,5,Weekday,1400,2-Car,Non-incapacitating,UNSAFE SPEED,AIRPORT & SR45W,39.136848,-86.593792
2011,6,6,Weekday,0,1-Car,Non-incapacitating,UNSAFE SPEED,SR45 & W AIRPORT RD,39.136848,-86.593792
2011,8,1,Weekday,2000,1-Car,No injury/unknown,RAN OFF ROAD RIGHT,AIRPORT & ENDRIGHT RD,39.136848,-86.5964
2011,8,5,Weekday,1300,2-Car,No injury/unknown,FOLLOWING TOO CLOSELY,AIRPORT & SR45W,39.136848,-86.593792
2011,9,4,Weekday,1900,2-Car,No injury/unknown,FAILURE TO YIELD RIGHT OF WAY,BUNGER & WEST AIRPORT RD,39.136848,-86.606
2011,11,2,Weekday,700,2-Car,No injury/unknown,DISREGARD SIGNAL/REG SIGN,AIRPORT & SR45W,39.136848,-86.593792
2011,1,5,Weekday,400,2-Car,No injury/unknown,SPEED TOO FAST FOR WEATHER CONDITIONS,LEONARD SPRINGS RD & TAPP,39.13683,-86.58261
2011,6,7,Weekend,1500,2-Car,No injury/unknown,FOLLOWING TOO CLOSELY,LEONARD SPRINGS & TAPP RD,39.13683,-86.58261
2011,8,2,Weekday,1800,Cyclist,Non-incapacitating,FAILURE TO YIELD RIGHT OF WAY,LEONARD SPRINGS RD & TAPP,39.13683,-86.58261
2011,11,3,Weekday,1100,2-Car,Non-incapacitating,LEFT OF CENTER,DANLYAN & TAPP RD,39.13679972,-86.57611995
2011,1,5,Weekday,2300,2-Car,No injury/unknown,OTHER (DRIVER) - EXPLAIN IN NARRATIVE,STATE ROAD 45 RD,39.136783,-86.593838
2011,11,4,Weekday,1600,2-Car,No injury/unknown,FOLLOWING TOO CLOSELY,SR37S & W TAPP,39.13676196,-86.57320781
2011,6,4,Weekday,1200,1-Car,Non-incapacitating,RAN OFF ROAD RIGHT,WALNUT ST & WINSLOW,39.13675123,-86.52690411
2011,1,5,Weekday,1400,2-Car,No injury/unknown,BRAKE FAILURE OR DEFECTIVE,REX GROSSMAN BLVD,39.136739,-86.57087
2011,2,7,Weekend,900,1-Car,No injury/unknown,SPEED TOO FAST FOR WEATHER CONDITIONS,S ADAMS & W TAPP RD,39.13662,-86.55432298
2011,5,4,Weekday,1100,2-Car,No injury/unknown,OTHER (DRIVER) - EXPLAIN IN NARRATIVE,S ADAMS & W TAPP RD,39.13662,-86.55431
2011,10,5,Weekday,1600,2-Car,Non-incapacitating,FOLLOWING TOO CLOSELY,ADAMS & TAPP RD,39.13662,-86.55432731
2011,12,4,Weekday,1400,1-Car,Non-incapacitating,STEERING FAILURE,S ADAMS & W TAPP RD,39.13661786,-86.55431056
2011,2,1,Weekend,900,2-Car,No injury/unknown,UNSAFE SPEED,ADAMS & TAPP RD,39.1365673,-86.55430867
2011,5,6,Weekend,1900,Pedestrian,Non-incapacitating,PEDESTRIAN ACTION,2607 S ADAMS ST & TAPP,39.1365673,-86.55430867
2011,3,6,Weekday,800,2-Car,Non-incapacitating,OTHER (DRIVER) - EXPLAIN IN NARRATIVE,S WEIMER & W TAPP RD,39.136512,-86.562016
2011,4,3,Weekday,800,2-Car,Non-incapacitating,FOLLOWING TOO CLOSELY,TAPP RD RD & WEIMER RD,39.136512,-86.562016
2011,7,6,Weekday,1200,3+ Cars,Non-incapacitating,FOLLOWING TOO CLOSELY,REX GROSSMAN & W TAPP RD RD,39.136512,-86.562016
2011,7,3,Weekday,1200,2-Car,No injury/unknown,FAILURE TO YIELD RIGHT OF WAY,SO WEIMER & W TAPP RD,39.136512,-86.562016
2011,9,3,Weekday,700,2-Car,Non-incapacitating,FOLLOWING TOO CLOSELY,S WEIMER & W TAPP RD,39.136512,-86.562016
2011,1,3,Weekday,800,2-Car,No injury/unknown,IMPROPER PASSING,COUNTRY CLU DR DR & ROCKPORT RD,39.136448,-86.548704
2011,5,4,Weekday,200,2-Car,Non-incapacitating,FOLLOWING TOO CLOSELY,ROCKPORT & TAPP RD,39.136448,-86.548704
2011,9,5,Weekday,1500,3+ Cars,No injury/unknown,,S ROCKPORT & W COUNTRY CLUB DR,39.136448,-86.548704
2011,3,7,Weekend,2100,1-Car,Non-incapacitating,SPEED TOO FAST FOR WEATHER CONDITIONS,HIGH & WINSLOW RD,39.13641362,-86.50834833
2011,5,6,Weekday,900,2-Car,No injury/unknown,FAILURE TO YIELD RIGHT OF WAY,HIGH ST & ROGERS,39.13641362,-86.50808878
2011,6,2,Weekday,1200,2-Car,No injury/unknown,FOLLOWING TOO CLOSELY,HIGH ST & ROGERS,39.13641362,-86.50808878
2011,6,6,Weekday,1600,Moped/Motorcycle,Non-incapacitating,FAILURE TO YIELD RIGHT OF WAY,PINEHURST & TAPP RD,39.13640588,-86.54995501
2011,9,6,Weekday,1500,2-Car,Non-incapacitating,FOLLOWING TOO CLOSELY,E ROGERS RD & S THE STANDS,39.1364,-86.504896
2011,6,4,Weekday,1900,2-Car,No injury/unknown,DISREGARD SIGNAL/REG SIGN,ROCKPORT RD & TAPP,39.13635,-86.54875
2011,9,2,Weekday,1800,2-Car,No injury/unknown,FOLLOWING TOO CLOSELY,ROCKPORT & TAPP RD,39.13635,-86.54875
2011,10,5,Weekday,1400,2-Car,No injury/unknown,FOLLOWING TOO CLOSELY,COUNTRY CLUB RD & ROCKPORT,39.13635,-86.54876731
2011,7,2,Weekday,1700,Pedestrian,Non-incapacitating,VIEW OBSTRUCTED,COUNTRY CLUB DR,39.136212,-86.543504
2011,2,1,Weekend,1100,2-Car,No injury/unknown,UNSAFE BACKING,S WALNUT ST,39.13620872,-86.53099724
2011,1,5,Weekday,1200,1-Car,No injury/unknown,ROADWAY SURFACE CONDITION,E WINSLOW RD & S HIGH,39.136144,-86.508096
2011,1,5,Weekday,1200,1-Car,No injury/unknown,ROADWAY SURFACE CONDITION,E WINSLOW RD & S HIGH,39.136144,-86.508096
2011,1,2,Weekday,900,2-Car,No injury/unknown,FAILURE TO YIELD RIGHT OF WAY,S WALNUT & S WINSLOW RD,39.136144,-86.528688
2011,2,6,Weekday,800,2-Car,No injury/unknown,FAILURE TO YIELD RIGHT OF WAY,HENDERSON ST & WINSLOW,39.136144,-86.5268
2011,3,7,Weekend,800,1-Car,No injury/unknown,RAN OFF ROAD RIGHT,ABBY & E WINSLOW RD,39.136144,-86.511296
2011,4,6,Weekday,800,Bus,No injury/unknown,OTHER (DRIVER) - EXPLAIN IN NARRATIVE,E WINSLOW RD & S HENDERSON,39.136144,-86.5268
2011,5,6,Weekday,1200,2-Car,No injury/unknown,FAILURE TO YIELD RIGHT OF WAY,WALNUT ST & WINSLOW RD,39.136144,-86.528688
2011,6,6,Weekend,1900,2-Car,Non-incapacitating,FAILURE TO YIELD RIGHT OF WAY,HENDERSON ST & WINSLOW,39.136144,-86.5268
2011,9,1,Weekend,1500,2-Car,No injury/unknown,FOLLOWING TOO CLOSELY,WALNUT & WINSLOW RD,39.136144,-86.528688
2011,9,2,Weekday,1900,2-Car,No injury/unknown,FOLLOWING TOO CLOSELY,ABBY & WINSLOW RD,39.136144,-86.511296
2011,9,5,Weekday,1700,3+ Cars,No injury/unknown,BRAKE FAILURE OR DEFECTIVE,EAST WINSLOW RD & HENDERSON,39.136144,-86.5268
2011,10,5,Weekday,1600,2-Car,No injury/unknown,FAILURE TO YIELD RIGHT OF WAY,WALNUT ST & WINSLOW,39.136144,-86.528688
2011,10,4,Weekday,800,2-Car,No injury/unknown,FAILURE TO YIELD RIGHT OF WAY,WESTMINSTER & WINSLOW RD,39.136144,-86.521888
2011,10,6,Weekday,700,Bus,No injury/unknown,UNSAFE BACKING,WALNUT ST ST,39.136144,-86.528688
2011,12,3,Weekday,1400,2-Car,Non-incapacitating,FOLLOWING TOO CLOSELY,WINSLOW & WINSLOW RD,39.136144,-86.523744
2011,4,2,Weekday,1600,2-Car,No injury/unknown,FAILURE TO YIELD RIGHT OF WAY,WALNUT & WINSLOW RD,39.1361416,-86.52833537
2011,10,4,Weekday,1700,2-Car,No injury/unknown,SPEED TOO FAST FOR WEATHER CONDITIONS,WALNUT & WINSLOW RD,39.1361416,-86.52833537
2011,7,2,Weekday,1600,3+ Cars,No injury/unknown,DRIVER ASLEEP OR FATIGUED,WALNUT STREET & WINSLOW RD,39.1361266,-86.52763029
2011,7,5,Weekday,1300,2-Car,Non-incapacitating,UNSAFE SPEED,ALLENDALE & WINSLOW RD,39.136096,-86.516
2011,10,2,Weekday,1000,2-Car,Non-incapacitating,FOLLOWING TOO CLOSELY,COUNTRY CLUB DR & MILTON,39.13609,-86.53936269
2011,3,6,Weekday,1500,2-Car,No injury/unknown,FAILURE TO YIELD RIGHT OF WAY,COUNTRY CLUB DR & ROGERS,39.13608,-86.538096
2011,4,6,Weekday,1000,2-Car,No injury/unknown,OTHER (DRIVER) - EXPLAIN IN NARRATIVE,E WINSLOW RD,39.13608,-86.529792
2011,4,2,Weekday,2200,2-Car,Non-incapacitating,FOLLOWING TOO CLOSELY,S ROGERS & W COUNTRY CLUB DR,39.13606885,-86.53826058
2011,8,3,Weekday,1200,2-Car,No injury/unknown,FOLLOWING TOO CLOSELY,COUNTRY CLUB DR & ROGERS,39.13606468,-86.53756736
2011,2,6,Weekend,2100,1-Car,No injury/unknown,SPEED TOO FAST FOR WEATHER CONDITIONS,EAST ROGERS RD & SOUTH SMITH,39.13604479,-86.48067059
2011,4,6,Weekday,1000,2-Car,No injury/unknown,FAILURE TO YIELD RIGHT OF WAY,COUNTRYCLUB DR & ROGERS,39.13604,-86.53827
2011,5,5,Weekday,1400,2-Car,Non-incapacitating,FAILURE TO YIELD RIGHT OF WAY,E WINSLOW & S HENDERSON ST,39.13604,-86.52688
2011,10,3,Weekday,1900,1-Car,No injury/unknown,ANIMAL/OBJECT IN ROADWAY,SR37S & ZIKES,39.04396287,-86.53584423
2011,8,6,Weekday,800,2-Car,No injury/unknown,FOLLOWING TOO CLOSELY,EAST WINSLOW RD & HENDERSON,39.13604,-86.52688865
2011,8,1,Weekday,1900,3+ Cars,No injury/unknown,FOLLOWING TOO CLOSELY,COUNTRY CLUB & ROGERS ST,39.13604,-86.53827
2011,9,3,Weekday,1700,2-Car,No injury/unknown,FOLLOWING TOO CLOSELY,COUNTRY CLUB & ROGERS ST,39.13604,-86.53827
2011,10,7,Weekend,2000,2-Car,No injury/unknown,FOLLOWING TOO CLOSELY,S ROGERS ST & W COUNTRY CLUB,39.13604,-86.53827
2011,11,3,Weekday,1700,2-Car,No injury/unknown,FAILURE TO YIELD RIGHT OF WAY,SOUTH HENDERSON ST & WINSLOW,39.13604,-86.52688
2011,12,2,Weekday,600,2-Car,No injury/unknown,FOLLOWING TOO CLOSELY,S ROGERS ST & W COUNTRYCLUB,39.13603619,-86.53826525
2011,11,2,Weekday,1500,2-Car,No injury/unknown,FOLLOWING TOO CLOSELY,COUNTRY CLUB DR & MADISON,39.13601383,-86.53628803
2011,9,4,Weekday,1700,2-Car,No injury/unknown,FAILURE TO YIELD RIGHT OF WAY,COUNTRY CLUB DR & MADISON,39.13601,-86.53712
2011,4,1,Weekend,1700,2-Car,No injury/unknown,FAILURE TO YIELD RIGHT OF WAY,WALNUT STREET & WINSLOW RD,39.13599,-86.5288
2011,5,7,Weekend,1100,2-Car,No injury/unknown,OTHER (DRIVER) - EXPLAIN IN NARRATIVE,WINSLOW RD,39.13599,-86.528726
2011,3,5,Weekday,1600,2-Car,No injury/unknown,FAILURE TO YIELD RIGHT OF WAY,EAST WINSLOW RD & WALNUT ST,39.13597991,-86.52879109
2011,6,6,Weekday,1100,3+ Cars,No injury/unknown,DRIVER DISTRACTED - EXPLAIN IN NARRATIVE,S WALNUT & W COUNTRY CLUB DR,39.13597991,-86.5311047
2011,1,1,Weekend,1000,2-Car,No injury/unknown,FAILURE TO YIELD RIGHT OF WAY,COUNTRY CLUB & WALNUT ST,39.13597,-86.53111
2011,3,4,Weekday,1700,2-Car,No injury/unknown,FAILURE TO YIELD RIGHT OF WAY,COUNTRY CLUB & S WALNUT ST,39.13597,-86.53111
2011,5,2,Weekday,1600,2-Car,Non-incapacitating,FAILURE TO YIELD RIGHT OF WAY,S WALNUT & W COUNTRY CLUB DR,39.13597,-86.53111
2011,9,3,Weekday,400,2-Car,No injury/unknown,FAILURE TO YIELD RIGHT OF WAY,COUNTRY CLUB & WALNUT ST,39.13597,-86.53111
2011,10,3,Weekday,1800,Moped/Motorcycle,Non-incapacitating,FAILURE TO YIELD RIGHT OF WAY,SOUTH WALNUT & WINSLOW RD,39.13597,-86.53111
2011,10,4,Weekday,1600,Moped/Motorcycle,Non-incapacitating,DISREGARD SIGNAL/REG SIGN,COUNTRY CLUB & WALNUT ST,39.13597,-86.53111
2011,10,4,Weekday,1500,2-Car,Non-incapacitating,FOLLOWING TOO CLOSELY,WALNUT ST & WINSLOW,39.13597,-86.53111
2011,11,5,Weekday,1500,2-Car,No injury/unknown,FOLLOWING TOO CLOSELY,WALNUT ST & WINSLOW,39.13597,-86.53111
2011,9,3,Weekday,1400,2-Car,No injury/unknown,FOLLOWING TOO CLOSELY,COUNTRY CLUB DR & MADISON,39.13596101,-86.53523221
2011,12,2,Weekday,1200,2-Car,No injury/unknown,FAILURE TO YIELD RIGHT OF WAY,ROGERS RD & SARE,39.13596019,-86.4965301