Year,Month,Day,Weekend?,Hour,Collision Type,Injury Type,Primary Factor,Reported_Location,Latitude,Longitude
2011,3,2,Weekday,2100,2-Car,No injury/unknown,FAILURE TO YIELD RIGHT OF WAY,ROGERS & SARE RD,39.13596,-86.49653
2011,6,6,Weekday,1400,2-Car,Non-incapacitating,FAILURE TO YIELD RIGHT OF WAY,E ROGERS & S SARE RD,39.13596,-86.49653
2011,10,1,Weekday,1900,2-Car,No injury/unknown,FAILURE TO YIELD RIGHT OF WAY,E ROGERS RD & S SARE,39.13596,-86.49653
2011,8,3,Weekday,1200,2-Car,No injury/unknown,FOLLOWING TOO CLOSELY,FARINGTON & LEONARD SPRINGS RD,39.13589,-86.58261
2011,10,7,Weekend,1400,1-Car,No injury/unknown,OTHER (DRIVER) - EXPLAIN IN NARRATIVE,ROGERS & SOMERSBE PL,39.135888,-86.498304
2011,7,7,Weekend,2300,2-Car,Non-incapacitating,UNSAFE BACKING,ROGERS RD & S SARE,39.13584,-86.496288
2011,11,3,Weekday,1700,2-Car,No injury/unknown,SPEED TOO FAST FOR WEATHER CONDITIONS,ROGERS & SARE RD,39.13584,-86.496288
2011,8,3,Weekday,1500,1-Car,No injury/unknown,UNSAFE SPEED,ROCKPORT RD & TAPP,39.13578496,-86.54933215
2011,6,6,Weekend,2100,2-Car,No injury/unknown,LEFT OF CENTER,N ROGERS ST & S SNODDY,39.13576,-86.489488
2011,1,5,Weekday,2000,1-Car,No injury/unknown,RAN OFF ROAD RIGHT,E ROGERS & SADDLEBROOK LN,39.1357306,-86.48727174
2011,2,6,Weekday,400,1-Car,No injury/unknown,LEFT OF CENTER,KNIGHT RIDGE & SR446S,39.135648,-86.462
2011,9,6,Weekday,1000,1-Car,No injury/unknown,UNSAFE SPEED,KNIGHTRIDGE RD & SR446N,39.135648,-86.462
2011,12,3,Weekday,700,2-Car,Non-incapacitating,FOLLOWING TOO CLOSELY,S KNIGHTRIDGE ROAD RD & SR446,39.135648,-86.462
2011,5,6,Weekday,1500,2-Car,No injury/unknown,FOLLOWING TOO CLOSELY,AIRPORT & SR45W,39.13545218,-86.59573464
2011,7,2,Weekday,1500,2-Car,No injury/unknown,UNSAFE BACKING,CARNABY ST,39.135418,-86.520921
2011,9,7,Weekend,1100,2-Car,No injury/unknown,UNSAFE BACKING,CARNABY & WESTMINSTER WAY,39.135152,-86.521696
2011,3,3,Weekday,1600,Pedestrian,Non-incapacitating,PEDESTRIAN ACTION,SOUTH WALNUT ST,39.13507491,-86.5312841
2011,4,6,Weekday,1500,2-Car,No injury/unknown,FOLLOWING TOO CLOSELY,DUNCAN & SR45W,39.13504,-86.596192
2011,11,4,Weekday,1500,2-Car,Non-incapacitating,DRIVER DISTRACTED - EXPLAIN IN NARRATIVE,SOUTH DUNCAN & SR45W,39.13504,-86.596192
2011,11,3,Weekday,700,2-Car,No injury/unknown,FOLLOWING TOO CLOSELY,DUNCAN & SR45W,39.13504,-86.596192
2011,11,2,Weekday,2300,1-Car,No injury/unknown,ANIMAL/OBJECT IN ROADWAY,DUNCAN & SR45W,39.13494797,-86.59632288
2011,5,1,Weekend,1500,2-Car,No injury/unknown,UNSAFE BACKING,SOUTH WALNUT ST,39.13493147,-86.5313046
2011,2,2,Weekday,1500,2-Car,No injury/unknown,FAILURE TO YIELD RIGHT OF WAY,SOUTH WALNUT ST,39.13476755,-86.53133875
2011,3,3,Weekday,1600,2-Car,No injury/unknown,UNSAFE BACKING,SOUTH WALNUT ST,39.13476755,-86.53133875
2011,7,7,Weekend,1900,2-Car,No injury/unknown,UNSAFE BACKING,ACADIA CT,39.13464,-86.518951
2011,9,7,Weekend,1700,2-Car,No injury/unknown,OTHER (DRIVER) - EXPLAIN IN NARRATIVE,FAIRINGTON RD & INDIAN CREEK,39.134544,-86.575312
2011,5,5,Weekday,1600,2-Car,No injury/unknown,FOLLOWING TOO CLOSELY,DUNCAN & SR45W,39.1344878,-86.59697726
2011,8,4,Weekday,1300,2-Car,No injury/unknown,UNSAFE BACKING,S WALNUT ST,39.13432546,-86.52733091
2011,10,4,Weekday,600,2-Car,No injury/unknown,FAILURE TO YIELD RIGHT OF WAY,HENDERSON ST & WALNUT ST,39.133744,-86.526896
2011,9,2,Weekday,1900,2-Car,No injury/unknown,,3836 S LAURA WAY & HEATHER,39.13368491,-86.51916735
2011,4,5,Weekday,800,2-Car,No injury/unknown,FOLLOWING TOO CLOSELY,SR37N & TAPP,39.13363424,-86.572896
2011,7,7,Weekend,2300,1-Car,No injury/unknown,RAN OFF ROAD RIGHT,CRAMER CIR & TIFFANY,39.13317311,-86.5459
2011,10,5,Weekday,1600,2-Car,No injury/unknown,FAILURE TO YIELD RIGHT OF WAY,S ROGERS ST & W PATTERSON,39.13264695,-86.53875
2011,12,7,Weekend,1200,2-Car,No injury/unknown,FAILURE TO YIELD RIGHT OF WAY,3RD & COLLEGE MALL RD,39.13251703,-86.49827018
2011,12,7,Weekend,2000,2-Car,Non-incapacitating,FOLLOWING TOO CLOSELY,3RD & COLLEGE MALL RD,39.13251703,-86.49827018
2011,5,4,Weekday,0,1-Car,No injury/unknown,UNSAFE SPEED,GARDNER RD & GARRISON CHAPEL,39.13244808,-86.6523423
2011,9,7,Weekend,0,1-Car,No injury/unknown,OVERCORRECTING/OVERSTEERING,CLEAR CREEK & ROGERS ST,39.13230004,-86.53977
2011,10,7,Weekend,2200,1-Car,No injury/unknown,RAN OFF ROAD RIGHT,SOUTH GARRISON CHAPEL RD,39.132258,-86.642917
2011,9,1,Weekday,2000,2-Car,No injury/unknown,LEFT OF CENTER,W GORDON PIKE,39.13152,-86.677664
2011,10,5,Weekday,700,Pedestrian,Non-incapacitating,FAILURE TO YIELD RIGHT OF WAY,PINEWOOD DR & WALNUT,39.13152,-86.53143
2011,9,4,Weekday,900,3+ Cars,No injury/unknown,DRIVER DISTRACTED - EXPLAIN IN NARRATIVE,BUNGER & SR45W,39.13113338,-86.60164378
2011,11,6,Weekend,1900,1-Car,No injury/unknown,ANIMAL/OBJECT IN ROADWAY,BUNGER & SR45,39.13113338,-86.60164378
2011,8,3,Weekday,2200,1-Car,No injury/unknown,OTHER (DRIVER) - EXPLAIN IN NARRATIVE,SR446N & SWARTZ RIDGE,39.1310152,-86.44649921
2011,9,4,Weekday,700,1-Car,No injury/unknown,ANIMAL/OBJECT IN ROADWAY,KNIGHT RIDGE ROAD & SR446S,39.13101474,-86.44632879
2011,1,2,Weekday,1900,2-Car,No injury/unknown,FAILURE TO YIELD RIGHT OF WAY,3000 S WALNUT STREET PIKE & ALLENDALE,39.130944,-86.526688
2011,2,6,Weekday,1700,2-Car,Non-incapacitating,UNSAFE BACKING,S SARE RD,39.13071042,-86.50185282
2011,1,7,Weekend,300,1-Car,No injury/unknown,RAN OFF ROAD RIGHT,BUNGER & SR45W,39.13024098,-86.60298341
2011,7,7,Weekend,1500,2-Car,Non-incapacitating,FOLLOWING TOO CLOSELY,SOUTH & WALNUT ST,39.130177,-86.526808
2011,12,3,Weekday,700,2-Car,No injury/unknown,FOLLOWING TOO CLOSELY,SR37 & TAPP,39.12989888,-86.572896
2011,10,1,Weekend,1500,Bus,No injury/unknown,OTHER (DRIVER) - EXPLAIN IN NARRATIVE,BALFOUR & JORDAN AVE,39.12948117,-86.51263769
2011,3,4,Weekday,1700,3+ Cars,Non-incapacitating,SPEED TOO FAST FOR WEATHER CONDITIONS,BUNGER & SR45W,39.12936,-86.604336
2011,6,5,Weekday,1500,3+ Cars,Non-incapacitating,OTHER (DRIVER) - EXPLAIN IN NARRATIVE,S BUNGER & SR45S,39.12936,-86.604336
2011,6,7,Weekend,1300,2-Car,No injury/unknown,DRIVER DISTRACTED - EXPLAIN IN NARRATIVE,S BUNGER & SR45W,39.12925452,-86.60449857
2011,9,5,Weekday,1800,2-Car,No injury/unknown,UNSAFE BACKING,LILAC LN,39.128921,-86.585135
2011,5,6,Weekday,800,2-Car,No injury/unknown,UNSAFE BACKING,SR45 RD,39.12881845,-86.60504332
2011,3,1,Weekend,0,1-Car,No injury/unknown,RAN OFF ROAD RIGHT,FAIRFAX RD & MCCORMICK,39.12842216,-86.50779
2011,5,7,Weekend,0,2-Car,No injury/unknown,OTHER (DRIVER) - EXPLAIN IN NARRATIVE,WALNUT SPRINGS DR,39.12828863,-86.52679545
2011,9,7,Weekend,1600,2-Car,No injury/unknown,OTHER (DRIVER) - EXPLAIN IN NARRATIVE,LEONARD SPRINGS & WOODHAVEN DR,39.12826,-86.58257329
2011,9,1,Weekday,2000,2-Car,No injury/unknown,DISREGARD SIGNAL/REG SIGN,S DAWSON & S MCDOUGAL ST,39.12821,-86.55501
2011,4,2,Weekday,1700,2-Car,No injury/unknown,UNSAFE BACKING,S WALNUT ST,39.127952,-86.5268
2011,1,2,Weekday,1900,2-Car,No injury/unknown,FOLLOWING TOO CLOSELY,ISON & SR45W,39.12790321,-86.60654596
2011,9,4,Weekday,800,1-Car,No injury/unknown,FOLLOWING TOO CLOSELY,ISON & SR45W,39.12790321,-86.60655029
2011,11,6,Weekday,1700,2-Car,No injury/unknown,DRIVER DISTRACTED - EXPLAIN IN NARRATIVE,ISON & SR45E,39.12790321,-86.60655462
2011,6,7,Weekend,1100,2-Car,No injury/unknown,FOLLOWING TOO CLOSELY,ISON & SR45W,39.12788004,-86.60652011
2011,11,5,Weekday,1900,1-Car,No injury/unknown,ANIMAL/OBJECT IN ROADWAY,S ISON & SR45W,39.12788004,-86.60651578
2011,12,1,Weekday,1900,1-Car,No injury/unknown,ANIMAL/OBJECT IN ROADWAY,ISON & SR45W,39.12788004,-86.60649846
2011,4,5,Weekday,1300,3+ Cars,Non-incapacitating,FOLLOWING TOO CLOSELY,EASTGATE & SR46N,39.12787487,-86.50147033
2011,10,2,Weekday,700,2-Car,No injury/unknown,DISREGARD SIGNAL/REG SIGN,E CANADA & S THE STANDS DR,39.12781,-86.51012
2011,6,1,Weekend,900,2-Car,No injury/unknown,OTHER (VEHICLE) - EXPLAIN IN NARRATIVE,W WOODMERE & WOODHAVEN DR,39.127664,-86.578736
2011,5,2,Weekday,1500,2-Car,No injury/unknown,IMPROPER PASSING,ROGERS ST & TERRACE,39.127616,-86.538688
2011,5,7,Weekend,1700,Moped/Motorcycle,No injury/unknown,FAILURE TO YIELD RIGHT OF WAY,SOUTH ROGERS ST & TERRACE,39.127616,-86.538688
2011,9,6,Weekday,1800,2-Car,No injury/unknown,FAILURE TO YIELD RIGHT OF WAY,S WALNUT STREET PIKE,39.12716835,-86.52677353
2011,3,2,Weekday,1100,Pedestrian,Non-incapacitating,OTHER (DRIVER) - EXPLAIN IN NARRATIVE,3650 W HEATHERWOOD LN LN,39.127123,-86.584206
2011,10,2,Weekday,600,3+ Cars,Non-incapacitating,LEFT OF CENTER,GILLHAM & SR45S,39.12709947,-86.6110129
2011,6,4,Weekday,2300,Pedestrian,Non-incapacitating,ENGINE FAILURE OR DEFECTIVE,HEATHERWOOD & S LEONARD SPRINGS RD,39.126976,-86.582464
2011,10,6,Weekday,1100,2-Car,Non-incapacitating,FOLLOWING TOO CLOSELY,S LEONARD SPRINGS ROAD & W LEONARD SPRINGS ROAD RD,39.126976,-86.582464
2011,6,5,Weekday,1300,1-Car,No injury/unknown,RAN OFF ROAD RIGHT,HEATHERWOOD LN & LEONARD SPRING,39.12679,-86.58253671
2011,2,4,Weekday,1200,2-Car,No injury/unknown,FOLLOWING TOO CLOSELY,BURKS & S WALNUT ST,39.12669768,-86.5313729
2011,12,7,Weekend,1100,Pedestrian,Non-incapacitating,UNSAFE BACKING,E BURKS DR,39.1266194,-86.52957223
2011,11,2,Weekday,1200,2-Car,No injury/unknown,SPEED TOO FAST FOR WEATHER CONDITIONS,CANADA & SARE RD,39.12658989,-86.50429978
2011,3,5,Weekday,600,1-Car,No injury/unknown,DRIVER ILLNESS,S WALNUT ST,39.12631655,-86.52674475
2011,8,4,Weekday,1100,2-Car,No injury/unknown,IMPROPER LANE USAGE,S WALNUT ST PIKE,39.12631655,-86.52674475
2011,8,6,Weekday,300,1-Car,No injury/unknown,OTHER (DRIVER) - EXPLAIN IN NARRATIVE,S WALNUT STREET PIKE,39.12631655,-86.52674475
2011,8,4,Weekday,200,1-Car,No injury/unknown,DRIVER DISTRACTED - EXPLAIN IN NARRATIVE,S WICKENS ST & W HENNESSEY,39.12614,-86.55259
2011,3,2,Weekday,1100,2-Car,No injury/unknown,LEFT OF CENTER,HEATHER & LAURA WAY,39.12579,-86.51913
2011,9,6,Weekday,1700,Cyclist,Non-incapacitating,DISREGARD SIGNAL/REG SIGN,N WALTER & S VALMORE AVE,39.12569911,-86.61621094
2011,3,7,Weekend,1300,1-Car,Incapacitating,OTHER (DRIVER) - EXPLAIN IN NARRATIVE,BURKS & WALNUT ST,39.12557,-86.52672
2011,7,2,Weekday,1200,2-Car,No injury/unknown,OTHER (VEHICLE) - EXPLAIN IN NARRATIVE,BURKS & WALNUT ST,39.12557,-86.52672
2011,8,5,Weekday,1300,2-Car,Non-incapacitating,FOLLOWING TOO CLOSELY,BURKS & S WALNUT ST,39.12557,-86.52672
2011,1,3,Weekday,1600,1-Car,No injury/unknown,FAILURE TO YIELD RIGHT OF WAY,WEST STATE ROAD 45,39.125552,-86.610192
2011,1,6,Weekday,1600,1-Car,No injury/unknown,UNSAFE BACKING,W STATE ROAD 45,39.125552,-86.610192
2011,5,5,Weekday,1700,2-Car,No injury/unknown,FOLLOWING TOO CLOSELY,3000 WEST 3RD ST,0.0,0.0
2011,11,4,Weekday,1600,2-Car,No injury/unknown,OTHER (DRIVER) - EXPLAIN IN NARRATIVE,S R 45 HWY,39.125552,-86.610192
2011,4,1,Weekend,1100,2-Car,No injury/unknown,UNSAFE BACKING,WALNUT SPRINGS DR,39.12548063,-86.52671031
2011,1,1,Weekday,2300,1-Car,No injury/unknown,RAN OFF ROAD RIGHT,SR45W,39.125312,-86.610496
2011,4,3,Weekday,1700,2-Car,No injury/unknown,UNSAFE BACKING,WEST SR45 RD,39.125312,-86.610496
2011,4,4,Weekday,1900,2-Car,No injury/unknown,FAILURE TO YIELD RIGHT OF WAY,WEST STATE ROAD 45 RD,39.125312,-86.610496
2011,5,5,Weekday,1500,2-Car,No injury/unknown,OTHER (VEHICLE) - EXPLAIN IN NARRATIVE,WEST STATE ROAD 45 RD,39.125312,-86.610496
2011,5,6,Weekend,1900,1-Car,No injury/unknown,UNSAFE BACKING,WEST STATE ROAD 45 RD,39.125312,-86.610496
2011,6,4,Weekday,1300,2-Car,No injury/unknown,OTHER (DRIVER) - EXPLAIN IN NARRATIVE,WEST STATE ROAD 45 RD,39.125312,-86.610496
2011,6,5,Weekday,1600,2-Car,No injury/unknown,UNSAFE BACKING,SR45W,39.125312,-86.610496
2011,6,4,Weekday,1200,2-Car,No injury/unknown,UNSAFE BACKING,STATE ROAD 45 HWY,39.125312,-86.610496
2011,7,1,Weekend,1500,1-Car,No injury/unknown,UNSAFE BACKING,W STATE ROAD 45 HWY,39.125312,-86.610496
2011,7,3,Weekday,1200,2-Car,No injury/unknown,UNSAFE BACKING,W ST RD 45 RD,39.125312,-86.610496
2011,7,6,Weekday,1600,2-Car,No injury/unknown,FAILURE TO YIELD RIGHT OF WAY,W SR45 HWY,39.125312,-86.610496
2011,7,1,Weekend,1300,2-Car,No injury/unknown,OTHER (DRIVER) - EXPLAIN IN NARRATIVE,SR45W,39.125312,-86.610496
2011,8,2,Weekday,1400,2-Car,No injury/unknown,FOLLOWING TOO CLOSELY,SR45W,39.125312,-86.610496
2011,8,2,Weekday,1100,1-Car,No injury/unknown,OTHER (DRIVER) - EXPLAIN IN NARRATIVE,WEST STATE RD 45 RD,39.125312,-86.610496
2011,8,6,Weekday,1500,2-Car,No injury/unknown,UNSAFE BACKING,WEST STATE ROAD 45 RD,39.125312,-86.610496
2011,9,1,Weekday,1900,1-Car,No injury/unknown,UNSAFE BACKING,WEST STATE ROAD 45 RD,39.125312,-86.610496
2011,9,3,Weekday,1400,2-Car,No injury/unknown,UNSAFE BACKING,W ST  RD 45 HWY,39.125312,-86.610496
2011,10,7,Weekend,2200,1-Car,No injury/unknown,DRIVER DISTRACTED - EXPLAIN IN NARRATIVE,SR45W,39.125312,-86.610496
2011,11,7,Weekend,1500,2-Car,No injury/unknown,UNSAFE BACKING,WEST STATE ROAD 45 HWY,39.125312,-86.610496
2011,11,2,Weekday,1100,2-Car,No injury/unknown,OTHER (DRIVER) - EXPLAIN IN NARRATIVE,SR45W,39.125312,-86.610496
2011,11,1,Weekend,0,2-Car,No injury/unknown,IMPROPER PASSING,W ST RD 45 HWY,39.125312,-86.610496
2011,12,3,Weekday,1100,2-Car,No injury/unknown,FAILURE TO YIELD RIGHT OF WAY,WEST STATE ROAD 45 RD,39.125312,-86.610496
2011,12,2,Weekday,1900,2-Car,No injury/unknown,FAILURE TO YIELD RIGHT OF WAY,W STATE ROAD 45 RD,39.125312,-86.610496
2011,5,2,Weekday,1800,3+ Cars,No injury/unknown,UNSAFE SPEED,GILLHAM & SR45W,39.12521864,-86.61061426
2011,7,4,Weekday,1800,3+ Cars,Non-incapacitating,FOLLOWING TOO CLOSELY,HAYS & SOUTH ROGERS ST,39.12504,-86.5388
2011,2,7,Weekend,800,1-Car,Non-incapacitating,SPEED TOO FAST FOR WEATHER CONDITIONS,FULLERTON & SR37S,39.12497215,-86.57225753
2011,8,3,Weekday,1400,2-Car,No injury/unknown,OTHER (DRIVER) - EXPLAIN IN NARRATIVE,ESTATE & FALCON DR,39.12448109,-86.54671
2011,1,7,Weekend,1100,2-Car,No injury/unknown,OTHER (DRIVER) - EXPLAIN IN NARRATIVE,RHORER & WALNUT ST,39.12418335,-86.52666031
2011,6,7,Weekend,900,1-Car,No injury/unknown,UNSAFE BACKING,S WALNUT ST,39.12377991,-86.52665096
2011,2,4,Weekday,2100,2-Car,No injury/unknown,FAILURE TO YIELD RIGHT OF WAY,S SHARON DR,39.12347042,-86.57686196
2011,11,5,Weekday,1300,1-Car,No injury/unknown,SPEED TOO FAST FOR WEATHER CONDITIONS,FULLERTON PIKE & S LEONARD SPRINGS,39.1234,-86.58254
2011,5,3,Weekday,1800,1-Car,Incapacitating,RAN OFF ROAD RIGHT,FULLERTON PIKE & S LEONARD SPRINGS,39.123376,-86.582592
2011,3,7,Weekend,2000,2-Car,No injury/unknown,UNSAFE BACKING,FULLERTON PIKE & S LEONARD SPRINGS,39.12337598,-86.58223939
2011,1,1,Weekend,1100,2-Car,No injury/unknown,FOLLOWING TOO CLOSELY,RHORER & WALNUT ST,39.12308576,-86.52660499
2011,2,7,Weekend,1400,1-Car,No injury/unknown,RAN OFF ROAD RIGHT,RHORER & SNODDY RD,39.12295683,-86.48969874
2011,3,7,Weekend,1900,1-Car,No injury/unknown,RAN OFF ROAD RIGHT,S GARRISON CHAPEL RD & W ELLER,39.122416,-86.64296
2011,2,4,Weekday,1700,2-Car,No injury/unknown,FAILURE TO YIELD RIGHT OF WAY,ELLER & SR45W,39.12240491,-86.61427773
2011,7,6,Weekday,1000,2-Car,Non-incapacitating,OTHER (DRIVER) - EXPLAIN IN NARRATIVE,LEONARD SPRINGS RD & SR45W,39.12239023,-86.61427974
2011,9,4,Weekday,800,2-Car,No injury/unknown,DISREGARD SIGNAL/REG SIGN,SR37S & W FULLERTON,39.122352,-86.5712
2011,11,7,Weekend,1000,1-Car,No injury/unknown,ANIMAL/OBJECT IN ROADWAY,S DUNCAN & W LEONARD SPRINGS RD RD,39.122352,-86.5964
2011,1,2,Weekday,1700,2-Car,No injury/unknown,FAILURE TO YIELD RIGHT OF WAY,ELLER & SR45W,39.12224,-86.6144
2011,2,7,Weekend,2200,1-Car,No injury/unknown,ROADWAY SURFACE CONDITION,ELLER ROAD RD & SR45,39.12224,-86.6144
2011,7,5,Weekday,1600,2-Car,Non-incapacitating,FAILURE TO YIELD RIGHT OF WAY,ELLER & SR45W,39.12224,-86.6144
2011,10,7,Weekend,1200,2-Car,Non-incapacitating,FAILURE TO YIELD RIGHT OF WAY,SR45S & WEST ELLER,39.12224,-86.6144
2011,11,5,Weekday,1700,2-Car,No injury/unknown,UNSAFE LANE MOVEMENT,ELLER RD & SR45,39.12224,-86.6144
2011,11,3,Weekday,1900,2-Car,No injury/unknown,FAILURE TO YIELD RIGHT OF WAY,SR45W & WEST LEONARD SPRINGS,39.12224,-86.6144
2011,11,3,Weekday,700,2-Car,No injury/unknown,FAILURE TO YIELD RIGHT OF WAY,SR45W & W LEONARD SPRINGS,39.12224,-86.6144
2011,12,6,Weekday,1200,2-Car,No injury/unknown,FAILURE TO YIELD RIGHT OF WAY,ELLER & SR45W,39.12224,-86.6144
2011,12,6,Weekday,1300,2-Car,No injury/unknown,FAILURE TO YIELD RIGHT OF WAY,FULLERTON & ROCKPORT RD,39.122224,-86.562688
2011,5,5,Weekday,1700,2-Car,No injury/unknown,FAILURE TO YIELD RIGHT OF WAY,FULLERTON & SR37N,39.12221991,-86.57137982
2011,11,6,Weekday,1800,2-Car,Non-incapacitating,FAILURE TO YIELD RIGHT OF WAY,FULLERTON & SR37S,39.12221991,-86.57137982
2011,1,5,Weekday,1500,1-Car,No injury/unknown,SPEED TOO FAST FOR WEATHER CONDITIONS,FULLERTON & SR37S,39.12220683,-86.57140464
2011,3,6,Weekday,1500,2-Car,Non-incapacitating,FAILURE TO YIELD RIGHT OF WAY,FULLERTON & SR37N,39.12220683,-86.57140464
2011,5,3,Weekday,1400,3+ Cars,Incapacitating,DISREGARD SIGNAL/REG SIGN,FULLERTON & SR37S,39.12220683,-86.57140464
2011,7,6,Weekday,1200,2-Car,No injury/unknown,FAILURE TO YIELD RIGHT OF WAY,FULLERTON & SR37S,39.12220683,-86.57140464
2011,9,4,Weekday,1900,2-Car,Non-incapacitating,FAILURE TO YIELD RIGHT OF WAY,FULLERTON & SR37S,39.12220683,-86.57140464
2011,10,3,Weekday,1700,2-Car,Incapacitating,DISREGARD SIGNAL/REG SIGN,FULLERTON & SR37S,39.12220683,-86.57140464
2011,11,6,Weekend,1900,2-Car,Non-incapacitating,FAILURE TO YIELD RIGHT OF WAY,FULLERTON & SR37S,39.12220683,-86.57140464
2011,7,4,Weekday,1500,2-Car,No injury/unknown,UNSAFE BACKING,WEST FELLERTON PIKE,39.12216626,-86.57352291
2011,12,3,Weekday,800,2-Car,No injury/unknown,FAILURE TO YIELD RIGHT OF WAY,FULLERTON PIKE & JUDD,39.12209988,-86.57402984
2011,4,5,Weekday,2000,1-Car,Non-incapacitating,RAN OFF ROAD RIGHT,S MONROE MEDICAL PARK BLVD,39.122049,-86.573333
2011,7,3,Weekday,700,2-Car,No injury/unknown,FOLLOWING TOO CLOSELY,HARRELL RD RD & RHORER RD,39.121808,-86.498784
2011,12,4,Weekday,1000,1-Car,No injury/unknown,RAN OFF ROAD RIGHT,HARRELL & RHORER RD,39.12178125,-86.50230898
2011,2,6,Weekday,1600,Bus,No injury/unknown,FAILURE TO YIELD RIGHT OF WAY,S ROGERS ST,39.121648,-86.539088
2011,3,3,Weekday,900,2-Car,No injury/unknown,IMPROPER TURNING,GORDON & ROGERS ST,39.121648,-86.539088
2011,4,7,Weekend,1400,Moped/Motorcycle,Incapacitating,FAILURE TO YIELD RIGHT OF WAY,GORDON PIKE & ROGERS,39.121648,-86.539088
2011,7,7,Weekend,900,2-Car,No injury/unknown,FOLLOWING TOO CLOSELY,SOUTH ROGERS STRET & WEST GORDON PIKE PIKE,39.121648,-86.539088
2011,1,1,Weekend,1400,2-Car,Non-incapacitating,FOLLOWING TOO CLOSELY,E RHORER RD & S OLD STATE RD 37,39.121552,-86.531296
2011,4,7,Weekend,1400,2-Car,No injury/unknown,UNSAFE LANE MOVEMENT,GORDON PIKE & RHORER,39.121552,-86.531296
2011,6,6,Weekday,1800,2-Car,No injury/unknown,FAILURE TO YIELD RIGHT OF WAY,GORDON & SOUTH OLD STATE RD 37 RD,39.121552,-86.531296
2011,11,3,Weekday,700,2-Car,No injury/unknown,SPEED TOO FAST FOR WEATHER CONDITIONS,OLD STATE ROAD 37 HWY & RHORER,39.121552,-86.531296
2011,9,4,Weekday,2100,3+ Cars,No injury/unknown,OVERCORRECTING/OVERSTEERING,W GORDON PIKE,39.12154418,-86.53386009
2011,7,1,Weekend,1300,2-Car,No injury/unknown,FAILURE TO YIELD RIGHT OF WAY,GORDON PIKE & OLD SR 37 SOUTH,39.12153441,-86.53693451
2011,1,4,Weekday,1300,1-Car,No injury/unknown,DRIVER DISTRACTED - EXPLAIN IN NARRATIVE,BRYANTS CREEK & SR37N,39.12152921,-86.51238497
2011,4,7,Weekend,1900,2-Car,No injury/unknown,FOLLOWING TOO CLOSELY,E RHORER RD & S JAMIE,39.12152,-86.51792
2011,6,7,Weekend,1200,3+ Cars,No injury/unknown,FOLLOWING TOO CLOSELY,JAMIE & RHORER RD,39.12152,-86.51792
2011,9,3,Weekday,1800,1-Car,No injury/unknown,UNSAFE SPEED,JAMIE LN & RHORER,39.12152,-86.51792
2011,6,2,Weekday,800,2-Car,No injury/unknown,LEFT OF CENTER,BENSON & E RHORER RD,39.121488,-86.52048
2011,6,3,Weekday,700,2-Car,No injury/unknown,IMPROPER TURNING,KENNEDY DR & RHORER,39.121488,-86.528304
2011,8,3,Weekday,1500,Pedestrian,Non-incapacitating,OTHER (DRIVER) - EXPLAIN IN NARRATIVE,GORDON PIKE ST,39.12148,-86.535479
2011,4,2,Weekday,1700,2-Car,No injury/unknown,ROADWAY SURFACE CONDITION,RHORER RD & WALNUT,39.12144282,-86.52614342
2011,12,3,Weekday,1000,2-Car,No injury/unknown,FAILURE TO YIELD RIGHT OF WAY,RHORER RD & WALNUT STREET,39.12144005,-86.52662985
2011,1,3,Weekday,1000,2-Car,No injury/unknown,FAILURE TO YIELD RIGHT OF WAY,RHORER RD & WALNUT ST,39.12144,-86.526496
2011,4,7,Weekend,1300,2-Car,No injury/unknown,FAILURE TO YIELD RIGHT OF WAY,RHORER & S WALNUT ST,39.12144,-86.526496
2011,5,2,Weekday,1700,1-Car,No injury/unknown,ANIMAL/OBJECT IN ROADWAY,RHORER & WALNUT STREET PIKE,39.12144,-86.526496
2011,6,2,Weekday,1500,2-Car,Non-incapacitating,OTHER (DRIVER) - EXPLAIN IN NARRATIVE,E RHORER & S WALNUT ST,39.12144,-86.526496
2011,7,6,Weekday,1300,2-Car,Non-incapacitating,OTHER (DRIVER) - EXPLAIN IN NARRATIVE,RHORER & SARE RD,39.12144,-86.51158
2011,9,6,Weekday,600,2-Car,Non-incapacitating,DRIVER DISTRACTED - EXPLAIN IN NARRATIVE,E RHORER & S WALNUT ST,39.12144,-86.526496
2011,9,1,Weekend,1100,2-Car,Non-incapacitating,SPEED TOO FAST FOR WEATHER CONDITIONS,E RHORER & S SARE RD,39.12144,-86.51158
2011,9,3,Weekday,700,1-Car,No injury/unknown,ANIMAL/OBJECT IN ROADWAY,RHORER RD & SARE,39.12144,-86.5115973
2011,10,6,Weekday,700,2-Car,No injury/unknown,FAILURE TO YIELD RIGHT OF WAY,RHORER RD & WALNUT STREET,39.12144,-86.52663
2011,10,1,Weekend,400,1-Car,No injury/unknown,RAN OFF ROAD RIGHT,JAMIE & RHORER RD,39.12144,-86.51770652
2011,11,5,Weekday,900,2-Car,No injury/unknown,FOLLOWING TOO CLOSELY,RHORER RD & S WALNUT ST ST,39.12144,-86.526496