Year,Month,Day,Weekend?,Hour,Collision Type,Injury Type,Primary Factor,Reported_Location,Latitude,Longitude
2011,11,5,Weekday,1600,2-Car,No injury/unknown,FOLLOWING TOO CLOSELY,RHORER ROAD RD & WALNUT STREET PIKE,39.12144,-86.526496
2011,12,6,Weekday,1800,2-Car,No injury/unknown,OTHER (DRIVER) - EXPLAIN IN NARRATIVE,RHORER & WALNUT STREET PIKE PIKE,39.12144,-86.526496
2011,12,3,Weekday,1000,1-Car,No injury/unknown,RAN OFF ROAD RIGHT,RHORER RD & WALNUT ST,39.12144,-86.526496
2011,10,2,Weekday,2300,1-Car,No injury/unknown,UNSAFE BACKING,GORDON PIKE,39.12143201,-86.53530478
2011,9,5,Weekday,1600,2-Car,No injury/unknown,DRIVER ILLNESS,OLD 37 SOUTH & RHORER ROAD RD,39.12141994,-86.53134986
2011,12,2,Weekday,1900,2-Car,No injury/unknown,FAILURE TO YIELD RIGHT OF WAY,E RHORER RD & S OLD SR 37,39.12141994,-86.53133256
2011,3,1,Weekend,1200,2-Car,No injury/unknown,FOLLOWING TOO CLOSELY,RHORER RD & S GRAN HAVEN,39.12138379,-86.49167584
2011,8,2,Weekday,1200,1-Car,No injury/unknown,DRIVER DISTRACTED - EXPLAIN IN NARRATIVE,GRAN HAVEN & RHORER RDS,39.12137,-86.49171325
2011,10,6,Weekday,800,1-Car,No injury/unknown,ANIMAL/OBJECT IN ROADWAY,GRAN HAVEN & RHORER RD,39.12137,-86.49162675
2011,1,2,Weekday,1400,2-Car,No injury/unknown,UNSAFE BACKING,SR 45 W HWY,39.12124411,-86.581967
2011,9,2,Weekday,700,2-Car,No injury/unknown,FAILURE TO YIELD RIGHT OF WAY,OLD 37 RD,39.121122,-86.531339
2011,10,4,Weekday,1800,2-Car,No injury/unknown,OTHER (DRIVER) - EXPLAIN IN NARRATIVE,S OLD SR37 HWY,39.121122,-86.531339
2011,9,4,Weekday,1900,2-Car,No injury/unknown,FOLLOWING TOO CLOSELY,LEONARD SPRINGS RD & MAYBERRY,39.1209245,-86.58259
2011,9,2,Weekday,2100,1-Car,No injury/unknown,RAN OFF ROAD RIGHT,MERRITT & SR446S,39.12075711,-86.42517712
2011,10,3,Weekday,1700,2-Car,No injury/unknown,DRIVER ILLNESS,LEIGHTON & WICKENS DR,39.11998809,-86.55094
2011,5,6,Weekday,1300,2-Car,No injury/unknown,DRIVER DISTRACTED - EXPLAIN IN NARRATIVE,10TH & SUNRISE DR,39.11869837,-86.51248
2011,1,5,Weekday,1100,2-Car,Non-incapacitating,LEFT OF CENTER,DUNLAP & SR45W,39.11822281,-86.62090099
2011,9,7,Weekend,1600,2-Car,Non-incapacitating,LEFT OF CENTER,SUDBURY & WEIMER RD,39.11765901,-86.56408
2011,8,2,Weekday,1100,3+ Cars,Non-incapacitating,FAILURE TO YIELD RIGHT OF WAY,ROCKPORT & SR37N,39.117648,-86.567104
2011,8,5,Weekday,1500,3+ Cars,Non-incapacitating,FAILURE TO YIELD RIGHT OF WAY,ROCKPORT & SR37,39.117648,-86.567104
2011,11,3,Weekday,600,2-Car,No injury/unknown,LEFT OF CENTER,ROCKPORT RD & SR37,39.117648,-86.567104
2011,12,7,Weekend,2300,1-Car,No injury/unknown,RAN OFF ROAD RIGHT,CANADA & STANDS DR,39.11724579,-86.51012018
2011,8,2,Weekday,1000,1-Car,Non-incapacitating,RAN OFF ROAD RIGHT,OLD SR37S HWY & W ROGERS,39.11665629,-86.54097
2011,7,2,Weekday,2200,1-Car,No injury/unknown,ANIMAL/OBJECT IN ROADWAY,DARRELL & SR45W,39.1164671,-86.62404041
2011,2,6,Weekend,2100,1-Car,No injury/unknown,ANIMAL/OBJECT IN ROADWAY,PINE GROVE & SR446S,39.116464,-86.428672
2011,10,6,Weekday,1000,1-Car,No injury/unknown,IMPROPER TURNING,OLD STATE ROAD 37 SOUTH RD,39.115587,-86.531203
2011,3,1,Weekend,1200,2-Car,No injury/unknown,FAILURE TO YIELD RIGHT OF WAY,SR37N & THAT RD,39.115552,-86.564592
2011,4,4,Weekday,1500,2-Car,No injury/unknown,FOLLOWING TOO CLOSELY,SR37S & THAT RD,39.115552,-86.564592
2011,5,5,Weekday,1800,2-Car,Non-incapacitating,FAILURE TO YIELD RIGHT OF WAY,SR37S & THAT,39.115552,-86.564592
2011,9,6,Weekday,1000,2-Car,Non-incapacitating,FAILURE TO YIELD RIGHT OF WAY,SR37S & THAT,39.115552,-86.564592
2011,10,2,Weekday,1000,2-Car,No injury/unknown,FOLLOWING TOO CLOSELY,SR37 & THAT RD,39.115552,-86.564592
2011,1,2,Weekday,1200,1-Car,No injury/unknown,RAN OFF ROAD RIGHT,PINE GROVE & SR446S,39.11541083,-86.42894531
2011,11,7,Weekend,1800,3+ Cars,Non-incapacitating,FAILURE TO YIELD RIGHT OF WAY,SR37N & THAT,39.11531992,-86.56495995
2011,5,1,Weekend,200,1-Car,Non-incapacitating,IMPROPER TURNING,SR37 S & THAT RD,39.11525711,-86.56496377
2011,8,3,Weekday,1000,2-Car,No injury/unknown,UNSAFE BACKING,W PATTERSON DR,39.115248,-86.573504
2011,11,6,Weekday,1200,2-Car,No injury/unknown,FAILURE TO YIELD RIGHT OF WAY,W PATTERSON DR,39.115248,-86.573504
2011,2,2,Weekday,1900,1-Car,Non-incapacitating,RAN OFF ROAD RIGHT,ELLER & GARRISON CHAPEL RD,39.11520506,-86.63959166
2011,4,3,Weekday,1700,1-Car,No injury/unknown,DRIVER ASLEEP OR FATIGUED,DARREL & SR45S,39.11510002,-86.62767856
2011,10,7,Weekend,0,1-Car,No injury/unknown,RAN OFF ROAD RIGHT,DINSMORE & SR45W,39.11503745,-86.63081575
2011,11,2,Weekday,1200,2-Car,No injury/unknown,FOLLOWING TOO CLOSELY,DENSMORE & SR45,39.11502029,-86.62963132
2011,5,2,Weekday,600,1-Car,No injury/unknown,ANIMAL/OBJECT IN ROADWAY,DARRELL & SR45S,39.11500223,-86.62838501
2011,8,7,Weekend,1700,1-Car,No injury/unknown,FAILURE TO YIELD RIGHT OF WAY,DARRELL & SR45E,39.11499711,-86.62803251
2011,5,1,Weekend,200,1-Car,No injury/unknown,ANIMAL/OBJECT IN ROADWAY,S VICTOR PIKE & THAT RD,39.11476466,-86.54815554
2011,9,5,Weekday,1400,2-Car,No injury/unknown,DRIVER DISTRACTED - EXPLAIN IN NARRATIVE,ROY BAILEY & THAT RD,39.11474,-86.55655
2011,11,4,Weekday,800,2-Car,Non-incapacitating,FAILURE TO YIELD RIGHT OF WAY,ROGERS & THAT RD,39.11462992,-86.53982028
2011,1,5,Weekday,1500,2-Car,No injury/unknown,ROADWAY SURFACE CONDITION,SR37S & THAT ROAD,39.11459454,-86.56332826
2011,4,6,Weekday,100,2-Car,No injury/unknown,UNSAFE BACKING,S KENNEDY DR & WILLOW,39.11441614,-86.52853154
2011,4,7,Weekend,2100,1-Car,No injury/unknown,RAN OFF ROAD RIGHT,HEATH & WINSTON ST,39.11383211,-86.4885
2011,12,3,Weekday,1100,1-Car,No injury/unknown,ROADWAY SURFACE CONDITION,SR37S & THAT,39.11363707,-86.56206455
2011,5,2,Weekday,1100,2-Car,No injury/unknown,FAILURE TO YIELD RIGHT OF WAY,SR45W & WEST CROSSOVER,39.1133693,-86.6344467
2011,1,5,Weekday,1300,2-Car,No injury/unknown,UNSAFE BACKING,ROGERS RD & THAT,39.11329079,-86.53972066
2011,12,1,Weekend,1200,1-Car,No injury/unknown,DRIVER DISTRACTED - EXPLAIN IN NARRATIVE,DINSMORE & SR45W,39.11324993,-86.63472356
2011,5,2,Weekday,0,1-Car,No injury/unknown,RAN OFF ROAD RIGHT,MOORES CRK,39.112654,-86.466054
2011,7,2,Weekday,800,2-Car,Non-incapacitating,LEFT OF CENTER,FAIRFAX & S OLD STATE ROAD 37 HWY,39.11253948,-86.53149
2011,1,7,Weekend,1100,1-Car,Non-incapacitating,RAN OFF ROAD RIGHT,STATE ROAD 446 RD,39.112009,-86.431229
2011,10,7,Weekend,1000,1-Car,No injury/unknown,RAN OFF ROAD RIGHT,GARRISON CHAPEL & SR45W,39.11162963,-86.63734574
2011,8,7,Weekend,1200,1-Car,Non-incapacitating,RAN OFF ROAD RIGHT,GARRISON CHAPLE & SR45W,39.11105313,-86.63820622
2011,4,4,Weekday,1600,3+ Cars,Non-incapacitating,FOLLOWING TOO CLOSELY,HARMONY & SR45W,39.111024,-86.638304
2011,5,1,Weekend,1600,2-Car,No injury/unknown,FAILURE TO YIELD RIGHT OF WAY,HARMONY & SR45W,39.111024,-86.638304
2011,8,3,Weekday,1700,2-Car,No injury/unknown,FOLLOWING TOO CLOSELY,S GARRISON CHAPEL & SR45W,39.111024,-86.638304
2011,8,7,Weekend,1300,3+ Cars,Non-incapacitating,UNSAFE SPEED,GARRISON CHAPEL & SR45N,39.111024,-86.638304
2011,12,1,Weekday,1900,2-Car,No injury/unknown,FAILURE TO YIELD RIGHT OF WAY,SOUTH HARMONY & SR45W,39.111024,-86.638304
2011,9,2,Weekday,1900,2-Car,No injury/unknown,FAILURE TO YIELD RIGHT OF WAY,GARRISON CHAPEL & SR45S,39.11095525,-86.638414
2011,1,4,Weekday,1800,2-Car,No injury/unknown,FOLLOWING TOO CLOSELY,FALCON DR & WREN,39.11049731,-86.54706
2011,10,3,Weekday,1500,2-Car,No injury/unknown,UNSAFE BACKING,ACORN LN & STANSIFER,39.11039,-86.57256649
2011,7,2,Weekday,1800,1-Car,No injury/unknown,STEERING FAILURE,RED OAK & SR446S,39.1101851,-86.42329198
2011,7,6,Weekday,1600,2-Car,No injury/unknown,FOLLOWING TOO CLOSELY,GARRISON CHAPEL & SR45W,39.10999279,-86.63995397
2011,9,7,Weekend,200,1-Car,No injury/unknown,ANIMAL/OBJECT IN ROADWAY,BAYLES & BUSINESS 37 NORTH HWY,39.10958848,-86.53700999
2011,10,3,Weekday,1000,Moped/Motorcycle,Non-incapacitating,FAILURE TO YIELD RIGHT OF WAY,SR37S & WAYSIDE,39.10920924,-86.53119028
2011,3,2,Weekday,700,2-Car,No injury/unknown,FOLLOWING TOO CLOSELY,S OLD ST RD 37 RD & W WAYSIDE DR,39.10918,-86.53117
2011,4,2,Weekday,1400,2-Car,No injury/unknown,FOLLOWING TOO CLOSELY,OLD STATE ROAD 37 NORTH & WALNUT ST,39.10917483,-86.53119531
2011,9,7,Weekend,2200,1-Car,No injury/unknown,OTHER (DRIVER) - EXPLAIN IN NARRATIVE,PINE GROVE & SR446N,39.10910105,-86.43057773
2011,1,6,Weekday,200,1-Car,No injury/unknown,RAN OFF ROAD RIGHT,CHURCH & VICTOR PIKE,39.10891498,-86.54957639
2011,5,6,Weekday,1700,2-Car,No injury/unknown,OTHER (DRIVER) - EXPLAIN IN NARRATIVE,S OLD ST RD 37 RD,39.10851331,-86.53132114
2011,7,2,Weekday,1300,2-Car,No injury/unknown,UNSAFE BACKING,S OLD STATE ROAD 37 RD,39.10851331,-86.53132114
2011,12,3,Weekday,1100,1-Car,No injury/unknown,RAN OFF ROAD RIGHT,ELWREN RD,39.10835423,-86.65087617
2011,11,5,Weekday,1100,1-Car,Non-incapacitating,BRAKE FAILURE OR DEFECTIVE,MOORES CREEK RD & SWARTZ RIDGE,39.107904,-86.462368
2011,1,7,Weekend,200,1-Car,No injury/unknown,RAN OFF ROAD RIGHT,MOORES CREEK RD & SCHWARTZ RIDGE,39.10771,-86.46233
2011,1,3,Weekday,400,1-Car,No injury/unknown,ANIMAL/OBJECT IN ROADWAY,ELWREN & SR45W,39.107648,-86.643696
2011,8,4,Weekday,1700,2-Car,No injury/unknown,FAILURE TO YIELD RIGHT OF WAY,ELWREN ROAD & SR45W,39.107648,-86.643696
2011,1,5,Weekday,1300,1-Car,No injury/unknown,SPEED TOO FAST FOR WEATHER CONDITIONS,ISON RD & TOWER,39.10762745,-86.61031436
2011,11,2,Weekday,1500,2-Car,No injury/unknown,FAILURE TO YIELD RIGHT OF WAY,WALNUT ST & WALNUT STREET,39.10761866,-86.52640101
2011,1,3,Weekday,800,1-Car,Non-incapacitating,RAN OFF ROAD RIGHT,ELWREN RD & SR45 W,39.10761072,-86.64322799
2011,11,1,Weekend,600,2-Car,Incapacitating,LEFT OF CENTER,HARMONY ROAD & SR45W,39.10756539,-86.6437769
2011,1,1,Weekend,1400,1-Car,No injury/unknown,RAN OFF ROAD RIGHT,CHURCH LN & VICTOR,39.107552,-86.549792
2011,11,7,Weekend,400,1-Car,No injury/unknown,ANIMAL/OBJECT IN ROADWAY,SR37N & VICTOR PIKE,39.10743375,-86.55367188
2011,1,1,Weekend,0,1-Car,No injury/unknown,RAN OFF ROAD RIGHT,CHURCH LANE & SOUTHWAY DRIVE DR,39.107424,-86.538896
2011,3,3,Weekday,1800,1-Car,No injury/unknown,RAN OFF ROAD RIGHT,STANSIFER LN,39.107423,-86.573993
2011,1,3,Weekday,1100,2-Car,Non-incapacitating,LEFT OF CENTER,WALNUT ST & WALNUT STREET,39.107344,-86.5264
2011,6,6,Weekday,900,2-Car,No injury/unknown,FAILURE TO YIELD RIGHT OF WAY,S WALNUT ST & WALNUT ST PIKE,39.107344,-86.5264
2011,10,4,Weekday,1300,2-Car,Non-incapacitating,FAILURE TO YIELD RIGHT OF WAY,S WALNUT ST & WALNUT,39.107344,-86.5264
2011,6,6,Weekday,1300,2-Car,No injury/unknown,OTHER (DRIVER) - EXPLAIN IN NARRATIVE,OLS STATE 37 SOUTH RD & S FAIRFAX,39.10725988,-86.53149001
2011,6,2,Weekday,1800,2-Car,Non-incapacitating,DRIVER DISTRACTED - EXPLAIN IN NARRATIVE,CHURCH & OLD STATE 37 SOUTH RD,39.107248,-86.531392
2011,8,7,Weekend,1400,2-Car,Non-incapacitating,FOLLOWING TOO CLOSELY,FAIRFAX RD & WALNUT STREET,39.10716,-86.52651
2011,8,3,Weekday,1700,3+ Cars,No injury/unknown,FOLLOWING TOO CLOSELY,FAIRFAX RD & WALNUT STREET,39.10716,-86.52651
2011,11,3,Weekday,500,1-Car,No injury/unknown,RAN OFF ROAD RIGHT,FAIRFAX RD & WALNUT STREET PIKE,39.10716,-86.5264927
2011,3,3,Weekday,1800,2-Car,Non-incapacitating,UNSAFE SPEED,S FAIRFX RD & SCHACHT ROAD,39.10704,-86.523488
2011,3,2,Weekday,1600,2-Car,No injury/unknown,UNSAFE BACKING,SOUTH OLD STATE 37 RD,39.106787,-86.53159
2011,9,5,Weekday,1500,2-Car,Fatal,LEFT OF CENTER,FAIRFAX RD & SCHACT,39.10657706,-86.52310847
2011,11,2,Weekday,900,2-Car,No injury/unknown,FOLLOWING TOO CLOSELY,MARIE & S FAIRFAX RD,39.10568006,-86.5224798
2011,12,6,Weekday,1500,Bus,No injury/unknown,UNSAFE SPEED,MARIE & SOUTH FAIRFAX RD,39.10568006,-86.5224798
2011,11,4,Weekday,600,1-Car,No injury/unknown,RAN OFF ROAD RIGHT,ROCKPORT RD & STANSIFER,39.10567763,-86.57604455
2011,9,7,Weekend,1700,1-Car,No injury/unknown,SPEED TOO FAST FOR WEATHER CONDITIONS,SOUTH ROCKPORT RD,39.105654,-86.576242
2011,8,6,Weekday,1100,2-Car,Non-incapacitating,DISREGARD SIGNAL/REG SIGN,SR37S & VICTOR,39.10555824,-86.55147414
2011,9,6,Weekday,1700,2-Car,No injury/unknown,OTHER (DRIVER) - EXPLAIN IN NARRATIVE,SR37S & VICTOR,39.10555824,-86.55147414
2011,4,6,Weekend,1900,2-Car,Non-incapacitating,FAILURE TO YIELD RIGHT OF WAY,SR37S & VICTOR,39.105552,-86.551104
2011,5,5,Weekday,1100,2-Car,Incapacitating,FAILURE TO YIELD RIGHT OF WAY,SR37S & VICTOR,39.105552,-86.551104
2011,9,7,Weekend,1300,2-Car,Non-incapacitating,FAILURE TO YIELD RIGHT OF WAY,SR37S & VICTOR,39.105552,-86.551104
2011,9,2,Weekday,1100,2-Car,No injury/unknown,DISREGARD SIGNAL/REG SIGN,SR37S & VICTOR,39.105552,-86.551104
2011,11,4,Weekday,1800,2-Car,No injury/unknown,FAILURE TO YIELD RIGHT OF WAY,SR37S & VICTOR,39.105552,-86.551104
2011,4,1,Weekend,800,1-Car,Incapacitating,RAN OFF ROAD RIGHT,HARMONY RD,39.105461,-86.638358
2011,9,3,Weekday,1800,1-Car,Non-incapacitating,UNSAFE SPEED,S ISON RD & TOWER,39.104944,-86.61032
2011,5,1,Weekend,1300,1-Car,No injury/unknown,SPEED TOO FAST FOR WEATHER CONDITIONS,RED OAK & SR446N,39.10490807,-86.42329198
2011,1,3,Weekday,600,1-Car,No injury/unknown,ROADWAY SURFACE CONDITION,SR37S & VICTOR,39.10441906,-86.55010785
2011,6,6,Weekend,2000,1-Car,No injury/unknown,OVERCORRECTING/OVERSTEERING,4370 E MOORES CREEK & MOORES CREEK RD,39.10368,-86.461792
2011,4,5,Weekday,400,1-Car,No injury/unknown,SPEED TOO FAST FOR WEATHER CONDITIONS,ROSE CREEK & S HARMONY RD,39.102736,-86.63832
2011,4,2,Weekday,1100,1-Car,Non-incapacitating,OVERCORRECTING/OVERSTEERING,MOORES CRK & STIPP ROAD,39.102704,-86.461792
2011,12,7,Weekend,1400,1-Car,Incapacitating,RAN OFF ROAD RIGHT,E STIPP RD & MOORES CREEK,39.102704,-86.461792
2011,10,1,Weekend,1800,1-Car,No injury/unknown,ANIMAL/OBJECT IN ROADWAY,ACUFF & SR37S,39.1025275,-86.55361882
2011,11,5,Weekday,0,1-Car,No injury/unknown,ANIMAL/OBJECT IN ROADWAY,ACUFF & SR37,39.1025275,-86.55361882
2011,1,3,Weekday,2300,1-Car,No injury/unknown,RAN OFF ROAD RIGHT,MESA & STIPP RD,39.10200236,-86.48143176
2011,11,4,Weekday,1300,2-Car,No injury/unknown,UNSAFE SPEED,COCHRELL & ROCKPORT RD,39.10163,-86.57703329
2011,10,7,Weekend,1400,Moped/Motorcycle,Non-incapacitating,UNSAFE SPEED,OLD RICHARDSON & SR446S,39.10162665,-86.43136527
2011,8,1,Weekend,100,1-Car,No injury/unknown,LEFT OF CENTER,COUNTRYSIDE & ROCKPORT RD,39.10112513,-86.54182
2011,6,5,Weekday,1700,2-Car,Non-incapacitating,FOLLOWING TOO CLOSELY,COMMANDER & SOUTH FAIRFAX RD,39.10096164,-86.51864405
2011,9,7,Weekend,2300,1-Car,No injury/unknown,OVERCORRECTING/OVERSTEERING,BOLIN LN & VICTOR,39.10025,-86.55794048
2011,1,1,Weekday,1900,1-Car,No injury/unknown,ANIMAL/OBJECT IN ROADWAY,JOHN WILLIAMS & SR45W,39.10005311,-86.65130419
2011,2,7,Weekend,600,1-Car,No injury/unknown,RAN OFF ROAD RIGHT,JOHN WILLIAMS & SR45W,39.10005311,-86.65130419
2011,12,2,Weekday,2300,1-Car,Non-incapacitating,RAN OFF ROAD RIGHT,HINDS & SR45W,39.1000263,-86.65114617
2011,7,7,Weekend,400,1-Car,Non-incapacitating,RAN OFF ROAD RIGHT,FAIRFAX & MOFFETT RD,39.09991,-86.5178673
2011,8,7,Weekend,2300,1-Car,No injury/unknown,RAN OFF ROAD RIGHT,FAIRFAX RD & MOFFETT,39.09991,-86.51785
2011,9,1,Weekend,1100,1-Car,No injury/unknown,RAN OFF ROAD RIGHT,MOFFETT & S FAIRFAX RD,39.09991,-86.51785
2011,6,7,Weekend,2200,1-Car,No injury/unknown,DRIVER DISTRACTED - EXPLAIN IN NARRATIVE,MOFFETT LN,39.099843,-86.51557
2011,9,1,Weekend,1200,2-Car,No injury/unknown,FAILURE TO YIELD RIGHT OF WAY,FAIRFAX & MOFFETT LN,39.09984,-86.5176
2011,10,1,Weekend,200,2-Car,Non-incapacitating,FOLLOWING TOO CLOSELY,PINEWOOD & WALNUT ST,39.09982347,-86.53143
2011,2,4,Weekday,700,3+ Cars,No injury/unknown,FOLLOWING TOO CLOSELY,PINEWOOD & S WALNUT ST,39.09981303,-86.53145486
2011,12,2,Weekday,900,2-Car,No injury/unknown,IMPROPER TURNING,HARRELL & MOFFETT LN,39.099792,-86.498448
2011,7,5,Weekday,1900,2-Car,No injury/unknown,LEFT OF CENTER,E MOFFIT & S HANDY RD,39.09974031,-86.49382395
2011,1,7,Weekend,2300,1-Car,No injury/unknown,RAN OFF ROAD RIGHT,MOFFETT LN,39.099734,-86.503533
2011,1,4,Weekday,900,3+ Cars,No injury/unknown,OTHER (DRIVER) - EXPLAIN IN NARRATIVE,OLD STATE ROAD 37 RD & S ROGERS,39.099408,-86.537904
2011,6,1,Weekend,1700,2-Car,No injury/unknown,FOLLOWING TOO CLOSELY,SR45W & W HINDS,39.09937058,-86.65178655
2011,4,4,Weekday,1100,1-Car,Incapacitating,RAN OFF ROAD RIGHT,HINDS & SR45W,39.099152,-86.652
2011,1,1,Weekend,300,2-Car,No injury/unknown,UNSAFE LANE MOVEMENT,CHERRY LN & FAIRFAX,39.0972,-86.51707596
2011,10,3,Weekday,1900,2-Car,No injury/unknown,FAILURE TO YIELD RIGHT OF WAY,FAIRFAX RD & VERA,39.096656,-86.516832
2011,1,5,Weekday,800,1-Car,No injury/unknown,SPEED TOO FAST FOR WEATHER CONDITIONS,DILLMAN & SR37S,39.09571236,-86.54595204
2011,6,2,Weekday,800,1-Car,No injury/unknown,OVERCORRECTING/OVERSTEERING,DILLMAN ROAD & SR37N,39.09571236,-86.54595204
2011,8,4,Weekday,2000,1-Car,Non-incapacitating,RAN OFF ROAD RIGHT,AILINE & HANDY RD,39.09383131,-86.49441719
2011,9,7,Weekend,2000,1-Car,No injury/unknown,ANIMAL/OBJECT IN ROADWAY,DILLMAN & SR37S,39.09379691,-86.54573921
2011,9,7,Weekend,1400,2-Car,No injury/unknown,IMPROPER TURNING,HARMONY & MAY RD,39.093744,-86.638304
2011,8,1,Weekday,2100,2-Car,No injury/unknown,FAILURE TO YIELD RIGHT OF WAY,HARMONY & MAY RD,39.09373144,-86.63477942
2011,5,4,Weekday,2000,1-Car,Non-incapacitating,DRIVER ILLNESS,MAY RD & OLD LEONARD SPRINGS,39.09356485,-86.60084724
2011,3,2,Weekday,1100,2-Car,No injury/unknown,UNSAFE BACKING,S ROCKPORT ROAD RD,39.093344,-86.5868
2011,1,3,Weekday,1900,2-Car,Non-incapacitating,BRAKE FAILURE OR DEFECTIVE,DILLMAN & SR37S,39.092976,-86.545648
2011,3,6,Weekday,1400,2-Car,No injury/unknown,FAILURE TO YIELD RIGHT OF WAY,DILLMAN & SR37S,39.092976,-86.545648
2011,3,5,Weekday,1200,2-Car,Incapacitating,FAILURE TO YIELD RIGHT OF WAY,DILLMAN & SR37S,39.092976,-86.545648
2011,5,6,Weekday,900,2-Car,No injury/unknown,FAILURE TO YIELD RIGHT OF WAY,DILLMAN & SR37S,39.092976,-86.545648
2011,10,2,Weekday,1700,2-Car,Non-incapacitating,FOLLOWING TOO CLOSELY,CR37S & DILLMAN,39.092976,-86.545648
2011,7,1,Weekend,1700,2-Car,No injury/unknown,FAILURE TO YIELD RIGHT OF WAY,E DILLMAN & S OLD STATE ROAD 37 RD,39.092944,-86.544
2011,8,6,Weekend,1900,2-Car,No injury/unknown,UNSAFE SPEED,DILLMAN & OLD STATE ROAD 37 RD,39.092944,-86.544
2011,10,1,Weekend,1600,2-Car,No injury/unknown,UNSAFE SPEED,DILLMAN & OLD STATE 37 SOUTH RD,39.092944,-86.544
2011,10,5,Weekday,1900,1-Car,No injury/unknown,RAN OFF ROAD RIGHT,PAYNETOWN & SR446S,39.0929195,-86.42304235
2011,7,1,Weekend,1700,2-Car,Non-incapacitating,DISREGARD SIGNAL/REG SIGN,E DILLMAN & FAIRFAX RD,39.09264,-86.51672
2011,9,5,Weekday,1900,2-Car,No injury/unknown,ROADWAY SURFACE CONDITION,E DILLMAN RD & FAIRFAX,39.09261,-86.51656319
2011,10,6,Weekday,1700,Moped/Motorcycle,No injury/unknown,FAILURE TO YIELD RIGHT OF WAY,E DILLMAN & S FAIRFAX RD,39.09261,-86.51702
2011,1,5,Weekday,700,1-Car,No injury/unknown,SPEED TOO FAST FOR WEATHER CONDITIONS,BOLIN & ROCKPORT RD,39.09260982,-86.57509977
2011,11,1,Weekend,1400,1-Car,No injury/unknown,DRIVER DISTRACTED - EXPLAIN IN NARRATIVE,446 RDS,39.09247756,-86.42310529
2011,9,2,Weekday,2000,1-Car,No injury/unknown,ANIMAL/OBJECT IN ROADWAY,446 & PAYNETOWN RD RD,39.092112,-86.422832
2011,3,4,Weekday,1400,2-Car,No injury/unknown,DRIVER DISTRACTED - EXPLAIN IN NARRATIVE,DILLMAN & FAIRFAX RD,39.09126997,-86.51659862
2011,1,5,Weekday,500,1-Car,No injury/unknown,ROADWAY SURFACE CONDITION,MAY & ROCKPORT RD,39.09076622,-86.58801583
2011,4,6,Weekday,1600,2-Car,No injury/unknown,UNSAFE LANE MOVEMENT,S STANFORD & SR45W,39.08949755,-86.66685515
2011,5,1,Weekday,1900,1-Car,No injury/unknown,SPEED TOO FAST FOR WEATHER CONDITIONS,PAYNETOWN RD & SR446S,39.08945721,-86.42305431
2011,8,6,Weekday,1600,2-Car,No injury/unknown,ROADWAY SURFACE CONDITION,PAYNETOWN & SR446S,39.08945721,-86.42305431
2011,12,6,Weekend,1900,2-Car,Non-incapacitating,LEFT OF CENTER,SR45 & STANFORD,39.08924071,-86.66726851
2011,8,5,Weekday,1700,2-Car,No injury/unknown,UNSAFE BACKING,OLD STATE ROAD 37 HWY,39.0888618,-86.54300612
2011,9,1,Weekday,2200,2-Car,Non-incapacitating,LEFT OF CENTER,BIRCH & SR45W,39.08864142,-86.66823301
2011,10,4,Weekday,2000,2-Car,No injury/unknown,ROADWAY SURFACE CONDITION,HINDS & KIRKSVILLE RD,39.0882209,-86.657296
2011,11,5,Weekday,1100,1-Car,No injury/unknown,SPEED TOO FAST FOR WEATHER CONDITIONS,SPARKS & SR45W,39.08780679,-86.66957619
2011,5,1,Weekday,2000,1-Car,No injury/unknown,SPEED TOO FAST FOR WEATHER CONDITIONS,SALT CREEK & SR446N,39.08778951,-86.42243138
2011,5,1,Weekend,200,3+ Cars,Non-incapacitating,RAN OFF ROAD RIGHT,SPARKS & SR45S,39.086848,-86.671296
2011,7,2,Weekday,500,1-Car,Fatal,RAN OFF ROAD RIGHT,SR45W & WEST SPARKS,39.086848,-86.671296
2011,9,1,Weekday,2100,1-Car,No injury/unknown,RAN OFF ROAD RIGHT,SPARKS & SR45W,39.08684694,-86.6714036
2011,5,1,Weekday,2100,1-Car,No injury/unknown,OVERCORRECTING/OVERSTEERING,BREEDEN & SR45W,39.08684429,-86.67145559
2011,9,7,Weekend,1300,2-Car,No injury/unknown,FOLLOWING TOO CLOSELY,BREEDEN & SR45W,39.086832,-86.671984
2011,11,6,Weekday,1800,1-Car,No injury/unknown,ANIMAL/OBJECT IN ROADWAY,BREEDEN & SR45N,39.08681358,-86.67409844
2011,12,3,Weekday,1300,1-Car,No injury/unknown,RAN OFF ROAD RIGHT,SPARKS RD,39.08681273,-86.67102053
2011,7,7,Weekend,100,1-Car,Non-incapacitating,RAN OFF ROAD RIGHT,BREEDEN & SR45W,39.08678588,-86.6772701
2011,6,7,Weekend,1100,Moped/Motorcycle,No injury/unknown,FOLLOWING TOO CLOSELY,BREEDON & SR45W,39.08675815,-86.67201332
2011,8,4,Weekday,1600,3+ Cars,No injury/unknown,OTHER (DRIVER) - EXPLAIN IN NARRATIVE,BREEDEN & SR45W,39.08675815,-86.67201332