Year,Month,Day,Weekend?,Hour,Collision Type,Injury Type,Primary Factor,Reported_Location,Latitude,Longitude
2011,3,4,Weekday,2300,2-Car,No injury/unknown,DRIVER DISTRACTED - EXPLAIN IN NARRATIVE,N GATES & W 3RD ST,0.0,0.0
2011,3,5,Weekday,1700,2-Car,No injury/unknown,FAILURE TO YIELD RIGHT OF WAY,EAST WINERY & SR37S,0.0,0.0
2011,4,7,Weekend,1600,2-Car,No injury/unknown,FOLLOWING TOO CLOSELY,SR45W & WB RAMP SR 37,0.0,0.0
2011,4,1,Weekend,1200,2-Car,No injury/unknown,UNSAFE BACKING,EASTLAND PLAZA DR,0.0,0.0
2011,4,1,Weekend,1500,2-Car,No injury/unknown,FAILURE TO YIELD RIGHT OF WAY,E 1OTH ST,0.0,0.0
2011,4,3,Weekday,2200,2-Car,No injury/unknown,OTHER (DRIVER) - EXPLAIN IN NARRATIVE,CRESCENT & MARQUIS DR,0.0,0.0
2011,4,3,Weekday,1600,2-Car,No injury/unknown,UNSAFE LANE MOVEMENT,11TH & FEE LN,0.0,0.0
2011,4,5,Weekday,1400,2-Car,No injury/unknown,FOLLOWING TOO CLOSELY,10 & JORDAN AVE,0.0,0.0
2011,4,5,Weekday,1600,2-Car,No injury/unknown,FAILURE TO YIELD RIGHT OF WAY,BUSINESS 37 NORTH RD & WHISNAND,0.0,0.0
2011,4,5,Weekday,1700,2-Car,No injury/unknown,FAILURE TO YIELD RIGHT OF WAY,12TH & INDIANA ST,0.0,0.0
2011,4,6,Weekday,200,2-Car,No injury/unknown,IMPROPER TURNING,DODDS & MADISON ST,0.0,0.0
2011,4,7,Weekend,1800,2-Car,No injury/unknown,UNSAFE BACKING,N JORDAN AVE,0.0,0.0
2011,4,3,Weekday,1600,2-Car,No injury/unknown,UNSAFE BACKING,NORTH JORDAN AVE,0.0,0.0
2011,4,3,Weekday,1800,Bus,No injury/unknown,FOLLOWING TOO CLOSELY,E 3RD ST & S JORDAN,0.0,0.0
2011,4,3,Weekday,500,1-Car,Non-incapacitating,RAN OFF ROAD RIGHT,ROCKPORT & SR37S,0.0,0.0
2011,4,3,Weekday,1800,2-Car,No injury/unknown,FAILURE TO YIELD RIGHT OF WAY,N RUSSELL RD & PRIVATE,0.0,0.0
2011,4,4,Weekday,600,2-Car,No injury/unknown,FOLLOWING TOO CLOSELY,GATES & W 3RD ST,0.0,0.0
2011,4,1,Weekend,1200,2-Car,No injury/unknown,FAILURE TO YIELD RIGHT OF WAY,S PATTERSON & W 3RD ST,0.0,0.0
2011,4,4,Weekday,1500,2-Car,No injury/unknown,FOLLOWING TOO CLOSELY,E ATWATER AVE & S JORDAN,0.0,0.0
2011,4,6,Weekday,1400,1-Car,No injury/unknown,RAN OFF ROAD RIGHT,ROGERS STREET ST & SANJUAN STREET,0.0,0.0
2011,4,7,Weekend,800,2-Car,No injury/unknown,,S COBBLE CREEK CIR,0.0,0.0
2011,4,7,Weekend,800,2-Car,No injury/unknown,IMPROPER TURNING,TEMEPERANCE ST ST,0.0,0.0
2011,4,7,Weekend,800,1-Car,No injury/unknown,RAN OFF ROAD RIGHT,ANDERSON RD & BEAN BLOSSOM,0.0,0.0
2011,4,7,Weekend,1200,Bus,No injury/unknown,UNSAFE BACKING,1600 E LAW LANE & N UNION ST,0.0,0.0
2011,4,6,Weekday,1500,2-Car,Non-incapacitating,UNSAFE LANE MOVEMENT,FULLERTON & SR37S,0.0,0.0
2011,4,7,Weekend,1600,1-Car,No injury/unknown,STEERING FAILURE,DAISY DR & MEADOWLANDS,0.0,0.0
2011,4,7,Weekend,1700,2-Car,No injury/unknown,FAILURE TO YIELD RIGHT OF WAY,1175 S COLLEGE MALL RD & COVENANTER,0.0,0.0
2011,4,7,Weekend,1500,2-Car,No injury/unknown,SPEED TOO FAST FOR WEATHER CONDITIONS,DEER RUN & SR46W,0.0,0.0
2011,4,2,Weekday,1200,2-Car,No injury/unknown,FAILURE TO YIELD RIGHT OF WAY,BRIARGATE & SR46W,0.0,0.0
2011,4,3,Weekday,1300,2-Car,No injury/unknown,IMPROPER TURNING,MCDONALDS ENTRANCE & PETE ELLIS DR,0.0,0.0
2011,4,2,Weekday,2200,2-Car,No injury/unknown,UNSAFE BACKING,BALFOUR & N STATE ROAD 45 46 BYP,0.0,0.0
2011,4,7,Weekend,1400,2-Car,No injury/unknown,UNSAFE BACKING,FOREST EAST PARKING LOT DR & JONES,0.0,0.0
2011,4,7,Weekend,1600,2-Car,No injury/unknown,FAILURE TO YIELD RIGHT OF WAY,INGRAM & OLD STATE ROAD 37 SOUTH RD,0.0,0.0
2011,5,1,Weekday,1900,2-Car,No injury/unknown,FAILURE TO YIELD RIGHT OF WAY,37 & BLOOMFIELD RD,0.0,0.0
2011,5,2,Weekday,800,1-Car,No injury/unknown,OTHER (DRIVER) - EXPLAIN IN NARRATIVE,S WODDSCREST DR,0.0,0.0
2011,5,3,Weekday,1000,1-Car,No injury/unknown,OVERCORRECTING/OVERSTEERING,BUSINESS 37 NORTH HWY & WHISNAND,0.0,0.0
2011,5,5,Weekday,700,2-Car,No injury/unknown,IMPROPER TURNING,CURRY PIKE PIKE & VERNAL PIKE,0.0,0.0
2011,5,5,Weekday,1600,2-Car,No injury/unknown,OTHER (DRIVER) - EXPLAIN IN NARRATIVE,BETWEEN 3RD AND SMITH ALY & BETWEEN WALNUT AND WASHINGTON,0.0,0.0
2011,5,5,Weekday,1300,2-Car,No injury/unknown,UNSAFE SPEED,JONES & READ SOUTH CIRCLE DR,0.0,0.0
2011,5,5,Weekday,300,1-Car,No injury/unknown,RAN OFF ROAD RIGHT,19 & WALNUT ST,0.0,0.0
2011,5,1,Weekend,900,2-Car,No injury/unknown,DRIVER DISTRACTED - EXPLAIN IN NARRATIVE,3400 BLK SARE RD & SOUTHERN OAKS,0.0,0.0
2011,5,7,Weekend,300,1-Car,No injury/unknown,ANIMAL/OBJECT IN ROADWAY,3800 BLK ANDERSON RD & SHILO,0.0,0.0
2011,5,4,Weekday,0,1-Car,No injury/unknown,ANIMAL/OBJECT IN ROADWAY,BAYLES & SR37N,0.0,0.0
2011,5,4,Weekday,800,2-Car,No injury/unknown,OTHER (DRIVER) - EXPLAIN IN NARRATIVE,10TH & 2451 EAST 10TH PARKING LOT ST,0.0,0.0
2011,5,5,Weekday,1500,2-Car,No injury/unknown,OTHER (DRIVER) - EXPLAIN IN NARRATIVE,RAMP 14 15 & W SR 45 HWY,0.0,0.0
2011,5,6,Weekday,800,2-Car,No injury/unknown,IMPROPER TURNING,LYNWIST DRIVE & UNION VALLEY RD,0.0,0.0
2011,5,5,Weekday,1200,2-Car,No injury/unknown,IMPROPER LANE USAGE,OFF RAMP NB SR 37 & SR 48,0.0,0.0
2011,5,1,Weekday,2200,2-Car,No injury/unknown,FOLLOWING TOO CLOSELY,45 46 BYP & WALNUT,0.0,0.0
2011,5,2,Weekday,900,2-Car,No injury/unknown,IMPROPER TURNING,OLD STATE ROAD 37 NORTH RD & W BAYLES,0.0,0.0
2011,6,4,Weekday,1200,2-Car,No injury/unknown,FAILURE TO YIELD RIGHT OF WAY,E 1OTH ST,0.0,0.0
2011,6,7,Weekend,1200,2-Car,No injury/unknown,DISREGARD SIGNAL/REG SIGN,3000 W 3RD ST & E 12 W RAMP 10,0.0,0.0
2011,6,3,Weekday,1200,2-Car,No injury/unknown,FOLLOWING TOO CLOSELY,SR37S,0.0,0.0
2011,6,4,Weekday,800,2-Car,No injury/unknown,LEFT OF CENTER,SMOKIN JACKS DRIVE & WEST 17TH ST,0.0,0.0
2011,6,7,Weekend,200,2-Car,No injury/unknown,OTHER (DRIVER) - EXPLAIN IN NARRATIVE,OLD SR37 & SR37S,0.0,0.0
2011,6,4,Weekday,1200,2-Car,No injury/unknown,UNSAFE SPEED,2ND ST & LANDMARK,0.0,0.0
2011,6,6,Weekday,1500,2-Car,No injury/unknown,FAILURE TO YIELD RIGHT OF WAY,OUTBACK & SR46W,0.0,0.0
2011,6,1,Weekday,2000,1-Car,No injury/unknown,OTHER (VEHICLE) - EXPLAIN IN NARRATIVE,MONROE DAM RD,0.0,0.0
2011,6,4,Weekday,100,2-Car,No injury/unknown,IMPROPER PASSING,N WILLIS DR & UPPER VALLEY,0.0,0.0
2011,6,6,Weekday,1100,1-Car,No injury/unknown,RAN OFF ROAD RIGHT,ROBINSON ROAD RD & UTT DRIVE,0.0,0.0
2011,6,6,Weekend,1900,1-Car,No injury/unknown,ANIMAL/OBJECT IN ROADWAY,PINE BLVD & SR37S,0.0,0.0
2011,6,5,Weekday,1800,2-Car,No injury/unknown,DRIVER DISTRACTED - EXPLAIN IN NARRATIVE,SR37N,0.0,0.0
2011,7,4,Weekday,1500,Moped/Motorcycle,No injury/unknown,RAN OFF ROAD RIGHT,200 S JORDAN & 5TH ST,0.0,0.0
2011,7,6,Weekday,1200,3+ Cars,No injury/unknown,DRIVER DISTRACTED - EXPLAIN IN NARRATIVE,1300 BLK W BLOOMFIELD RD & 500 S LANDMARK,0.0,0.0
2011,7,7,Weekend,1300,2-Car,No injury/unknown,FOLLOWING TOO CLOSELY,SR 37 SOUTH RAMP RAMP,0.0,0.0
2011,7,2,Weekday,0,2-Car,No injury/unknown,,EAST GOODNIGHT WAY,0.0,0.0
2011,7,2,Weekday,1500,2-Car,No injury/unknown,DISREGARD SIGNAL/REG SIGN,ENTRANCE TO SAMS CLUB & W 45 RD,0.0,0.0
2011,7,3,Weekday,2000,2-Car,No injury/unknown,UNSAFE BACKING,E 7TH & N STADIUM DR,0.0,0.0
2011,7,3,Weekday,1700,2-Car,No injury/unknown,DISREGARD SIGNAL/REG SIGN,CURRY & SR37E,0.0,0.0
2011,7,4,Weekday,1000,1-Car,No injury/unknown,DRIVER DISTRACTED - EXPLAIN IN NARRATIVE,LOWGAP RD & TULIP TRACE,0.0,0.0
2011,7,2,Weekday,1700,2-Car,No injury/unknown,FAILURE TO YIELD RIGHT OF WAY,SECOND & SR 37 RAMP,0.0,0.0
2011,7,2,Weekday,1900,2-Car,No injury/unknown,IMPROPER TURNING,IU GOLF COURSE & SR45E,0.0,0.0
2011,7,3,Weekday,1800,1-Car,No injury/unknown,BRAKE FAILURE OR DEFECTIVE,SOUTHY FAIRFAX RDS,0.0,0.0
2011,7,4,Weekday,1400,Moped/Motorcycle,Non-incapacitating,OTHER (DRIVER) - EXPLAIN IN NARRATIVE,BRUMMETS CREEK & SR45E,0.0,0.0
2011,7,4,Weekday,100,2-Car,No injury/unknown,IMPROPER TURNING,CR,0.0,0.0
2011,7,1,Weekend,100,2-Car,No injury/unknown,OTHER (DRIVER) - EXPLAIN IN NARRATIVE,CAMPUS VIEW PARKING LOT ST & N UNION,0.0,0.0
2011,7,1,Weekend,1500,2-Car,No injury/unknown,LEFT OF CENTER,MAIN ROAD TO CUTRIGHT SRA RD & SOUTH ST RD 446,0.0,0.0
2011,8,3,Weekday,1500,1-Car,No injury/unknown,RAN OFF ROAD RIGHT,HARTSTRAIGHT & MAIN ST,0.0,0.0
2011,8,3,Weekday,1600,2-Car,No injury/unknown,FAILURE TO YIELD RIGHT OF WAY,BRIAR GATE & SR4800W,0.0,0.0
2011,8,7,Weekend,1500,3+ Cars,No injury/unknown,FOLLOWING TOO CLOSELY,BLOOMFELD RD & LIBERTY,0.0,0.0
2011,8,6,Weekday,1600,2-Car,No injury/unknown,FAILURE TO YIELD RIGHT OF WAY,RHORER & SR37S,0.0,0.0
2011,8,3,Weekday,900,2-Car,No injury/unknown,DRIVER DISTRACTED - EXPLAIN IN NARRATIVE,611 E 10TH (WEST PARKING LOT) ST & EAST COTTAGE,0.0,0.0
2011,8,4,Weekday,1300,2-Car,No injury/unknown,UNSAFE BACKING,E 3RD ST & FOREST,0.0,0.0
2011,8,4,Weekday,1600,2-Car,No injury/unknown,IMPROPER TURNING,37 & FULLERTON PIKE,0.0,0.0
2011,8,2,Weekday,1100,2-Car,No injury/unknown,IMPROPER TURNING,EAST FORTH & INDIANA AVE,0.0,0.0
2011,8,1,Weekend,800,2-Car,No injury/unknown,,N CRESCENT & W MARQUIS DR,0.0,0.0
2011,8,3,Weekday,1000,2-Car,No injury/unknown,FOLLOWING TOO CLOSELY,NORWAY DRIVE & SMITH ROAD RD,0.0,0.0
2011,8,2,Weekday,800,1-Car,No injury/unknown,RAN OFF ROAD RIGHT,HARTSTRAIGHT ROAD RD & STATE ROAD 46 WEST,0.0,0.0
2011,8,4,Weekday,1500,2-Car,No injury/unknown,LEFT OF CENTER,EAST ROCKPORT RD & ST HW 37,0.0,0.0
2011,9,5,Weekday,1100,2-Car,No injury/unknown,FAILURE TO YIELD RIGHT OF WAY,300 BLK S GRANT ST & E W ALLEY,0.0,0.0
2011,9,6,Weekday,1400,1-Car,No injury/unknown,UNSAFE LANE MOVEMENT,SR37S & W 45,0.0,0.0
2011,9,3,Weekday,1500,2-Car,No injury/unknown,FAILURE TO YIELD RIGHT OF WAY,SR45E & UITS,0.0,0.0
2011,9,2,Weekday,2100,1-Car,No injury/unknown,OTHER (DRIVER) - EXPLAIN IN NARRATIVE,6640 N OLD SR37 HWY & E WYLIE,0.0,0.0
2010,2,6,Weekend,2200,2-Car,No injury/unknown,UNSAFE BACKING,VINE ST,39.235728,-86.626032
2011,9,5,Weekday,1500,2-Car,No injury/unknown,FAILURE TO YIELD RIGHT OF WAY,TAPP RD & TECH PARK,0.0,0.0
2011,9,1,Weekday,1900,Moped/Motorcycle,No injury/unknown,OTHER (DRIVER) - EXPLAIN IN NARRATIVE,N PATHWAYS & SR45E,0.0,0.0
2011,9,4,Weekday,2000,2-Car,No injury/unknown,UNSAFE BACKING,OMAHA CROSSING RD & W RED ROCK,0.0,0.0
2011,9,5,Weekday,800,2-Car,No injury/unknown,FAILURE TO YIELD RIGHT OF WAY,KARST PARK & S ENDWRIGHT RD,0.0,0.0
2011,9,7,Weekend,2200,1-Car,No injury/unknown,ROADWAY SURFACE CONDITION,CLUB HOUSE & SR37N,0.0,0.0
2011,9,2,Weekday,1900,2-Car,No injury/unknown,FAILURE TO YIELD RIGHT OF WAY,PRIVATE & S COLLEGE MALL RD,0.0,0.0
2011,9,2,Weekday,1700,3+ Cars,No injury/unknown,FOLLOWING TOO CLOSELY,BLOOMFIELD RD & HICKORY LEAF,0.0,0.0
2011,9,2,Weekday,2000,1-Car,No injury/unknown,SPEED TOO FAST FOR WEATHER CONDITIONS,WALNUT ST,0.0,0.0
2011,9,2,Weekday,1100,2-Car,No injury/unknown,FAILURE TO YIELD RIGHT OF WAY,37 & KETCHAM RD,0.0,0.0
2011,9,3,Weekday,1800,2-Car,No injury/unknown,UNSAFE BACKING,EAST STRATUM WAY,0.0,0.0
2011,9,2,Weekday,1800,2-Car,No injury/unknown,,E 7TH ST & N STADIUM,0.0,0.0
2011,9,5,Weekday,2300,2-Car,No injury/unknown,UNSAFE BACKING,PARKING LOT 320 E UNIVERSITY ST & UNIVERSITY,0.0,0.0
2011,10,1,Weekend,900,1-Car,No injury/unknown,DRIVER ASLEEP OR FATIGUED,3800 BLOCK N WALNUT ST & BLUERIDGE,0.0,0.0
2011,10,2,Weekday,1700,2-Car,No injury/unknown,UNSAFE BACKING,E 7TH & N STADIUM DR,0.0,0.0
2011,10,2,Weekday,1200,2-Car,No injury/unknown,FAILURE TO YIELD RIGHT OF WAY,SR446S & TOWER RIDGE,0.0,0.0
2011,10,3,Weekday,1900,1-Car,No injury/unknown,ANIMAL/OBJECT IN ROADWAY,INGRAM & OLD SR37 SOUTH RD,0.0,0.0
2011,10,4,Weekday,1700,2-Car,No injury/unknown,DRIVER DISTRACTED - EXPLAIN IN NARRATIVE,ALLEY ALY & W VINE,0.0,0.0
2011,10,6,Weekday,1700,2-Car,No injury/unknown,FAILURE TO YIELD RIGHT OF WAY,E 3RD ST & PRIVATE,0.0,0.0
2011,10,7,Weekend,1400,2-Car,No injury/unknown,FOLLOWING TOO CLOSELY,SR46W & STINESVILLE,0.0,0.0
2011,10,2,Weekday,800,2-Car,No injury/unknown,OTHER (DRIVER) - EXPLAIN IN NARRATIVE,3400 S SARE & STEEPLECHASE APTS MAIN DRIVE DR,0.0,0.0
2011,10,2,Weekday,1400,2-Car,No injury/unknown,UNSAFE BACKING,E 7TH & N STADIUM DR,0.0,0.0
2011,10,4,Weekday,900,1-Car,No injury/unknown,ANIMAL/OBJECT IN ROADWAY,CHAFIN CHAPEL & SR46W,0.0,0.0
2011,10,4,Weekday,1400,2-Car,No injury/unknown,FAILURE TO YIELD RIGHT OF WAY,COLLEGE MALL ENTRANCE & COLLEGE MALL RD,0.0,0.0
2011,10,6,Weekday,1100,2-Car,No injury/unknown,FOLLOWING TOO CLOSELY,1200 OF BLOCK 17 TH ST & 45 46 BYPASS,0.0,0.0
2011,10,3,Weekday,1400,1-Car,No injury/unknown,RAN OFF ROAD RIGHT,LOW GAP RD & TULIP TREE,0.0,0.0
2011,10,7,Weekend,1200,2-Car,No injury/unknown,OTHER (DRIVER) - EXPLAIN IN NARRATIVE,1150 S CLARIZZ BLVD,0.0,0.0
2011,10,1,Weekend,100,1-Car,No injury/unknown,RAN OFF ROAD RIGHT,EADS & SR446S,0.0,0.0
2011,10,6,Weekday,800,2-Car,No injury/unknown,OVERCORRECTING/OVERSTEERING,300 BLOCK N INDIANA & 600 E 7TH ST,0.0,0.0
2011,10,5,Weekday,1200,3+ Cars,No injury/unknown,FOLLOWING TOO CLOSELY,SMITH  ROAD RD & WOODYARD RD,0.0,0.0
2011,10,5,Weekday,1500,1-Car,No injury/unknown,SPEED TOO FAST FOR WEATHER CONDITIONS,FAIRFAX RD & SCHATT,0.0,0.0
2011,10,2,Weekday,700,2-Car,No injury/unknown,FOLLOWING TOO CLOSELY,FORRST PARK DRIVE & SMITH RD RD,0.0,0.0
2011,10,2,Weekday,900,2-Car,No injury/unknown,UNSAFE BACKING,10TH ST & NORTH SOUTH,0.0,0.0
2011,11,5,Weekday,1300,2-Car,No injury/unknown,FAILURE TO YIELD RIGHT OF WAY,BLOOMFIELD & LIBERTY DR,0.0,0.0
2011,11,5,Weekday,1600,2-Car,No injury/unknown,FOLLOWING TOO CLOSELY,ADAMS ST & TAPP RD RD,0.0,0.0
2011,11,1,Weekday,2300,1-Car,No injury/unknown,ANIMAL/OBJECT IN ROADWAY,SISCOE & SR46W,0.0,0.0
2011,11,2,Weekday,500,1-Car,No injury/unknown,ANIMAL/OBJECT IN ROADWAY,SR37N,0.0,0.0
2011,11,3,Weekday,1100,2-Car,No injury/unknown,OTHER (DRIVER) - EXPLAIN IN NARRATIVE,SR37N,0.0,0.0
2011,11,3,Weekday,900,2-Car,No injury/unknown,FAILURE TO YIELD RIGHT OF WAY,2ND ST & OAKDALE,0.0,0.0
2011,11,7,Weekend,1200,3+ Cars,No injury/unknown,FAILURE TO YIELD RIGHT OF WAY,OLD SR37 & SR37S,0.0,0.0
2011,11,7,Weekend,1900,2-Car,No injury/unknown,FAILURE TO YIELD RIGHT OF WAY,45 46 BYP & MONROE,0.0,0.0
2011,11,7,Weekend,1200,2-Car,No injury/unknown,OTHER (DRIVER) - EXPLAIN IN NARRATIVE,EXIT RAMP SR 37 SB RAMP & SR45W,0.0,0.0
2011,11,3,Weekday,2100,1-Car,No injury/unknown,ANIMAL/OBJECT IN ROADWAY,CURRY & SR37,0.0,0.0
2011,11,4,Weekday,1800,2-Car,No injury/unknown,FOLLOWING TOO CLOSELY,GORDON & SR37S,0.0,0.0
2011,11,6,Weekday,1300,2-Car,No injury/unknown,FOLLOWING TOO CLOSELY,1210 E THIRD ST & 300 S BALLANTINE,0.0,0.0
2011,11,6,Weekday,800,1-Car,No injury/unknown,ANIMAL/OBJECT IN ROADWAY,FAIRFAX RD & LIEUTENANT,0.0,0.0
2011,11,1,Weekend,500,2-Car,No injury/unknown,FOLLOWING TOO CLOSELY,45 WEST & WALMART DR,0.0,0.0
2011,11,3,Weekday,1100,2-Car,No injury/unknown,SPEED TOO FAST FOR WEATHER CONDITIONS,RANSOM & SR45W,0.0,0.0
2011,11,2,Weekday,600,1-Car,No injury/unknown,ANIMAL/OBJECT IN ROADWAY,FLATWOODS & SR46W,0.0,0.0
2011,11,2,Weekday,1400,2-Car,No injury/unknown,UNSAFE BACKING,1320 E 10TH (PARKING LOT SE) ST & 7TH,0.0,0.0
2011,11,2,Weekday,900,1-Car,No injury/unknown,RAN OFF ROAD RIGHT,CHURCH & SR37S,0.0,0.0
2011,11,2,Weekday,1900,2-Car,No injury/unknown,UNSAFE BACKING,PARKING LOT ALY & SR 45,0.0,0.0
2011,11,3,Weekday,1200,2-Car,No injury/unknown,,E PRESIDENTS DR & N FORREST,0.0,0.0
2011,12,2,Weekday,1100,2-Car,No injury/unknown,UNSAFE LANE MOVEMENT,3RD ST & SB ON RAMP TO SR 37,0.0,0.0
2011,12,3,Weekday,2100,2-Car,No injury/unknown,UNSAFE BACKING,7TH ST & FOREST,0.0,0.0
2011,12,1,Weekend,1600,3+ Cars,No injury/unknown,DRIVER DISTRACTED - EXPLAIN IN NARRATIVE,300 S COLLEGE MALL RD & ENTRANCE TO EASTLAND PLAZA,0.0,0.0
2011,12,1,Weekend,1800,2-Car,No injury/unknown,FAILURE TO YIELD RIGHT OF WAY,ENTRANCE TO SHOWPLACE THEATRE & S COLLEGE MALL RD,0.0,0.0
2011,12,3,Weekday,700,1-Car,No injury/unknown,ANIMAL/OBJECT IN ROADWAY,HARTSTRAIGHT RD & STATE ROAD 46 WEST,0.0,0.0
2011,12,3,Weekday,1700,1-Car,No injury/unknown,ANIMAL/OBJECT IN ROADWAY,PACKINGHOUSE & VERNAL PIKE,0.0,0.0
2011,12,4,Weekday,800,2-Car,No injury/unknown,FAILURE TO YIELD RIGHT OF WAY,CURRY PIKE & DOYAL,0.0,0.0
2011,12,4,Weekday,1700,1-Car,No injury/unknown,ANIMAL/OBJECT IN ROADWAY,FAIRFAX & SR37S,0.0,0.0
2011,12,5,Weekday,1400,2-Car,No injury/unknown,ACCELERATOR FAILURE OR DEFECTIVE,LANDMARK AVE & WEST 2ND,0.0,0.0
2011,12,2,Weekday,1100,3+ Cars,No injury/unknown,FOLLOWING TOO CLOSELY,COUNTY LINE & SR45W,0.0,0.0
2011,12,4,Weekday,800,2-Car,No injury/unknown,FOLLOWING TOO CLOSELY,3010 BETHEL LN & FORBES,0.0,0.0
2011,12,4,Weekday,900,Pedestrian,Incapacitating,RAN OFF ROAD RIGHT,CHAFIN CHAPEL & SR46W,0.0,0.0
2011,12,7,Weekend,1200,2-Car,No injury/unknown,FOLLOWING TOO CLOSELY,CURRY & SR46W,0.0,0.0
2011,12,7,Weekend,2000,1-Car,No injury/unknown,RAN OFF ROAD RIGHT,SISCOE & SR46W,0.0,0.0
2011,12,3,Weekday,1100,1-Car,No injury/unknown,ROADWAY SURFACE CONDITION,NORTH BOUND SR37 ON RAMP & SR46W,0.0,0.0
2011,12,3,Weekday,1600,1-Car,No injury/unknown,SPEED TOO FAST FOR WEATHER CONDITIONS,NORTH PATHWAYS & SR45E,0.0,0.0
2011,12,4,Weekday,700,1-Car,No injury/unknown,ROADWAY SURFACE CONDITION,HEDRICK & SR46W,0.0,0.0
2011,12,3,Weekday,1100,1-Car,No injury/unknown,RAN OFF ROAD RIGHT,SR46E & WOOLDVIEW,0.0,0.0
2010,1,7,Weekend,2000,1-Car,No injury/unknown,ANIMAL/OBJECT IN ROADWAY,BOTTOM & DENNY RD,39.70666003,-86.55548
2010,7,4,Weekday,1600,2-Car,No injury/unknown,FOLLOWING TOO CLOSELY,OLD STATE ROAD 37 SOUTH RD & STATE ROAD 37,39.53339372,-86.48081
2010,1,6,Weekday,500,1-Car,No injury/unknown,ANIMAL/OBJECT IN ROADWAY,OLD SR 37 SOUTH HWY & SR 37 SOUTH,39.42722686,-86.48081
2010,12,1,Weekend,1400,2-Car,No injury/unknown,ROADWAY SURFACE CONDITION,ANDERSON ROAD RD & OLD STATE ROAD 37 NORTH,39.37191793,-86.50192
2010,12,2,Weekday,900,1-Car,Non-incapacitating,SPEED TOO FAST FOR WEATHER CONDITIONS,BUSINESS SR 37 HWY & OLD SR 37,39.36591888,-86.53484
2010,1,6,Weekend,2300,1-Car,No injury/unknown,ANIMAL/OBJECT IN ROADWAY,CROSSOVER & SR37N,39.35086304,-86.51840237
2010,12,3,Weekday,1100,1-Car,Non-incapacitating,SPEED TOO FAST FOR WEATHER CONDITIONS,SALEM & W BURMA RD,39.33668731,-86.53621674
2010,5,4,Weekday,1500,2-Car,Non-incapacitating,LEFT OF CENTER,W BRIGHTON & W WAMPLER RD,39.33448,-86.614368
2010,10,6,Weekday,0,1-Car,No injury/unknown,ANIMAL/OBJECT IN ROADWAY,BRYANTS CREEK & SR37,39.334368,-86.5124
2010,12,6,Weekday,1100,1-Car,No injury/unknown,OTHER (VEHICLE) - EXPLAIN IN NARRATIVE,BRYANTS CREEK & SR37S,39.334368,-86.5124
2010,10,6,Weekday,1800,Moped/Motorcycle,Non-incapacitating,RAN OFF ROAD RIGHT,COUNTY LINE & TEXAS RIDGE RD,39.33024773,-86.67243004
2010,4,4,Weekday,1900,1-Car,Non-incapacitating,OTHER (ENVIRONMENTAL) - EXPLAIN IN NARR,N THOMAS RD & RATLIFF,39.32235817,-86.63043113
2010,5,3,Weekday,200,1-Car,No injury/unknown,RAN OFF ROAD RIGHT,GARRISON CHAPEL RD & STATE ROAD 45,39.32227983,-86.6382
2010,5,1,Weekend,0,1-Car,Non-incapacitating,RAN OFF ROAD RIGHT,BOWMAN RD & BROWN,39.319424,-86.59912
2010,12,5,Weekday,600,2-Car,No injury/unknown,SPEED TOO FAST FOR WEATHER CONDITIONS,BURMA & SR37,39.31749561,-86.51067266
2010,8,1,Weekend,400,1-Car,No injury/unknown,RAN OFF ROAD RIGHT,BURMA & SR37N,39.31695399,-86.51079025
2010,4,1,Weekend,100,1-Car,No injury/unknown,UNSAFE SPEED,BURMA & SR37N,39.3150766,-86.51132348
2010,5,1,Weekend,600,1-Car,Incapacitating,DRIVER ASLEEP OR FATIGUED,BURMA ROAD & SR37N,39.314272,-86.511552
2010,6,6,Weekday,1200,2-Car,Non-incapacitating,FAILURE TO YIELD RIGHT OF WAY,BURMA & SR37S,39.314272,-86.511552
2010,9,1,Weekend,1400,1-Car,Non-incapacitating,LEFT OF CENTER,BEAN BLOSSOM & MAIN FOREST RD,39.31404656,-86.43553734
2010,11,7,Weekend,2200,1-Car,No injury/unknown,RAN OFF ROAD RIGHT,BOTTOM & PRATHER RD,39.308592,-86.602176
2010,1,6,Weekday,1800,1-Car,No injury/unknown,ANIMAL/OBJECT IN ROADWAY,FARR & NORTH OLD STATE ROAD 37 RD,39.308064,-86.482752
2010,12,1,Weekend,1400,1-Car,No injury/unknown,SPEED TOO FAST FOR WEATHER CONDITIONS,CHAMBERS & SR37S,39.30565079,-86.51636386
2010,5,4,Weekday,1300,1-Car,Non-incapacitating,DRIVER DISTRACTED - EXPLAIN IN NARRATIVE,MT GILEAD & SR45E,39.3048949,-86.42414576
2010,6,1,Weekday,2000,1-Car,Non-incapacitating,OVERCORRECTING/OVERSTEERING,CHAMBERS PIKE & US37,39.30432,-86.5168
2010,10,7,Weekend,800,Moped/Motorcycle,Non-incapacitating,ANIMAL/OBJECT IN ROADWAY,CORTLAND & SR37,39.30295589,-86.48870945
2010,5,4,Weekday,1400,2-Car,No injury/unknown,FAILURE TO YIELD RIGHT OF WAY,DITTEMORE RD & TILFORD,39.30223,-86.53498731
2010,5,6,Weekend,1900,2-Car,No injury/unknown,FAILURE TO YIELD RIGHT OF WAY,CROSSOVER & SR37N,39.29781099,-86.51840237
2010,9,7,Weekend,2100,1-Car,No injury/unknown,ANIMAL/OBJECT IN ROADWAY,CROSSOVER & SR37N,39.29781099,-86.51840237
2010,10,6,Weekday,800,1-Car,No injury/unknown,ANIMAL/OBJECT IN ROADWAY,CROSSOVER & SR37S,39.29781099,-86.51840237
2010,1,7,Weekend,1500,1-Car,Non-incapacitating,UNSAFE SPEED,MOUNT CARMEL RD & STINESVILLE,39.29618595,-86.66746293
2010,7,7,Weekend,2300,1-Car,No injury/unknown,RAN OFF ROAD RIGHT,ELM & WALKER LN,39.29600979,-86.64245352
2010,3,3,Weekday,1900,1-Car,No injury/unknown,UNSAFE SPEED,9200 MOUNT CARMEL RD & LITTLE WOLF MT,39.29554626,-86.66591426
2010,12,7,Weekend,900,1-Car,Non-incapacitating,SPEED TOO FAST FOR WEATHER CONDITIONS,ANDERSON & BEAN BLOSSOM RD,39.29325842,-86.43562317
2010,6,4,Weekday,1700,1-Car,Non-incapacitating,RAN OFF ROAD RIGHT,BOTTOM RD & WOODALL,39.29060135,-86.57501221
2010,10,6,Weekday,600,1-Car,No injury/unknown,ANIMAL/OBJECT IN ROADWAY,FOX HOLLOW & SR37N,39.28909855,-86.51842001
2010,9,4,Weekday,2000,1-Car,No injury/unknown,ANIMAL/OBJECT IN ROADWAY,BARR & MT TABOR RD,39.28447513,-86.62183875
2010,1,4,Weekday,800,2-Car,Non-incapacitating,ROADWAY SURFACE CONDITION,8308 N MT TABOR RD & WOODLAND,39.28344,-86.624192
2010,3,7,Weekend,1900,1-Car,No injury/unknown,ANIMAL/OBJECT IN ROADWAY,SR37S & STRAINRIDGE,39.283378,-86.53635211