Year,Month,Day,Weekend?,Hour,Collision Type,Injury Type,Primary Factor,Reported_Location,Latitude,Longitude
2010,4,5,Weekday,1600,1-Car,No injury/unknown,RAN OFF ROAD RIGHT,ANDERSON & NORTHSHORE DR,39.2823816,-86.41254985
2010,5,3,Weekday,500,1-Car,No injury/unknown,GLARE,COUNTY LINE & SR46W,39.281744,-86.6848
2010,1,6,Weekday,400,1-Car,No injury/unknown,ALCOHOLIC BEVERAGES,WEST WOODLAND DR,39.281388,-86.59397
2010,1,7,Weekend,600,2-Car,No injury/unknown,FOLLOWING TOO CLOSELY,GORDON & S WALNUT ST,39.27986175,-86.53135
2010,3,5,Weekday,1900,2-Car,Non-incapacitating,FAILURE TO YIELD RIGHT OF WAY,E LAW & N JORDAN AVE,39.27917821,-86.51544
2010,5,6,Weekend,2300,1-Car,Non-incapacitating,RAN OFF ROAD RIGHT,DUTCH CHURCH & MT TABOR RD,39.278832,-86.623456
2010,10,4,Weekday,200,1-Car,No injury/unknown,ANIMAL/OBJECT IN ROADWAY,SIMPSON CHAPEL & SR37S,39.27721187,-86.52304892
2010,1,3,Weekday,1300,2-Car,No injury/unknown,ROADWAY SURFACE CONDITION,HEDRICK & STINESVILLE RD,39.27625122,-86.66291973
2010,12,7,Weekend,1000,1-Car,No injury/unknown,ROADWAY SURFACE CONDITION,OLD 37 RD & SAMPLE,39.27451974,-86.50128
2010,8,1,Weekend,500,1-Car,No injury/unknown,RAN OFF ROAD RIGHT,N OLD STATE RD 37 RD & SIPES,39.2739473,-86.49839
2010,11,5,Weekday,1100,1-Car,No injury/unknown,SPEED TOO FAST FOR WEATHER CONDITIONS,7688 N MT TABOR RD & BARR,39.273888,-86.621456
2010,12,6,Weekday,1400,1-Car,No injury/unknown,RAN OFF ROAD RIGHT,LAWSON & SIMPSON CHAPEL RD,39.27321602,-86.53111593
2010,9,3,Weekday,2100,1-Car,No injury/unknown,UNSAFE SPEED,BARR & MOUNT TABOR RD,39.27318342,-86.62090642
2010,1,5,Weekday,1200,2-Car,Non-incapacitating,LEFT OF CENTER,SR46W & STINESVILLE,39.27306702,-86.67240776
2010,5,2,Weekday,400,1-Car,No injury/unknown,ANIMAL/OBJECT IN ROADWAY,BOTTOM & SIMPSON CHAPEL RD,39.27246255,-86.54488198
2010,1,2,Weekday,2100,1-Car,No injury/unknown,ROADWAY SURFACE CONDITION,BOTTOM RD & WILLIAMS,39.2715891,-86.55639781
2010,9,2,Weekday,2000,1-Car,No injury/unknown,RAN OFF ROAD RIGHT,COUNTY LINE RD & SR46W,39.27075954,-86.68455123
2010,5,4,Weekday,1600,1-Car,Non-incapacitating,ANIMAL/OBJECT IN ROADWAY,N BOTTOM RD & OLD MAPLE GROVE,39.270704,-86.555456
2010,1,5,Weekday,600,1-Car,No injury/unknown,RAN OFF ROAD RIGHT,N HARTSTRAIT RD & W ST RD 48,39.27068534,-86.61103
2010,7,7,Weekend,2000,2-Car,No injury/unknown,OTHER (DRIVER) - EXPLAIN IN NARRATIVE,SR37N & WEST THIRD,39.27016818,-86.5732966
2010,5,5,Weekday,2300,1-Car,No injury/unknown,RAN OFF ROAD RIGHT,ANDERSON & SHILO RD,39.26992873,-86.4590933
2010,12,5,Weekday,1800,1-Car,No injury/unknown,ANIMAL/OBJECT IN ROADWAY,N BOTTOM RD & W SIMPSON CHAPEL,39.26976,-86.5476
2010,7,6,Weekday,600,1-Car,Non-incapacitating,UNSAFE SPEED,OLD DUTCH CHURCH & REDHILL RD,39.26958199,-86.63480938
2010,7,7,Weekend,2300,1-Car,No injury/unknown,RAN OFF ROAD RIGHT,BOTTOM RD & SIMPSON CHAPEL,39.2690811,-86.54746781
2010,6,2,Weekday,1800,1-Car,No injury/unknown,UNSAFE BACKING,SR37N,39.26891991,-86.52287428
2010,9,7,Weekend,1800,2-Car,No injury/unknown,FAILURE TO YIELD RIGHT OF WAY,FOX HOLLOW & OLD SR 37 HWY,39.266928,-86.501424
2010,7,7,Weekend,1200,2-Car,No injury/unknown,BRAKE FAILURE OR DEFECTIVE,SR46W & STINESVILLE,39.266752,-86.6656
2010,10,6,Weekday,600,2-Car,Non-incapacitating,FAILURE TO YIELD RIGHT OF WAY,SR46W & STINESVILLE,39.266752,-86.6656
2010,9,6,Weekday,1800,2-Car,No injury/unknown,FAILURE TO YIELD RIGHT OF WAY,COWDEN & MT TABOR RD,39.2667,-86.62076
2010,5,4,Weekday,1800,2-Car,Non-incapacitating,FAILURE TO YIELD RIGHT OF WAY,SAMPLE & SR37N,39.26616,-86.522752
2010,12,5,Weekday,1500,2-Car,Non-incapacitating,FAILURE TO YIELD RIGHT OF WAY,E SAMPLE & SR37N,39.26616,-86.522752
2010,10,6,Weekend,2000,1-Car,No injury/unknown,ANIMAL/OBJECT IN ROADWAY,ANDERSON & OLD SR 37 HWY,39.266,-86.501696
2010,12,7,Weekend,900,2-Car,Non-incapacitating,LEFT OF CENTER,SAMPLE RD & SR 37,39.26597207,-86.52307879
2010,12,2,Weekday,900,2-Car,Fatal,FAILURE TO YIELD RIGHT OF WAY,SAMPLE & SR37N,39.26597207,-86.52286248
2010,12,5,Weekday,800,1-Car,No injury/unknown,SPEED TOO FAST FOR WEATHER CONDITIONS,SR46W & STINESVILLE,39.26543411,-86.66432726
2010,7,1,Weekend,1500,2-Car,No injury/unknown,FOLLOWING TOO CLOSELY,SAMPLE & SR37N,39.26478727,-86.52270297
2010,12,1,Weekend,1400,1-Car,No injury/unknown,ROADWAY SURFACE CONDITION,SAMPLE RD & SR374,39.2647804,-86.51740774
2010,2,7,Weekend,800,1-Car,No injury/unknown,SPEED TOO FAST FOR WEATHER CONDITIONS,SAMPLE & SR37S,39.26341455,-86.52265395
2010,11,3,Weekday,2000,1-Car,No injury/unknown,ANIMAL/OBJECT IN ROADWAY,SR37N & WAYPORT,39.26329855,-86.52264981
2010,2,7,Weekend,1300,1-Car,No injury/unknown,OTHER (DRIVER) - EXPLAIN IN NARRATIVE,7884 N MT TABOR RD & OLD DUTCH CHURCH,39.2630278,-86.62355313
2010,7,6,Weekday,1400,2-Car,Fatal,UNSAFE SPEED,SR37N & WAYPORT,39.263024,-86.52264
2010,8,1,Weekend,1700,2-Car,No injury/unknown,DRIVER DISTRACTED - EXPLAIN IN NARRATIVE,SR37N & WAYPORT,39.263024,-86.52264
2010,6,5,Weekday,900,1-Car,No injury/unknown,RAN OFF ROAD RIGHT,SR37N,39.26247496,-86.52261804
2010,1,2,Weekday,2000,1-Car,No injury/unknown,SPEED TOO FAST FOR WEATHER CONDITIONS,SR37S & WAYPORT,39.26167132,-86.52280192
2010,6,1,Weekday,1900,2-Car,No injury/unknown,FAILURE TO YIELD RIGHT OF WAY,N WAYPORT RD,39.26128885,-86.52247292
2010,6,1,Weekday,2300,1-Car,No injury/unknown,RAN OFF ROAD RIGHT,CHAFIN CHAPEL RD & SR46,39.259744,-86.657504
2010,8,4,Weekday,1200,2-Car,No injury/unknown,IMPROPER TURNING,EAST TENTH & RUSSELL RD,39.25967813,-86.48138
2010,2,7,Weekend,200,1-Car,No injury/unknown,RAN OFF ROAD RIGHT,CHAFIN CHAPEL & SR46W,39.25958926,-86.65762446
2010,7,7,Weekend,1300,2-Car,No injury/unknown,UNSAFE SPEED,CHAFFIN CHAPEL & SR46W,39.25958926,-86.65766779
2010,12,7,Weekend,900,1-Car,No injury/unknown,SPEED TOO FAST FOR WEATHER CONDITIONS,SR37S & WAYPORT,39.25917759,-86.52426508
2010,10,7,Weekend,1600,1-Car,No injury/unknown,RAN OFF ROAD RIGHT,OL SR 37 & SAMPLE RD,39.25862,-86.50125838
2010,3,4,Weekday,1600,1-Car,Non-incapacitating,OVERCORRECTING/OVERSTEERING,BOTTOM RD & LAWSON,39.25837102,-86.54598111
2010,12,3,Weekday,1500,Bus,No injury/unknown,UNSAFE BACKING,MILLER RD,39.255568,-86.469632
2010,12,1,Weekend,1800,1-Car,No injury/unknown,SPEED TOO FAST FOR WEATHER CONDITIONS,LANTERN LN & TURTLE BACK CREEK,39.25481066,-86.61876
2010,5,4,Weekday,1700,2-Car,No injury/unknown,FAILURE TO YIELD RIGHT OF WAY,COWDEN RD & DELAP,39.254128,-86.592464
2010,12,3,Weekday,300,1-Car,Non-incapacitating,RAN OFF ROAD RIGHT,MILLER RD & ROBINSON,39.25376595,-86.4698467
2010,1,1,Weekend,200,1-Car,Non-incapacitating,RAN OFF ROAD RIGHT,FLATWOODS RD & SR46W,39.25373018,-86.6545366
2010,12,1,Weekend,1200,1-Car,No injury/unknown,RAN OFF ROAD RIGHT,FLATWOODS & SR46W,39.25257622,-86.65396726
2010,4,6,Weekend,2300,1-Car,Non-incapacitating,DRIVER ASLEEP OR FATIGUED,FLATWOODS & N STARNES RD,39.25248,-86.659104
2010,11,3,Weekday,600,1-Car,No injury/unknown,ANIMAL/OBJECT IN ROADWAY,FLATWOODS & SR46E,39.25237316,-86.65414341
2010,11,1,Weekday,1900,1-Car,No injury/unknown,ANIMAL/OBJECT IN ROADWAY,DELAP ROAD & MT TABOR ROAD RD,39.252336,-86.620512
2010,4,6,Weekday,700,Bus,Non-incapacitating,UNSAFE SPEED,DELAP RD & UNION VALLEY,39.251904,-86.592816
2010,7,1,Weekend,0,1-Car,No injury/unknown,RAN OFF ROAD RIGHT,DELAP RD & UNION VALLEY,39.251904,-86.592816
2010,12,1,Weekend,1400,1-Car,No injury/unknown,SPEED TOO FAST FOR WEATHER CONDITIONS,SR37N & WYLE,39.25146839,-86.52918572
2010,2,6,Weekday,1400,1-Car,No injury/unknown,RAN OFF ROAD RIGHT,SR37N & WYLIE,39.25145108,-86.52922139
2010,10,4,Weekday,500,1-Car,No injury/unknown,ANIMAL/OBJECT IN ROADWAY,FLATWOODS & SR46W,39.25141308,-86.652743
2010,11,6,Weekday,1000,2-Car,No injury/unknown,UNSAFE BACKING,N OLD STATE ROAD 37,39.251296,-86.500832
2010,4,3,Weekday,900,1-Car,No injury/unknown,FOLLOWING TOO CLOSELY,SR37N & WALNUT,39.25128827,-86.52931524
2010,2,6,Weekday,1500,1-Car,No injury/unknown,OTHER (DRIVER) - EXPLAIN IN NARRATIVE,STATE ROAD 46 WEST HWY,39.2512,-86.652504
2010,2,7,Weekend,200,1-Car,No injury/unknown,RAN OFF ROAD RIGHT,SR46W,39.2512,-86.652504
2010,3,1,Weekday,2000,2-Car,No injury/unknown,ALCOHOLIC BEVERAGES,W SR 46 HWY,39.2512,-86.652504
2010,6,3,Weekday,1900,2-Car,No injury/unknown,UNSAFE BACKING,SR46,39.2512,-86.652504
2010,7,2,Weekday,1300,2-Car,No injury/unknown,UNSAFE BACKING,WEST SR46 HWY,39.2512,-86.652504
2010,3,6,Weekday,1700,1-Car,Non-incapacitating,DRIVER DISTRACTED - EXPLAIN IN NARRATIVE,MILLER & ROBINSON RD,39.25113262,-86.47519788
2010,11,1,Weekend,800,2-Car,No injury/unknown,LEFT OF CENTER,E ROBINSON RD & MILLER,39.251056,-86.469904
2010,2,6,Weekday,1200,3+ Cars,Non-incapacitating,OTHER (DRIVER) - EXPLAIN IN NARRATIVE,SR37N & WALNUT ST,39.250688,-86.529744
2010,11,2,Weekday,800,2-Car,No injury/unknown,UNSAFE LANE MOVEMENT,WALNUT & WALNUT ALY,39.250688,-86.529744
2010,1,3,Weekday,2100,1-Car,Fatal,RAN OFF ROAD RIGHT,SR37 & WYLIE,39.25046943,-86.52995711
2010,7,7,Weekend,1300,1-Car,Non-incapacitating,RAN OFF ROAD RIGHT,EAST ROBINSON RD & HUDOFF,39.249248,-86.463888
2010,4,4,Weekday,0,1-Car,No injury/unknown,UNSAFE SPEED,GOOSE HOLLOW & TUNNEL RD,39.24884527,-86.42169678
2010,8,2,Weekday,1400,Moped/Motorcycle,Non-incapacitating,LEFT OF CENTER,MAPLE GROVE RD & WEST MAPLE GROVE,39.24744,-86.547792
2010,3,1,Weekend,1300,2-Car,No injury/unknown,FAILURE TO YIELD RIGHT OF WAY,BALFORE & NORTH JORDAN AVE,39.24585283,-86.51263769
2010,3,7,Weekend,2000,2-Car,No injury/unknown,DISREGARD SIGNAL/REG SIGN,RED HILL & SR46W,39.245744,-86.636896
2010,11,5,Weekday,1900,1-Car,No injury/unknown,ANIMAL/OBJECT IN ROADWAY,MAPLE GROVE WEST & SR46W,39.245744,-86.636896
2010,2,4,Weekday,1900,1-Car,No injury/unknown,ANIMAL/OBJECT IN ROADWAY,REDHILL & SR46W,39.24568299,-86.6368312
2010,6,4,Weekday,1100,2-Car,No injury/unknown,FAILURE TO YIELD RIGHT OF WAY,SR46W & STATE ROAD 46 WEST,39.24568299,-86.63670124
2010,9,2,Weekday,800,3+ Cars,No injury/unknown,FOLLOWING TOO CLOSELY,RED HILL & SR46W,39.24568299,-86.63670124
2010,10,3,Weekday,2200,1-Car,No injury/unknown,ANIMAL/OBJECT IN ROADWAY,SR46W & STATE ROAD 46,39.24568299,-86.6367359
2010,6,7,Weekend,900,1-Car,No injury/unknown,RAN OFF ROAD RIGHT,MAPLE GROVE RD RD & MATTHEWS,39.245408,-86.6204
2010,7,6,Weekday,1600,2-Car,No injury/unknown,FAILURE TO YIELD RIGHT OF WAY,MAPLE GROVE RD & MATTHEWS,39.245408,-86.6204
2010,9,1,Weekend,1200,2-Car,No injury/unknown,FAILURE TO YIELD RIGHT OF WAY,MAPLE GROVE & MATTHEWS DR,39.245408,-86.6204
2010,3,7,Weekend,1000,2-Car,Non-incapacitating,FAILURE TO YIELD RIGHT OF WAY,MAPLE GROVE & MATTHEW DR,39.24534085,-86.62052393
2010,1,5,Weekday,700,1-Car,No injury/unknown,RAN OFF ROAD RIGHT,MAPLE GROVE & UNION VALLEY RD,39.244752,-86.5928
2010,4,6,Weekday,900,2-Car,No injury/unknown,LEFT OF CENTER,MAPLE GROVE ROAD & UNIONVALLEY ROAD RD,39.244752,-86.5928
2010,11,6,Weekend,2200,1-Car,No injury/unknown,RAN OFF ROAD RIGHT,N SHUFFLE CREEK RD,39.24445316,-86.40435415
2010,1,1,Weekend,1500,1-Car,No injury/unknown,RAN OFF ROAD RIGHT,ROBINSON & TUNNEL RD,39.24187658,-86.43555289
2010,2,3,Weekday,800,2-Car,No injury/unknown,OVERCORRECTING/OVERSTEERING,RIDGESPRINGS & SR46W,39.24095991,-86.63196609
2010,2,5,Weekday,1400,2-Car,No injury/unknown,FOLLOWING TOO CLOSELY,SR 37 HWY & VERNAL,39.24084504,-86.5609886
2010,10,5,Weekday,500,1-Car,Non-incapacitating,RAN OFF ROAD RIGHT,NEHRT & ROBINSON RD,39.24065,-86.44314356
2010,2,1,Weekend,1700,1-Car,Non-incapacitating,DRIVER DISTRACTED - EXPLAIN IN NARRATIVE,ROBINSON RD & STATE ROAD 37,39.24028,-86.49948625
2010,11,1,Weekday,2200,1-Car,No injury/unknown,ANIMAL/OBJECT IN ROADWAY,SR 46 W & SR37N,39.23990387,-86.55499852
2010,9,3,Weekday,1100,2-Car,No injury/unknown,UNSAFE SPEED,JONES & JORDAN AVE,39.23938934,-86.51642161
2010,7,7,Weekend,800,1-Car,Incapacitating,ANIMAL/OBJECT IN ROADWAY,MCNEELY & UNION VALLEY ST,39.23821147,-86.5928328
2010,11,7,Weekend,1300,1-Car,No injury/unknown,SPEED TOO FAST FOR WEATHER CONDITIONS,SR37S,39.23815635,-86.53862087
2010,11,4,Weekday,2000,1-Car,No injury/unknown,RAN OFF ROAD RIGHT,POPLAR & TEMPERANCE ST,39.23801465,-86.6296838
2010,3,6,Weekday,100,1-Car,Non-incapacitating,RAN OFF ROAD RIGHT,CHANDLER DR & MCNEALY,39.23783338,-86.61385596
2010,7,5,Weekday,700,1-Car,Non-incapacitating,DRIVER ASLEEP OR FATIGUED,MCNEELY & RIDGEWAY DRIVE DR,39.23769211,-86.60690367
2010,9,7,Weekend,1300,2-Car,No injury/unknown,UNSAFE SPEED,MAIN & SR46W,39.23756627,-86.62946203
2010,1,2,Weekday,1200,2-Car,No injury/unknown,LEFT OF CENTER,E MEL CURRIE RD & N SHOWERS,39.237248,-86.528896
2010,1,2,Weekday,1900,2-Car,No injury/unknown,ROADWAY SURFACE CONDITION,EDGEWOOD DR & POPLAR,39.237152,-86.6304
2010,1,6,Weekday,1100,1-Car,No injury/unknown,ROADWAY SURFACE CONDITION,GILMORE & REEVES RD,39.23643086,-86.67776136
2010,4,1,Weekend,700,1-Car,No injury/unknown,RAN OFF ROAD RIGHT,EDGEWOOD DR,39.2364,-86.631248
2010,5,5,Weekday,2100,2-Car,No injury/unknown,FAILURE TO YIELD RIGHT OF WAY,EDGEWOOD DR,39.2364,-86.631248
2010,1,7,Weekend,1500,1-Car,No injury/unknown,UNSAFE SPEED,EDGEWOOD & EDGEWOOD DR,39.236288,-86.628336
2010,8,6,Weekend,1900,2-Car,Non-incapacitating,DISREGARD SIGNAL/REG SIGN,MAIN ST & MATTHEWS,39.236096,-86.625168
2010,10,6,Weekday,1600,2-Car,No injury/unknown,FAILURE TO YIELD RIGHT OF WAY,MAIN ST & MATTHEWS,39.236096,-86.625168
2010,7,7,Weekend,1800,2-Car,Non-incapacitating,FAILURE TO YIELD RIGHT OF WAY,MAIN ST & MATTEWS,39.23598071,-86.62501479
2010,10,3,Weekday,500,1-Car,No injury/unknown,ANIMAL/OBJECT IN ROADWAY,ELLIS & SR37N,39.2358685,-86.53257501
2010,12,6,Weekend,1900,2-Car,No injury/unknown,FOLLOWING TOO CLOSELY,SOUTH EDGEWOOD DR,39.23543088,-86.63941283
2010,4,5,Weekday,1300,2-Car,No injury/unknown,FAILURE TO YIELD RIGHT OF WAY,SALE ST & SALE ST ST,39.234944,-86.623392
2010,4,6,Weekday,800,2-Car,No injury/unknown,FAILURE TO YIELD RIGHT OF WAY,SALE ST & SALE ST ST,39.234944,-86.623392
2010,5,6,Weekday,1200,2-Car,No injury/unknown,FAILURE TO YIELD RIGHT OF WAY,SALE ST & SALE ST ST,39.234944,-86.623392
2010,11,2,Weekday,1500,2-Car,No injury/unknown,IMPROPER TURNING,MAIN ST & SALE,39.23493,-86.62341567
2010,9,2,Weekday,900,2-Car,No injury/unknown,FAILURE TO YIELD RIGHT OF WAY,MATTHEWS & SR46W,39.23486056,-86.6263057
2010,3,5,Weekday,1100,2-Car,Non-incapacitating,FAILURE TO YIELD RIGHT OF WAY,MATTHEWS & SR46W,39.234768,-86.626384
2010,4,2,Weekday,2100,2-Car,No injury/unknown,IMPROPER TURNING,MATTHEWS & TEMPERANCE ST,39.234768,-86.626384
2010,5,7,Weekend,1300,3+ Cars,Non-incapacitating,DISREGARD SIGNAL/REG SIGN,MATTHEWS & SR46W,39.234768,-86.626384
2010,8,3,Weekday,1600,2-Car,No injury/unknown,FAILURE TO YIELD RIGHT OF WAY,MATTHEWS & SR46W,39.234768,-86.626384
2010,8,4,Weekday,1800,2-Car,No injury/unknown,FAILURE TO YIELD RIGHT OF WAY,MATTHEWS & SR46W,39.234768,-86.626384
2010,7,3,Weekday,300,1-Car,No injury/unknown,OTHER (VEHICLE) - EXPLAIN IN NARRATIVE,WEST VINE ST,39.234724,-86.624617
2010,1,5,Weekday,2200,1-Car,No injury/unknown,ANIMAL/OBJECT IN ROADWAY,CROSSOVER & SR37,39.23414854,-86.51840237
2010,5,2,Weekday,0,1-Car,No injury/unknown,RAN OFF ROAD RIGHT,CHANDLER & SR46W,39.2339214,-86.62200951
2010,6,6,Weekday,1300,1-Car,No injury/unknown,OTHER (DRIVER) - EXPLAIN IN NARRATIVE,W TEMPERANCE ST,39.23384776,-86.62472372
2010,1,2,Weekday,1500,2-Car,No injury/unknown,UNSAFE BACKING,SALE & TEMPERANCE ST,39.23384,-86.624704
2010,2,3,Weekday,1200,2-Car,No injury/unknown,IMPROPER TURNING,SALE & SR46W,39.23384,-86.624704
2010,2,1,Weekend,1800,2-Car,No injury/unknown,FOLLOWING TOO CLOSELY,SALE & SR46W,39.23384,-86.624704
2010,5,6,Weekday,1600,2-Car,No injury/unknown,FAILURE TO YIELD RIGHT OF WAY,SALE & TEMPERANCE ST,39.23384,-86.624704
2010,8,4,Weekday,2100,2-Car,No injury/unknown,WRONG WAY ON ONE WAY,SALE & SR46W,39.23384,-86.624704
2010,9,7,Weekend,1500,2-Car,No injury/unknown,FOLLOWING TOO CLOSELY,46 & SALE ST,39.23384,-86.624704
2010,10,2,Weekday,800,2-Car,No injury/unknown,IMPROPER TURNING,SALE & SR46W,39.23384,-86.624704
2010,12,4,Weekday,700,2-Car,No injury/unknown,ROADWAY SURFACE CONDITION,SALE & SR46W,39.23384,-86.624704
2010,1,2,Weekday,800,2-Car,No injury/unknown,FAILURE TO YIELD RIGHT OF WAY,SALE & SR46E,39.23371244,-86.62451904
2010,9,5,Weekday,800,Pedestrian,Non-incapacitating,PEDESTRIAN ACTION,BOLTINGHOUSE RD,39.233574,-86.481128
2010,8,6,Weekday,1500,Bus,No injury/unknown,UNSAFE LANE MOVEMENT,FOURTH & TEMPERANCE ST,39.23317,-86.62389
2010,11,5,Weekday,700,2-Car,No injury/unknown,FAILURE TO YIELD RIGHT OF WAY,ASSOCIATION & SALE ST,39.233056,-86.6256
2010,8,1,Weekend,1700,1-Car,No injury/unknown,STEERING FAILURE,BOTTOM & SR37N,39.23288663,-86.54219875
2010,11,2,Weekday,600,2-Car,Non-incapacitating,FAILURE TO YIELD RIGHT OF WAY,BOTTOM & SR37N,39.23288663,-86.54219875
2010,12,1,Weekend,1400,3+ Cars,Non-incapacitating,SPEED TOO FAST FOR WEATHER CONDITIONS,SR37S & SR4546W,39.232688,-86.623056
2010,1,1,Weekend,1100,2-Car,No injury/unknown,UNSAFE BACKING,N WALNUT ST,39.232544,-86.540704
2010,2,7,Weekend,2100,2-Car,No injury/unknown,ROADWAY SURFACE CONDITION,N WALNUT ST,39.232544,-86.540704
2010,2,3,Weekday,1200,2-Car,No injury/unknown,UNSAFE BACKING,N WALNUT ST,39.232544,-86.540704
2010,2,6,Weekday,1500,1-Car,No injury/unknown,OTHER (DRIVER) - EXPLAIN IN NARRATIVE,N WALNUT ST,39.232544,-86.540704
2010,5,1,Weekend,0,2-Car,No injury/unknown,,N WALNUT ST,39.232544,-86.540704
2010,5,6,Weekend,2200,2-Car,No injury/unknown,UNSAFE BACKING,N WALNUT ST,39.232544,-86.540704
2010,6,5,Weekday,1600,2-Car,No injury/unknown,IMPROPER TURNING,N WALNUT ST,39.232544,-86.540704
2010,7,6,Weekday,1500,Pedestrian,Non-incapacitating,PEDESTRIAN ACTION,N WALNUT ST,39.232544,-86.540704
2010,8,1,Weekday,1900,1-Car,No injury/unknown,RAN OFF ROAD RIGHT,N WALNUT ST,39.232544,-86.540704
2010,9,6,Weekday,1600,2-Car,Non-incapacitating,LEFT OF CENTER,N WALNUT ST,39.232544,-86.540704
2010,7,7,Weekend,100,Moped/Motorcycle,No injury/unknown,RAN OFF ROAD RIGHT,KELLI & MAIN ST,39.23209316,-86.61975454
2010,5,6,Weekday,1500,2-Car,No injury/unknown,FAILURE TO YIELD RIGHT OF WAY,SR37N,39.23206802,-86.54073897
2010,7,2,Weekday,1600,2-Car,No injury/unknown,FOLLOWING TOO CLOSELY,NORTH OLD STATE ROAD 37 RD & OLD MYERS,39.231936,-86.506288
2010,12,1,Weekday,2200,2-Car,No injury/unknown,ROADWAY SURFACE CONDITION,ERAL YOUNG & LENTZ RD,39.2319,-86.46848
2010,12,5,Weekday,1900,1-Car,No injury/unknown,UNSAFE SPEED,GILMORE & REEVES RD,39.23185677,-86.67152548
2010,8,6,Weekday,1200,1-Car,No injury/unknown,UNSAFE SPEED,GILMORE & REEVES RD,39.23177326,-86.67143369
2010,9,6,Weekday,1800,1-Car,No injury/unknown,UNSAFE SPEED,GILMORE & W FENCELINE RD,39.231696,-86.67408
2010,2,6,Weekday,1800,1-Car,No injury/unknown,ROADWAY SURFACE CONDITION,GILMORE & REEVES RD,39.231648,-86.671296
2010,3,6,Weekend,2300,2-Car,Incapacitating,DISREGARD SIGNAL/REG SIGN,REEVES RD & STARNES,39.231536,-86.6588
2010,9,3,Weekday,1700,2-Car,No injury/unknown,FOLLOWING TOO CLOSELY,FIRST ST & TEMPERANCE,39.23144,-86.621296
2010,10,3,Weekday,800,2-Car,No injury/unknown,FAILURE TO YIELD RIGHT OF WAY,2ND STREET & ASSOCIATION ST ST,39.231424,-86.622944
2010,10,2,Weekday,1400,2-Car,No injury/unknown,FOLLOWING TOO CLOSELY,EDGEWOOD & REEVES RD,39.231312,-86.63816
2010,4,2,Weekday,2100,2-Car,No injury/unknown,ALCOHOLIC BEVERAGES,DEPOT & SR46W,39.23125422,-86.61856927
2010,12,1,Weekend,1500,Moped/Motorcycle,No injury/unknown,SPEED TOO FAST FOR WEATHER CONDITIONS,DEPOT & SR46W,39.23125422,-86.61866455
2010,8,3,Weekday,1800,2-Car,Incapacitating,DRIVER ILLNESS,SALE ST & THOMAS,39.23123779,-86.63046452
2010,2,6,Weekday,900,2-Car,Non-incapacitating,FAILURE TO YIELD RIGHT OF WAY,N MOUNT GILEAD & SR45E,39.230752,-86.424096
2010,12,7,Weekend,0,1-Car,No injury/unknown,RAN OFF ROAD RIGHT,BOLTINGHOUSE RD & EARL YOUNG,39.23031,-86.47342324
2010,4,5,Weekday,1000,2-Car,No injury/unknown,IMPROPER TURNING,PAUL ST & SR46W,39.229904,-86.619136
2010,3,7,Weekend,1600,2-Car,No injury/unknown,FAILURE TO YIELD RIGHT OF WAY,1ST ST & RITTER,39.229424,-86.623584
2010,9,5,Weekday,700,3+ Cars,No injury/unknown,FOLLOWING TOO CLOSELY,COLT DR & SYCAMORE ST ST,39.22921334,-86.64004
2010,12,3,Weekday,1500,2-Car,Non-incapacitating,FAILURE TO YIELD RIGHT OF WAY,SR37 & W CHURCH,39.22877098,-86.51049972
2010,1,3,Weekday,700,1-Car,No injury/unknown,RAN OFF ROAD RIGHT,N SALE ST & PINE,39.22830445,-86.62805
2010,9,7,Weekend,1400,2-Car,No injury/unknown,FOLLOWING TOO CLOSELY,PAUL ST & RITTER,39.227856,-86.621584
2010,8,1,Weekend,400,1-Car,No injury/unknown,RAN OFF ROAD RIGHT,BRYANT CREEK & SR37N,39.22773083,-86.51238497
2010,12,4,Weekday,1300,3+ Cars,Non-incapacitating,FOLLOWING TOO CLOSELY,E 3RD & SR46E,39.22767562,-86.47208686
2010,10,3,Weekday,1600,2-Car,No injury/unknown,FAILURE TO YIELD RIGHT OF WAY,HARTSTRAIGHT & SR46W,39.22764788,-86.61591015
2010,5,4,Weekday,100,1-Car,Non-incapacitating,RAN OFF ROAD RIGHT,SKIRVIN & SR45E,39.22718514,-86.43497044
2010,12,4,Weekday,700,2-Car,Non-incapacitating,ROADWAY SURFACE CONDITION,MEADOWVALE & N UNION VALLEY RD RD,39.22714,-86.59272
2010,3,3,Weekday,2100,2-Car,Non-incapacitating,ANIMAL/OBJECT IN ROADWAY,CAPITAL & SR46W,39.22528865,-86.61249876
2010,11,4,Weekday,100,1-Car,No injury/unknown,RAN OFF ROAD RIGHT,HARTSTRAIT RD,39.225278,-86.61579
2010,6,4,Weekday,1400,2-Car,Non-incapacitating,DRIVER DISTRACTED - EXPLAIN IN NARRATIVE,SR37 & WHISENAND,39.22394222,-86.516819
2010,7,4,Weekday,1900,1-Car,Non-incapacitating,RAN OFF ROAD RIGHT,LOST MANS & NORTH MAPLE GROVE RD,39.22304,-86.569696
2010,8,3,Weekday,1800,1-Car,No injury/unknown,RAN OFF ROAD RIGHT,LOST MANS & N MAPLE GROVE RD,39.22304,-86.569696