Year,Month,Day,Weekend?,Hour,Collision Type,Injury Type,Primary Factor,Reported_Location,Latitude,Longitude
2010,10,2,Weekday,700,2-Car,No injury/unknown,ANIMAL/OBJECT IN ROADWAY,SR37N & SR46W,39.19441865,-86.55459492
2010,4,7,Weekend,1800,1-Car,No injury/unknown,RAN OFF ROAD RIGHT,3301 N KINSER PIKE & BRIARCLIFF,39.194144,-86.540992
2010,7,2,Weekday,1600,Moped/Motorcycle,Incapacitating,DISREGARD SIGNAL/REG SIGN,SR37S & SR46W,39.194144,-86.554592
2010,11,7,Weekend,600,1-Car,Non-incapacitating,RAN OFF ROAD RIGHT,SR46 & US37,39.194144,-86.554592
2010,11,2,Weekday,800,2-Car,No injury/unknown,TIRE FAILURE OR DEFECTIVE,SR3746 & SR46W,39.194144,-86.554592
2010,10,5,Weekday,1800,2-Car,No injury/unknown,FAILURE TO YIELD RIGHT OF WAY,LOESCH & WOODYARD RD,39.193872,-86.590784
2010,5,7,Weekend,900,Moped/Motorcycle,No injury/unknown,FOLLOWING TOO CLOSELY,CURRY PIKE & SR46W,39.19377697,-86.57123388
2010,10,6,Weekday,1500,2-Car,No injury/unknown,DRIVER DISTRACTED - EXPLAIN IN NARRATIVE,N CURRY & SR46W,39.19377697,-86.57123388
2010,11,3,Weekday,900,2-Car,No injury/unknown,SPEED TOO FAST FOR WEATHER CONDITIONS,CURRY & SR46E,39.19377697,-86.57123388
2010,11,2,Weekday,1000,2-Car,No injury/unknown,OTHER (DRIVER) - EXPLAIN IN NARRATIVE,LAW & UNION ST,39.19349306,-86.50966
2010,5,2,Weekday,100,1-Car,No injury/unknown,ANIMAL/OBJECT IN ROADWAY,ELLIS & SR37N,39.19348232,-86.53257501
2010,2,2,Weekday,200,3+ Cars,No injury/unknown,RAN OFF ROAD RIGHT,LAW & UNION ST,39.19347981,-86.50963241
2010,10,4,Weekday,1500,2-Car,Non-incapacitating,LEFT OF CENTER,NORTH KINSER PIKE & NORTH SKYLINE,39.193248,-86.539696
2010,8,5,Weekday,1400,2-Car,No injury/unknown,UNSAFE BACKING,3140 W WHITEHALL CROSSING BLVD & JACOB,39.19301981,-86.572395
2010,12,4,Weekday,1500,1-Car,Non-incapacitating,RAN OFF ROAD RIGHT,BRUMMETS CREEK RD,39.192694,-86.399199
2010,6,2,Weekday,1000,2-Car,No injury/unknown,IMPROPER TURNING,MILO SIMON & TAMARACK TRL,39.19268414,-86.52278052
2010,6,2,Weekday,1100,Bus,No injury/unknown,OTHER (DRIVER) - EXPLAIN IN NARRATIVE,ARLINGTON & PROW RD,39.192352,-86.552592
2010,10,6,Weekday,1400,2-Car,Non-incapacitating,FOLLOWING TOO CLOSELY,N PROW RD & W ARLINGTON,39.192352,-86.552592
2010,2,7,Weekend,0,1-Car,No injury/unknown,ANIMAL/OBJECT IN ROADWAY,CURRY PIKE & WOODYARD,39.19204513,-86.58301815
2010,10,6,Weekend,2100,3+ Cars,Non-incapacitating,DRIVER DISTRACTED - EXPLAIN IN NARRATIVE,N WALNUT ST & SR 46,39.19161539,-86.53454894
2010,11,2,Weekday,1900,2-Car,No injury/unknown,DRIVER DISTRACTED - EXPLAIN IN NARRATIVE,NORWAY & SMITH PIKE,39.19129549,-86.58312
2010,9,6,Weekday,1700,2-Car,Non-incapacitating,FAILURE TO YIELD RIGHT OF WAY,FRITZ & N WALNUT ST,39.191248,-86.532896
2010,2,6,Weekday,1600,2-Car,No injury/unknown,FAILURE TO YIELD RIGHT OF WAY,CURRY PIKE & WOODYARD,39.190672,-86.582992
2010,8,1,Weekend,1000,2-Car,No injury/unknown,UNSAFE LANE MOVEMENT,CURRY PIKE & W WOODYARD,39.190672,-86.582992
2010,9,3,Weekday,1600,2-Car,No injury/unknown,UNSAFE LANE MOVEMENT,NORTH CURRY PIKE & WEST WOODYARD,39.190672,-86.582992
2010,9,3,Weekday,1700,2-Car,No injury/unknown,FAILURE TO YIELD RIGHT OF WAY,CURRY PIKE & WOODYARD,39.190672,-86.582992
2010,11,3,Weekday,700,1-Car,No injury/unknown,ANIMAL/OBJECT IN ROADWAY,CURRY PIKE & WOODYARD,39.190672,-86.582992
2010,11,2,Weekday,600,1-Car,Non-incapacitating,ANIMAL/OBJECT IN ROADWAY,CURRY PIKE & WOODYARD ROAD RD,39.190672,-86.582992
2010,2,2,Weekday,1500,2-Car,No injury/unknown,FAILURE TO YIELD RIGHT OF WAY,SMITH & WOODYARD RD,39.19064,-86.58311
2010,6,1,Weekend,1200,2-Car,Non-incapacitating,FOLLOWING TOO CLOSELY,SMITH PIKE & WOODYARD,39.19064,-86.58311
2010,8,2,Weekday,1800,2-Car,Non-incapacitating,FOLLOWING TOO CLOSELY,SMITH PIKE & WOODYARD,39.19064,-86.58311
2010,4,7,Weekend,1100,2-Car,No injury/unknown,FOLLOWING TOO CLOSELY,SMITH PIKE & WOODYARD,39.19063167,-86.58309109
2010,4,4,Weekday,1900,2-Car,No injury/unknown,SPEED TOO FAST FOR WEATHER CONDITIONS,KINSER PIKE & SKYLINE,39.190544,-86.537712
2010,9,4,Weekday,1900,1-Car,No injury/unknown,RAN OFF ROAD RIGHT,N KINSER PIKE & SKYLINE,39.190544,-86.537712
2010,10,4,Weekday,2000,1-Car,No injury/unknown,ANIMAL/OBJECT IN ROADWAY,2711 N KINSER PIKE & SKYLINE,39.190544,-86.537712
2010,12,1,Weekend,1400,2-Car,Non-incapacitating,LEFT OF CENTER,CURRY PIKE & WOODYARD,39.19046603,-86.58299575
2010,10,7,Weekend,1700,Moped/Motorcycle,Fatal,ANIMAL/OBJECT IN ROADWAY,N OLD SR37 RD & W GOURLEY,39.19042258,-86.53467178
2010,1,5,Weekday,700,2-Car,No injury/unknown,FOLLOWING TOO CLOSELY,GLENDORA & WALNUT ST,39.189968,-86.533232
2010,12,5,Weekday,1700,1-Car,No injury/unknown,OTHER (DRIVER) - EXPLAIN IN NARRATIVE,N TAMARACK TRL,39.189968,-86.52128
2010,12,2,Weekday,1600,2-Car,No injury/unknown,UNSAFE BACKING,N TAMARACK TRL,39.189968,-86.52128
2010,4,4,Weekday,0,2-Car,No injury/unknown,OTHER (DRIVER) - EXPLAIN IN NARRATIVE,7TH & CAMPBELL DR,39.1898611,-86.5139
2010,2,1,Weekday,1900,Bus,No injury/unknown,FAILURE TO YIELD RIGHT OF WAY,GILBERT & N WALNUT ST,39.189248,-86.53344
2010,4,3,Weekday,1000,2-Car,No injury/unknown,DRIVER DISTRACTED - EXPLAIN IN NARRATIVE,S LIBERTY DR,39.189248,-86.531472
2010,11,6,Weekday,400,1-Car,Non-incapacitating,RAN OFF ROAD RIGHT,HOWARD & N STARNES RD,39.189248,-86.660704
2010,1,7,Weekend,1400,1-Car,No injury/unknown,ROADWAY SURFACE CONDITION,THOMAS & VERNAL PIKE PIKE,39.18904,-86.630096
2010,2,7,Weekend,2200,1-Car,No injury/unknown,ROADWAY SURFACE CONDITION,N THOMAS RD & W VERNAL,39.18904,-86.630096
2010,8,1,Weekend,800,1-Car,No injury/unknown,ANIMAL/OBJECT IN ROADWAY,45 BYPASS & WALNUT ST,39.18902285,-86.53349925
2010,5,7,Weekend,2200,Pedestrian,Non-incapacitating,OTHER (DRIVER) - EXPLAIN IN NARRATIVE,WINSLOW & WINSLOW CT,39.18882359,-86.52393
2010,7,7,Weekend,400,1-Car,Non-incapacitating,RAN OFF ROAD RIGHT,ARLINGTON RD & OAK,39.18830989,-86.55169286
2010,2,2,Weekday,1100,1-Car,No injury/unknown,RAN OFF ROAD RIGHT,MOUNT GILEAD RD,39.188256,-86.456464
2010,4,6,Weekday,1400,3+ Cars,No injury/unknown,FAILURE TO YIELD RIGHT OF WAY,KINSER PIKE & PARRISH,39.188144,-86.5376
2010,2,6,Weekday,1200,2-Car,Non-incapacitating,OTHER (DRIVER) - EXPLAIN IN NARRATIVE,SR37 & SR45W,39.187344,-86.5552
2010,3,3,Weekday,1600,2-Car,Non-incapacitating,FAILURE TO YIELD RIGHT OF WAY,SR37S & SR45W,39.187344,-86.5552
2010,4,1,Weekend,1300,2-Car,Non-incapacitating,FOLLOWING TOO CLOSELY,SR37 & SR45,39.187344,-86.5552
2010,5,4,Weekday,800,2-Car,No injury/unknown,DISREGARD SIGNAL/REG SIGN,SR37 & SR45E,39.187344,-86.5552
2010,5,6,Weekday,1600,2-Car,No injury/unknown,FAILURE TO YIELD RIGHT OF WAY,SR37N & SR45W,39.187344,-86.5552
2010,7,6,Weekday,1700,2-Car,Non-incapacitating,FOLLOWING TOO CLOSELY,SR37 & SR45W,39.187344,-86.5552
2010,9,5,Weekday,1800,2-Car,No injury/unknown,FOLLOWING TOO CLOSELY,37 & SR45W,39.187344,-86.5552
2010,11,2,Weekday,1000,2-Car,No injury/unknown,IMPROPER TURNING,HOWARD RD & LOUDEN,39.187331,-86.63907087
2010,10,7,Weekend,1500,3+ Cars,No injury/unknown,FOLLOWING TOO CLOSELY,GLENDORA & WALNUT ST,39.18730139,-86.53407135
2010,7,4,Weekday,1200,2-Car,No injury/unknown,BRAKE FAILURE OR DEFECTIVE,SR 45 WEST HWY & SR37,39.18723683,-86.55523108
2010,1,5,Weekday,1200,1-Car,Non-incapacitating,SPEED TOO FAST FOR WEATHER CONDITIONS,SR37 & SR46E,39.18717217,-86.55524025
2010,2,6,Weekend,1900,2-Car,No injury/unknown,SPEED TOO FAST FOR WEATHER CONDITIONS,SR46W & STATE RD 37,39.18717217,-86.55525124
2010,3,6,Weekday,800,2-Car,Non-incapacitating,GLARE,SR46W & STATE ROAD 37,39.18717217,-86.55525124
2010,4,5,Weekday,1600,Moped/Motorcycle,Incapacitating,FAILURE TO YIELD RIGHT OF WAY,SR46W & STATE ROAD 37,39.18717217,-86.55525124
2010,5,6,Weekday,1100,2-Car,Non-incapacitating,DISREGARD SIGNAL/REG SIGN,SR46W & STATE ROAD 37,39.18717217,-86.55525124
2010,8,4,Weekday,1100,3+ Cars,Non-incapacitating,DISREGARD SIGNAL/REG SIGN,SR46E & STATE ROAD 37,39.18717217,-86.55525124
2010,12,3,Weekday,0,1-Car,No injury/unknown,RAN OFF ROAD RIGHT,SR46W & STATE RD 37,39.18717217,-86.55516468
2010,9,5,Weekday,1400,2-Car,No injury/unknown,OTHER (DRIVER) - EXPLAIN IN NARRATIVE,KINSER PIKE,39.187154,-86.537762
2010,4,7,Weekend,2100,2-Car,Non-incapacitating,FOLLOWING TOO CLOSELY,SR37 & SR45E,39.18714624,-86.55501366
2010,5,6,Weekday,1100,2-Car,No injury/unknown,FAILURE TO YIELD RIGHT OF WAY,N KINSER PIKE,39.187136,-86.537856
2010,9,2,Weekday,1600,2-Car,No injury/unknown,OTHER (DRIVER) - EXPLAIN IN NARRATIVE,ARLINGTON RD & W SR46,39.1870868,-86.55138535
2010,12,3,Weekday,1700,2-Car,No injury/unknown,FOLLOWING TOO CLOSELY,ARLINGTON RD & SR46W,39.1870868,-86.55138535
2010,12,2,Weekday,1700,2-Car,No injury/unknown,FOLLOWING TOO CLOSELY,ARLINGTON RD & SR46,39.1870868,-86.55138535
2010,7,2,Weekday,1600,3+ Cars,Non-incapacitating,FOLLOWING TOO CLOSELY,MONROE & SR46E,39.186944,-86.5468
2010,9,6,Weekday,800,2-Car,No injury/unknown,DRIVER DISTRACTED - EXPLAIN IN NARRATIVE,MONROE & SR4546W,39.186944,-86.5468
2010,11,4,Weekday,700,2-Car,Non-incapacitating,FAILURE TO YIELD RIGHT OF WAY,MONROE & SR46W,39.186944,-86.5468
2010,10,7,Weekend,1400,2-Car,Non-incapacitating,FOLLOWING TOO CLOSELY,MONORE & SR46E,39.18693279,-86.54644761
2010,12,6,Weekday,1600,2-Car,Non-incapacitating,FOLLOWING TOO CLOSELY,MONROE & SR45W,39.18693279,-86.54644761
2010,2,7,Weekend,400,1-Car,Non-incapacitating,RAN OFF ROAD RIGHT,45 46 & STONELAKE,39.18689677,-86.54594779
2010,6,5,Weekday,400,1-Car,Non-incapacitating,RAN OFF ROAD RIGHT,MONROE OWEN COUNTY LINE & SR46W,39.18677635,-86.54327784
2010,12,4,Weekday,600,1-Car,No injury/unknown,ROADWAY SURFACE CONDITION,HARTSTRAIT RD & VERNAL,39.186752,-86.611504
2010,2,2,Weekday,700,2-Car,No injury/unknown,OTHER (ENVIRONMENTAL) - EXPLAIN IN NARR,KINSER & SR46E,39.18663826,-86.54000207
2010,2,7,Weekend,1900,1-Car,No injury/unknown,ROADWAY SURFACE CONDITION,N KINSER & SR45W,39.18662255,-86.53964972
2010,12,6,Weekday,1600,2-Car,Non-incapacitating,FOLLOWING TOO CLOSELY,N KINSER & SR46E,39.18660685,-86.53929738
2010,1,5,Weekday,900,2-Car,Non-incapacitating,SPEED TOO FAST FOR WEATHER CONDITIONS,KINSER PIKE & SR46E,39.18659114,-86.53894503
2010,2,7,Weekend,1900,1-Car,No injury/unknown,ROADWAY SURFACE CONDITION,N KINSER & SR46W,39.18659114,-86.53894503
2010,1,3,Weekday,600,1-Car,No injury/unknown,SPEED TOO FAST FOR WEATHER CONDITIONS,KINSER & SR46E,39.18658328,-86.53876886
2010,2,3,Weekday,0,1-Car,No injury/unknown,SPEED TOO FAST FOR WEATHER CONDITIONS,KINSER & SR46S,39.18657543,-86.53859269
2010,7,5,Weekday,700,2-Car,Non-incapacitating,OTHER (DRIVER) - EXPLAIN IN NARRATIVE,KINSER & SR46E,39.18657543,-86.53859269
2010,4,4,Weekday,1600,2-Car,No injury/unknown,IMPROPER LANE USAGE,KINSER & SR45W,39.186544,-86.537888
2010,5,5,Weekday,900,2-Car,No injury/unknown,FAILURE TO YIELD RIGHT OF WAY,KINSER PIKE & SR46W,39.186544,-86.537888
2010,7,2,Weekday,1400,3+ Cars,Non-incapacitating,FAILURE TO YIELD RIGHT OF WAY,KINSER & STATE ROAD 45 46 BYP,39.186544,-86.537888
2010,7,2,Weekday,1500,2-Car,Non-incapacitating,FAILURE TO YIELD RIGHT OF WAY,N KINSER & SR46,39.186544,-86.537888
2010,9,4,Weekday,1600,2-Car,No injury/unknown,FOLLOWING TOO CLOSELY,N KINSER PIKE & SR46,39.186544,-86.537888
2010,10,7,Weekend,1200,3+ Cars,No injury/unknown,FOLLOWING TOO CLOSELY,KINSER & SR46E,39.186544,-86.537888
2010,10,1,Weekend,100,2-Car,No injury/unknown,DISREGARD SIGNAL/REG SIGN,NORTH KINSER & SR4546E,39.186544,-86.537888
2010,10,1,Weekday,2200,Moped/Motorcycle,Non-incapacitating,HOLES/RUTS IN SURFACE,KINSER & SR46E,39.186544,-86.537888
2010,11,3,Weekday,1500,Bus,No injury/unknown,IMPROPER PASSING,E 46 & N KINSER PIKE,39.186544,-86.537888
2010,12,2,Weekday,800,2-Car,No injury/unknown,DRIVER DISTRACTED - EXPLAIN IN NARRATIVE,KINSER & SR45 46 BYP,39.186544,-86.537888
2010,12,2,Weekday,1900,2-Car,Non-incapacitating,FAILURE TO YIELD RIGHT OF WAY,N KINSER & SR4546W,39.186544,-86.537888
2010,12,5,Weekday,600,3+ Cars,Non-incapacitating,DISREGARD SIGNAL/REG SIGN,KINSER & SR46W,39.186544,-86.537888
2010,7,1,Weekend,300,1-Car,No injury/unknown,,GOURLEY PIKE & MONROE,39.18646208,-86.54611039
2010,7,4,Weekday,1100,2-Car,Non-incapacitating,OTHER (DRIVER) - EXPLAIN IN NARRATIVE,KINSER & SR46E,39.18643792,-86.53612866
2010,11,1,Weekend,1500,2-Car,Non-incapacitating,FOLLOWING TOO CLOSELY,N KINSER & SR46E,39.18643792,-86.53612866
2010,1,1,Weekday,1900,2-Car,No injury/unknown,UNSAFE BACKING,N WALNUT ST & STATE ROAD 45 46,39.186368,-86.5344
2010,1,1,Weekend,1000,2-Car,No injury/unknown,FOLLOWING TOO CLOSELY,SR45E & WALNUT,39.186368,-86.5344
2010,2,5,Weekday,1900,2-Car,Non-incapacitating,FAILURE TO YIELD RIGHT OF WAY,SR4546E & WALNUT ST,39.186368,-86.5344
2010,2,6,Weekday,1800,2-Car,No injury/unknown,LEFT OF CENTER,N WALNUT ST & SR 45 46,39.186368,-86.5344
2010,4,4,Weekday,1600,2-Car,No injury/unknown,FOLLOWING TOO CLOSELY,N WALNUT ST & STATE ROAD 45 46,39.186368,-86.5344
2010,4,6,Weekday,1200,2-Car,No injury/unknown,FOLLOWING TOO CLOSELY,N WALNUT & SR46E,39.186368,-86.5344
2010,4,1,Weekend,1700,2-Car,No injury/unknown,FOLLOWING TOO CLOSELY,N WALNUT ST & STATE ROAD 45 46,39.186368,-86.5344
2010,5,4,Weekday,1000,2-Car,Non-incapacitating,DISREGARD SIGNAL/REG SIGN,N WALNUT & SR46E,39.186368,-86.5344
2010,6,2,Weekday,0,2-Car,Non-incapacitating,SPEED TOO FAST FOR WEATHER CONDITIONS,SR46 & WALNUT ST,39.186368,-86.5344
2010,7,4,Weekday,1000,2-Car,No injury/unknown,DISREGARD SIGNAL/REG SIGN,SR46E & WALNUT,39.186368,-86.5344
2010,9,6,Weekday,1500,2-Car,Non-incapacitating,FOLLOWING TOO CLOSELY,N WALNUT ST & STATE ROAD 45 46,39.186368,-86.5344
2010,11,4,Weekday,100,1-Car,No injury/unknown,RAN OFF ROAD RIGHT,STATE ROAD 45 46 BYPASS & WALNUT ST,39.186368,-86.5344
2010,10,2,Weekday,2000,3+ Cars,No injury/unknown,FOLLOWING TOO CLOSELY,4546 BYPASS & N WALNUT ST,39.186368,-86.5344
2010,11,1,Weekend,1800,2-Car,No injury/unknown,IMPROPER LANE USAGE,SR46E & WALNUT,39.186368,-86.5344
2010,12,3,Weekday,1300,2-Car,No injury/unknown,UNSAFE LANE MOVEMENT,NORTH WALNUT & SR46,39.186368,-86.5344
2010,11,4,Weekday,1400,2-Car,No injury/unknown,FAILURE TO YIELD RIGHT OF WAY,SR45N & WALNUT,39.18636612,-86.53408238
2010,8,6,Weekday,1500,2-Car,No injury/unknown,FAILURE TO YIELD RIGHT OF WAY,W 46 HWY & WALNUT,39.18636487,-86.53387063
2010,6,1,Weekend,1200,2-Car,No injury/unknown,FAILURE TO YIELD RIGHT OF WAY,SR46W & WALNUT,39.18636383,-86.53369418
2010,7,1,Weekend,900,2-Car,Non-incapacitating,FOLLOWING TOO CLOSELY,N WALNUT & SR46E,39.18636174,-86.53334127
2010,4,6,Weekday,700,2-Car,No injury/unknown,DRIVER ILLNESS,SR45E & WALNUT,39.18635873,-86.53457606
2010,11,1,Weekend,1600,2-Car,Non-incapacitating,FOLLOWING TOO CLOSELY,E 45 46 & N DUNN,39.18635624,-86.52943611
2010,9,4,Weekday,1800,2-Car,No injury/unknown,UNSAFE BACKING,S SR 46 ST,39.186354,-86.535259
2010,11,1,Weekend,1800,Pedestrian,Incapacitating,PEDESTRIAN ACTION,N DUNN & SR46E,39.18635204,-86.52496679
2010,6,6,Weekday,900,2-Car,Non-incapacitating,DRIVER DISTRACTED - EXPLAIN IN NARRATIVE,DUNN & SR46E,39.18635203,-86.52673139
2010,9,7,Weekend,2000,2-Car,Non-incapacitating,LEFT OF CENTER,N DUNN & SR45W,39.18635203,-86.52673139
2010,12,7,Weekend,2100,1-Car,No injury/unknown,ANIMAL/OBJECT IN ROADWAY,DUNN & SR45W,39.18635202,-86.52779016
2010,1,7,Weekend,1000,2-Car,No injury/unknown,DRIVER DISTRACTED - EXPLAIN IN NARRATIVE,FRITZ & SR45E,39.186352,-86.52943908
2010,12,2,Weekday,1000,3+ Cars,Non-incapacitating,DRIVER DISTRACTED - EXPLAIN IN NARRATIVE,DUNN & SR46E,39.186352,-86.52955476
2010,1,7,Weekend,2200,2-Car,No injury/unknown,IMPROPER LANE USAGE,DUNN & SR45W,39.186352,-86.528496
2010,1,6,Weekend,1900,2-Car,No injury/unknown,FAILURE TO YIELD RIGHT OF WAY,MARTHA & SR4546E,39.186352,-86.531696
2010,1,1,Weekend,1200,2-Car,No injury/unknown,DISREGARD SIGNAL/REG SIGN,DUNN & SR46E,39.186352,-86.528496
2010,2,5,Weekday,2300,3+ Cars,Non-incapacitating,CELL PHONE USAGE,N DUNN ST & SR46E,39.186352,-86.528496
2010,3,7,Weekend,1600,2-Car,No injury/unknown,DISREGARD SIGNAL/REG SIGN,N DUNN & SR45E,39.186352,-86.528496
2010,4,5,Weekday,2000,2-Car,No injury/unknown,FOLLOWING TOO CLOSELY,DUNN & SR4546W,39.186352,-86.528496
2010,4,6,Weekday,1200,2-Car,No injury/unknown,FOLLOWING TOO CLOSELY,FRITZ & SR46W,39.186352,-86.529792
2010,4,6,Weekend,2000,3+ Cars,Non-incapacitating,FOLLOWING TOO CLOSELY,MARTHA & STATE RD 45 46 BYP,39.186352,-86.531696
2010,5,3,Weekday,700,2-Car,No injury/unknown,OTHER (DRIVER) - EXPLAIN IN NARRATIVE,N DUNN & SR4546E,39.186352,-86.528496
2010,6,7,Weekend,1400,2-Car,Non-incapacitating,FOLLOWING TOO CLOSELY,N DUNN & SR45E,39.186352,-86.528496
2010,8,6,Weekday,1700,3+ Cars,Non-incapacitating,FOLLOWING TOO CLOSELY,DUNN & US45 46,39.186352,-86.528496
2010,8,2,Weekday,1500,2-Car,No injury/unknown,FOLLOWING TOO CLOSELY,DUNN & SR46W,39.186352,-86.528496
2010,8,3,Weekday,1300,2-Car,No injury/unknown,OTHER (DRIVER) - EXPLAIN IN NARRATIVE,MARTHA & SR46W,39.186352,-86.531696
2010,9,4,Weekday,1500,3+ Cars,No injury/unknown,FOLLOWING TOO CLOSELY,N DUNN & SR45E,39.186352,-86.528496
2010,10,3,Weekday,1300,1-Car,No injury/unknown,BRAKE FAILURE OR DEFECTIVE,N COLLEGE & SR46E,39.186352,-86.534704
2010,10,1,Weekend,1600,2-Car,No injury/unknown,FAILURE TO YIELD RIGHT OF WAY,N DUNN & SR46E,39.186352,-86.528496
2010,11,4,Weekday,800,1-Car,No injury/unknown,GLARE,COLLEGE AVE & OLD STATE RD 37,39.186352,-86.534704
2010,11,1,Weekend,1000,2-Car,No injury/unknown,FOLLOWING TOO CLOSELY,COLLEGE & SR4546W,39.186352,-86.534704
2010,11,1,Weekend,1300,2-Car,Non-incapacitating,FOLLOWING TOO CLOSELY,FRITZ & SR4546E,39.186352,-86.529792
2010,11,1,Weekend,1300,2-Car,Non-incapacitating,FOLLOWING TOO CLOSELY,FRITZ & SR4546E,39.186352,-86.529792
2010,7,2,Weekday,2000,2-Car,Non-incapacitating,FOLLOWING TOO CLOSELY,SR 45 46 & WALNUT ST,39.18632523,-86.53454894
2010,7,3,Weekday,1300,2-Car,Non-incapacitating,DISREGARD SIGNAL/REG SIGN,N WALNUT & SR46E,39.18632523,-86.53454894
2010,9,2,Weekday,1800,2-Car,Non-incapacitating,FAILURE TO YIELD RIGHT OF WAY,N WALNUT ST & SR 46,39.18632523,-86.53454894
2010,11,5,Weekday,1700,2-Car,No injury/unknown,FAILURE TO YIELD RIGHT OF WAY,N WALNUT & SR46E,39.18632523,-86.53454894
2010,12,1,Weekday,2200,2-Car,No injury/unknown,IMPROPER PASSING,SR46 & WALNUT ST,39.18632523,-86.53454894
2010,3,6,Weekday,1000,1-Car,Non-incapacitating,RAN OFF ROAD RIGHT,E MATLOCK RD,39.186325,-86.532807
2010,1,5,Weekday,1000,2-Car,Non-incapacitating,DRIVER DISTRACTED - EXPLAIN IN NARRATIVE,MILO B SAMPSON & SR45N,39.18624327,-86.52216216
2010,3,3,Weekday,1900,2-Car,Non-incapacitating,FOLLOWING TOO CLOSELY,MILO B SAMPSON & SR45E,39.18624327,-86.52217946
2010,9,6,Weekday,200,1-Car,No injury/unknown,ANIMAL/OBJECT IN ROADWAY,MILO B SAMPSON & SR46W,39.18624327,-86.52217514
2010,2,3,Weekday,1200,3+ Cars,No injury/unknown,UNSAFE BACKING,WEST HOOSIER AVE,39.186048,-86.550976
2010,11,2,Weekday,700,2-Car,Non-incapacitating,LEFT OF CENTER,ARLINGTON RD & HICKORY,39.186048,-86.550976
2010,1,7,Weekend,1400,2-Car,No injury/unknown,FOLLOWING TOO CLOSELY,4546 BYP & FEE,39.186032,-86.51984
2010,5,2,Weekday,1300,2-Car,No injury/unknown,OTHER (DRIVER) - EXPLAIN IN NARRATIVE,FEE & SR46W,39.186032,-86.51984
2010,9,2,Weekday,1400,2-Car,No injury/unknown,OTHER (DRIVER) - EXPLAIN IN NARRATIVE,NORTH STATE ROAD 37 HWY & NORTH STATE ROAD BUSINESS 37,39.18595815,-86.53484
2010,4,2,Weekday,1600,2-Car,No injury/unknown,FOLLOWING TOO CLOSELY,FEE & SR46E,39.18593682,-86.51914577
2010,4,3,Weekday,1600,2-Car,No injury/unknown,UNSAFE BACKING,N KINSER PIKE,39.18589867,-86.53787333
2010,3,2,Weekday,1300,1-Car,No injury/unknown,OTHER (VEHICLE) - EXPLAIN IN NARRATIVE,N KINSER PIKE,39.18584,-86.537872
2010,4,1,Weekday,2200,Bus,No injury/unknown,IMPROPER TURNING,N KINSER PIKE,39.18584,-86.537872
2010,11,5,Weekday,1600,2-Car,No injury/unknown,UNSAFE BACKING,N STATE RD 45 46 BYP,39.18566953,-86.51800622
2010,4,4,Weekday,2000,2-Car,Non-incapacitating,FAILURE TO YIELD RIGHT OF WAY,GOURLEY & N KINSER PIKE,39.185392,-86.537856
2010,9,2,Weekday,1500,2-Car,No injury/unknown,LEFT OF CENTER,703 W GOURLEY PIKE & KINSER,39.185392,-86.537856
2010,10,7,Weekend,1100,2-Car,Non-incapacitating,FAILURE TO YIELD RIGHT OF WAY,GOURLEY & KINSER PIKE,39.185392,-86.537856
2010,10,7,Weekend,2000,2-Car,No injury/unknown,FAILURE TO YIELD RIGHT OF WAY,GOURLEY & N KINSER PIKE,39.185392,-86.537856
2010,3,5,Weekday,1700,2-Car,No injury/unknown,UNSAFE BACKING,W GOURLEY PIKE,39.185232,-86.54060206
2010,4,6,Weekday,1600,2-Car,No injury/unknown,UNSAFE BACKING,W GOURLEY PIKE,39.185232,-86.54060206
2010,10,4,Weekday,1900,2-Car,No injury/unknown,SPEED TOO FAST FOR WEATHER CONDITIONS,CASCADE & GOURLEY PIKE,39.1852,-86.541952
2010,12,7,Weekend,0,2-Car,No injury/unknown,OTHER (DRIVER) - EXPLAIN IN NARRATIVE,N COLLEGE AVE,39.185152,-86.535296
2010,11,4,Weekday,2300,2-Car,No injury/unknown,OTHER (DRIVER) - EXPLAIN IN NARRATIVE,GOURLEY PIKE,39.18508,-86.540075
2010,12,1,Weekend,1400,1-Car,No injury/unknown,UNSAFE SPEED,E GOURLEY & N KINSER PIKE,39.18506,-86.53778
2010,1,2,Weekday,1300,2-Car,No injury/unknown,UNSAFE BACKING,WEST GOURLEY PIKE,39.18503091,-86.54002675
2010,1,2,Weekday,900,1-Car,Non-incapacitating,RAN OFF ROAD RIGHT,SR37S & SR45S,39.18466483,-86.55597698
2010,4,2,Weekday,2000,2-Car,No injury/unknown,LEFT OF CENTER,W HOOSIER COURT AVE,39.18454,-86.538343
2010,8,3,Weekday,0,1-Car,Non-incapacitating,RAN OFF ROAD RIGHT,HOOSIER COURT & NORTH KINSER PIKE,39.18453,-86.53777
2010,9,1,Weekend,200,Pedestrian,No injury/unknown,OTHER (DRIVER) - EXPLAIN IN NARRATIVE,W HOOSIER COURT AVE,39.1845,-86.539055