Year,Month,Day,Weekend?,Hour,Collision Type,Injury Type,Primary Factor,Reported_Location,Latitude,Longitude
2010,11,3,Weekday,500,2-Car,No injury/unknown,OTHER (DRIVER) - EXPLAIN IN NARRATIVE,N WALNUT ST,39.1841412,-86.5344552
2010,11,4,Weekday,200,1-Car,No injury/unknown,BRAKE FAILURE OR DEFECTIVE,NORTH WALNUT ST,39.1841412,-86.5344552
2010,1,1,Weekend,400,1-Car,No injury/unknown,RAN OFF ROAD RIGHT,ARLINGTON RD & GOURLEY,39.18391089,-86.55017804
2010,10,6,Weekday,900,2-Car,No injury/unknown,DISREGARD SIGNAL/REG SIGN,FEE & JORDAN AVE,39.18384,-86.5192
2010,2,7,Weekend,1300,2-Car,No injury/unknown,SPEED TOO FAST FOR WEATHER CONDITIONS,FISHERS & JORDAN AVE,39.18377,-86.5168773
2010,9,5,Weekday,1800,Pedestrian,Incapacitating,PEDESTRIAN ACTION,FISHER & N JORDAN AVE,39.18377,-86.51686
2010,4,1,Weekend,1300,2-Car,No injury/unknown,UNSAFE BACKING,NORTH JORDAN AVE,39.183756,-86.518438
2010,5,4,Weekday,800,2-Car,Non-incapacitating,FAILURE TO YIELD RIGHT OF WAY,MILLER & S WALNUT ST,39.183696,-86.534304
2010,12,5,Weekday,1400,2-Car,No injury/unknown,,E VARSITY LN,39.183664,-86.530416
2010,4,6,Weekend,2000,2-Car,No injury/unknown,UNSAFE BACKING,E VARSITY LN,39.183662,-86.530469
2010,11,3,Weekday,1400,2-Car,No injury/unknown,UNSAFE BACKING,S WALNUT ST,39.18350109,-86.53424
2010,4,6,Weekday,1300,2-Car,No injury/unknown,UNSAFE BACKING,AMARYLLIS DR,39.18341216,-86.53878365
2010,8,6,Weekday,200,2-Car,No injury/unknown,OTHER (VEHICLE) - EXPLAIN IN NARRATIVE,AMARYLLIS DR,39.18341,-86.539163
2010,8,6,Weekday,1400,2-Car,No injury/unknown,UNSAFE BACKING,W AMARYLLIS DR,39.18341,-86.538878
2010,10,1,Weekend,0,2-Car,No injury/unknown,IMPROPER TURNING,EAST VARSITY LN,39.183389,-86.53112
2010,3,4,Weekday,100,1-Car,Non-incapacitating,LEFT OF CENTER,OLL SR 37 RD & WALNUT,39.18336,-86.53419327
2010,5,1,Weekend,1000,2-Car,Non-incapacitating,DISREGARD SIGNAL/REG SIGN,OLD 37 & WALNUT ST,39.18336,-86.53415
2010,12,2,Weekday,2000,2-Car,Non-incapacitating,FAILURE TO YIELD RIGHT OF WAY,N OLD 37 STATE & N WALNUT ST,39.18336,-86.53415
2010,7,4,Weekday,1200,2-Car,No injury/unknown,OTHER (DRIVER) - EXPLAIN IN NARRATIVE,NORTH WALNUT ST,39.183325,-86.534144
2010,2,6,Weekday,1700,2-Car,Non-incapacitating,FOLLOWING TOO CLOSELY,BALFOUR & SR45 46E,39.18332088,-86.51173353
2010,2,6,Weekday,1700,2-Car,Non-incapacitating,FOLLOWING TOO CLOSELY,BALFOUR & SR46,39.18330425,-86.51171744
2010,9,6,Weekday,0,1-Car,Non-incapacitating,RAN OFF ROAD RIGHT,MOUNT GILEAD & SR45E,39.18325344,-86.47083133
2010,2,5,Weekday,2300,Pedestrian,Non-incapacitating,PEDESTRIAN ACTION,DUNN AVE & VARSITY,39.18325061,-86.52842251
2010,12,6,Weekend,2100,3+ Cars,Non-incapacitating,FOLLOWING TOO CLOSELY,BALFOUR & SR45E,39.18323799,-86.51177094
2010,11,6,Weekday,800,2-Car,No injury/unknown,FAILURE TO YIELD RIGHT OF WAY,VARSITY LANE LN,39.1832,-86.531219
2010,12,4,Weekday,800,1-Car,No injury/unknown,ROADWAY SURFACE CONDITION,BROOKDALE DR,39.18311,-86.537759
2010,3,1,Weekend,700,2-Car,No injury/unknown,OTHER (VEHICLE) - EXPLAIN IN NARRATIVE,NORTH WILLIS DR,39.183091,-86.544049
2010,8,2,Weekday,2200,2-Car,No injury/unknown,UNSAFE BACKING,VARSITY LN,39.182976,-86.528416
2010,3,7,Weekend,2100,2-Car,No injury/unknown,UNSAFE BACKING,VARSITY LN,39.18293877,-86.52903226
2010,2,1,Weekend,1400,2-Car,No injury/unknown,OTHER (DRIVER) - EXPLAIN IN NARRATIVE,EAST VARSITY LN,39.18293354,-86.52915251
2010,10,1,Weekend,200,2-Car,No injury/unknown,FAILURE TO YIELD RIGHT OF WAY,NORTH COLLEGE AVE,39.182925,-86.534639
2010,2,3,Weekday,1800,2-Car,No injury/unknown,ROADWAY SURFACE CONDITION,DUNN & VARSITY LN,39.18291965,-86.52947214
2010,4,3,Weekday,2100,2-Car,No injury/unknown,UNSAFE BACKING,NORTHLANE DR,39.182649,-86.53777
2010,5,2,Weekday,2200,1-Car,No injury/unknown,SPEED TOO FAST FOR WEATHER CONDITIONS,MOUNT GILEAD & SR45E,39.18257879,-86.47143913
2010,2,4,Weekday,2000,2-Car,Non-incapacitating,FAILURE TO YIELD RIGHT OF WAY,N FEE LN,39.18242962,-86.51914028
2010,3,1,Weekend,100,2-Car,No injury/unknown,FOLLOWING TOO CLOSELY,BALFOUR & NORTH JORDAN AVE,39.18237738,-86.51263769
2010,4,6,Weekend,2200,2-Car,No injury/unknown,SPEED TOO FAST FOR WEATHER CONDITIONS,BALFOUR & N JORDAN AVE,39.18237738,-86.51262039
2010,12,4,Weekday,900,3+ Cars,Non-incapacitating,FAILURE TO YIELD RIGHT OF WAY,1415 N JORDAN AVE & BALFOUR,39.18237738,-86.51264201
2010,8,6,Weekend,1900,2-Car,No injury/unknown,IMPROPER LANE USAGE,2ND & JORDAN AVE,39.18218696,-86.51639
2010,8,2,Weekday,1700,2-Car,No injury/unknown,UNSAFE BACKING,E 10TH WELLS LIBRARY LOT ST,39.18218533,-86.518314
2010,5,7,Weekend,1100,2-Car,No injury/unknown,UNSAFE BACKING,N FEE LN,39.18217024,-86.51912929
2010,8,1,Weekend,100,2-Car,No injury/unknown,,10TH ST & SUNRISE,39.18215633,-86.51248
2010,4,3,Weekday,2000,2-Car,No injury/unknown,,N WALNUT ST,39.18203331,-86.53375804
2010,2,1,Weekday,1900,1-Car,No injury/unknown,ANIMAL/OBJECT IN ROADWAY,SR37N & VERNAL,39.18193019,-86.55702423
2010,10,2,Weekday,200,2-Car,No injury/unknown,,LONGFELLOW & W RIDGE RD,39.181888,-86.542016
2010,2,5,Weekday,2000,2-Car,No injury/unknown,SPEED TOO FAST FOR WEATHER CONDITIONS,E 20TH & N DUNN ST,39.18184,-86.5284
2010,11,1,Weekend,1600,2-Car,No injury/unknown,UNSAFE BACKING,230 E 20TH ST & N LINCOLN,39.181744,-86.530192
2010,5,5,Weekday,1100,2-Car,No injury/unknown,UNSAFE BACKING,FEE & NORTH FOSTER DR,39.18173882,-86.51886
2010,3,7,Weekend,300,2-Car,No injury/unknown,UNSAFE SPEED,19TH & N WALNUT ST,39.181552,-86.5336
2010,9,1,Weekend,1200,2-Car,No injury/unknown,FAILURE TO YIELD RIGHT OF WAY,E 19TH & N WALNUT ST,39.181552,-86.5336
2010,9,4,Weekday,1800,2-Car,No injury/unknown,UNSAFE BACKING,NORTH COLLEGE AVE,39.18139,-86.534672
2010,1,6,Weekday,300,1-Car,No injury/unknown,RAN OFF ROAD RIGHT,OARD & VERNAL PIKE,39.181344,-86.637104
2010,8,7,Weekend,1400,2-Car,No injury/unknown,FAILURE TO YIELD RIGHT OF WAY,NORTH OARD & VERNAL PIKE,39.181344,-86.637104
2010,10,7,Weekend,100,2-Car,No injury/unknown,LEFT OF CENTER,E 19TH & N WASHINGTON ST,39.18128,-86.531792
2010,7,6,Weekday,800,2-Car,No injury/unknown,UNSAFE BACKING,MORTON ST & SEVENTH,39.18125061,-86.53612
2010,10,5,Weekday,1900,1-Car,Non-incapacitating,ANIMAL/OBJECT IN ROADWAY,17TH & SR46E,39.1811444,-86.50890273
2010,1,2,Weekday,1600,2-Car,No injury/unknown,FAILURE TO YIELD RIGHT OF WAY,19TH ST & LINCOLN,39.18112,-86.530816
2010,10,1,Weekday,2200,2-Car,No injury/unknown,UNSAFE BACKING,E 19TH & N LINCOLN ST,39.18112,-86.530816
2010,1,3,Weekday,1200,2-Car,No injury/unknown,OTHER (DRIVER) - EXPLAIN IN NARRATIVE,EAST 19TH ST,39.181101,-86.530839
2010,1,6,Weekday,1100,2-Car,No injury/unknown,FAILURE TO YIELD RIGHT OF WAY,LANDMARK AVE & W BLOOMFIELD,39.18108658,-86.55379641
2010,1,3,Weekday,2100,3+ Cars,Non-incapacitating,FOLLOWING TOO CLOSELY,19TH & DUNN ST,39.18104,-86.5284
2010,3,4,Weekday,1000,2-Car,No injury/unknown,IMPROPER TURNING,N DUNN ST,39.18104,-86.5284
2010,9,7,Weekend,1600,Cyclist,Non-incapacitating,UNSAFE LANE MOVEMENT,EAST 19TH & NORTH DUNN ST,39.18104,-86.5284
2010,9,2,Weekday,1200,2-Car,No injury/unknown,FAILURE TO YIELD RIGHT OF WAY,19TH & DUNN ST,39.18104,-86.5284
2010,12,4,Weekday,1100,2-Car,No injury/unknown,FAILURE TO YIELD RIGHT OF WAY,19TH ST & DUNN,39.18104,-86.5284
2010,12,6,Weekday,1700,2-Car,No injury/unknown,FAILURE TO YIELD RIGHT OF WAY,19TH & DUNN ST,39.18104,-86.5284
2010,12,6,Weekday,800,2-Car,Non-incapacitating,FAILURE TO YIELD RIGHT OF WAY,19TH & DUNN ST,39.18104,-86.5284
2010,1,1,Weekend,300,2-Car,No injury/unknown,OTHER (DRIVER) - EXPLAIN IN NARRATIVE,MARBLE LN,39.180944,-86.540496
2010,7,7,Weekend,1700,2-Car,No injury/unknown,OTHER (DRIVER) - EXPLAIN IN NARRATIVE,W MARBLE LN,39.18079265,-86.54067618
2010,5,5,Weekday,400,1-Car,No injury/unknown,ANIMAL/OBJECT IN ROADWAY,SR37S & VERNAL,39.1807259,-86.55787222
2010,8,2,Weekday,1200,2-Car,Non-incapacitating,FAILURE TO YIELD RIGHT OF WAY,N WILLIS DR & WESTFIELD,39.18056,-86.543968
2010,9,1,Weekend,600,2-Car,No injury/unknown,,N WILLIS & WESTFIELD DR,39.18056,-86.543968
2010,3,7,Weekend,1300,2-Car,No injury/unknown,UNSAFE BACKING,N FEE LN,39.18054912,-86.51906065
2010,2,7,Weekend,0,2-Car,No injury/unknown,UNSAFE BACKING,NORTH JORDAN AVE,39.180529,-86.511011
2010,5,3,Weekday,600,1-Car,No injury/unknown,ANIMAL/OBJECT IN ROADWAY,17TH & SR46W,39.18039903,-86.50786573
2010,3,6,Weekday,1800,1-Car,No injury/unknown,VIEW OBSTRUCTED,NORTH FEE LN,39.180357,-86.519098
2010,11,4,Weekday,1100,3+ Cars,No injury/unknown,OVERCORRECTING/OVERSTEERING,N DUNN ST,39.180352,-86.5284
2010,11,5,Weekday,1600,2-Car,No injury/unknown,OTHER (DRIVER) - EXPLAIN IN NARRATIVE,N DUNN ST,39.180352,-86.5284
2010,11,6,Weekday,1600,2-Car,Incapacitating,BRAKE FAILURE OR DEFECTIVE,E 18TH & N DUNN AVE,39.180352,-86.5284
2010,12,2,Weekday,900,Bus,No injury/unknown,FAILURE TO YIELD RIGHT OF WAY,N DUNN ST,39.180352,-86.5284
2010,6,7,Weekend,0,Pedestrian,No injury/unknown,PEDESTRIAN ACTION,ARLINGTON PARK RD,39.18012565,-86.54852324
2010,10,2,Weekday,1900,1-Car,No injury/unknown,ANIMAL/OBJECT IN ROADWAY,17TH & SR46N,39.18011952,-86.50747687
2010,5,1,Weekend,0,Cyclist,Non-incapacitating,IMPROPER PASSING,GRANITE & JACKSON ST,39.18005,-86.53995
2010,8,3,Weekday,1800,1-Car,No injury/unknown,BRAKE FAILURE OR DEFECTIVE,N WILLIS DR,39.180048,-86.544
2010,11,5,Weekday,1700,2-Car,No injury/unknown,UNSAFE BACKING,N ARLINGTON PARK DR,39.17997438,-86.54842034
2010,1,1,Weekday,2300,2-Car,No injury/unknown,FOLLOWING TOO CLOSELY,SEVENTEENTH ST & SR46N,39.17984,-86.507088
2010,4,2,Weekday,700,2-Car,No injury/unknown,FOLLOWING TOO CLOSELY,17TH ST & 46,39.17984,-86.507088
2010,6,1,Weekday,2100,1-Car,No injury/unknown,ANIMAL/OBJECT IN ROADWAY,17TH & SR46S,39.17984,-86.507088
2010,6,2,Weekday,1500,3+ Cars,Incapacitating,LEFT OF CENTER,17TH & SR4546S,39.17984,-86.507088
2010,10,7,Weekend,2000,2-Car,No injury/unknown,FAILURE TO YIELD RIGHT OF WAY,17TH & SR46N,39.17984,-86.507088
2010,10,6,Weekday,1400,2-Car,No injury/unknown,FOLLOWING TOO CLOSELY,1469 E 17TH & 17TH ST,39.17984,-86.507088
2010,6,7,Weekend,1400,2-Car,No injury/unknown,UNSAFE BACKING,S COLLEGE AVE,39.17983827,-86.53471672
2010,9,3,Weekday,1900,2-Car,No injury/unknown,FOLLOWING TOO CLOSELY,17TH ST & SR46,39.17971702,-86.50722818
2010,11,5,Weekday,1600,2-Car,No injury/unknown,FAILURE TO YIELD RIGHT OF WAY,17TH & SR46E,39.17971702,-86.50722818
2010,12,2,Weekday,1100,2-Car,No injury/unknown,FOLLOWING TOO CLOSELY,E 17TH ST & SR 45 46,39.17971702,-86.50722818
2010,5,7,Weekend,2100,3+ Cars,Non-incapacitating,RAN OFF ROAD RIGHT,SR37,39.17957095,-86.55823894
2010,1,4,Weekday,900,1-Car,No injury/unknown,UNSAFE SPEED,INNOVATION & WEST VERNAL PIKE,39.17952,-86.5948
2010,2,2,Weekday,1700,1-Car,No injury/unknown,SPEED TOO FAST FOR WEATHER CONDITIONS,17TH & SR46E,39.17937475,-86.50671279
2010,4,6,Weekday,1500,1-Car,No injury/unknown,OTHER (DRIVER) - EXPLAIN IN NARRATIVE,ARLINGTON PARK DR,39.1793458,-86.54728221
2010,8,7,Weekend,2000,2-Car,No injury/unknown,UNSAFE BACKING,NORTH JORDAN AVE,39.179319,-86.510935
2010,2,7,Weekend,600,1-Car,No injury/unknown,ROADWAY SURFACE CONDITION,LINGELBACH & SEVENTEENTH ST,39.17925,-86.5084
2010,3,5,Weekday,1500,2-Car,No injury/unknown,OTHER (DRIVER) - EXPLAIN IN NARRATIVE,17TH ST & LINGELBACH,39.17925,-86.5084
2010,4,2,Weekday,1000,2-Car,No injury/unknown,FAILURE TO YIELD RIGHT OF WAY,EAST SEVENTEENTH ST & LINGELBACH,39.17925,-86.5084
2010,9,7,Weekend,1800,1-Car,Non-incapacitating,RAN OFF ROAD RIGHT,17TH ST & MONROE,39.179248,-86.54745689
2010,1,2,Weekday,1800,2-Car,No injury/unknown,OTHER (DRIVER) - EXPLAIN IN NARRATIVE,17TH ST & MONROE,39.179248,-86.547104
2010,1,5,Weekday,1400,2-Car,No injury/unknown,LEFT OF CENTER,CURRY PIKE PIKE & VERNAL PIKE,39.179248,-86.5832
2010,2,6,Weekday,1800,2-Car,Non-incapacitating,ROADWAY SURFACE CONDITION,17TH ST & LINDBERGH,39.179248,-86.552592
2010,5,7,Weekend,700,2-Car,No injury/unknown,OTHER (DRIVER) - EXPLAIN IN NARRATIVE,ARLINGTON VALLEY RD & MONROE,39.179248,-86.547104
2010,5,2,Weekday,1400,2-Car,No injury/unknown,FAILURE TO YIELD RIGHT OF WAY,17TH ST & MONROE,39.179248,-86.547104
2010,5,6,Weekday,600,Pedestrian,No injury/unknown,NONE (DRIVER),CURRY & VERNAL PIKE,39.179248,-86.5832
2010,8,3,Weekday,1700,2-Car,No injury/unknown,DRIVER DISTRACTED - EXPLAIN IN NARRATIVE,CURRY PIKE & VERNAL,39.179248,-86.5832
2010,8,2,Weekday,1000,2-Car,No injury/unknown,UNSAFE SPEED,N CURRY PIKE & W VERNAL,39.179248,-86.5832
2010,9,3,Weekday,1300,2-Car,No injury/unknown,OTHER (DRIVER) - EXPLAIN IN NARRATIVE,N CURRY PIKE & VERNAL,39.179248,-86.5832
2010,9,3,Weekday,1700,2-Car,No injury/unknown,FAILURE TO YIELD RIGHT OF WAY,N MONROE & W 17TH ST,39.179248,-86.547104
2010,10,2,Weekday,2000,1-Car,No injury/unknown,ANIMAL/OBJECT IN ROADWAY,N CURRY PIKE & W VERNAL,39.179248,-86.5832
2010,11,7,Weekend,2100,1-Car,No injury/unknown,SPEED TOO FAST FOR WEATHER CONDITIONS,17TH & NORTH CRESCENT RD,39.179248,-86.556592
2010,11,2,Weekday,1600,2-Car,No injury/unknown,FAILURE TO YIELD RIGHT OF WAY,N CURRY PIKE & W VERNAL,39.179248,-86.5832
2010,1,2,Weekday,1600,2-Car,No injury/unknown,FAILURE TO YIELD RIGHT OF WAY,17TH & MONROE ST,39.17922,-86.5471
2010,3,6,Weekday,800,2-Car,No injury/unknown,OTHER (DRIVER) - EXPLAIN IN NARRATIVE,ENTERPRISE & W VERNAL PIKE,39.17921,-86.56804
2010,12,4,Weekday,1500,1-Car,Non-incapacitating,SPEED TOO FAST FOR WEATHER CONDITIONS,ENTERPRISE & W VERNAL PIKE,39.17921,-86.56804
2010,9,7,Weekend,700,2-Car,Non-incapacitating,FAILURE TO YIELD RIGHT OF WAY,CURRY PIKE RD & VERNAL PIKE,39.17920007,-86.58308566
2010,9,3,Weekday,1300,2-Car,Non-incapacitating,FAILURE TO YIELD RIGHT OF WAY,CURRY PIKE RD & VERNAL PIKE,39.17920007,-86.58309102
2010,1,5,Weekday,1200,2-Car,No injury/unknown,FOLLOWING TOO CLOSELY,1300 BLK N KINSER PIKE & 17TH,39.17917052,-86.5377895
2010,7,6,Weekday,1400,3+ Cars,Non-incapacitating,FOLLOWING TOO CLOSELY,COLLEGE AVE & SEVENTH,39.17913551,-86.53486
2010,6,3,Weekday,1500,2-Car,No injury/unknown,IMPROPER TURNING,COLLEGE AVE & SEVENTH,39.17913551,-86.53486
2010,2,6,Weekday,400,1-Car,No injury/unknown,OTHER (DRIVER) - EXPLAIN IN NARRATIVE,N LINCOLN ST,39.1791262,-86.53084702
2010,3,6,Weekday,1500,2-Car,No injury/unknown,UNSAFE BACKING,N WILLIS DR & W 17TH,39.179104,-86.544016
2010,9,5,Weekday,700,2-Car,Non-incapacitating,FAILURE TO YIELD RIGHT OF WAY,17TH ST & WILLIS,39.179104,-86.544016
2010,10,1,Weekend,1700,2-Car,No injury/unknown,IMPROPER TURNING,N WILLIS DR & W 17TH,39.179104,-86.544016
2010,11,2,Weekday,1800,Moped/Motorcycle,Non-incapacitating,FOLLOWING TOO CLOSELY,17TH ST & N WILLIS,39.179104,-86.544016
2010,12,3,Weekday,1500,2-Car,Non-incapacitating,FAILURE TO YIELD RIGHT OF WAY,N WILLIS & W 17TH ST,39.179104,-86.544016
2010,1,6,Weekend,2000,2-Car,No injury/unknown,UNSAFE BACKING,N JORDAN AVE,39.17908408,-86.511088
2010,7,3,Weekday,1900,1-Car,No injury/unknown,DRIVER DISTRACTED - EXPLAIN IN NARRATIVE,17TH ST,39.17908,-86.550437
2010,1,2,Weekday,1100,2-Car,No injury/unknown,FOLLOWING TOO CLOSELY,DUNN & EAST SEVENTEENTH ST,39.17904,-86.5284
2010,1,6,Weekday,1100,1-Car,Non-incapacitating,OTHER (VEHICLE) - EXPLAIN IN NARRATIVE,E 17TH ST,39.17904,-86.5284
2010,2,6,Weekday,1400,2-Car,No injury/unknown,UNSAFE SPEED,17TH ST & DUNN,39.17904,-86.5284
2010,3,3,Weekday,1100,2-Car,No injury/unknown,OTHER (DRIVER) - EXPLAIN IN NARRATIVE,17TH & LINCOLN ST,39.17904,-86.530848
2010,4,6,Weekday,1200,2-Car,No injury/unknown,OTHER (DRIVER) - EXPLAIN IN NARRATIVE,17TH & LINCOLN ST,39.17904,-86.530848
2010,4,3,Weekday,700,2-Car,No injury/unknown,DRIVER DISTRACTED - EXPLAIN IN NARRATIVE,17TH ST & MAPLE,39.17904,-86.542096
2010,4,5,Weekday,1700,2-Car,No injury/unknown,FOLLOWING TOO CLOSELY,17TH & N DUNN ST,39.17904,-86.5284
2010,9,3,Weekday,1700,2-Car,No injury/unknown,FAILURE TO YIELD RIGHT OF WAY,17TH ST & LINCOLN,39.17904,-86.530848
2010,9,7,Weekend,0,2-Car,No injury/unknown,OTHER (DRIVER) - EXPLAIN IN NARRATIVE,17TH ST & WASHINGTON,39.17904,-86.532096
2010,9,3,Weekday,1700,2-Car,No injury/unknown,FOLLOWING TOO CLOSELY,17TH ST & LINCOLN,39.17904,-86.530848
2010,10,4,Weekday,2000,2-Car,No injury/unknown,FAILURE TO YIELD RIGHT OF WAY,17TH ST & LINCOLN,39.17904,-86.530848
2010,10,5,Weekday,1200,2-Car,No injury/unknown,UNSAFE SPEED,17TH & DUNN ST,39.17904,-86.5284
2010,10,6,Weekday,1200,1-Car,No injury/unknown,BRAKE FAILURE OR DEFECTIVE,E 17TH ST,39.17904,-86.532096
2010,10,7,Weekend,1600,2-Car,No injury/unknown,FAILURE TO YIELD RIGHT OF WAY,17TH ST & LINCOLN,39.17904,-86.530848
2010,11,2,Weekday,1400,Bus,No injury/unknown,OTHER (DRIVER) - EXPLAIN IN NARRATIVE,EAST 17TH & NORTH DUNN ST,39.17904,-86.5284
2010,11,3,Weekday,1700,2-Car,Non-incapacitating,FOLLOWING TOO CLOSELY,17TH ST & MAPLE,39.17904,-86.542096
2010,12,4,Weekday,900,2-Car,No injury/unknown,OTHER (DRIVER) - EXPLAIN IN NARRATIVE,17TH ST & MAPLE,39.17904,-86.542096
2010,10,5,Weekday,1500,2-Car,No injury/unknown,IMPROPER TURNING,EAST 17TH ST,39.17902717,-86.52590192
2010,11,6,Weekday,1100,2-Car,No injury/unknown,WRONG WAY ON ONE WAY,510 E 17TH (EXIT DR THRU IND) ST & INDIANA,39.17902717,-86.52707238
2010,3,5,Weekday,1600,2-Car,Non-incapacitating,FAILURE TO YIELD RIGHT OF WAY,N JACKSON & W 17TH ST,39.179024,-86.539616
2010,8,1,Weekend,300,1-Car,No injury/unknown,RAN OFF ROAD RIGHT,17TH & INDIANA AVE,39.179024,-86.5272
2010,8,5,Weekday,500,1-Car,No injury/unknown,RAN OFF ROAD RIGHT,17TH & INDIANA AVE,39.179024,-86.5272
2010,9,5,Weekday,1700,2-Car,No injury/unknown,FOLLOWING TOO CLOSELY,E 17TH ST & N INDIANA,39.179024,-86.5272
2010,10,6,Weekday,1200,2-Car,No injury/unknown,UNSAFE BACKING,17TH ST & INDIANA,39.179024,-86.5272
2010,10,7,Weekend,900,Moped/Motorcycle,Non-incapacitating,FOLLOWING TOO CLOSELY,17TH ST & JACKSON,39.179024,-86.539616
2010,1,5,Weekday,1200,2-Car,No injury/unknown,FAILURE TO YIELD RIGHT OF WAY,701 E 17TH (WHITE LOT) ST & DUNN,39.17902034,-86.52837809
2010,8,2,Weekday,800,2-Car,No injury/unknown,FAILURE TO YIELD RIGHT OF WAY,701 EAST 17TH (WHITE LOT) ST & DUNN,39.17902034,-86.52835732
2010,3,3,Weekday,1400,2-Car,No injury/unknown,IMPROPER TURNING,EAST 17TH ST,39.17902,-86.525975
2010,4,6,Weekday,1200,2-Car,No injury/unknown,FOLLOWING TOO CLOSELY,E 17TH ST & WALNUT,39.17902,-86.5211
2010,4,6,Weekday,1700,2-Car,No injury/unknown,BRAKE FAILURE OR DEFECTIVE,E 17TH ST,39.17902,-86.525975
2010,6,1,Weekend,500,1-Car,No injury/unknown,RAN OFF ROAD RIGHT,INDIANA AVE & SEVENTEENTH,39.17902,-86.52705
2010,7,4,Weekday,1700,2-Car,No injury/unknown,FAILURE TO YIELD RIGHT OF WAY,17TH ST & INDIANA,39.17902,-86.52705
2010,8,2,Weekday,1700,Moped/Motorcycle,No injury/unknown,FOLLOWING TOO CLOSELY,EAST 17TH ST,39.17902,-86.525975
2010,9,5,Weekday,1500,2-Car,No injury/unknown,FAILURE TO YIELD RIGHT OF WAY,EAST 17 ST,39.17902,-86.521092
2010,11,6,Weekend,2000,2-Car,No injury/unknown,FOLLOWING TOO CLOSELY,17TH ST & WALNUT,39.17902,-86.52110865
2010,12,1,Weekend,1600,2-Car,No injury/unknown,UNSAFE BACKING,E 17TH ST,39.17902,-86.525975
2010,3,5,Weekday,1200,1-Car,No injury/unknown,UNSAFE BACKING,E 17TH ST,39.179008,-86.525888
2010,4,3,Weekday,1200,2-Car,No injury/unknown,UNSAFE BACKING,E 17TH ST,39.179008,-86.525888
2010,10,4,Weekday,1500,Bus,No injury/unknown,UNSAFE BACKING,E 17TH ST,39.179008,-86.525888
2010,10,6,Weekday,1600,3+ Cars,No injury/unknown,FOLLOWING TOO CLOSELY,E 17TH ST & FESS,39.179008,-86.525888
2010,11,4,Weekday,900,1-Car,No injury/unknown,OTHER (DRIVER) - EXPLAIN IN NARRATIVE,E 17TH ST,39.179008,-86.525888
2010,2,3,Weekday,100,1-Car,No injury/unknown,SPEED TOO FAST FOR WEATHER CONDITIONS,17TH ST,39.17899984,-86.52467167
2010,1,7,Weekend,2300,2-Car,Non-incapacitating,FAILURE TO YIELD RIGHT OF WAY,17TH ST & KINSER,39.178992,-86.537792
2010,2,2,Weekday,1400,2-Car,Non-incapacitating,FOLLOWING TOO CLOSELY,17TH & KINSER PIKE,39.178992,-86.537792
2010,2,6,Weekday,1500,2-Car,Non-incapacitating,UNSAFE BACKING,17TH ST & KINSER,39.178992,-86.537792
2010,2,3,Weekday,100,2-Car,Non-incapacitating,SPEED TOO FAST FOR WEATHER CONDITIONS,N KINSER & W 17TH ST ST,39.178992,-86.537792
2010,2,3,Weekday,100,2-Car,No injury/unknown,UNSAFE BACKING,N KINSER PIKE & W 17TH ST ST,39.178992,-86.537792
2010,3,7,Weekend,1300,2-Car,No injury/unknown,UNSAFE SPEED,17TH ST & WOODLAWN,39.178992,-86.523504
2010,4,7,Weekend,2200,Moped/Motorcycle,Non-incapacitating,FAILURE TO YIELD RIGHT OF WAY,N MADISON & W 17TH ST,39.178992,-86.537792
2010,5,2,Weekday,1000,Moped/Motorcycle,Incapacitating,DISREGARD SIGNAL/REG SIGN,17TH ST ST & KINSER PIKE,39.178992,-86.537792
2010,5,7,Weekend,1200,2-Car,No injury/unknown,FAILURE TO YIELD RIGHT OF WAY,EAST SEVENTEENTH ST & WOODLAWN,39.178992,-86.523504
2010,8,2,Weekday,1100,2-Car,No injury/unknown,FOLLOWING TOO CLOSELY,17TH & MADISON ST,39.178992,-86.537792
2010,8,7,Weekend,700,2-Car,No injury/unknown,DISREGARD SIGNAL/REG SIGN,17TH ST & KINSER,39.178992,-86.537792
2010,8,4,Weekday,1700,2-Car,No injury/unknown,UNSAFE LANE MOVEMENT,N MADISON ST & W 17TH,39.178992,-86.537792
2010,9,4,Weekday,800,Bus,No injury/unknown,FAILURE TO YIELD RIGHT OF WAY,17TH & WOODLAWN AVE,39.178992,-86.523504
2010,10,2,Weekday,1600,2-Car,No injury/unknown,FAILURE TO YIELD RIGHT OF WAY,N MADISON ST & W 17TH,39.178992,-86.537792
2010,10,5,Weekday,1500,2-Car,No injury/unknown,LEFT OF CENTER,17TH ST & KINSER,39.178992,-86.537792
2010,12,1,Weekend,1600,2-Car,No injury/unknown,SPEED TOO FAST FOR WEATHER CONDITIONS,17TH & FEE LN,39.17899,-86.51895
2010,10,4,Weekday,1500,3+ Cars,No injury/unknown,FOLLOWING TOO CLOSELY,17TH ST & WOODBURN,39.178976,-86.536032
2010,11,3,Weekday,1800,2-Car,No injury/unknown,DRIVER DISTRACTED - EXPLAIN IN NARRATIVE,N WOODBURN & W 17TH ST,39.178976,-86.536032