Year,Month,Day,Weekend?,Hour,Collision Type,Injury Type,Primary Factor,Reported_Location,Latitude,Longitude
2010,5,7,Weekend,1900,2-Car,No injury/unknown,UNSAFE BACKING,W 17TH ST,39.17896033,-86.53474678
2010,1,3,Weekday,1700,2-Car,Non-incapacitating,UNSAFE BACKING,W 17TH ST,39.17896,-86.53472
2010,2,6,Weekday,1400,2-Car,No injury/unknown,FAILURE TO YIELD RIGHT OF WAY,17TH & COLLEGE AVE,39.17896,-86.53472
2010,4,7,Weekend,100,2-Car,No injury/unknown,UNSAFE BACKING,W 17TH ST,39.17896,-86.53472
2010,4,6,Weekday,1200,Moped/Motorcycle,Non-incapacitating,SPEED TOO FAST FOR WEATHER CONDITIONS,COLLEGE & W 17TH ST,39.17896,-86.53472
2010,5,4,Weekday,1700,2-Car,No injury/unknown,DRIVER DISTRACTED - EXPLAIN IN NARRATIVE,17TH ST & COLLEGE,39.17896,-86.53472
2010,8,4,Weekday,1700,2-Car,Non-incapacitating,DRIVER DISTRACTED - EXPLAIN IN NARRATIVE,17TH ST & WALNUT GROVE,39.17896,-86.521088
2010,9,1,Weekend,1000,2-Car,No injury/unknown,UNSAFE BACKING,E 17TH ST,39.17896,-86.521088
2010,10,3,Weekday,800,2-Car,No injury/unknown,UNSAFE BACKING,E 17TH ST,39.17896,-86.521088
2010,10,5,Weekday,900,2-Car,No injury/unknown,DRIVER DISTRACTED - EXPLAIN IN NARRATIVE,W 17TH ST,39.17896,-86.53472
2010,10,7,Weekend,1900,2-Car,No injury/unknown,UNSAFE BACKING,17TH & COLLEGE AVE,39.17896,-86.53472
2010,11,1,Weekend,900,2-Car,No injury/unknown,CELL PHONE USAGE,100 W 17TH ST & 1300 N COLLEGE,39.17896,-86.53472
2010,2,4,Weekday,800,2-Car,No injury/unknown,FAILURE TO YIELD RIGHT OF WAY,17TH ST & WALNUT,39.178944,-86.533392
2010,3,3,Weekday,1200,2-Car,Non-incapacitating,FAILURE TO YIELD RIGHT OF WAY,E 17TH ST & N GRANT,39.178944,-86.5296
2010,7,5,Weekday,1400,2-Car,Non-incapacitating,FOLLOWING TOO CLOSELY,E 17TH ST & N WALNUT,39.178944,-86.533392
2010,9,5,Weekday,1100,1-Car,Non-incapacitating,DISREGARD SIGNAL/REG SIGN,E 17TH & N WALNUT ST,39.178944,-86.533392
2010,3,2,Weekday,1700,2-Car,No injury/unknown,FOLLOWING TOO CLOSELY,17TH ST & FEE,39.17893878,-86.51969763
2010,12,4,Weekday,1600,2-Car,Non-incapacitating,FAILURE TO YIELD RIGHT OF WAY,17TH ST & LICOLN,39.17893838,-86.5309426
2010,1,7,Weekend,2200,Pedestrian,Non-incapacitating,OTHER (DRIVER) - EXPLAIN IN NARRATIVE,17TH ST & FEE,39.178928,-86.518992
2010,3,4,Weekday,1700,2-Car,Non-incapacitating,FOLLOWING TOO CLOSELY,17TH & FEE LN,39.178928,-86.518992
2010,4,4,Weekday,1700,Pedestrian,Non-incapacitating,PEDESTRIAN ACTION,E 17TH ST & N FEE,39.178928,-86.518992
2010,4,7,Weekend,1600,2-Car,No injury/unknown,FAILURE TO YIELD RIGHT OF WAY,EAST 17TH ST & NORTH FEE,39.178928,-86.518992
2010,12,4,Weekday,700,1-Car,No injury/unknown,OVERCORRECTING/OVERSTEERING,1100 E 17TH ST & 1300 N FEE,39.178928,-86.518992
2010,6,5,Weekday,900,1-Car,No injury/unknown,OTHER (ENVIRONMENTAL) - EXPLAIN IN NARR,17TH ST & FEE,39.17891499,-86.51793348
2010,12,6,Weekday,1600,2-Car,No injury/unknown,FAILURE TO YIELD RIGHT OF WAY,EAST 17TH ST,39.178891,-86.515253
2010,4,6,Weekday,1800,3+ Cars,Non-incapacitating,FOLLOWING TOO CLOSELY,17TH ST & JORDAN,39.178848,-86.51197021
2010,8,2,Weekday,1700,2-Car,No injury/unknown,FAILURE TO YIELD RIGHT OF WAY,17TH ST & JORDAN,39.178848,-86.51214665
2010,1,4,Weekday,1000,2-Car,No injury/unknown,IMPROPER LANE USAGE,EAST SEVENTEENTH ST & NORTH JORDAN,39.178848,-86.511088
2010,1,2,Weekday,2100,2-Car,No injury/unknown,ROADWAY SURFACE CONDITION,17TH ST & JORDAN,39.178848,-86.511088
2010,1,3,Weekday,1100,2-Car,No injury/unknown,UNSAFE BACKING,1015 N JORDAN (PARKING LOT) AVE & N JORDAN,39.178848,-86.511088
2010,2,6,Weekend,2000,Bus,No injury/unknown,ROADWAY SURFACE CONDITION,17TH & N JORDAN AVE,39.178848,-86.511088
2010,2,3,Weekday,700,1-Car,No injury/unknown,TOW HITCH FAILURE,JORDAN & SEVENTEENTH ST,39.178848,-86.511088
2010,4,4,Weekday,1200,2-Car,No injury/unknown,UNSAFE SPEED,17TH & JORDAN AVE,39.178848,-86.511088
2010,9,4,Weekday,1000,2-Car,No injury/unknown,UNSAFE BACKING,300 NORTH JORDAN (EAST LOT) AVE & JORDAN,39.178848,-86.511088
2010,10,4,Weekday,800,2-Car,No injury/unknown,FOLLOWING TOO CLOSELY,1400 NORTH JORDAN & 1700 EAST 17TH ST,39.178848,-86.511088
2010,10,4,Weekday,1600,2-Car,No injury/unknown,FOLLOWING TOO CLOSELY,17TH ST & JORDAN,39.178848,-86.51126444
2010,12,6,Weekday,500,2-Car,No injury/unknown,FOLLOWING TOO CLOSELY,E 17TH & N JORDAN AVE,39.178848,-86.511088
2010,3,5,Weekday,900,1-Car,Non-incapacitating,LEFT OF CENTER,17TH & CRESCENT RD,39.17883607,-86.55658335
2010,3,7,Weekend,1900,2-Car,No injury/unknown,OTHER (DRIVER) - EXPLAIN IN NARRATIVE,STATE RD 45 RD,39.178811,-86.475008
2010,10,7,Weekend,1300,2-Car,Non-incapacitating,SPEED TOO FAST FOR WEATHER CONDITIONS,17TH & MADISON ST,39.17871742,-86.53778368
2010,10,3,Weekday,1200,1-Car,No injury/unknown,RAN OFF ROAD RIGHT,17TH & CRESCENT RD,39.17869876,-86.55658046
2010,11,3,Weekday,2100,2-Car,No injury/unknown,OTHER (DRIVER) - EXPLAIN IN NARRATIVE,405 SOMERSBE PL & S ROGERS,39.17857146,-86.53893392
2010,2,7,Weekend,1400,2-Car,No injury/unknown,FAILURE TO YIELD RIGHT OF WAY,SR37S & VERNAL,39.17856339,-86.56000817
2010,11,2,Weekday,2000,2-Car,No injury/unknown,UNSAFE BACKING,N WALNUT ST,39.17839758,-86.53339992
2010,8,5,Weekday,1700,2-Car,Non-incapacitating,FAILURE TO YIELD RIGHT OF WAY,BURKS & S WALNUT STREET PIKE,39.17838952,-86.52672
2010,8,4,Weekday,1500,2-Car,No injury/unknown,FAILURE TO YIELD RIGHT OF WAY,HENDERSON ST & WINSLOW,39.17830692,-86.52688
2010,12,5,Weekday,300,3+ Cars,No injury/unknown,OTHER (DRIVER) - EXPLAIN IN NARRATIVE,NORTH JORDAN AVE AVE,39.178112,-86.512471
2010,4,6,Weekend,1900,2-Car,No injury/unknown,UNSAFE BACKING,NORTH JORDAN AVE,39.178036,-86.512474
2010,4,5,Weekday,1700,2-Car,No injury/unknown,FAILURE TO YIELD RIGHT OF WAY,NORTH GRANT ST,39.177942,-86.529705
2010,1,3,Weekday,900,2-Car,No injury/unknown,SPEED TOO FAST FOR WEATHER CONDITIONS,RAMSEY & RENWICK BLVD,39.17791996,-86.50310274
2010,10,4,Weekday,1400,1-Car,Non-incapacitating,LEFT OF CENTER,N CRESCENT RD & W MARQUIS,39.17785275,-86.55653447
2010,4,2,Weekday,1000,2-Car,No injury/unknown,DISREGARD SIGNAL/REG SIGN,1ST ST & WALNUT,39.17784,-86.533408
2010,6,4,Weekday,1700,2-Car,No injury/unknown,FAILURE TO YIELD RIGHT OF WAY,E 1ST ST & S WALNUT,39.17784,-86.533408
2010,10,1,Weekday,2100,2-Car,Non-incapacitating,UNSAFE LANE MOVEMENT,16TH & N WALNUT ST,39.17784,-86.533408
2010,7,3,Weekday,1700,2-Car,Non-incapacitating,FAILURE TO YIELD RIGHT OF WAY,16TH ST & WASHINGTON,39.177808,-86.532176
2010,10,7,Weekend,1700,2-Car,Non-incapacitating,DISREGARD SIGNAL/REG SIGN,E 1ST & S WASHINGTON ST,39.177808,-86.532176
2010,12,6,Weekday,100,3+ Cars,No injury/unknown,RAN OFF ROAD RIGHT,DUNN ST,39.177805,-86.528349
2010,9,4,Weekday,1700,1-Car,No injury/unknown,UNSAFE LANE MOVEMENT,N CURRY LOT 20 PIKE,39.17778749,-86.58309109
2010,8,3,Weekday,1700,2-Car,No injury/unknown,OTHER (DRIVER) - EXPLAIN IN NARRATIVE,E 16TH ST,39.17776555,-86.52918204
2010,2,2,Weekday,2200,2-Car,No injury/unknown,FOLLOWING TOO CLOSELY,1ST & WALNUT ST,39.17775761,-86.53340933
2010,2,3,Weekday,1000,1-Car,No injury/unknown,RAN OFF ROAD RIGHT,N MADISON ST & W 16TH,39.177744,-86.53776
2010,7,7,Weekend,2000,2-Car,No injury/unknown,OVERCORRECTING/OVERSTEERING,N CURRY PIKE,39.177744,-86.583079
2010,1,1,Weekend,400,2-Car,No injury/unknown,UNSAFE BACKING,WOODBURN AVE,39.17772,-86.535969
2010,3,7,Weekend,1700,3+ Cars,Non-incapacitating,UNSAFE SPEED,SR37 & VERNAL,39.1775537,-86.5612041
2010,9,6,Weekday,800,2-Car,No injury/unknown,FAILURE TO YIELD RIGHT OF WAY,SR37S & VERNAL,39.1775537,-86.5612041
2010,5,1,Weekend,1100,2-Car,Non-incapacitating,UNSAFE SPEED,SR37S & VERNAL,39.17737768,-86.5609886
2010,8,4,Weekday,1600,2-Car,No injury/unknown,FOLLOWING TOO CLOSELY,SR37S & VERNAL,39.17737768,-86.5609886
2010,3,3,Weekday,1700,2-Car,No injury/unknown,DRIVER DISTRACTED - EXPLAIN IN NARRATIVE,SR37 & VERNAL PIKE,39.17737085,-86.56095262
2010,10,7,Weekend,1100,2-Car,No injury/unknown,FOLLOWING TOO CLOSELY,SR37N & VERNAL PIKE,39.17737085,-86.56096128
2010,7,3,Weekday,1900,1-Car,No injury/unknown,ANIMAL/OBJECT IN ROADWAY,JACHIN & MT TABOR RD,39.1773049,-86.6242
2010,2,2,Weekday,1300,2-Car,No injury/unknown,IMPROPER PASSING,N FEE LN,39.17729391,-86.5189799
2010,3,2,Weekday,100,1-Car,No injury/unknown,UNSAFE BACKING,N FEE LN,39.17729391,-86.5189799
2010,9,3,Weekday,2000,Bus,No injury/unknown,UNSAFE BACKING,N FEE LN,39.17729391,-86.5189799
2010,10,7,Weekend,1900,2-Car,No injury/unknown,OTHER (DRIVER) - EXPLAIN IN NARRATIVE,N INDIANA AVE,39.177152,-86.527152
2010,8,6,Weekday,1300,2-Car,No injury/unknown,RAN OFF ROAD RIGHT,N WALNUT ST,39.176962,-86.533535
2010,5,1,Weekday,1900,2-Car,Non-incapacitating,IMPROPER LANE USAGE,N WALNUT ST,39.17694922,-86.53342237
2010,7,2,Weekday,1500,2-Car,No injury/unknown,FOLLOWING TOO CLOSELY,SR37S & VERNAL,39.17694788,-86.56192165
2010,4,1,Weekday,2100,1-Car,No injury/unknown,BRAKE FAILURE OR DEFECTIVE,S WASHINGTON ST,39.17693682,-86.53223608
2010,2,7,Weekend,1500,2-Car,No injury/unknown,OTHER (DRIVER) - EXPLAIN IN NARRATIVE,E 15TH ST & LINCOLN,39.176896,-86.53088
2010,1,4,Weekday,1200,2-Car,No injury/unknown,FOLLOWING TOO CLOSELY,1ST & COLLEGE AVE,39.17688,-86.534736
2010,2,5,Weekday,1300,2-Car,No injury/unknown,FAILURE TO YIELD RIGHT OF WAY,1ST & COLLEGE AVE,39.17688,-86.534736
2010,4,6,Weekday,1000,2-Car,Incapacitating,OTHER (DRIVER) - EXPLAIN IN NARRATIVE,1ST & COLLEGE AVE,39.17688,-86.534736
2010,10,6,Weekday,1500,2-Car,No injury/unknown,DISREGARD SIGNAL/REG SIGN,1ST & COLLEGE AVE,39.17688,-86.534736
2010,11,7,Weekend,0,3+ Cars,No injury/unknown,RAN OFF ROAD RIGHT,W 1ST ST,39.17685257,-86.53361143
2010,1,6,Weekday,1800,3+ Cars,Non-incapacitating,FOLLOWING TOO CLOSELY,10TH & 4546 BYP,39.176848,-86.478192
2010,1,7,Weekend,1200,2-Car,No injury/unknown,FAILURE TO YIELD RIGHT OF WAY,15TH & WALNUT ST,39.176848,-86.533424
2010,2,5,Weekday,1900,2-Car,No injury/unknown,VIEW OBSTRUCTED,15TH & N WALNUT ST,39.176848,-86.533424
2010,2,7,Weekend,2000,Cyclist,Non-incapacitating,HEADLIGHT DEFECTIVE OR NOT ON,EAST 15TH & NORTH WALNUT ST,39.176848,-86.533424
2010,7,6,Weekday,1400,Pedestrian,Non-incapacitating,FAILURE TO YIELD RIGHT OF WAY,10TH & 4546 BYPASS BYP,39.176848,-86.478192
2010,8,2,Weekday,1600,2-Car,No injury/unknown,UNSAFE LANE MOVEMENT,15TH & N WALNUT ST,39.176848,-86.533424
2010,8,3,Weekday,1000,2-Car,No injury/unknown,FAILURE TO YIELD RIGHT OF WAY,10TH & SR45E,39.176848,-86.478192
2010,8,7,Weekend,1100,2-Car,Non-incapacitating,FOLLOWING TOO CLOSELY,15TH & WALNUT ST,39.176848,-86.533424
2010,9,6,Weekday,1600,2-Car,No injury/unknown,FAILURE TO YIELD RIGHT OF WAY,15TH & WALNUT AVE,39.176848,-86.533424
2010,10,5,Weekday,1400,Cyclist,Incapacitating,OVERCORRECTING/OVERSTEERING,E 15TH & N WALNUT ST,39.176848,-86.533424
2010,10,7,Weekend,900,1-Car,No injury/unknown,IMPROPER TURNING,10TH & 433 EAST 10TH ST,39.176848,-86.478192
2010,10,7,Weekend,100,2-Car,Non-incapacitating,UNSAFE LANE MOVEMENT,N WALNUT ST & W 15TH,39.176848,-86.533424
2010,11,3,Weekday,1200,2-Car,No injury/unknown,DISREGARD SIGNAL/REG SIGN,E 10TH & SR4546N,39.176848,-86.478192
2010,5,6,Weekday,1700,Pedestrian,Non-incapacitating,PEDESTRIAN ACTION,CRESCENT & MARQUIS RD,39.17682561,-86.55648083
2010,7,3,Weekday,1000,2-Car,No injury/unknown,FOLLOWING TOO CLOSELY,E 10TH & SR45S,39.17675101,-86.47836317
2010,1,4,Weekday,700,2-Car,No injury/unknown,FAILURE TO YIELD RIGHT OF WAY,SR37S & VERNAL,39.17674594,-86.56216082
2010,4,6,Weekend,2000,3+ Cars,Non-incapacitating,DRIVER DISTRACTED - EXPLAIN IN NARRATIVE,SR37N & VERNAL,39.17674594,-86.56216082
2010,2,5,Weekday,1000,2-Car,Non-incapacitating,FAILURE TO YIELD RIGHT OF WAY,15TH ST & LINDBERG,39.17665,-86.55259
2010,4,7,Weekend,1600,2-Car,Non-incapacitating,FAILURE TO YIELD RIGHT OF WAY,15TH ST & JACKSON,39.17664,-86.539712
2010,5,1,Weekend,1400,2-Car,No injury/unknown,UNSAFE BACKING,N MAPLE ST,39.17664,-86.542096
2010,10,7,Weekend,1300,2-Car,Non-incapacitating,FOLLOWING TOO CLOSELY,15TH & MADISON ST,39.17664,-86.537712
2010,1,4,Weekday,1800,3+ Cars,Non-incapacitating,IMPROPER LANE USAGE,SR37S & VERNAL,39.176544,-86.5624
2010,2,6,Weekend,2000,2-Car,No injury/unknown,FOLLOWING TOO CLOSELY,SR37S & VERNAL,39.176544,-86.5624
2010,3,6,Weekday,1100,2-Car,Non-incapacitating,FOLLOWING TOO CLOSELY,SR37N & W VERNAL,39.176544,-86.5624
2010,3,3,Weekday,1100,2-Car,No injury/unknown,IMPROPER LANE USAGE,SR37S & VERNAL,39.176544,-86.5624
2010,2,5,Weekday,2000,3+ Cars,Non-incapacitating,UNSAFE LANE MOVEMENT,SR37N & VERNAL,39.176544,-86.5624
2010,4,7,Weekend,1400,2-Car,No injury/unknown,FOLLOWING TOO CLOSELY,SR37N & VERNAL,39.176544,-86.5624
2010,6,7,Weekend,1000,2-Car,No injury/unknown,FOLLOWING TOO CLOSELY,SR37S & VERNAL,39.176544,-86.5624
2010,6,4,Weekday,1000,2-Car,Non-incapacitating,DISREGARD SIGNAL/REG SIGN,SR37N & VERNAL,39.176544,-86.5624
2010,6,3,Weekday,1200,2-Car,No injury/unknown,UNSAFE BACKING,SR37S & VERNAL PIKE,39.176544,-86.5624
2010,7,3,Weekday,1800,2-Car,No injury/unknown,UNSAFE BACKING,SR37S & VERNAL,39.176544,-86.5624
2010,8,5,Weekday,1300,2-Car,No injury/unknown,OTHER (DRIVER) - EXPLAIN IN NARRATIVE,SR37S & VERNAL,39.176544,-86.5624
2010,10,3,Weekday,1200,2-Car,No injury/unknown,UNSAFE SPEED,SR37S & VERNAL,39.176544,-86.5624
2010,11,5,Weekday,1700,2-Car,No injury/unknown,FOLLOWING TOO CLOSELY,SR37S & VERNAL,39.176544,-86.5624
2010,2,1,Weekend,100,2-Car,No injury/unknown,,NORTH FEE LN,39.176467,-86.51886
2010,4,1,Weekend,1400,2-Car,No injury/unknown,OTHER (DRIVER) - EXPLAIN IN NARRATIVE,NORTH FEE LN,39.176467,-86.51886
2010,10,4,Weekday,1700,2-Car,No injury/unknown,FOLLOWING TOO CLOSELY,NORTH FEE LN,39.176467,-86.51886
2010,8,4,Weekday,1600,2-Car,No injury/unknown,OTHER (DRIVER) - EXPLAIN IN NARRATIVE,STATE ROAD 37 RDS & VERNAL,39.17635934,-86.56266121
2010,9,2,Weekday,1100,2-Car,No injury/unknown,UNSAFE BACKING,CREEKSIDE DR,39.176288,-86.545584
2010,1,6,Weekday,1400,2-Car,Non-incapacitating,FAILURE TO YIELD RIGHT OF WAY,14TH & INDIANA AVE,39.176192,-86.52712
2010,11,6,Weekday,1500,2-Car,No injury/unknown,FAILURE TO YIELD RIGHT OF WAY,E 14TH & N INDIANA AVE,39.176192,-86.52712
2010,4,1,Weekend,600,2-Car,No injury/unknown,UNSAFE BACKING,14TH ST & INDIANA,39.17617667,-86.52764894
2010,9,5,Weekday,1500,2-Car,No injury/unknown,FOLLOWING TOO CLOSELY,37 HWY & W VERNAL,39.17617467,-86.56292242
2010,8,3,Weekday,1400,2-Car,No injury/unknown,FAILURE TO YIELD RIGHT OF WAY,E 14TH ST & N DUNN,39.17616,-86.528224
2010,12,7,Weekend,1500,2-Car,No injury/unknown,FAILURE TO YIELD RIGHT OF WAY,14TH & N DUNN ST,39.17616,-86.528224
2010,8,2,Weekday,2300,2-Car,No injury/unknown,UNSAFE BACKING,14TH ST & WOODLAWN,39.176144,-86.52456261
2010,5,4,Weekday,1200,1-Car,No injury/unknown,OTHER (ENVIRONMENTAL) - EXPLAIN IN NARR,14TH & WALNUT GRV,39.176144,-86.520992
2010,2,1,Weekend,1200,2-Car,No injury/unknown,UNSAFE BACKING,N FEE LN,39.17612549,-86.51898236
2010,8,6,Weekday,800,Pedestrian,Non-incapacitating,UNSAFE SPEED,N FEE LN,39.17612549,-86.51898236
2010,10,7,Weekend,1200,2-Car,No injury/unknown,FOLLOWING TOO CLOSELY,1100 N MADISON ST & W 14TH,39.176048,-86.537696
2010,11,4,Weekday,1000,2-Car,No injury/unknown,OTHER (DRIVER) - EXPLAIN IN NARRATIVE,14TH ST & WOODBURN,39.17602997,-86.53678551
2010,11,2,Weekday,1800,2-Car,No injury/unknown,OTHER (DRIVER) - EXPLAIN IN NARRATIVE,300 BLOCK OF E 14TH ST & LINCOLN,39.17600436,-86.53054318
2010,5,7,Weekend,600,2-Car,Non-incapacitating,DRIVER DISTRACTED - EXPLAIN IN NARRATIVE,SR37S & VERNAL,39.17599001,-86.56318363
2010,1,7,Weekend,2200,2-Car,No injury/unknown,FAILURE TO YIELD RIGHT OF WAY,N COLLEGE AVE & W 14TH,39.175984,-86.534736
2010,5,1,Weekend,100,2-Car,No injury/unknown,FAILURE TO YIELD RIGHT OF WAY,14TH & COLLEGE AVE,39.175984,-86.534736
2010,11,3,Weekday,1600,2-Car,No injury/unknown,IMPROPER LANE USAGE,14TH ST & COLLEGE,39.175984,-86.534736
2010,4,7,Weekend,1800,2-Car,No injury/unknown,,E 14TH ST,39.17596931,-86.53223118
2010,9,6,Weekend,2200,2-Car,No injury/unknown,UNSAFE BACKING,NORTH JORDAN AVE,39.175959,-86.51336
2010,5,3,Weekday,200,2-Car,No injury/unknown,UNSAFE BACKING,E 14TH ST,39.17595494,-86.53322841
2010,5,1,Weekend,1300,2-Car,No injury/unknown,FAILURE TO YIELD RIGHT OF WAY,14TH & WALNUT ST,39.175952,-86.53344
2010,6,6,Weekday,1600,2-Car,No injury/unknown,IMPROPER LANE USAGE,14TH & NORTH WALNUT ST,39.175952,-86.53344
2010,10,3,Weekday,1600,2-Car,No injury/unknown,UNSAFE BACKING,14TH ST & WALNUT,39.175952,-86.53344
2010,10,4,Weekday,1000,2-Car,No injury/unknown,UNSAFE BACKING,NORTH COLLEGE AVE,39.17595,-86.534769
2010,9,3,Weekday,1600,Bus,No injury/unknown,UNSAFE BACKING,RUSSEL RD,39.175897,-86.481528
2010,11,4,Weekday,700,2-Car,No injury/unknown,OTHER (DRIVER) - EXPLAIN IN NARRATIVE,NORTH RUSSELL RD,39.175897,-86.481528
2010,10,5,Weekday,800,2-Car,No injury/unknown,IMPROPER TURNING,14TH & COLLEGE ST,39.17579176,-86.5347397
2010,2,5,Weekday,800,3+ Cars,No injury/unknown,FAILURE TO YIELD RIGHT OF WAY,SR37N & VERNAL,39.17562068,-86.56370604
2010,1,2,Weekday,100,1-Car,No injury/unknown,RAN OFF ROAD RIGHT,13TH & DUNN ST,39.175552,-86.528192
2010,2,6,Weekday,500,1-Car,No injury/unknown,RAN OFF ROAD RIGHT,13TH & DUNN ST,39.175552,-86.528192
2010,3,6,Weekday,500,1-Car,No injury/unknown,RAN OFF ROAD RIGHT,13TH & N DUNN ST,39.175552,-86.528192
2010,11,7,Weekend,300,Moped/Motorcycle,Non-incapacitating,DRIVER ILLNESS,N DUNN ST & W 13TH,39.175552,-86.528192
2010,4,6,Weekday,1100,2-Car,No injury/unknown,OTHER (DRIVER) - EXPLAIN IN NARRATIVE,N MADISON ST,39.1755262,-86.537696
2010,1,6,Weekend,2100,2-Car,Non-incapacitating,DISREGARD SIGNAL/REG SIGN,13TH & INDIANA AVE,39.175504,-86.527104
2010,6,7,Weekend,200,2-Car,Non-incapacitating,FAILURE TO YIELD RIGHT OF WAY,EAST 13TH ST & NORTH INDIANA,39.175504,-86.527104
2010,6,2,Weekday,1400,2-Car,No injury/unknown,FAILURE TO YIELD RIGHT OF WAY,13TH & INDIANA AVE,39.175504,-86.527104
2010,8,2,Weekday,1600,Cyclist,Non-incapacitating,FAILURE TO YIELD RIGHT OF WAY,13TH & INDIANA AVE,39.175504,-86.527104
2010,9,7,Weekend,2300,3+ Cars,Non-incapacitating,FAILURE TO YIELD RIGHT OF WAY,13TH & INDIANA AVE,39.175504,-86.527104
2010,10,1,Weekend,1100,2-Car,No injury/unknown,DRIVER DISTRACTED - EXPLAIN IN NARRATIVE,13TH ST & INDIANA,39.175504,-86.527104
2010,10,5,Weekday,2100,2-Car,No injury/unknown,FAILURE TO YIELD RIGHT OF WAY,13TH & INDIANA AVE,39.175504,-86.527104
2010,11,6,Weekday,1300,Moped/Motorcycle,No injury/unknown,FAILURE TO YIELD RIGHT OF WAY,13TH ST & INDIANA,39.175504,-86.527104
2010,11,7,Weekend,1700,2-Car,No injury/unknown,FAILURE TO YIELD RIGHT OF WAY,13TH & INDIANA AVE,39.175504,-86.527104
2010,5,2,Weekday,1500,2-Car,No injury/unknown,,NORTH JORDAN AVE,39.175443,-86.513899
2010,10,7,Weekend,1500,2-Car,Non-incapacitating,DRIVER DISTRACTED - EXPLAIN IN NARRATIVE,E 13TH & N FESS AVE,39.17544,-86.525824
2010,10,3,Weekday,1400,2-Car,Non-incapacitating,FAILURE TO YIELD RIGHT OF WAY,LAW & N JORDAN AVE,39.17539053,-86.51397285
2010,3,4,Weekday,800,3+ Cars,No injury/unknown,OTHER (DRIVER) - EXPLAIN IN NARRATIVE,THIRTEENTH ST & WOODLAWN,39.175344,-86.523488
2010,4,7,Weekend,1500,2-Car,No injury/unknown,FAILURE TO YIELD RIGHT OF WAY,13TH ST & WOODLAWN,39.175344,-86.523488
2010,1,7,Weekend,700,2-Car,No injury/unknown,SPEED TOO FAST FOR WEATHER CONDITIONS,E TAMARRON DR DR,39.175328,-86.484249
2010,12,2,Weekday,1600,2-Car,No injury/unknown,,RANGE RD,39.175303,-86.495549
2010,4,6,Weekend,2000,2-Car,No injury/unknown,FAILURE TO YIELD RIGHT OF WAY,13TH & INDIANA AVE,39.17524,-86.527
2010,8,3,Weekday,1300,Cyclist,Non-incapacitating,FAILURE TO YIELD RIGHT OF WAY,INDIANA AVE & THIRTEENTH,39.17523983,-86.52698792
2010,1,3,Weekday,1400,2-Car,No injury/unknown,UNSAFE BACKING,E 13TH ST,39.17521746,-86.52061527
2010,8,6,Weekend,1900,2-Car,No injury/unknown,UNSAFE BACKING,MADISON ST & THIRD,39.17519445,-86.53741
2010,1,5,Weekday,700,2-Car,Non-incapacitating,FOLLOWING TOO CLOSELY,CRESCENT RD & VERNAL,39.17517726,-86.55650149
2010,4,4,Weekday,1600,3+ Cars,Non-incapacitating,FOLLOWING TOO CLOSELY,SR37N & VERNAL,39.17515901,-86.56435905
2010,1,6,Weekday,300,2-Car,No injury/unknown,OTHER (DRIVER) - EXPLAIN IN NARRATIVE,13TH & 900 NORTH ILLINOIS ST,39.175152,-86.55152
2010,4,5,Weekday,1600,2-Car,No injury/unknown,UNSAFE BACKING,N FEE LN,39.175152,-86.518992
2010,12,1,Weekend,1400,1-Car,No injury/unknown,RAN OFF ROAD RIGHT,RUSSELL & SR45E,39.17513055,-86.48154205
2010,1,1,Weekend,1300,2-Car,No injury/unknown,UNSAFE BACKING,NORTH FEE LN,39.175113,-86.519036
2010,12,5,Weekday,800,2-Car,No injury/unknown,OTHER (DRIVER) - EXPLAIN IN NARRATIVE,N FEE LN,39.175113,-86.519036
2010,4,1,Weekday,2100,1-Car,No injury/unknown,OTHER (DRIVER) - EXPLAIN IN NARRATIVE,N MONROE ST & ORRIS,39.17504,-86.547104
2010,10,7,Weekend,200,2-Car,No injury/unknown,OTHER (DRIVER) - EXPLAIN IN NARRATIVE,WEST 13TH STREET BLOOMINGTON ST,39.175016,-86.548996
2010,10,6,Weekday,1100,2-Car,No injury/unknown,UNSAFE BACKING,CAMPUS VIEW DR & UNION,39.17499,-86.50882568
2010,11,3,Weekday,0,1-Car,Non-incapacitating,ANIMAL/OBJECT IN ROADWAY,10TH ST & RUSSELL,39.17489326,-86.48131836
2010,2,2,Weekday,1000,2-Car,Non-incapacitating,FAILURE TO YIELD RIGHT OF WAY,3RD & WILLIAMSBURG DR,39.17479434,-86.49658
2010,7,2,Weekday,1600,2-Car,No injury/unknown,FAILURE TO YIELD RIGHT OF WAY,PETE ELLIS DR & THIRD,39.17478434,-86.49496
2010,3,2,Weekday,700,2-Car,No injury/unknown,FAILURE TO YIELD RIGHT OF WAY,SR37N & VERNAL,39.17469734,-86.56501204
2010,3,6,Weekday,0,2-Car,No injury/unknown,IMPROPER PASSING,N LINCOLN & W 12TH ST,39.174416,-86.530992
2010,4,7,Weekend,1900,2-Car,No injury/unknown,OTHER (DRIVER) - EXPLAIN IN NARRATIVE,DUNN & E 12TH ST,39.174416,-86.528304