Year,Month,Day,Weekend?,Hour,Collision Type,Injury Type,Primary Factor,Reported_Location,Latitude,Longitude
2010,9,1,Weekend,1400,1-Car,No injury/unknown,SPEED TOO FAST FOR WEATHER CONDITIONS,LONGVIEW & PETE ELLIS DR,39.16749325,-86.49504583
2010,10,6,Weekday,1100,2-Car,No injury/unknown,UNSAFE BACKING,300 NORTH JORDAN (SOUTH LOT) AVE & JORDAN,39.167344,-86.515792
2010,3,4,Weekday,100,1-Car,No injury/unknown,IMPROPER TURNING,S JORDAN AVE,39.16733692,-86.51619253
2010,8,1,Weekday,2000,1-Car,No injury/unknown,IMPROPER TURNING,S JORDAN AVE,39.16733692,-86.51619253
2010,1,5,Weekday,1500,1-Car,No injury/unknown,UNSAFE BACKING,E KIRKWOOD AVE,39.167286,-86.52355
2010,2,3,Weekday,2200,2-Car,No injury/unknown,UNSAFE BACKING,EAST KIRKWOOD AVE,39.167286,-86.52355
2010,8,2,Weekday,800,1-Car,No injury/unknown,OTHER (DRIVER) - EXPLAIN IN NARRATIVE,EAST KIRKWOOD AVE,39.167283,-86.523439
2010,4,7,Weekend,1300,2-Car,No injury/unknown,UNSAFE BACKING,S JORDAN AVE,39.1672661,-86.51619777
2010,12,4,Weekday,2100,2-Car,No injury/unknown,UNSAFE BACKING,S JORDAN AVE,39.1672661,-86.51619777
2010,2,3,Weekday,2200,2-Car,No injury/unknown,UNSAFE BACKING,5TH & BRYAN ST,39.16725998,-86.508192
2010,8,3,Weekday,1200,Cyclist,Non-incapacitating,OTHER (DRIVER) - EXPLAIN IN NARRATIVE,JORDAN AVE & READ CENTER NORTH,39.16711069,-86.51599288
2010,4,5,Weekday,1500,2-Car,No injury/unknown,UNSAFE BACKING,N JORDAN AVE,39.167006,-86.516145
2010,4,5,Weekday,2300,2-Car,No injury/unknown,IMPROPER TURNING,N JORDAN AVE,39.167006,-86.516145
2010,9,4,Weekday,1500,2-Car,No injury/unknown,IMPROPER TURNING,N JORDAN AVE,39.167006,-86.516145
2010,2,4,Weekday,2300,2-Car,No injury/unknown,OTHER (DRIVER) - EXPLAIN IN NARRATIVE,JORDAN AVE,39.166992,-86.51614
2010,7,3,Weekday,1600,2-Car,No injury/unknown,UNSAFE BACKING,E LONGVIEW AVE,39.16698971,-86.4924
2010,9,5,Weekday,900,2-Car,No injury/unknown,UNSAFE BACKING,E LONGVIEW AVE AVE,39.16698971,-86.4924
2010,4,1,Weekend,1400,2-Car,No injury/unknown,OTHER (DRIVER) - EXPLAIN IN NARRATIVE,HARTSTRAIT RD,39.166952,-86.611066
2010,1,5,Weekday,900,2-Car,No injury/unknown,FAILURE TO YIELD RIGHT OF WAY,E LONGVIEW & N PETE ELLIS DR,39.166944,-86.495056
2010,6,7,Weekend,1400,2-Car,No injury/unknown,FAILURE TO YIELD RIGHT OF WAY,LONGVIEW & PETE ELLIS DR,39.166944,-86.495056
2010,9,2,Weekday,1600,2-Car,No injury/unknown,FAILURE TO YIELD RIGHT OF WAY,LONGVIEW & PETE ELLIS DR,39.166944,-86.495056
2010,12,4,Weekday,1000,2-Car,No injury/unknown,FAILURE TO YIELD RIGHT OF WAY,LONGVIEW & PETE ELLIS DR,39.166944,-86.495056
2010,6,3,Weekday,1900,2-Car,No injury/unknown,UNSAFE BACKING,SOUTH PETE ELLIS DR,39.166909,-86.494916
2010,1,1,Weekend,1200,2-Car,No injury/unknown,OTHER (DRIVER) - EXPLAIN IN NARRATIVE,EAST LONGVIEW DR,39.166848,-86.495088
2010,2,5,Weekday,1400,2-Car,No injury/unknown,FAILURE TO YIELD RIGHT OF WAY,E 5TH & JEFFERSON ST,39.166848,-86.506992
2010,6,4,Weekday,800,2-Car,No injury/unknown,FAILURE TO YIELD RIGHT OF WAY,5TH & JEFFERSON ST,39.166848,-86.506992
2010,10,6,Weekday,100,2-Car,No injury/unknown,OTHER (DRIVER) - EXPLAIN IN NARRATIVE,E 5TH & N JEFFERSON ST,39.166848,-86.506992
2010,10,4,Weekday,1900,Pedestrian,Non-incapacitating,PEDESTRIAN ACTION,KINGSTON & LONGVIEW AVE,39.166848,-86.4928
2010,10,4,Weekday,1300,2-Car,No injury/unknown,FAILURE TO YIELD RIGHT OF WAY,5TH & JEFFERSON ST,39.166848,-86.506992
2010,12,5,Weekday,1600,2-Car,No injury/unknown,FAILURE TO YIELD RIGHT OF WAY,E 5TH & N JEFFERSON ST,39.166848,-86.506992
2010,12,3,Weekday,1100,2-Car,No injury/unknown,OTHER (DRIVER) - EXPLAIN IN NARRATIVE,100 BLOCK N DUNN ST & KIRKWOOD,39.16683225,-86.52819483
2010,7,5,Weekday,1800,1-Car,No injury/unknown,DRIVER DISTRACTED - EXPLAIN IN NARRATIVE,E KIRKWOOD AVE,39.166828,-86.521999
2010,2,5,Weekday,1500,2-Car,No injury/unknown,UNSAFE LANE MOVEMENT,S ADAMS ST & W KIRKWOOD,39.166816,-86.549488
2010,5,5,Weekday,100,1-Car,No injury/unknown,RAN OFF ROAD RIGHT,ADAMS ST & KIRKWOOD,39.166816,-86.549488
2010,9,7,Weekend,100,2-Car,No injury/unknown,UNSAFE LANE MOVEMENT,S ADAMS & W KIRKWOOD AVE,39.166816,-86.549488
2010,11,2,Weekday,1900,2-Car,Non-incapacitating,FOLLOWING TOO CLOSELY,N ADAMS & W KIRKWOOD AVE,39.166816,-86.549488
2010,4,6,Weekday,1300,2-Car,No injury/unknown,FAILURE TO YIELD RIGHT OF WAY,5TH & JEFFERSON ST,39.16681,-86.50716
2010,12,4,Weekday,1700,2-Car,Non-incapacitating,DRIVER DISTRACTED - EXPLAIN IN NARRATIVE,SR37N & W VERNAL,39.16679979,-86.5609886
2010,12,1,Weekend,0,1-Car,No injury/unknown,SPEED TOO FAST FOR WEATHER CONDITIONS,KINGS & SR46W,39.16679313,-86.45603192
2010,3,4,Weekday,1300,Bus,No injury/unknown,FAILURE TO YIELD RIGHT OF WAY,KIRKWOOD & WALNUT ST,39.16674985,-86.53359826
2010,3,5,Weekday,1300,2-Car,No injury/unknown,OTHER (DRIVER) - EXPLAIN IN NARRATIVE,KIRKWOOD AVE & MAPLE,39.16672376,-86.54244879
2010,10,7,Weekend,1200,2-Car,No injury/unknown,FOLLOWING TOO CLOSELY,KIRKWOOD AVE & MAPLE,39.16672188,-86.5422724
2010,7,2,Weekday,1700,2-Car,No injury/unknown,IMPROPER PASSING,FAIRVIEW & W KIRKWOOD AVE,39.166704,-86.5408
2010,8,1,Weekend,200,1-Car,No injury/unknown,UNSAFE SPEED,46 & SR46E,39.16669734,-86.4614401
2010,3,3,Weekday,1600,2-Car,No injury/unknown,FOLLOWING TOO CLOSELY,SECOND & WALNUT ST,39.16668679,-86.53363
2010,1,2,Weekday,1200,2-Car,No injury/unknown,OTHER (DRIVER) - EXPLAIN IN NARRATIVE,N DANIELS WAY WAY,39.166678,-86.599144
2010,3,2,Weekday,2000,2-Car,No injury/unknown,OTHER (DRIVER) - EXPLAIN IN NARRATIVE,N DANIELS WAY,39.166678,-86.599144
2010,4,3,Weekday,1200,2-Car,No injury/unknown,OTHER (DRIVER) - EXPLAIN IN NARRATIVE,DANIELS WAY,39.166678,-86.599144
2010,1,2,Weekday,1700,2-Car,No injury/unknown,FAILURE TO YIELD RIGHT OF WAY,ROGERS & W KIRKWOOD AVE,39.166672,-86.538608
2010,4,2,Weekday,1700,2-Car,No injury/unknown,FOLLOWING TOO CLOSELY,KIRKWOOD & SOUTH ROGERS ST,39.166672,-86.538608
2010,5,6,Weekday,800,2-Car,No injury/unknown,FAILURE TO YIELD RIGHT OF WAY,KIRKWOOD AVE & ROGERS,39.166672,-86.538608
2010,8,3,Weekday,2000,2-Car,No injury/unknown,FAILURE TO YIELD RIGHT OF WAY,KIRKWOOD & ROGERS ST,39.166672,-86.538608
2010,9,1,Weekend,1000,1-Car,No injury/unknown,SPEED TOO FAST FOR WEATHER CONDITIONS,KIRKWOOD AVE & ROGERS,39.166672,-86.538608
2010,12,2,Weekday,1800,2-Car,No injury/unknown,FAILURE TO YIELD RIGHT OF WAY,ROGERS & W KIRKWOOD AVE,39.166672,-86.538608
2010,12,2,Weekday,1600,2-Car,Non-incapacitating,DRIVER DISTRACTED - EXPLAIN IN NARRATIVE,KIRKWOOD AVE & WALDREN,39.16666,-86.54374
2010,3,6,Weekday,1000,1-Car,No injury/unknown,IMPROPER TURNING,S JORDAN AVE,39.166659,-86.516367
2010,3,6,Weekday,1700,2-Car,No injury/unknown,OTHER (VEHICLE) - EXPLAIN IN NARRATIVE,SOUTH JORDAN AVE,39.166659,-86.516367
2010,1,4,Weekday,1100,2-Car,No injury/unknown,DISREGARD SIGNAL/REG SIGN,KIRKWOOD AVE & MADISON,39.166656,-86.537296
2010,2,4,Weekday,1000,2-Car,No injury/unknown,FAILURE TO YIELD RIGHT OF WAY,S MADISON & W KIRKWOOD AVE,39.166656,-86.537296
2010,4,5,Weekday,1700,2-Car,Non-incapacitating,FAILURE TO YIELD RIGHT OF WAY,KIRKWOOD AVE & MADISON,39.166656,-86.537296
2010,10,6,Weekday,1100,2-Car,No injury/unknown,FAILURE TO YIELD RIGHT OF WAY,KIRKWOOD AVE & MADISON,39.166656,-86.537296
2010,12,4,Weekday,1400,2-Car,No injury/unknown,FAILURE TO YIELD RIGHT OF WAY,KIRKWOOD & MADISON ST,39.166656,-86.537296
2010,1,7,Weekend,1900,Cyclist,Non-incapacitating,IMPROPER TURNING,DUNN & KIRKWOOD AVE,39.16664,-86.52748636
2010,3,6,Weekday,1300,2-Car,No injury/unknown,UNSAFE BACKING,KIRKWOOD AVE & WALNUT,39.16664,-86.53412923
2010,5,4,Weekday,1700,Moped/Motorcycle,Non-incapacitating,UNSAFE BACKING,KIRKWOOD AVE & WALNUT,39.16664,-86.53395282
2010,10,5,Weekday,1000,Cyclist,Non-incapacitating,LEFT OF CENTER,KIRKWOOD AVE & WASHINGTON,39.16664,-86.53275282
2010,1,4,Weekday,100,Pedestrian,No injury/unknown,OTHER (DRIVER) - EXPLAIN IN NARRATIVE,DUNN & KIRKWOOD AVE,39.16664,-86.528192
2010,1,5,Weekday,1200,1-Car,No injury/unknown,OTHER (DRIVER) - EXPLAIN IN NARRATIVE,E KIRKWOOD AVE,39.16664,-86.53211265
2010,1,6,Weekday,300,1-Car,No injury/unknown,RAN OFF ROAD RIGHT,INDIANA & KIRKWOOD AVE,39.16664,-86.526896
2010,2,4,Weekday,900,Pedestrian,Non-incapacitating,OTHER (DRIVER) - EXPLAIN IN NARRATIVE,E KIRKWOOD AVE,39.16664,-86.53096555
2010,2,6,Weekday,200,Pedestrian,Non-incapacitating,OTHER (DRIVER) - EXPLAIN IN NARRATIVE,100 N WALNUT ST & KIRKWOOD,39.16664,-86.5336
2010,2,6,Weekday,1100,Pedestrian,No injury/unknown,OTHER (DRIVER) - EXPLAIN IN NARRATIVE,DUNN & KIRKWOOD AVE,39.16664,-86.528192
2010,2,4,Weekday,1500,2-Car,No injury/unknown,OTHER (DRIVER) - EXPLAIN IN NARRATIVE,E KIRKWOOD AVE,39.16664,-86.53096555
2010,2,1,Weekend,300,2-Car,No injury/unknown,FOLLOWING TOO CLOSELY,S COLLEGE & W KIRKWOOD AVE,39.16664,-86.5348
2010,2,3,Weekday,1200,2-Car,No injury/unknown,UNSAFE BACKING,COLLEGE & KIRKWOOD AVE,39.16664,-86.5348
2010,2,7,Weekend,700,1-Car,No injury/unknown,SPEED TOO FAST FOR WEATHER CONDITIONS,SR446S & SR46E,39.16664,-86.462496
2010,3,1,Weekend,1300,2-Car,No injury/unknown,UNSAFE BACKING,E KIRKWOOD AVE,39.16664,-86.53096555
2010,4,6,Weekend,1900,Pedestrian,No injury/unknown,PEDESTRIAN ACTION,DUNN ST & KIRKWOOD,39.16664,-86.528192
2010,4,7,Weekend,1600,2-Car,No injury/unknown,UNSAFE BACKING,S COLLEGE AVE & W KIRKWOOD,39.16664,-86.5348
2010,4,4,Weekday,2000,2-Car,No injury/unknown,FAILURE TO YIELD RIGHT OF WAY,DUNN ST & KIRKWOOD,39.16664,-86.528192
2010,4,4,Weekday,2100,2-Car,No injury/unknown,OTHER (DRIVER) - EXPLAIN IN NARRATIVE,DUNN ST & E KIRKWOOD,39.16664,-86.528192
2010,4,4,Weekday,1800,2-Car,No injury/unknown,FAILURE TO YIELD RIGHT OF WAY,S WALNUT ST & WALNUT STREET,39.16664,-86.5336
2010,5,1,Weekend,1300,2-Car,No injury/unknown,OTHER (DRIVER) - EXPLAIN IN NARRATIVE,E KIRKWOOD AVE,39.16664,-86.52779527
2010,5,4,Weekday,2300,2-Car,No injury/unknown,OTHER (VEHICLE) - EXPLAIN IN NARRATIVE,KIRKWOOD AVE & WALNUT,39.16664,-86.5336
2010,5,6,Weekday,1400,2-Car,No injury/unknown,DISREGARD SIGNAL/REG SIGN,KIRKWOOD & WALNUT ST,39.16664,-86.5336
2010,5,6,Weekday,1300,Bus,No injury/unknown,OTHER (VEHICLE) - EXPLAIN IN NARRATIVE,KIRKWOOD & NORTH COLLEGE AVE,39.16664,-86.5348
2010,6,2,Weekday,1700,2-Car,No injury/unknown,OTHER (DRIVER) - EXPLAIN IN NARRATIVE,KIRKWOOD & NORTH WALNUT ST,39.16664,-86.5336
2010,6,4,Weekday,1500,2-Car,No injury/unknown,OTHER (DRIVER) - EXPLAIN IN NARRATIVE,KERR CREEK & SR46E,39.16664,-86.462496
2010,7,6,Weekday,100,2-Car,No injury/unknown,IMPROPER TURNING,COLLEGE AVE & KIRKWOOD,39.16664,-86.5348
2010,8,4,Weekday,1000,2-Car,No injury/unknown,UNSAFE BACKING,W KIRKWOOD AVE & WALNUT,39.16664,-86.5336
2010,8,5,Weekday,1300,2-Car,Non-incapacitating,IMPROPER TURNING,KIRKWOOD & WALNUT ST,39.16664,-86.5336
2010,8,5,Weekday,1800,2-Car,No injury/unknown,IMPROPER TURNING,303 E KIRKWOOD AVE & LINCOLN,39.16664,-86.530992
2010,8,2,Weekday,1200,2-Car,No injury/unknown,UNSAFE BACKING,N INDIANA AVE,39.16664,-86.526896
2010,9,2,Weekday,1400,2-Car,No injury/unknown,FAILURE TO YIELD RIGHT OF WAY,N CURRY PIKE,39.16664,-86.582992
2010,9,4,Weekday,1400,2-Car,No injury/unknown,UNSAFE BACKING,110 SOUTH INDIANA AVE & KIRKWOOD,39.16664,-86.526896
2010,9,5,Weekday,1500,2-Car,No injury/unknown,UNSAFE BACKING,INDIANA AVE & KIRKWOOD,39.16664,-86.526896
2010,10,1,Weekend,500,2-Car,No injury/unknown,WRONG WAY ON ONE WAY,SR46 & SR46W,39.16664,-86.462496
2010,10,6,Weekday,1600,2-Car,No injury/unknown,,E KIRKWOOD AVE,39.16664,-86.53096555
2010,10,2,Weekday,1100,2-Car,No injury/unknown,UNSAFE BACKING,COLLEGE & KIRKWOOD AVE,39.16664,-86.5348
2010,10,1,Weekend,200,Bus,No injury/unknown,IMPROPER TURNING,INDIANA & KIRKWOOD AVE,39.16664,-86.526896
2010,11,2,Weekday,1700,2-Car,No injury/unknown,FOLLOWING TOO CLOSELY,KERR CREEK & SR46E,39.16664,-86.462496
2010,11,3,Weekday,1100,2-Car,No injury/unknown,OTHER (DRIVER) - EXPLAIN IN NARRATIVE,DUNN & E KIRKWOOD AVE,39.16664,-86.528192
2010,11,3,Weekday,1700,Pedestrian,Non-incapacitating,FAILURE TO YIELD RIGHT OF WAY,KIRKWOOD AVE & LINCOLN,39.16664,-86.530992
2010,11,3,Weekday,1300,2-Car,No injury/unknown,OTHER (DRIVER) - EXPLAIN IN NARRATIVE,E KIRKWOOD AVE & N GRANT,39.16664,-86.529696
2010,12,3,Weekday,1400,Pedestrian,Non-incapacitating,FAILURE TO YIELD RIGHT OF WAY,KIRKWOOD & N DUNN ST,39.16664,-86.528192
2010,12,6,Weekday,1400,2-Car,Non-incapacitating,OTHER (DRIVER) - EXPLAIN IN NARRATIVE,GRAND & N CURRY PIKE,39.16664,-86.582992
2010,12,7,Weekend,100,Pedestrian,Incapacitating,PEDESTRIAN ACTION,E KIRKWOOD & N GRANT ST,39.16664,-86.529696
2010,12,1,Weekend,1600,2-Car,No injury/unknown,UNSAFE LANE MOVEMENT,KIRKWOOD & WALNUT ST,39.16664,-86.5336
2010,12,2,Weekday,1800,2-Car,No injury/unknown,FOLLOWING TOO CLOSELY,KERR CREEK & SR46E,39.16664,-86.462496
2010,4,2,Weekday,1000,2-Car,No injury/unknown,FAILURE TO YIELD RIGHT OF WAY,ROGERS & W KIRKWOOD AVE,39.16661,-86.53869
2010,6,2,Weekday,1100,2-Car,No injury/unknown,FOLLOWING TOO CLOSELY,KIRKWOOD & ROGERS ST,39.16661,-86.53869
2010,11,2,Weekday,1900,1-Car,No injury/unknown,ANIMAL/OBJECT IN ROADWAY,KERR CREEK & SR46E,39.16660144,-86.4631999
2010,8,4,Weekday,1600,1-Car,No injury/unknown,IMPROPER TURNING,NORTH MORTON ST & WEST KIRKWOOD,39.16659,-86.53605
2010,12,4,Weekday,800,2-Car,No injury/unknown,FAILURE TO YIELD RIGHT OF WAY,KIRKWOOD AVE & MORTON,39.16659,-86.53605
2010,11,1,Weekend,0,2-Car,No injury/unknown,UNSAFE LANE MOVEMENT,KIRKWOOD & WASHINGTON ST,39.16657,-86.53235
2010,8,4,Weekday,1800,2-Car,No injury/unknown,IMPROPER TURNING,INDIANA AVE & KIRKWOOD,39.16656891,-86.52690595
2010,4,7,Weekend,2300,1-Car,Fatal,UNSAFE SPEED,E KINGS & SR46E,39.16655866,-86.45512291
2010,12,1,Weekend,600,1-Car,No injury/unknown,RAN OFF ROAD RIGHT,KINGS & SR46E,39.16655866,-86.45512291
2010,12,1,Weekend,600,3+ Cars,No injury/unknown,RAN OFF ROAD RIGHT,KINGS & SR46E,39.16655866,-86.45512291
2010,5,7,Weekend,2100,2-Car,No injury/unknown,,S KINGSTON DR,39.16655822,-86.492816
2010,7,3,Weekday,1700,2-Car,No injury/unknown,OTHER (DRIVER) - EXPLAIN IN NARRATIVE,S KINGSTON DR,39.16655822,-86.492816
2010,11,1,Weekday,2000,2-Car,No injury/unknown,,KIRKWOOD AVE,39.166548,-86.529494
2010,4,2,Weekday,1500,1-Car,No injury/unknown,OTHER (DRIVER) - EXPLAIN IN NARRATIVE,SR46E,39.166544,-86.464248
2010,9,3,Weekday,1500,1-Car,No injury/unknown,OTHER (DRIVER) - EXPLAIN IN NARRATIVE,SR46E,39.166544,-86.464248
2010,9,6,Weekday,1700,Moped/Motorcycle,Non-incapacitating,OTHER (DRIVER) - EXPLAIN IN NARRATIVE,E KERR CREEK & SR46E,39.16654359,-86.46425575
2010,4,1,Weekend,300,2-Car,No injury/unknown,,NORTH INDIANA AVE,39.166543,-86.526918
2010,10,5,Weekday,1700,2-Car,No injury/unknown,UNSAFE BACKING,N INDIANA AVE,39.166543,-86.526918
2010,9,1,Weekend,1400,2-Car,No injury/unknown,OTHER (DRIVER) - EXPLAIN IN NARRATIVE,E KIRKWOOD AVE & S DUNN,39.16654,-86.52825433
2010,3,5,Weekday,1500,2-Car,No injury/unknown,OTHER (DRIVER) - EXPLAIN IN NARRATIVE,S FRANKLIN RD,39.166496,-86.571216
2010,3,2,Weekday,900,2-Car,No injury/unknown,OTHER (DRIVER) - EXPLAIN IN NARRATIVE,S FRANKLIN RD,39.166496,-86.571216
2010,3,1,Weekday,2100,2-Car,No injury/unknown,UNSAFE BACKING,S INDIANA AVE,39.16648,-86.526918
2010,2,7,Weekend,2200,1-Car,No injury/unknown,OTHER (DRIVER) - EXPLAIN IN NARRATIVE,MORNINGSIDE & SMITH RD,39.166432,-86.4812
2010,10,1,Weekday,1900,2-Car,No injury/unknown,CELL PHONE USAGE,MORNINGSIDE & N SMITH RD,39.166432,-86.4812
2010,8,5,Weekday,1200,Bus,No injury/unknown,OTHER (DRIVER) - EXPLAIN IN NARRATIVE,INDIANA AVE & KIRKWOOD,39.16642043,-86.52688538
2010,4,2,Weekday,1700,2-Car,No injury/unknown,BRAKE FAILURE OR DEFECTIVE,BRYAN AVE,39.166394,-86.508286
2010,6,4,Weekday,1100,2-Car,No injury/unknown,FAILURE TO YIELD RIGHT OF WAY,INDIANA AVE & KIRKWOOD,39.16631065,-86.52688006
2010,9,2,Weekday,1600,2-Car,No injury/unknown,UNSAFE BACKING,S PETE ELLIS DR,39.16626253,-86.495088
2010,7,6,Weekday,1600,1-Car,Non-incapacitating,RAN OFF ROAD RIGHT,10TH & UNION ST,39.16626184,-86.50945
2010,4,6,Weekday,700,3+ Cars,No injury/unknown,FAILURE TO YIELD RIGHT OF WAY,10TH & SR46N,39.16624144,-86.499396
2010,10,4,Weekday,1800,2-Car,Incapacitating,FAILURE TO YIELD RIGHT OF WAY,CURRY PIKE & SR48W,39.16621224,-86.582992
2010,2,7,Weekend,2300,2-Car,No injury/unknown,RAN OFF ROAD RIGHT,S SMITH RD,39.16621059,-86.4812
2010,9,1,Weekend,1200,2-Car,No injury/unknown,UNSAFE BACKING,S SMITH RD,39.16621059,-86.4812
2010,11,5,Weekday,2100,2-Car,No injury/unknown,OTHER (DRIVER) - EXPLAIN IN NARRATIVE,MORNINGSIDE DR,39.16619666,-86.48261901
2010,5,3,Weekday,1100,2-Car,Non-incapacitating,OTHER (DRIVER) - EXPLAIN IN NARRATIVE,NORTH GATES DR,39.166131,-86.576004
2010,8,7,Weekend,1500,2-Car,No injury/unknown,FAILURE TO YIELD RIGHT OF WAY,3RD & SR37N,39.16612236,-86.57302593
2010,8,7,Weekend,1200,3+ Cars,Non-incapacitating,FOLLOWING TOO CLOSELY,EASTGATE & SR46E,39.16594828,-86.50147033
2010,5,7,Weekend,0,2-Car,No injury/unknown,OTHER (DRIVER) - EXPLAIN IN NARRATIVE,BROADWAY DR & S SHERWOOD,39.165776,-86.589792
2010,12,4,Weekday,700,1-Car,Non-incapacitating,SPEED TOO FAST FOR WEATHER CONDITIONS,HARTSTRAIGHT RD & SR48,39.16576795,-86.61130349
2010,5,5,Weekday,800,2-Car,No injury/unknown,FAILURE TO YIELD RIGHT OF WAY,4TH ST & MAPLE,39.165712,-86.542096
2010,9,4,Weekday,1400,2-Car,Non-incapacitating,FAILURE TO YIELD RIGHT OF WAY,4TH & ROGERS ST,39.165696,-86.538592
2010,9,5,Weekday,800,3+ Cars,Non-incapacitating,FAILURE TO YIELD RIGHT OF WAY,S ROGERS ST & W 4TH,39.165696,-86.538592
2010,7,3,Weekday,1100,2-Car,No injury/unknown,LEFT OF CENTER,4TH ST & MADISON,39.16568,-86.537296
2010,9,4,Weekday,1700,2-Car,No injury/unknown,,E 4TH ST & N MADISON,39.16568,-86.537296
2010,5,5,Weekday,1200,2-Car,No injury/unknown,LEFT OF CENTER,4TH ST & MADISON,39.16567129,-86.53659045
2010,4,6,Weekday,1500,2-Car,No injury/unknown,OTHER (DRIVER) - EXPLAIN IN NARRATIVE,4TH & COLLEGE AVE,39.165664,-86.5348
2010,7,2,Weekday,1200,2-Car,Non-incapacitating,FOLLOWING TOO CLOSELY,4TH & COLLEGE AVE,39.165664,-86.5348
2010,8,3,Weekday,1700,2-Car,No injury/unknown,FOLLOWING TOO CLOSELY,4TH & COLLEGE AVE,39.165664,-86.5348
2010,9,3,Weekday,0,2-Car,No injury/unknown,UNSAFE BACKING,4TH ST & GRANT,39.165648,-86.52935918
2010,9,2,Weekday,1700,2-Car,No injury/unknown,FAILURE TO YIELD RIGHT OF WAY,4TH ST & INDIANA,39.165648,-86.52720082
2010,1,2,Weekday,1800,Pedestrian,Non-incapacitating,PEDESTRIAN ACTION,4TH ST & WASHINGTON,39.165648,-86.5324
2010,1,6,Weekday,1200,2-Car,Non-incapacitating,FOLLOWING TOO CLOSELY,4TH & S WALNUT ST,39.165648,-86.5336
2010,2,1,Weekend,1000,2-Car,No injury/unknown,OTHER (DRIVER) - EXPLAIN IN NARRATIVE,100 SOUTH WALNUT ST & 4TH,39.165648,-86.5336
2010,3,3,Weekday,1600,Bus,No injury/unknown,FOLLOWING TOO CLOSELY,4TH & WASHINGTON ST,39.165648,-86.5324
2010,3,5,Weekday,2300,2-Car,No injury/unknown,OTHER (VEHICLE) - EXPLAIN IN NARRATIVE,WALNUT ST,39.165648,-86.5336
2010,4,1,Weekday,2000,2-Car,No injury/unknown,FAILURE TO YIELD RIGHT OF WAY,4TH ST & DUNN,39.165648,-86.528144
2010,4,3,Weekday,100,1-Car,No injury/unknown,OTHER (DRIVER) - EXPLAIN IN NARRATIVE,WALNUT ST,39.165648,-86.5336
2010,4,5,Weekday,1400,2-Car,No injury/unknown,UNSAFE BACKING,E 4TH ST & S DUNN,39.165648,-86.528144
2010,5,5,Weekday,1400,2-Car,No injury/unknown,UNSAFE BACKING,S WALNUT ST,39.165648,-86.5336
2010,5,6,Weekday,1600,2-Car,No injury/unknown,UNSAFE BACKING,E 4TH ST & INDIANA,39.165648,-86.526848
2010,6,2,Weekday,1700,2-Car,No injury/unknown,FAILURE TO YIELD RIGHT OF WAY,4TH ST & DUNN,39.165648,-86.528144
2010,10,2,Weekday,2100,Pedestrian,Non-incapacitating,OTHER (DRIVER) - EXPLAIN IN NARRATIVE,4TH ST & WALNUT,39.165648,-86.5336
2010,10,4,Weekday,2100,2-Car,No injury/unknown,FAILURE TO YIELD RIGHT OF WAY,S WALNUT ST,39.165648,-86.5336
2010,10,6,Weekday,1700,Pedestrian,Non-incapacitating,FAILURE TO YIELD RIGHT OF WAY,4TH & WASHINGTON ST,39.165648,-86.5324
2010,10,3,Weekday,900,2-Car,No injury/unknown,OTHER (VEHICLE) - EXPLAIN IN NARRATIVE,S WALNUT ST,39.165648,-86.5336
2010,11,7,Weekend,1100,2-Car,No injury/unknown,UNSAFE BACKING,1742 N WASHINGTON ST ST,39.165648,-86.5324
2010,11,7,Weekend,1400,2-Car,No injury/unknown,UNSAFE BACKING,4TH & S DUNN ST,39.165648,-86.528144
2010,11,7,Weekend,1500,2-Car,No injury/unknown,UNSAFE BACKING,S WALNUT ST,39.165648,-86.5336
2010,10,1,Weekend,1500,Moped/Motorcycle,Non-incapacitating,UNSAFE SPEED,BASSWOOD DR & BLOOMFIELD,39.16564621,-86.56891162
2010,5,4,Weekday,1400,2-Car,Non-incapacitating,FAILURE TO YIELD RIGHT OF WAY,GATES DR & JACOB,39.16562,-86.576
2010,6,5,Weekday,2000,Moped/Motorcycle,Non-incapacitating,FAILURE TO YIELD RIGHT OF WAY,GATES DR & JACOB,39.16562,-86.576
2010,7,7,Weekend,2300,Moped/Motorcycle,Non-incapacitating,BRAKE FAILURE OR DEFECTIVE,4TH ST & JACKSON,39.16562,-86.53986
2010,10,1,Weekday,1900,2-Car,No injury/unknown,UNSAFE BACKING,W JACOB DR,39.16562,-86.575746
2010,11,6,Weekday,900,2-Car,No injury/unknown,DISREGARD SIGNAL/REG SIGN,100 S COLLEGE & 200 W 4TH ST,39.1656161,-86.53489044
2010,5,6,Weekday,1700,2-Car,No injury/unknown,FAILURE TO YIELD RIGHT OF WAY,4TH ST & BRYAN,39.16561,-86.50828
2010,1,6,Weekday,1100,3+ Cars,No injury/unknown,FOLLOWING TOO CLOSELY,4TH & WALNUT ST,39.16558,-86.53362
2010,4,3,Weekday,1000,2-Car,No injury/unknown,FAILURE TO YIELD RIGHT OF WAY,4TH ST & WALNUT,39.16558,-86.53362433
2010,8,4,Weekday,1600,2-Car,No injury/unknown,FOLLOWING TOO CLOSELY,4TH & SOUTH WALNUT ST,39.16558,-86.53362
2010,12,6,Weekday,900,Bus,No injury/unknown,DISREGARD SIGNAL/REG SIGN,4TH & WALNUT ST,39.16558,-86.53362
2010,12,2,Weekday,1800,2-Car,No injury/unknown,SPEED TOO FAST FOR WEATHER CONDITIONS,E 4TH & S WASHINGTON ST,39.16558,-86.53235