Year,Month,Day,Weekend?,Hour,Collision Type,Injury Type,Primary Factor,Reported_Location,Latitude,Longitude
2010,3,4,Weekday,1800,2-Car,No injury/unknown,UNSAFE BACKING,S ROGERS ST,39.16557649,-86.538592
2010,9,7,Weekend,1300,2-Car,No injury/unknown,OTHER (DRIVER) - EXPLAIN IN NARRATIVE,E FOURTH ST,39.16556,-86.528216
2010,2,1,Weekend,1000,2-Car,No injury/unknown,FAILURE TO YIELD RIGHT OF WAY,4TH & ROGERS ST,39.16555867,-86.538592
2010,12,1,Weekend,1500,2-Car,No injury/unknown,FAILURE TO YIELD RIGHT OF WAY,FOURTH & WALNUT ST,39.16553414,-86.53360637
2010,6,4,Weekday,2300,1-Car,No injury/unknown,OTHER (DRIVER) - EXPLAIN IN NARRATIVE,4TH & COLLEGE AVE,39.16552668,-86.53480215
2010,7,3,Weekday,1300,Cyclist,No injury/unknown,OTHER (VEHICLE) - EXPLAIN IN NARRATIVE,SOUTH INDIANA AVE,39.16541461,-86.52689912
2010,6,6,Weekend,2100,2-Car,No injury/unknown,FAILURE TO YIELD RIGHT OF WAY,4TH & INDIANA AVE,39.16537348,-86.52683702
2010,1,6,Weekend,1900,2-Car,No injury/unknown,UNSAFE BACKING,4TH & GRANT ST,39.16537337,-86.52971636
2010,10,2,Weekday,2000,2-Car,No injury/unknown,IMPROPER LANE USAGE,4TH & GRANT ST,39.16537337,-86.52971636
2010,5,7,Weekend,2000,2-Car,No injury/unknown,OTHER (DRIVER) - EXPLAIN IN NARRATIVE,MORNINGSIDE & SARATOGA DR,39.16535176,-86.479306
2010,10,3,Weekday,900,2-Car,No injury/unknown,UNSAFE LANE MOVEMENT,JONES AVE & ROSE,39.16529,-86.51089784
2010,2,3,Weekday,1800,2-Car,No injury/unknown,LEFT OF CENTER,FRANKLIN RD & W 3RD,39.16523731,-86.5712
2010,9,7,Weekend,2000,2-Car,No injury/unknown,,N STATE RD 46 HWY,39.16523702,-86.49883388
2010,2,4,Weekday,1300,2-Car,No injury/unknown,UNSAFE BACKING,4TH & INDIANA AVE,39.16509895,-86.52682604
2010,6,2,Weekday,1800,2-Car,No injury/unknown,DRIVER DISTRACTED - EXPLAIN IN NARRATIVE,SR46 & TRAILWAY,39.16507098,-86.43058721
2010,4,7,Weekend,1900,2-Car,No injury/unknown,IMPROPER TURNING,S COLLEGE AVE,39.16505796,-86.53480947
2010,4,1,Weekday,2000,2-Car,No injury/unknown,ALCOHOLIC BEVERAGES,SR48W,39.165056,-86.653168
2010,6,1,Weekend,1200,2-Car,No injury/unknown,FAILURE TO YIELD RIGHT OF WAY,KIRBY & SR48W,39.16504,-86.610704
2010,7,5,Weekday,2200,2-Car,No injury/unknown,IMPROPER LANE USAGE,BROWNSTONE DR,39.16501659,-86.531821
2010,8,7,Weekend,1400,2-Car,Non-incapacitating,DRIVER DISTRACTED - EXPLAIN IN NARRATIVE,HARTSTRAIGHT RD & STATE HIGHWAY 48,39.16494,-86.61094339
2010,7,4,Weekday,1800,2-Car,No injury/unknown,FAILURE TO YIELD RIGHT OF WAY,S FAIRFIELD & S FRANKLIN RD,39.16489,-86.57026
2010,8,4,Weekday,1000,2-Car,No injury/unknown,FOLLOWING TOO CLOSELY,SR46E & TRAILWAYS,39.16485112,-86.42897833
2010,1,7,Weekend,2200,2-Car,No injury/unknown,UNSAFE BACKING,E 3RD ST,39.164848,-86.581504
2010,2,2,Weekday,1600,2-Car,No injury/unknown,OTHER (DRIVER) - EXPLAIN IN NARRATIVE,W 3RD ST,39.164848,-86.5767176
2010,3,1,Weekend,1400,2-Car,No injury/unknown,FOLLOWING TOO CLOSELY,CURRY & SR48W,39.164848,-86.582896
2010,3,3,Weekday,1300,2-Car,No injury/unknown,OTHER (DRIVER) - EXPLAIN IN NARRATIVE,W 3RD ST,39.164848,-86.57614099
2010,4,2,Weekday,1800,2-Car,Non-incapacitating,DISREGARD SIGNAL/REG SIGN,CURRY & SR48W,39.164848,-86.582896
2010,4,7,Weekend,200,1-Car,No injury/unknown,OTHER (DRIVER) - EXPLAIN IN NARRATIVE,3RD ST,39.164848,-86.581504
2010,6,4,Weekday,900,2-Car,No injury/unknown,OTHER (VEHICLE) - EXPLAIN IN NARRATIVE,W 3RD ST,39.164848,-86.5761011
2010,12,5,Weekday,1800,2-Car,No injury/unknown,FAILURE TO YIELD RIGHT OF WAY,W 3RD ST,39.164848,-86.57487674
2010,4,5,Weekday,1600,2-Car,No injury/unknown,VIEW OBSTRUCTED,W 3RD ST,39.16484767,-86.58010841
2010,6,6,Weekday,1400,2-Car,No injury/unknown,FOLLOWING TOO CLOSELY,3RD & WALNUT ST,39.16484599,-86.5336
2010,9,4,Weekday,1500,3+ Cars,Non-incapacitating,FOLLOWING TOO CLOSELY,3RD ST & SR37,39.16484565,-86.57415481
2010,11,6,Weekday,1700,2-Car,No injury/unknown,UNSAFE BACKING,W 3RD ST,39.16484267,-86.57939467
2010,4,7,Weekend,900,2-Car,No injury/unknown,UNSAFE BACKING,W 3RD ST,39.16483984,-86.5804062
2010,5,1,Weekday,2200,2-Car,No injury/unknown,UNSAFE BACKING,W 3RD ST,39.164832,-86.582048
2010,10,5,Weekday,1800,2-Car,No injury/unknown,UNSAFE BACKING,W 3RD ST,39.164832,-86.582048
2010,3,1,Weekend,1500,2-Car,No injury/unknown,UNSAFE BACKING,W 3RD ST,39.16482122,-86.5789551
2010,3,6,Weekday,900,Bus,No injury/unknown,FOLLOWING TOO CLOSELY,SR37S & W 3RD,39.1648,-86.573792
2010,9,4,Weekday,1800,2-Car,Non-incapacitating,DISREGARD SIGNAL/REG SIGN,SR37S & SR48W,39.1648,-86.573792
2010,2,5,Weekday,1000,2-Car,No injury/unknown,OTHER (DRIVER) - EXPLAIN IN NARRATIVE,PROFILE & SR48W,39.16476574,-86.59262603
2010,3,6,Weekend,1900,2-Car,Non-incapacitating,DISREGARD SIGNAL/REG SIGN,37 & 3RD ST,39.164752,-86.573104
2010,5,3,Weekday,1300,2-Car,No injury/unknown,DISREGARD SIGNAL/REG SIGN,HWY 37 & W 3RD ST,39.164752,-86.573104
2010,8,3,Weekday,1900,2-Car,No injury/unknown,FOLLOWING TOO CLOSELY,3RD ST & SR37N,39.164752,-86.573104
2010,8,3,Weekday,1500,Moped/Motorcycle,Incapacitating,FAILURE TO YIELD RIGHT OF WAY,SR37S & W 3RD,39.164752,-86.573104
2010,10,7,Weekend,1000,3+ Cars,No injury/unknown,FOLLOWING TOO CLOSELY,SR37N & W 3RD ST,39.164752,-86.573104
2010,10,5,Weekday,1300,1-Car,No injury/unknown,DRIVER DISTRACTED - EXPLAIN IN NARRATIVE,SR37 & W 3RD ST,39.164752,-86.573104
2010,10,5,Weekday,1400,3+ Cars,Non-incapacitating,FOLLOWING TOO CLOSELY,3RD & 45 46,39.1647483,-86.49855852
2010,7,3,Weekday,1900,2-Car,No injury/unknown,UNSAFE BACKING,W 3RD ST,39.16474251,-86.57282163
2010,9,2,Weekday,1500,2-Car,No injury/unknown,UNSAFE BACKING,3RD & INDIANA AVE,39.16472252,-86.52681098
2010,12,1,Weekend,1400,2-Car,No injury/unknown,OVERCORRECTING/OVERSTEERING,3RD & INDIANA AVE,39.16472252,-86.52681098
2010,4,6,Weekday,1100,2-Car,Non-incapacitating,DISREGARD SIGNAL/REG SIGN,S ROGERS & W 3RD ST,39.16472,-86.538592
2010,10,7,Weekend,1300,2-Car,No injury/unknown,FOLLOWING TOO CLOSELY,S ROGERS ST & W 3RD,39.16472,-86.538592
2010,11,2,Weekday,1200,Cyclist,Non-incapacitating,UNSAFE SPEED,SOUTH ROGERS ALY & WEST 3RD AND ROGERS,39.16472,-86.538592
2010,11,6,Weekday,1200,2-Car,No injury/unknown,FAILURE TO YIELD RIGHT OF WAY,3RD ST & ROGERS,39.16472,-86.538592
2010,11,7,Weekend,1300,2-Car,No injury/unknown,SPEED TOO FAST FOR WEATHER CONDITIONS,3RD ST & ROGERS,39.16472,-86.538592
2010,12,4,Weekday,1500,Pedestrian,Non-incapacitating,FAILURE TO YIELD RIGHT OF WAY,S ROGERS ST,39.16472,-86.538592
2010,2,6,Weekend,1900,1-Car,No injury/unknown,ROADWAY SURFACE CONDITION,S MADISON ST & W 3RD,39.164704,-86.537296
2010,4,2,Weekday,600,1-Car,No injury/unknown,RAN OFF ROAD RIGHT,3RD & MADISON ST,39.164704,-86.537296
2010,4,2,Weekday,1100,2-Car,No injury/unknown,OTHER (DRIVER) - EXPLAIN IN NARRATIVE,3RD ST & FRANKLIN,39.16469985,-86.57155249
2010,1,4,Weekday,1400,2-Car,No injury/unknown,FOLLOWING TOO CLOSELY,FRANKLIN & WEST 3RD ST,39.164688,-86.5712
2010,1,2,Weekday,1800,3+ Cars,No injury/unknown,FOLLOWING TOO CLOSELY,3000 W 3RD ST & FRANKLIN,39.164688,-86.5712
2010,2,2,Weekday,1500,2-Car,No injury/unknown,FAILURE TO YIELD RIGHT OF WAY,FRANKLIN & W 3RD ST,39.164688,-86.5712
2010,2,7,Weekend,1000,2-Car,No injury/unknown,OTHER (DRIVER) - EXPLAIN IN NARRATIVE,FRANKLIN & W 3RD ST,39.164688,-86.5712
2010,5,1,Weekend,1300,2-Car,No injury/unknown,FAILURE TO YIELD RIGHT OF WAY,FRANKLIN & WEST 3RD ST,39.164688,-86.5712
2010,7,7,Weekend,1800,2-Car,Non-incapacitating,FOLLOWING TOO CLOSELY,FRANKLIN & W 3RD ST,39.164688,-86.5712
2010,8,4,Weekday,1200,2-Car,No injury/unknown,IMPROPER LANE USAGE,FRANKLIN & W 3RD ST,39.164688,-86.5712
2010,8,5,Weekday,1200,2-Car,No injury/unknown,OTHER (DRIVER) - EXPLAIN IN NARRATIVE,2500 W 3RD ST & FRANKLIN,39.164688,-86.5712
2010,10,7,Weekend,1900,2-Car,No injury/unknown,FOLLOWING TOO CLOSELY,110 S FRANKLIN RD & 3RD,39.164688,-86.5712
2010,1,5,Weekday,900,2-Car,No injury/unknown,FOLLOWING TOO CLOSELY,3RD ST & CURRY,39.16468378,-86.58292033
2010,1,2,Weekday,1600,3+ Cars,No injury/unknown,FOLLOWING TOO CLOSELY,HICKORY & WEST 3RD ST,39.16468378,-86.58583683
2010,7,3,Weekday,1700,2-Car,No injury/unknown,FOLLOWING TOO CLOSELY,3RD ST & CURRY,39.16468378,-86.58292033
2010,9,4,Weekday,1200,2-Car,No injury/unknown,FAILURE TO YIELD RIGHT OF WAY,HICKORY & THIRD ST,39.16468378,-86.58588012
2010,12,6,Weekday,1500,2-Car,Non-incapacitating,FAILURE TO YIELD RIGHT OF WAY,S HICKORY & SR 48 HWY,39.16468378,-86.58583683
2010,12,5,Weekday,1700,2-Car,No injury/unknown,FAILURE TO YIELD RIGHT OF WAY,HICKORY & W 3RD ST,39.16468378,-86.58583683
2010,4,7,Weekend,1400,2-Car,No injury/unknown,FOLLOWING TOO CLOSELY,E 3RD & PETE ELLIS DR,39.16465198,-86.495088
2010,6,2,Weekday,1200,2-Car,No injury/unknown,FAILURE TO YIELD RIGHT OF WAY,3RD & PETE ELLIS DR,39.16465198,-86.495088
2010,2,6,Weekday,1700,2-Car,Non-incapacitating,OTHER (DRIVER) - EXPLAIN IN NARRATIVE,3RD ST & WALNUT,39.16464,-86.53342359
2010,1,1,Weekend,1100,Pedestrian,Non-incapacitating,UNSAFE BACKING,W 3RD ST,39.16464,-86.56609698
2010,1,3,Weekday,1100,2-Car,No injury/unknown,FAILURE TO YIELD RIGHT OF WAY,3RD ST & COLLEGE,39.16464,-86.534816
2010,1,5,Weekday,1200,2-Car,No injury/unknown,FAILURE TO YIELD RIGHT OF WAY,SR37N & WALNUT,39.16464,-86.5336
2010,1,5,Weekday,1500,2-Car,No injury/unknown,SPEED TOO FAST FOR WEATHER CONDITIONS,E 3RD ST & S WASHINGTON,39.16464,-86.5324
2010,1,7,Weekend,200,1-Car,No injury/unknown,ROADWAY SURFACE CONDITION,3RD ST & LINCOLN,39.16464,-86.531024
2010,1,2,Weekday,1300,2-Car,No injury/unknown,IMPROPER PASSING,KIMBLE & W 3RD ST,39.16464,-86.568
2010,1,7,Weekend,1800,3+ Cars,Non-incapacitating,DISREGARD SIGNAL/REG SIGN,3RD ST & WASHINGTON,39.16464,-86.5324
2010,1,6,Weekend,2000,2-Car,No injury/unknown,FAILURE TO YIELD RIGHT OF WAY,KIMBLE & W 3RD ST,39.16464,-86.568
2010,2,6,Weekday,1300,2-Car,No injury/unknown,FAILURE TO YIELD RIGHT OF WAY,3RD ST & WASHINGTON,39.16464,-86.5324
2010,2,3,Weekday,1000,2-Car,Non-incapacitating,DISREGARD SIGNAL/REG SIGN,S COLLEGE AVE & W 3RD,39.16464,-86.534816
2010,2,5,Weekday,500,2-Car,No injury/unknown,DISREGARD SIGNAL/REG SIGN,3RD ST & WASHINGTON,39.16464,-86.5324
2010,2,2,Weekday,1700,2-Car,No injury/unknown,UNSAFE LANE MOVEMENT,E 3RD ST & S GRANT,39.16464,-86.529728
2010,2,4,Weekday,600,2-Car,No injury/unknown,SPEED TOO FAST FOR WEATHER CONDITIONS,SOUTH WALNUT ST & SR37N,39.16464,-86.5336
2010,2,1,Weekend,400,2-Car,Non-incapacitating,FAILURE TO YIELD RIGHT OF WAY,3RD ST & WASHINGTON,39.16464,-86.5324
2010,4,5,Weekday,1700,2-Car,No injury/unknown,UNSAFE LANE MOVEMENT,E 3RD ST & LINCOLN,39.16464,-86.531024
2010,4,2,Weekday,1300,2-Car,No injury/unknown,FAILURE TO YIELD RIGHT OF WAY,3RD ST & COLLEGE,39.16464,-86.534816
2010,4,7,Weekend,1000,2-Car,Non-incapacitating,FOLLOWING TOO CLOSELY,3RD ST & LINCOLN,39.16464,-86.531024
2010,4,7,Weekend,1800,2-Car,No injury/unknown,FAILURE TO YIELD RIGHT OF WAY,S COLLEGE & W 3RD ST,39.16464,-86.534816
2010,4,1,Weekend,300,2-Car,No injury/unknown,DISREGARD SIGNAL/REG SIGN,E 3RD ST & S WASHINGTON,39.16464,-86.5324
2010,4,3,Weekday,1000,2-Car,No injury/unknown,FOLLOWING TOO CLOSELY,3RD ST & WALNUT ST ST,39.16464,-86.5336
2010,5,4,Weekday,2100,3+ Cars,Non-incapacitating,FOLLOWING TOO CLOSELY,3RD & COLLEGE AVE,39.16464,-86.534816
2010,5,6,Weekend,1900,2-Car,Non-incapacitating,FAILURE TO YIELD RIGHT OF WAY,3RD ST & COLLEGE,39.16464,-86.534816
2010,5,4,Weekday,1600,2-Car,No injury/unknown,IMPROPER TURNING,E 3RD ST,39.16464,-86.5324
2010,5,6,Weekday,0,2-Car,No injury/unknown,FAILURE TO YIELD RIGHT OF WAY,200 BLK S COLLEGE AVE & 3RD,39.16464,-86.534816
2010,5,6,Weekday,1400,2-Car,No injury/unknown,FAILURE TO YIELD RIGHT OF WAY,3RD & WALNUT ST,39.16464,-86.5336
2010,6,4,Weekday,1200,2-Car,No injury/unknown,UNSAFE BACKING,S WALNUT ST,39.16464,-86.5336
2010,6,4,Weekday,1300,2-Car,No injury/unknown,UNSAFE BACKING,E 3RD ST,39.16464,-86.56913891
2010,6,2,Weekday,1200,2-Car,Non-incapacitating,DISREGARD SIGNAL/REG SIGN,3RD ST & WALNUT,39.16464,-86.5336
2010,6,4,Weekday,1500,2-Car,No injury/unknown,FOLLOWING TOO CLOSELY,KIMBLE & W 3RD ST,39.16464,-86.568
2010,8,5,Weekday,1400,2-Car,Non-incapacitating,DISREGARD SIGNAL/REG SIGN,3RD & COLLEGE AVE,39.16464,-86.534816
2010,8,2,Weekday,1700,2-Car,No injury/unknown,IMPROPER LANE USAGE,E 3RD ST,39.16464,-86.56905455
2010,8,5,Weekday,1700,3+ Cars,Non-incapacitating,FOLLOWING TOO CLOSELY,S JOHNSON & W 3RD ST,39.16464,-86.564992
2010,8,6,Weekday,1500,2-Car,Non-incapacitating,FOLLOWING TOO CLOSELY,S KIMBLE & W 3RD ST,39.16464,-86.568
2010,8,2,Weekday,1200,2-Car,No injury/unknown,UNSAFE BACKING,E 3RD & S WASHINGTON ST,39.16464,-86.5324
2010,8,4,Weekday,2100,2-Car,Non-incapacitating,DISREGARD SIGNAL/REG SIGN,THIRD ST & WASHINGTON,39.16464,-86.5324
2010,8,4,Weekday,2200,Moped/Motorcycle,No injury/unknown,DRIVER DISTRACTED - EXPLAIN IN NARRATIVE,E 3RD ST & S WASHINGTON,39.16464,-86.5324
2010,8,2,Weekday,800,3+ Cars,No injury/unknown,FOLLOWING TOO CLOSELY,3RD ST ST & WALNUT ST,39.16464,-86.5336
2010,9,5,Weekday,2300,2-Car,Non-incapacitating,DISREGARD SIGNAL/REG SIGN,S COLLEGE & W 3RD ST,39.16464,-86.534816
2010,9,7,Weekend,2000,2-Car,No injury/unknown,FAILURE TO YIELD RIGHT OF WAY,3RD ST & COLLEGE,39.16464,-86.534816
2010,9,6,Weekday,700,2-Car,Non-incapacitating,FAILURE TO YIELD RIGHT OF WAY,ALLEY & S WASHINGTON,39.16464,-86.5324
2010,9,7,Weekend,2300,2-Car,No injury/unknown,FAILURE TO YIELD RIGHT OF WAY,3RD ST & WASHINGTON,39.16464,-86.5324
2010,9,5,Weekday,2100,2-Car,No injury/unknown,IMPROPER LANE USAGE,COLLEGE & SR37N,39.16464,-86.534816
2010,10,5,Weekday,0,2-Car,Non-incapacitating,DISREGARD SIGNAL/REG SIGN,S COLLEGE AVE & W 3RD,39.16464,-86.534816
2010,10,5,Weekday,1100,Pedestrian,Non-incapacitating,PEDESTRIAN ACTION,3RD ST & GRANT,39.16464,-86.529728
2010,10,6,Weekday,1500,2-Car,No injury/unknown,FOLLOWING TOO CLOSELY,E 3RD ST & S GRANT,39.16464,-86.529728
2010,10,7,Weekend,800,1-Car,No injury/unknown,RAN OFF ROAD RIGHT,COLLEGE AVE & SR37S,39.16464,-86.534816
2010,11,1,Weekend,1600,2-Car,No injury/unknown,UNSAFE BACKING,W 3RD ST,39.16464,-86.56535587
2010,11,4,Weekday,1700,2-Car,No injury/unknown,DISREGARD SIGNAL/REG SIGN,E 3RD & S WASHINGTON ST,39.16464,-86.5324
2010,11,6,Weekday,1500,2-Car,No injury/unknown,OTHER (DRIVER) - EXPLAIN IN NARRATIVE,EAST 3RD ST & LINCOLN,39.16464,-86.531024
2010,11,6,Weekday,1600,2-Car,Non-incapacitating,FAILURE TO YIELD RIGHT OF WAY,EAST 3RD ST & GRANT,39.16464,-86.529728
2010,11,7,Weekend,1700,2-Car,No injury/unknown,DISREGARD SIGNAL/REG SIGN,E 3RD & S WALNUT ST,39.16464,-86.5336
2010,11,2,Weekday,800,2-Car,No injury/unknown,DISREGARD SIGNAL/REG SIGN,3RD ST & WASHINGTON,39.16464,-86.5324
2010,11,2,Weekday,2000,2-Car,No injury/unknown,DISREGARD SIGNAL/REG SIGN,3RD ST & WASHINGTON,39.16464,-86.5324
2010,12,2,Weekday,2000,2-Car,Non-incapacitating,DISREGARD SIGNAL/REG SIGN,E 3RD ST & S LINCOLN,39.16464,-86.531024
2010,12,5,Weekday,800,2-Car,Non-incapacitating,FAILURE TO YIELD RIGHT OF WAY,3RD ST & COLLEGE,39.16464,-86.534816
2010,12,2,Weekday,1100,3+ Cars,No injury/unknown,FOLLOWING TOO CLOSELY,3RD ST & JOHNSON,39.16464,-86.564992
2010,6,7,Weekend,1500,2-Car,Non-incapacitating,DISREGARD SIGNAL/REG SIGN,ROGERS ST & WEST 3RD,39.16463,-86.5387
2010,1,5,Weekday,1200,2-Car,Non-incapacitating,SPEED TOO FAST FOR WEATHER CONDITIONS,3RD ST & MADISON,39.16462,-86.53741
2010,8,5,Weekday,1900,2-Car,No injury/unknown,UNSAFE BACKING,W THIRD ST,39.16460864,-86.58014045
2010,11,7,Weekend,1600,2-Car,No injury/unknown,UNSAFE BACKING,WEST 3RD ST,39.16460864,-86.58014045
2010,8,1,Weekend,1700,2-Car,Non-incapacitating,FOLLOWING TOO CLOSELY,US37 & W 3RD ST,39.16460688,-86.57111764
2010,10,7,Weekend,0,2-Car,No injury/unknown,OTHER (DRIVER) - EXPLAIN IN NARRATIVE,S COLLEGE AVE,39.16460539,-86.53481633
2010,1,1,Weekend,0,2-Car,No injury/unknown,DISREGARD SIGNAL/REG SIGN,COLLEGE AVE & WEST THIRD,39.1646,-86.5349
2010,9,6,Weekday,1600,2-Car,No injury/unknown,IMPROPER PASSING,SOUTH WALNUT ST & THIRD,39.1646,-86.53363
2010,1,5,Weekday,800,2-Car,No injury/unknown,SPEED TOO FAST FOR WEATHER CONDITIONS,3RD & LIBERTY DR,39.1645984,-86.57913641
2010,1,3,Weekday,2000,2-Car,No injury/unknown,OTHER (DRIVER) - EXPLAIN IN NARRATIVE,3175 W 3RD ST & LIBERTY,39.1645984,-86.57926628
2010,2,5,Weekday,1700,2-Car,No injury/unknown,FAILURE TO YIELD RIGHT OF WAY,LIBERTY DR & WEST 3RD,39.1645984,-86.57913641
2010,2,4,Weekday,1500,2-Car,No injury/unknown,FAILURE TO YIELD RIGHT OF WAY,3700 W 3RD ST & LIBERTY,39.1645984,-86.57912342
2010,1,5,Weekday,1300,2-Car,No injury/unknown,FOLLOWING TOO CLOSELY,3RD & LIBERTY DR,39.1645984,-86.57913641
2010,3,4,Weekday,1800,2-Car,No injury/unknown,CELL PHONE USAGE,LIBERTY & W 3RD ST,39.1645984,-86.57911044
2010,4,6,Weekday,1000,3+ Cars,Non-incapacitating,OTHER (DRIVER) - EXPLAIN IN NARRATIVE,3RD ST & LIBERTY,39.1645984,-86.57912342
2010,4,6,Weekday,1600,2-Car,Non-incapacitating,FAILURE TO YIELD RIGHT OF WAY,W 3RD ST,39.1645984,-86.57884954
2010,6,6,Weekday,1000,2-Car,Non-incapacitating,DISREGARD SIGNAL/REG SIGN,LIBERTY DR & W 3RD,39.1645984,-86.57913641
2010,6,7,Weekend,1600,2-Car,No injury/unknown,FAILURE TO YIELD RIGHT OF WAY,LIBERTY DR & WEST 3RD,39.1645984,-86.57913641
2010,7,6,Weekend,1900,2-Car,No injury/unknown,FAILURE TO YIELD RIGHT OF WAY,LIBERTY & W 3RD ST,39.1645984,-86.57913641
2010,7,4,Weekday,2000,2-Car,Non-incapacitating,DISREGARD SIGNAL/REG SIGN,3RD ST & LIBERTY,39.1645984,-86.57913641
2010,8,3,Weekday,2000,2-Car,No injury/unknown,,W 3RD ST,39.1645984,-86.57871294
2010,8,4,Weekday,1500,2-Car,No injury/unknown,FOLLOWING TOO CLOSELY,LIBERTY & SR48E,39.1645984,-86.57911044
2010,9,6,Weekday,1200,2-Car,No injury/unknown,FAILURE TO YIELD RIGHT OF WAY,LIBERTY & SR48W,39.1645984,-86.57913641
2010,9,7,Weekend,1800,2-Car,Non-incapacitating,FAILURE TO YIELD RIGHT OF WAY,3RD ST & LIBERTY,39.1645984,-86.57913641
2010,10,6,Weekday,1200,2-Car,No injury/unknown,UNSAFE BACKING,W 3RD ST,39.1645984,-86.57855584
2010,10,2,Weekday,1800,2-Car,No injury/unknown,OTHER (VEHICLE) - EXPLAIN IN NARRATIVE,W 3RD ST,39.1645984,-86.57871294
2010,11,2,Weekday,1700,2-Car,No injury/unknown,UNSAFE LANE MOVEMENT,LIBERTY & W 3RD ST,39.1645984,-86.57911909
2010,11,2,Weekday,1300,2-Car,No injury/unknown,DRIVER DISTRACTED - EXPLAIN IN NARRATIVE,3RD ST & LIBERTY,39.1645984,-86.57913641
2010,12,5,Weekday,1900,2-Car,Non-incapacitating,FAILURE TO YIELD RIGHT OF WAY,LIBERTY & W 3RD ST,39.1645984,-86.57911909
2010,12,3,Weekday,1400,2-Car,Incapacitating,FAILURE TO YIELD RIGHT OF WAY,W 3RD ST,39.1645984,-86.57839875
2010,1,3,Weekday,1100,2-Car,No injury/unknown,OTHER (DRIVER) - EXPLAIN IN NARRATIVE,3RD & GATES DR,39.16459498,-86.57621992
2010,1,4,Weekday,1600,2-Car,Non-incapacitating,FOLLOWING TOO CLOSELY,GATES & WEST 3RD ST,39.16459498,-86.57621992
2010,2,7,Weekend,1500,2-Car,No injury/unknown,BRAKE FAILURE OR DEFECTIVE,GATES & WEST 3RD ST,39.16459498,-86.57621992
2010,2,4,Weekday,2100,2-Car,No injury/unknown,SPEED TOO FAST FOR WEATHER CONDITIONS,GATES & W 3RD ST,39.16459498,-86.57621992
2010,3,7,Weekend,2000,2-Car,No injury/unknown,FAILURE TO YIELD RIGHT OF WAY,GATES & WEST 3RD ST,39.16459498,-86.57621992
2010,4,3,Weekday,1900,3+ Cars,Non-incapacitating,FOLLOWING TOO CLOSELY,GATES & W 3RD ST,39.16459498,-86.57624589
2010,4,6,Weekday,1600,2-Car,No injury/unknown,FAILURE TO YIELD RIGHT OF WAY,3RD ST & GATES,39.16459498,-86.57621992
2010,4,6,Weekday,1200,Bus,No injury/unknown,OTHER (DRIVER) - EXPLAIN IN NARRATIVE,3RD ST & GATES,39.16459498,-86.57621992
2010,6,7,Weekend,2200,2-Car,No injury/unknown,DISREGARD SIGNAL/REG SIGN,3RD ST & GATES,39.16459498,-86.57621992
2010,6,3,Weekday,1600,3+ Cars,No injury/unknown,DISREGARD SIGNAL/REG SIGN,3RD ST & GATES,39.16459498,-86.57621992
2010,7,6,Weekday,900,1-Car,No injury/unknown,BRAKE FAILURE OR DEFECTIVE,3275 WEST 3ST ST & GATES DR,39.16459498,-86.57621992
2010,8,5,Weekday,1500,2-Car,No injury/unknown,FOLLOWING TOO CLOSELY,GATES & THIRD ST,39.16459498,-86.57621992
2010,9,3,Weekday,1300,3+ Cars,Non-incapacitating,FOLLOWING TOO CLOSELY,3RD & GATES DR,39.16459498,-86.57621992
2010,9,6,Weekday,1600,2-Car,Non-incapacitating,OTHER (DRIVER) - EXPLAIN IN NARRATIVE,GATES & WEST THIRD ST,39.16459498,-86.57621126
2010,9,3,Weekday,1200,2-Car,Non-incapacitating,DISREGARD SIGNAL/REG SIGN,GATES & W 3RD ST,39.16459498,-86.57621992
2010,10,6,Weekday,1600,2-Car,No injury/unknown,FAILURE TO YIELD RIGHT OF WAY,3RD ST & GATES,39.16459498,-86.57621992
2010,10,4,Weekday,1900,1-Car,No injury/unknown,RAN OFF ROAD RIGHT,3RD ST & GATES,39.16459498,-86.57622858
2010,11,3,Weekday,1500,2-Car,No injury/unknown,FAILURE TO YIELD RIGHT OF WAY,WEST 3RD ST,39.16459498,-86.57639067
2010,9,7,Weekend,0,2-Car,No injury/unknown,UNSAFE BACKING,EAST THIRD ST,39.16459157,-86.53213788
2010,6,4,Weekday,1200,2-Car,No injury/unknown,UNSAFE BACKING,SOUTH COLLEGE AVE,39.164584,-86.534901
2010,8,6,Weekend,2100,3+ Cars,No injury/unknown,FOLLOWING TOO CLOSELY,3RD ST & CORY,39.16457233,-86.55903857
2010,4,4,Weekday,1400,3+ Cars,No injury/unknown,FOLLOWING TOO CLOSELY,3RD ST & CORY,39.16456918,-86.55939112
2010,3,2,Weekday,1500,2-Car,No injury/unknown,FAILURE TO YIELD RIGHT OF WAY,W 3RD ST & WYNNEDALE,39.16456,-86.57019
2010,8,7,Weekend,1300,2-Car,Non-incapacitating,OTHER (DRIVER) - EXPLAIN IN NARRATIVE,WEST 3RD ST & WYNNEDALE,39.16456,-86.57019
2010,11,6,Weekend,2300,2-Car,No injury/unknown,UNSAFE BACKING,3RD ST,39.16456,-86.5550845
2010,4,1,Weekend,200,1-Car,No injury/unknown,RAN OFF ROAD RIGHT,3RD ST & CORY,39.16455652,-86.56044845
2010,1,1,Weekday,1900,2-Car,No injury/unknown,,S ADAMS ST,39.164544,-86.552192