Year,Month,Day,Weekend?,Hour,Collision Type,Injury Type,Primary Factor,Reported_Location,Latitude,Longitude
2010,4,7,Weekend,1500,2-Car,No injury/unknown,FOLLOWING TOO CLOSELY,E 3RD ST & S SWAIN,39.16425,-86.51526865
2010,4,4,Weekday,1100,2-Car,No injury/unknown,IMPROPER LANE USAGE,SWAIN & THIRD ST,39.16425,-86.51526
2010,5,6,Weekend,1900,2-Car,No injury/unknown,FOLLOWING TOO CLOSELY,3RD ST & STATE RD 446,39.16425,-86.47200676
2010,6,5,Weekday,2000,2-Car,No injury/unknown,FAILURE TO YIELD RIGHT OF WAY,3RD ST & SWAIN,39.16425,-86.51526
2010,8,1,Weekend,1500,2-Car,No injury/unknown,UNSAFE LANE MOVEMENT,3RD ST & HAWTHORNE,39.16425,-86.52009
2010,8,1,Weekend,1300,2-Car,No injury/unknown,UNSAFE LANE MOVEMENT,SWAIN & THIRD ST,39.16425,-86.51526
2010,8,3,Weekday,2000,2-Car,No injury/unknown,IMPROPER TURNING,E 3RD ST & S SWAIN,39.16425,-86.51526
2010,8,7,Weekend,2000,1-Car,Non-incapacitating,WRONG WAY ON ONE WAY,3RD & MITCHELL ST,39.16425,-86.51423
2010,8,1,Weekday,2000,2-Car,No injury/unknown,IMPROPER TURNING,3RD ST & SWAIN,39.16425,-86.51526
2010,9,7,Weekend,1700,2-Car,No injury/unknown,IMPROPER TURNING,E 3RD ST & S SWAIN,39.16425,-86.51526
2010,9,6,Weekday,1800,Pedestrian,Incapacitating,IMPROPER TURNING,3RD AVE & SWAIN,39.16425,-86.51526
2010,9,1,Weekend,1200,2-Car,No injury/unknown,FAILURE TO YIELD RIGHT OF WAY,EAST THIRD ST & SWAIN,39.16425,-86.51526
2010,9,1,Weekend,1300,2-Car,No injury/unknown,FOLLOWING TOO CLOSELY,EAST THIRD ST & MITCHELL,39.16425,-86.51423
2010,10,2,Weekday,1800,2-Car,No injury/unknown,OTHER (DRIVER) - EXPLAIN IN NARRATIVE,3RD & HAWTHORNE AVE,39.16425,-86.52009
2010,11,7,Weekend,1500,2-Car,No injury/unknown,LEFT OF CENTER,E 3RD ST & S MITCHELL,39.16425,-86.51423
2010,1,1,Weekend,1400,2-Car,Non-incapacitating,IMPROPER TURNING,3RD ST & HIGHLAND,39.16424664,-86.51771252
2010,3,3,Weekday,1700,2-Car,No injury/unknown,UNSAFE LANE MOVEMENT,3RD ST & HIGHLAND,39.16424664,-86.51772982
2010,3,7,Weekend,1600,2-Car,No injury/unknown,IMPROPER TURNING,3RD ST & HIGHLAND,39.16424664,-86.51771252
2010,3,2,Weekday,1200,2-Car,No injury/unknown,FOLLOWING TOO CLOSELY,E 3RD ST & HIGHLAND,39.16424664,-86.51771252
2010,3,3,Weekday,1400,2-Car,No injury/unknown,IMPROPER LANE USAGE,3RD ST & HIGHLAND,39.16424664,-86.51771252
2010,7,5,Weekday,1500,2-Car,No injury/unknown,IMPROPER TURNING,E 3RD ST & HIGHLAND,39.16424664,-86.51771252
2010,9,2,Weekday,1300,2-Car,No injury/unknown,FAILURE TO YIELD RIGHT OF WAY,3RD ST & HIGHLAND,39.16424664,-86.51771252
2010,9,2,Weekday,1300,2-Car,No injury/unknown,UNSAFE LANE MOVEMENT,E 3RD ST & HIGHLAND,39.16424664,-86.51771252
2010,9,5,Weekday,1100,2-Car,No injury/unknown,FAILURE TO YIELD RIGHT OF WAY,EAST THIRD & HIGHLAND AVE,39.16424664,-86.51771252
2010,9,7,Weekend,2200,2-Car,No injury/unknown,IMPROPER TURNING,3RD ST & HIGHLAND,39.16424664,-86.51771252
2010,9,2,Weekday,1600,2-Car,Non-incapacitating,IMPROPER TURNING,3RD ST & HIGHLAND,39.16424664,-86.51771252
2010,10,1,Weekend,1600,2-Car,Non-incapacitating,UNSAFE LANE MOVEMENT,3RD ST & HIGHLAND,39.16424664,-86.51771252
2010,10,6,Weekend,2300,2-Car,No injury/unknown,IMPROPER TURNING,3RD ST & HIGHLAND,39.16424664,-86.51771252
2010,11,3,Weekday,1200,2-Car,No injury/unknown,FOLLOWING TOO CLOSELY,E 3RD ST & HIGHLAND,39.16424664,-86.51771252
2010,12,1,Weekend,1200,2-Car,No injury/unknown,FOLLOWING TOO CLOSELY,NORTH ST RD 46 RD,39.164243,-86.49827
2010,6,4,Weekday,1800,1-Car,No injury/unknown,OTHER (DRIVER) - EXPLAIN IN NARRATIVE,EAST 3RD ST,39.164242,-86.498269
2010,4,3,Weekday,1000,3+ Cars,Non-incapacitating,OTHER (DRIVER) - EXPLAIN IN NARRATIVE,3RD ST & MORNINGSIDE,39.16424,-86.47422521
2010,9,7,Weekend,1600,2-Car,Non-incapacitating,FOLLOWING TOO CLOSELY,3RD ST & KINGSTON,39.16424,-86.49259119
2010,1,2,Weekday,1900,2-Car,No injury/unknown,FAILURE TO YIELD RIGHT OF WAY,E 3RD ST & MEADOWBROOK,39.16424,-86.484384
2010,1,7,Weekend,1100,2-Car,No injury/unknown,FAILURE TO YIELD RIGHT OF WAY,COLLEGE MALL RD & E 3RD ST ST,39.16424,-86.4984
2010,1,5,Weekday,2100,2-Car,No injury/unknown,SPEED TOO FAST FOR WEATHER CONDITIONS,E 3RD ST & SMITH,39.16424,-86.480688
2010,1,2,Weekday,1800,2-Car,No injury/unknown,UNSAFE BACKING,E 3RD ST,39.16424,-86.49494053
2010,1,1,Weekend,1000,2-Car,Non-incapacitating,FAILURE TO YIELD RIGHT OF WAY,SMITHVILLE & SR37S,39.16424,-86.480688
2010,1,6,Weekend,1900,2-Car,No injury/unknown,,E 3RD ST,39.16424,-86.49406114
2010,1,7,Weekend,2200,2-Car,No injury/unknown,UNSAFE BACKING,E 3RD ST,39.16424,-86.4984
2010,2,1,Weekend,1700,2-Car,No injury/unknown,FAILURE TO YIELD RIGHT OF WAY,E 3RD ST,39.16424,-86.49425989
2010,2,2,Weekday,1300,2-Car,No injury/unknown,OTHER (DRIVER) - EXPLAIN IN NARRATIVE,E 3RD ST,39.16424,-86.49425989
2010,2,6,Weekday,1300,2-Car,Non-incapacitating,FOLLOWING TOO CLOSELY,CLARIZZ & E 3RD ST,39.16424,-86.4908
2010,3,2,Weekday,1500,3+ Cars,Non-incapacitating,OTHER (DRIVER) - EXPLAIN IN NARRATIVE,E 3RD ST & S COLLEGE MALL,39.16424,-86.4984
2010,3,1,Weekend,1700,2-Car,No injury/unknown,DISREGARD SIGNAL/REG SIGN,3RD ST & SMITH,39.16424,-86.480688
2010,3,1,Weekday,2100,2-Car,No injury/unknown,FAILURE TO YIELD RIGHT OF WAY,E 3RD & N PETE ELLIS DR,39.16424,-86.495088
2010,3,2,Weekday,1700,2-Car,No injury/unknown,FAILURE TO YIELD RIGHT OF WAY,2500 E 3RD ST & COLLEGE MALL,39.16424,-86.4984
2010,3,4,Weekday,1700,2-Car,No injury/unknown,ACCELERATOR FAILURE OR DEFECTIVE,COLLEGE MALL & E 3RD ST,39.16424,-86.4984
2010,4,5,Weekday,1100,2-Car,No injury/unknown,UNSAFE BACKING,E 3RD ST,39.16424,-86.4939483
2010,4,6,Weekday,1500,3+ Cars,No injury/unknown,FOLLOWING TOO CLOSELY,E 3RD ST & S KINGSTON,39.16424,-86.492944
2010,4,2,Weekday,1500,2-Car,No injury/unknown,OTHER (DRIVER) - EXPLAIN IN NARRATIVE,COLLEGE MALL ENTRANCE & COLLEGE MALL ROAD RD,39.16424,-86.4984
2010,4,5,Weekday,1500,2-Car,No injury/unknown,FAILURE TO YIELD RIGHT OF WAY,E 3RD & S COLLEGE MALL RD,39.16424,-86.4984
2010,4,5,Weekday,2000,2-Car,No injury/unknown,OTHER (DRIVER) - EXPLAIN IN NARRATIVE,3RD ST,39.16424,-86.49250645
2010,4,3,Weekday,1500,2-Car,No injury/unknown,FOLLOWING TOO CLOSELY,SMITH & SR46E,39.16424,-86.480688
2010,4,7,Weekend,1300,2-Car,No injury/unknown,FAILURE TO YIELD RIGHT OF WAY,3RD ST & CLARIZZ,39.16424,-86.4908
2010,4,1,Weekend,1300,3+ Cars,No injury/unknown,SPEED TOO FAST FOR WEATHER CONDITIONS,E 3RD ST & PETE ELLIS,39.16424,-86.495088
2010,4,4,Weekday,1100,2-Car,No injury/unknown,FOLLOWING TOO CLOSELY,3RD ST & CLARIZZ,39.16424,-86.4908
2010,4,5,Weekday,1400,1-Car,No injury/unknown,DRIVER DISTRACTED - EXPLAIN IN NARRATIVE,E 3RD ST & S CLARIZZ,39.16424,-86.4908
2010,5,1,Weekend,1200,2-Car,No injury/unknown,FOLLOWING TOO CLOSELY,E 3RD ST & KINGSTON,39.16424,-86.492944
2010,5,5,Weekday,1500,3+ Cars,Non-incapacitating,FOLLOWING TOO CLOSELY,E 3RD ST & S PARK RIDGE,39.16424,-86.476096
2010,5,6,Weekday,1400,2-Car,Non-incapacitating,FOLLOWING TOO CLOSELY,3RD ST & PETE ELLIS,39.16424,-86.495088
2010,5,2,Weekday,1700,2-Car,No injury/unknown,FAILURE TO YIELD RIGHT OF WAY,3RD & SR46E,39.16424,-86.473296
2010,5,5,Weekday,0,Cyclist,Non-incapacitating,DISREGARD SIGNAL/REG SIGN,COLLEGE MALL & SR46E,39.16424,-86.4984
2010,5,4,Weekday,1800,3+ Cars,Non-incapacitating,FOLLOWING TOO CLOSELY,3RD ST & COLLEGE MALL,39.16424,-86.4984
2010,5,6,Weekday,1500,2-Car,No injury/unknown,UNSAFE BACKING,E 3RD ST,39.16424,-86.49259396
2010,5,6,Weekend,1900,Moped/Motorcycle,Non-incapacitating,FAILURE TO YIELD RIGHT OF WAY,3RD ST & PARK RIDGE,39.16424,-86.476096
2010,5,1,Weekend,900,2-Car,Non-incapacitating,FOLLOWING TOO CLOSELY,E 3RD ST & SO COLLEGE MALL,39.16424,-86.4984
2010,6,7,Weekend,1100,2-Car,No injury/unknown,FOLLOWING TOO CLOSELY,E 3RD ST,39.16424,-86.49368135
2010,6,3,Weekday,1500,2-Car,No injury/unknown,FOLLOWING TOO CLOSELY,COLLEGE MALL & E 3RD ST,39.16424,-86.4984
2010,5,1,Weekend,1800,2-Car,Non-incapacitating,FOLLOWING TOO CLOSELY,KINGSTON & THIRD ST,39.16424,-86.492944
2010,6,5,Weekday,1000,2-Car,No injury/unknown,UNSAFE BACKING,E 3RD ST,39.16424,-86.49368135
2010,6,3,Weekday,1100,2-Car,No injury/unknown,FAILURE TO YIELD RIGHT OF WAY,3RD ST & PETE ELLIS DR DR,39.16424,-86.495088
2010,6,5,Weekday,1700,2-Car,No injury/unknown,OTHER (DRIVER) - EXPLAIN IN NARRATIVE,E 3RD ST,39.16424,-86.49368135
2010,6,5,Weekday,2200,2-Car,Non-incapacitating,HEADLIGHT DEFECTIVE OR NOT ON,PETE ELLIS & SR46,39.16424,-86.495088
2010,6,4,Weekday,1300,2-Car,Non-incapacitating,FAILURE TO YIELD RIGHT OF WAY,3RD ST & COLLEGE MALL,39.16424,-86.4984
2010,7,6,Weekday,700,2-Car,No injury/unknown,UNSAFE LANE MOVEMENT,COLLEGE MALL & E 3RD ST,39.16424,-86.4984
2010,7,3,Weekday,1600,2-Car,Non-incapacitating,FOLLOWING TOO CLOSELY,4300 E 3RD ST & PARK RIDGE,39.16424,-86.476096
2010,7,5,Weekday,900,2-Car,No injury/unknown,OTHER (VEHICLE) - EXPLAIN IN NARRATIVE,E 3RD ST ST,39.16424,-86.49224392
2010,8,5,Weekday,1700,2-Car,No injury/unknown,UNSAFE BACKING,E 3RD ST,39.16424,-86.473696
2010,8,6,Weekday,300,2-Car,No injury/unknown,UNSAFE BACKING,3RD ST,39.16424,-86.48132949
2010,8,2,Weekday,1300,2-Car,No injury/unknown,OTHER (VEHICLE) - EXPLAIN IN NARRATIVE,E 3RD ST,39.16424,-86.4940557
2010,8,1,Weekend,1300,2-Car,No injury/unknown,FAILURE TO YIELD RIGHT OF WAY,EAST 3RD & PETE ELLIS DR,39.16424,-86.495088
2010,8,2,Weekday,1300,2-Car,Non-incapacitating,FAILURE TO YIELD RIGHT OF WAY,E 3RD & SR46E,39.16424,-86.473296
2010,8,5,Weekday,1900,2-Car,Non-incapacitating,DISREGARD SIGNAL/REG SIGN,CLARIZZ & E 3RD ST,39.16424,-86.4908
2010,8,1,Weekend,1800,2-Car,No injury/unknown,UNSAFE BACKING,E 3RD ST,39.16424,-86.49425989
2010,8,3,Weekday,1800,2-Car,No injury/unknown,,E 3RD ST,39.16424,-86.49425989
2010,8,3,Weekday,2200,2-Car,Non-incapacitating,FOLLOWING TOO CLOSELY,3RD ST & CLARIZZ,39.16424,-86.4908
2010,8,7,Weekend,1200,2-Car,No injury/unknown,FAILURE TO YIELD RIGHT OF WAY,3RD ST & COLLEGE MALL,39.16424,-86.4984
2010,8,7,Weekend,1700,3+ Cars,Non-incapacitating,FOLLOWING TOO CLOSELY,COLLEGE MALL & THIRD ST,39.16424,-86.4984
2010,8,7,Weekend,1300,2-Car,No injury/unknown,FAILURE TO YIELD RIGHT OF WAY,E 3RD & S PETE ELLIS DR,39.16424,-86.495088
2010,9,4,Weekday,1800,2-Car,Non-incapacitating,FOLLOWING TOO CLOSELY,SMITH & THIRD ST,39.16424,-86.480688
2010,8,2,Weekday,2100,2-Car,No injury/unknown,OTHER (DRIVER) - EXPLAIN IN NARRATIVE,STATE ROAD 45,39.16424,-86.48664897
2010,9,7,Weekend,1800,2-Car,Non-incapacitating,FOLLOWING TOO CLOSELY,3RD ST & PETE ELLIS,39.16424,-86.495088
2010,9,3,Weekday,1700,3+ Cars,Non-incapacitating,FOLLOWING TOO CLOSELY,E 3RD & S COLLEGE MALL RD,39.16424,-86.4984
2010,9,5,Weekday,1200,2-Car,Non-incapacitating,FOLLOWING TOO CLOSELY,3RD & CLARIZZ BLVD,39.16424,-86.4908
2010,9,6,Weekend,2300,2-Car,No injury/unknown,OTHER (DRIVER) - EXPLAIN IN NARRATIVE,E 3RD ST,39.16424,-86.4984
2010,9,7,Weekend,1600,2-Car,No injury/unknown,FOLLOWING TOO CLOSELY,E 3RD ST & KINGSTON,39.16424,-86.492944
2010,9,2,Weekday,1300,2-Car,Non-incapacitating,FAILURE TO YIELD RIGHT OF WAY,3RD ST & PARK RIDGE,39.16424,-86.476096
2010,9,2,Weekday,1600,2-Car,No injury/unknown,FOLLOWING TOO CLOSELY,MORNINGSIDE & SR46E,39.16424,-86.473696
2010,10,6,Weekend,1900,2-Car,No injury/unknown,UNSAFE BACKING,E 3RD ST,39.16424,-86.49414646
2010,10,3,Weekday,1300,2-Car,No injury/unknown,FAILURE TO YIELD RIGHT OF WAY,COLLEGE MALL RD & E 3RD,39.16424,-86.4984
2010,10,4,Weekday,1000,2-Car,No injury/unknown,UNSAFE BACKING,S KINGSTON DR,39.16424,-86.492944
2010,10,5,Weekday,1100,2-Car,No injury/unknown,IMPROPER TURNING,E 3RD ST & E MORNINGSIDE,39.16424,-86.473696
2010,10,7,Weekend,1600,2-Car,No injury/unknown,OTHER (DRIVER) - EXPLAIN IN NARRATIVE,E 3RD ST,39.16424,-86.4984
2010,10,7,Weekend,1600,2-Car,Non-incapacitating,FAILURE TO YIELD RIGHT OF WAY,3RD & COLLEGE MALL RD,39.16424,-86.4984
2010,10,5,Weekday,1500,3+ Cars,Non-incapacitating,FOLLOWING TOO CLOSELY,COLLEGE MALL RD & EAST 3RD,39.16424,-86.4984
2010,10,5,Weekday,1100,Pedestrian,Non-incapacitating,FAILURE TO YIELD RIGHT OF WAY,E 3RD ST & S KINGSTON,39.16424,-86.492944
2010,10,5,Weekday,1900,2-Car,No injury/unknown,UNSAFE BACKING,3900 E 3RD ST & SMITH,39.16424,-86.480688
2010,10,7,Weekend,1700,2-Car,No injury/unknown,FAILURE TO YIELD RIGHT OF WAY,EAST 3RD ST & PETE ELLIS,39.16424,-86.495088
2010,10,7,Weekend,1500,2-Car,No injury/unknown,UNSAFE BACKING,E 3RD ST,39.16424,-86.480688
2010,10,6,Weekday,1000,2-Car,No injury/unknown,OTHER (DRIVER) - EXPLAIN IN NARRATIVE,COLLEGE MALL RD & E 3RD,39.16424,-86.4984
2010,10,6,Weekday,1700,3+ Cars,No injury/unknown,FOLLOWING TOO CLOSELY,E 3RD ST & S PETE ELLIS,39.16424,-86.495088
2010,10,3,Weekday,1100,2-Car,No injury/unknown,FOLLOWING TOO CLOSELY,E 3RD & SMITH RD,39.16424,-86.480688
2010,11,4,Weekday,700,Bus,No injury/unknown,DISREGARD SIGNAL/REG SIGN,E 3RD ST ST & KINGSTON DR,39.16424,-86.492944
2010,11,2,Weekday,0,2-Car,No injury/unknown,OTHER (DRIVER) - EXPLAIN IN NARRATIVE,COLLEGE MALL RD,39.16424,-86.498269
2010,11,3,Weekday,1700,2-Car,No injury/unknown,SPEED TOO FAST FOR WEATHER CONDITIONS,E 3RD & S PETE ELLIS DR,39.16424,-86.495088
2010,11,6,Weekday,1600,2-Car,No injury/unknown,UNSAFE BACKING,3333 E 3RD ST & CLARIZZ,39.16424,-86.4908
2010,11,3,Weekday,1900,2-Car,No injury/unknown,FOLLOWING TOO CLOSELY,E 3RD ST & S KINGSTON,39.16424,-86.492944
2010,11,5,Weekday,1800,2-Car,No injury/unknown,UNSAFE BACKING,E 3RD ST,39.16424,-86.4984
2010,11,2,Weekday,500,1-Car,No injury/unknown,ANIMAL/OBJECT IN ROADWAY,SMITHVILLE & SR37S,39.16424,-86.480688
2010,12,6,Weekday,1200,2-Car,No injury/unknown,UNSAFE BACKING,E 3RD ST ST,39.16424,-86.49425989
2010,12,2,Weekday,1600,2-Car,No injury/unknown,FAILURE TO YIELD RIGHT OF WAY,E 3RD ST & S PETE ELLIS,39.16424,-86.495088
2010,12,3,Weekday,1400,2-Car,Non-incapacitating,FOLLOWING TOO CLOSELY,E 3RD ST & S KINGSTON,39.16424,-86.492944
2010,12,6,Weekend,1900,3+ Cars,No injury/unknown,SPEED TOO FAST FOR WEATHER CONDITIONS,3RD & PETE ELLIS DR,39.16424,-86.495088
2010,12,5,Weekday,2200,2-Car,No injury/unknown,,E 3RD ST,39.16424,-86.4984
2010,12,5,Weekday,1500,2-Car,Non-incapacitating,FOLLOWING TOO CLOSELY,E 3RD & S PETE ELLIS DR,39.16424,-86.495088
2010,4,2,Weekday,1900,2-Car,No injury/unknown,,E 3RD ST,39.1642393,-86.49515826
2010,5,4,Weekday,2000,2-Car,No injury/unknown,,E 3RD ST,39.1642393,-86.49515826
2010,5,7,Weekend,800,1-Car,No injury/unknown,RAN OFF ROAD RIGHT,E 3RD ST,39.16423861,-86.49522852
2010,6,3,Weekday,2100,2-Car,No injury/unknown,UNSAFE BACKING,E 3RD ST,39.16423861,-86.49522852
2010,8,3,Weekday,1900,2-Car,No injury/unknown,,E 3RD ST,39.16423861,-86.49522852
2010,8,6,Weekend,1900,2-Car,No injury/unknown,OTHER (DRIVER) - EXPLAIN IN NARRATIVE,E 3RD ST,39.16423861,-86.49522852
2010,11,1,Weekday,2000,2-Car,No injury/unknown,UNSAFE BACKING,E 3RD ST,39.16423861,-86.49522852
2010,6,4,Weekday,1000,2-Car,No injury/unknown,UNSAFE BACKING,E 3RD ST,39.16423733,-86.49811733
2010,5,6,Weekend,2200,1-Car,No injury/unknown,DRIVER DISTRACTED - EXPLAIN IN NARRATIVE,E 3RD ST,39.16423674,-86.49805388
2010,5,5,Weekday,1800,2-Car,No injury/unknown,OTHER (VEHICLE) - EXPLAIN IN NARRATIVE,E 3RD ST,39.16423674,-86.49805388
2010,5,3,Weekday,1700,2-Car,No injury/unknown,UNSAFE BACKING,E THIRD ST,39.16423,-86.497269
2010,8,7,Weekend,1500,2-Car,No injury/unknown,UNSAFE BACKING,EAST THIRD ST,39.16423,-86.497269
2010,1,6,Weekday,800,2-Car,Non-incapacitating,SPEED TOO FAST FOR WEATHER CONDITIONS,SR 446 & SR46W,39.16422957,-86.47208686
2010,3,4,Weekday,1200,1-Car,No injury/unknown,ALCOHOLIC BEVERAGES,SR446 & SR46E,39.16422957,-86.47216468
2010,1,1,Weekday,1900,2-Car,No injury/unknown,OTHER (DRIVER) - EXPLAIN IN NARRATIVE,THIRD ST,39.164229,-86.497124
2010,12,1,Weekend,1600,2-Car,No injury/unknown,UNSAFE BACKING,E 3RD ST,39.164229,-86.497124
2010,8,6,Weekend,2000,2-Car,No injury/unknown,FOLLOWING TOO CLOSELY,E 3RD ST & PARKRIDGE,39.16422615,-86.47630541
2010,12,6,Weekend,2000,Bus,Non-incapacitating,UNSAFE LANE MOVEMENT,EAST THIRD ST & PARKRIDGE,39.16422615,-86.47630108
2010,12,5,Weekday,1000,2-Car,No injury/unknown,UNSAFE BACKING,E 3RD ST,39.16422609,-86.49649322
2010,2,3,Weekday,1800,2-Car,No injury/unknown,FAILURE TO YIELD RIGHT OF WAY,E 3RD ST,39.164224,-86.496704
2010,9,6,Weekend,2000,2-Car,No injury/unknown,OTHER (DRIVER) - EXPLAIN IN NARRATIVE,EAST THIRD ST,39.164221,-86.477166
2010,2,1,Weekend,1800,3+ Cars,No injury/unknown,FOLLOWING TOO CLOSELY,EAST 3RD ST & PARKRIDGE,39.16422,-86.4763
2010,3,4,Weekday,900,Bus,Non-incapacitating,FAILURE TO YIELD RIGHT OF WAY,3RD ST & PARKRIDGE,39.16422,-86.4763
2010,3,4,Weekday,1300,2-Car,No injury/unknown,FAILURE TO YIELD RIGHT OF WAY,EAST 3RD ST & PARKRIDGE,39.16422,-86.4763
2010,3,2,Weekday,1900,2-Car,No injury/unknown,FAILURE TO YIELD RIGHT OF WAY,EAST 3RD ST & PARKRIDGE,39.16422,-86.4763
2010,8,6,Weekday,1300,2-Car,No injury/unknown,FAILURE TO YIELD RIGHT OF WAY,EAST 3RD ST & PARKRIDGE,39.16422,-86.4763
2010,12,1,Weekend,1600,2-Car,No injury/unknown,FOLLOWING TOO CLOSELY,E THIRD ST,39.164217,-86.495697
2010,12,2,Weekday,1800,2-Car,No injury/unknown,SPEED TOO FAST FOR WEATHER CONDITIONS,EAST 3RD ST,39.164217,-86.495697
2010,12,2,Weekday,1800,2-Car,No injury/unknown,SPEED TOO FAST FOR WEATHER CONDITIONS,EAST 3RD ST,39.164217,-86.495697
2010,1,1,Weekend,1700,2-Car,No injury/unknown,OTHER (DRIVER) - EXPLAIN IN NARRATIVE,THIRD ST,39.164214,-86.49524
2010,6,3,Weekday,1200,2-Car,No injury/unknown,FAILURE TO YIELD RIGHT OF WAY,EAST THIRD ST,39.164214,-86.495275
2010,11,7,Weekend,1500,2-Car,No injury/unknown,OTHER (VEHICLE) - EXPLAIN IN NARRATIVE,EAST 3RD ST,39.164214,-86.49524
2010,5,2,Weekday,1700,2-Car,Non-incapacitating,FOLLOWING TOO CLOSELY,EAST 3RD ST,39.164212,-86.495029
2010,2,4,Weekday,1500,2-Car,No injury/unknown,,EAST 3RD ST,39.16421,-86.49446
2010,2,7,Weekend,1200,2-Car,No injury/unknown,UNSAFE BACKING,2896 E 3RD ST ST,39.16421,-86.494446
2010,2,5,Weekday,2200,2-Car,No injury/unknown,OTHER (DRIVER) - EXPLAIN IN NARRATIVE,EAST 3RD ST,39.16421,-86.493962
2010,3,5,Weekday,1400,1-Car,No injury/unknown,OTHER (DRIVER) - EXPLAIN IN NARRATIVE,E 3RD ST,39.16421,-86.481219
2010,3,2,Weekday,200,2-Car,No injury/unknown,,E 3RD ST,39.16421,-86.481219
2010,4,4,Weekday,1700,2-Car,No injury/unknown,FOLLOWING TOO CLOSELY,E 3RD ST & SMITH,39.16421,-86.48122
2010,6,4,Weekday,1900,2-Car,No injury/unknown,FAILURE TO YIELD RIGHT OF WAY,EAST THIRD ST,39.16421,-86.49446
2010,7,1,Weekday,1900,Cyclist,Non-incapacitating,FAILURE TO YIELD RIGHT OF WAY,E 3RD ST & S PETE ELLIS,39.16421,-86.49496
2010,9,4,Weekday,1100,2-Car,No injury/unknown,FAILURE TO YIELD RIGHT OF WAY,EAST 3 ST & KINGSTON DR DR,39.16421,-86.49304865
2010,9,6,Weekday,800,1-Car,No injury/unknown,DRIVER DISTRACTED - EXPLAIN IN NARRATIVE,EAST THIRD ST,39.16421,-86.491719
2010,9,3,Weekday,1000,Bus,No injury/unknown,OTHER (DRIVER) - EXPLAIN IN NARRATIVE,EAST THIRD & SMITH RDS,39.16421,-86.48122
2010,11,7,Weekend,1800,2-Car,No injury/unknown,UNSAFE BACKING,EAST 3RD ST,39.16421,-86.49446
2010,12,7,Weekend,1700,2-Car,Non-incapacitating,SPEED TOO FAST FOR WEATHER CONDITIONS,E 3RD ST & S CLARIZZ,39.16421,-86.49072
2010,12,1,Weekend,1600,2-Car,No injury/unknown,SPEED TOO FAST FOR WEATHER CONDITIONS,E 3RD ST,39.16421,-86.493255
2010,2,4,Weekday,1000,2-Car,No injury/unknown,UNSAFE BACKING,SOUTH UNION ST,39.164151,-86.509096
2010,11,5,Weekday,1200,2-Car,No injury/unknown,OTHER (VEHICLE) - EXPLAIN IN NARRATIVE,EAST STATE ROAD 46 & SR46E,39.16399393,-86.42286168
2010,4,4,Weekday,1800,2-Car,No injury/unknown,UNSAFE BACKING,S CURRY PIKE,39.163952,-86.5829056
2010,8,5,Weekday,1500,2-Car,No injury/unknown,UNSAFE BACKING,SOUTH MADISON ST,39.163936,-86.537416
2010,4,6,Weekday,1800,1-Car,Non-incapacitating,OVERCORRECTING/OVERSTEERING,CAVE & SR48W,39.16378263,-86.63496975
2010,5,2,Weekday,1100,2-Car,Non-incapacitating,DISREGARD SIGNAL/REG SIGN,EASTLAND PLAZA & S COLLEGE MALL RD,39.16376671,-86.49810791
2010,8,6,Weekday,1300,1-Car,No injury/unknown,DRIVER ASLEEP OR FATIGUED,BENDER & SR46W,39.16364217,-86.43831006
2010,12,5,Weekday,2000,2-Car,No injury/unknown,RAN OFF ROAD RIGHT,BENDER & SR46E,39.16362786,-86.4390581
2010,11,7,Weekend,2100,1-Car,No injury/unknown,ANIMAL/OBJECT IN ROADWAY,GARRISON CHAPPEL & SR48W,39.1636251,-86.64980603
2010,12,4,Weekday,700,1-Car,No injury/unknown,SPEED TOO FAST FOR WEATHER CONDITIONS,GARRISON CHAPPEL & SR48,39.1636251,-86.64993601
2010,12,1,Weekend,1600,2-Car,No injury/unknown,ROADWAY SURFACE CONDITION,OARD & SR48W,39.16360202,-86.63720419
2010,1,5,Weekday,700,2-Car,No injury/unknown,FOLLOWING TOO CLOSELY,3RD ST & PATTERSON,39.16346117,-86.55130339
2010,2,2,Weekday,1100,2-Car,No injury/unknown,SPEED TOO FAST FOR WEATHER CONDITIONS,3RD ST & PATTERSON,39.16346117,-86.55130339
2010,2,2,Weekday,800,1-Car,No injury/unknown,ROADWAY SURFACE CONDITION,PATTERSON & WEST 3RD ST,39.16346117,-86.55130339
2010,5,5,Weekday,1100,Cyclist,Non-incapacitating,IMPROPER PASSING,3RD ST & PATTERSON,39.16346117,-86.55130339
2010,6,6,Weekday,1300,2-Car,No injury/unknown,FAILURE TO YIELD RIGHT OF WAY,PATTERSON & WEST 3RD ST,39.16346117,-86.55130339
2010,7,1,Weekend,400,1-Car,No injury/unknown,RAN OFF ROAD RIGHT,PATTERSON & THIRD ST,39.16346117,-86.55130339
2010,7,5,Weekday,1400,2-Car,No injury/unknown,FOLLOWING TOO CLOSELY,3RD ST & PATTERSON,39.16346117,-86.55130339
2010,10,5,Weekday,1300,2-Car,No injury/unknown,UNSAFE LANE MOVEMENT,S PATTERSON & W 3RD ST,39.16346117,-86.55130339
2010,12,6,Weekend,2300,1-Car,No injury/unknown,RAN OFF ROAD RIGHT,GARRISON CHAPEL & SR48W,39.16344361,-86.6444225
2010,6,2,Weekday,2200,2-Car,No injury/unknown,UNSAFE BACKING,S PARKWAY DR,39.16344,-86.5888