Year,Month,Day,Weekend?,Hour,Collision Type,Injury Type,Primary Factor,Reported_Location,Latitude,Longitude
2010,3,5,Weekday,1000,2-Car,No injury/unknown,OTHER (DRIVER) - EXPLAIN IN NARRATIVE,ARCH HAVEN & LANDMARK AVE,39.16088278,-86.55404913
2010,2,6,Weekday,1600,1-Car,No injury/unknown,OTHER (DRIVER) - EXPLAIN IN NARRATIVE,S COLLEGE MALL RD,39.160826,-86.497717
2010,10,2,Weekday,1700,2-Car,No injury/unknown,UNSAFE BACKING,SOUTH COLLEGE AVE,39.1608213,-86.53491777
2010,1,6,Weekday,1700,2-Car,No injury/unknown,OTHER (DRIVER) - EXPLAIN IN NARRATIVE,W 2ND ST,39.16081698,-86.5487311
2010,5,6,Weekday,1800,2-Car,Non-incapacitating,FOLLOWING TOO CLOSELY,2ND & COLLEGE AVE,39.16075341,-86.53485899
2010,2,4,Weekday,400,2-Car,No injury/unknown,SPEED TOO FAST FOR WEATHER CONDITIONS,2ND ST & PATTERSON,39.16075,-86.54851
2010,2,5,Weekday,1300,3+ Cars,Non-incapacitating,FOLLOWING TOO CLOSELY,PATTERSON DR & WEST 2 ST ST,39.16075,-86.54851
2010,3,6,Weekday,1700,2-Car,Non-incapacitating,FOLLOWING TOO CLOSELY,PATTERSON & W 2ND ST,39.16075,-86.54851
2010,6,6,Weekday,1100,2-Car,No injury/unknown,FOLLOWING TOO CLOSELY,2ND ST & PATTERSON,39.16075,-86.54851
2010,6,6,Weekday,1000,2-Car,No injury/unknown,OTHER (DRIVER) - EXPLAIN IN NARRATIVE,2ND ST & PATTERSON,39.16075,-86.54851
2010,12,7,Weekend,0,1-Car,No injury/unknown,RAN OFF ROAD RIGHT,S CURRY PIKE,39.14628315,-86.582592
2010,7,2,Weekday,1000,2-Car,Non-incapacitating,FAILURE TO YIELD RIGHT OF WAY,2ND ST & PATTERSON,39.16075,-86.54851
2010,7,5,Weekday,800,2-Car,Non-incapacitating,FOLLOWING TOO CLOSELY,2ND ST & PATTERSON,39.16075,-86.54851
2010,8,6,Weekday,1400,2-Car,Non-incapacitating,DRIVER DISTRACTED - EXPLAIN IN NARRATIVE,2ND ST & PATTERSON,39.16075,-86.54851
2010,8,5,Weekday,1600,2-Car,No injury/unknown,FOLLOWING TOO CLOSELY,2ND ST & S PATTERSON,39.16075,-86.54851
2010,9,7,Weekend,400,1-Car,No injury/unknown,RAN OFF ROAD RIGHT,2ND ST & PATTERSON,39.16075,-86.54852731
2010,12,1,Weekday,2000,2-Car,No injury/unknown,OVERCORRECTING/OVERSTEERING,S PATTERSON DR & W 2ND,39.16075,-86.54851
2010,12,6,Weekday,1300,2-Car,No injury/unknown,UNSAFE BACKING,2ND & PATTERSON DR,39.16075,-86.54851
2010,12,7,Weekend,2300,2-Car,No injury/unknown,FOLLOWING TOO CLOSELY,2ND ST & PATTERSON,39.16075,-86.54851866
2010,1,2,Weekday,2100,2-Car,No injury/unknown,SPEED TOO FAST FOR WEATHER CONDITIONS,ADAMS & BLOOMFIELD RD,39.160544,-86.5508
2010,12,6,Weekday,1100,2-Car,No injury/unknown,UNSAFE BACKING,S LANDMARK AVE,39.16053785,-86.55396033
2010,1,3,Weekday,2200,2-Car,No injury/unknown,FAILURE TO YIELD RIGHT OF WAY,HENDERSON ST & UNIVERSITY,39.16039,-86.52719
2010,4,7,Weekend,1600,3+ Cars,No injury/unknown,FAILURE TO YIELD RIGHT OF WAY,HENDERSON AVE & UNIVERSITY,39.16039,-86.52719
2010,4,2,Weekday,1200,2-Car,No injury/unknown,DISREGARD SIGNAL/REG SIGN,2ND ST & ADAMS,39.16038,-86.55083
2010,5,3,Weekday,1300,2-Car,No injury/unknown,DISREGARD SIGNAL/REG SIGN,ADAMS & BLOOMFIELD RD,39.16038,-86.55083
2010,11,2,Weekday,900,2-Car,No injury/unknown,DISREGARD SIGNAL/REG SIGN,2ND ST & ADAMS,39.16038,-86.55083
2010,12,5,Weekday,1700,2-Car,No injury/unknown,DRIVER DISTRACTED - EXPLAIN IN NARRATIVE,2ND ST & ADAMS,39.16038,-86.55083
2010,5,7,Weekend,1200,2-Car,No injury/unknown,UNSAFE BACKING,550 S WALNUT ST ST,39.160371,-86.533642
2010,3,6,Weekday,100,2-Car,No injury/unknown,,E UNIVERSITY ST,39.16034939,-86.53086041
2010,12,1,Weekend,1700,2-Car,No injury/unknown,OVERCORRECTING/OVERSTEERING,4TH & INDIANA AVE,39.16026265,-86.52691
2010,10,2,Weekday,800,2-Car,No injury/unknown,UNSAFE BACKING,LANDMARK AVE,39.16019293,-86.55386471
2010,2,1,Weekend,1600,2-Car,No injury/unknown,OTHER (DRIVER) - EXPLAIN IN NARRATIVE,W BLOOMFIELD RD,39.15998862,-86.55307876
2010,1,3,Weekday,1500,2-Car,No injury/unknown,FAILURE TO YIELD RIGHT OF WAY,BLOOMFIELD RD & LANDMARK,39.15994021,-86.55379641
2010,3,7,Weekend,2100,2-Car,No injury/unknown,DISREGARD SIGNAL/REG SIGN,BLOOMFIELD & LANDMARK AVE,39.15994021,-86.55379641
2010,4,4,Weekday,1600,Pedestrian,Non-incapacitating,,BLOOMFIELD RD & LANDMARK,39.15994021,-86.55379641
2010,8,3,Weekday,1500,2-Car,Non-incapacitating,OTHER (DRIVER) - EXPLAIN IN NARRATIVE,LANDMARK & WEST BLOOMFIELD RD,39.15994021,-86.55379641
2010,6,3,Weekday,1500,2-Car,No injury/unknown,UNSAFE BACKING,SOUTH ADAMS ST,39.159921,-86.550794
2010,9,7,Weekend,100,2-Car,No injury/unknown,FOLLOWING TOO CLOSELY,N COLLEGE AVE & NINTH,39.15988398,-86.53485
2010,8,3,Weekday,1200,2-Car,No injury/unknown,UNSAFE BACKING,SIXTH & WALNUT ST,39.15961857,-86.5336
2010,12,1,Weekend,1400,3+ Cars,Non-incapacitating,SPEED TOO FAST FOR WEATHER CONDITIONS,E BUICK CADILLAC & S CLARIZZ BLVD,39.1596,-86.490784
2010,1,2,Weekday,1700,2-Car,No injury/unknown,OTHER (DRIVER) - EXPLAIN IN NARRATIVE,S ROGERS ST & W 1ST,39.159504,-86.538592
2010,3,4,Weekday,1500,2-Car,No injury/unknown,LEFT OF CENTER,FIRST ST & ROGERS,39.159504,-86.538592
2010,9,6,Weekday,1300,2-Car,Non-incapacitating,FAILURE TO YIELD RIGHT OF WAY,DAVIS & S WALNUT ST,39.15949582,-86.53369
2010,11,5,Weekday,0,2-Car,No injury/unknown,OTHER (DRIVER) - EXPLAIN IN NARRATIVE,WEST 1ST ST,39.159442,-86.542545
2010,5,4,Weekday,1200,2-Car,No injury/unknown,FOLLOWING TOO CLOSELY,S COLLEGE AVE & W 1ST,39.15944,-86.53488
2010,7,2,Weekday,1700,2-Car,Non-incapacitating,FOLLOWING TOO CLOSELY,S MORTON & W 1ST ST,39.15941183,-86.53669953
2010,11,7,Weekend,1500,2-Car,No injury/unknown,IMPROPER TURNING,COLLEGE AVE & FIRST,39.15934598,-86.53497924
2010,1,3,Weekday,1900,2-Car,No injury/unknown,FAILURE TO YIELD RIGHT OF WAY,1ST ST & FESS,39.159344,-86.525872
2010,7,1,Weekend,0,2-Car,No injury/unknown,DRIVER DISTRACTED - EXPLAIN IN NARRATIVE,1ST & FESS AVE,39.159344,-86.525872
2010,9,6,Weekday,1600,2-Car,No injury/unknown,UNSAFE BACKING,E 1ST ST & S HENDERSON,39.159344,-86.52712
2010,9,6,Weekend,1900,Cyclist,Non-incapacitating,DISREGARD SIGNAL/REG SIGN,E 1ST ST & S GRANT,39.159344,-86.529792
2010,9,6,Weekday,1200,2-Car,Non-incapacitating,FAILURE TO YIELD RIGHT OF WAY,1ST ST & FESS,39.15932,-86.52594
2010,12,3,Weekday,1600,2-Car,Non-incapacitating,FAILURE TO YIELD RIGHT OF WAY,E 1ST ST & S HAWTHORNE,39.15928,-86.5202
2010,2,2,Weekday,1100,2-Car,No injury/unknown,DISREGARD SIGNAL/REG SIGN,1ST ST & HAWTHORNE,39.15926402,-86.52019871
2010,10,7,Weekend,1200,2-Car,No injury/unknown,FOLLOWING TOO CLOSELY,BLOOMFIELD RD & RANSOM,39.15926,-86.55528
2010,11,6,Weekday,1800,Cyclist,Non-incapacitating,FAILURE TO YIELD RIGHT OF WAY,1ST & JORDAN AVE,39.15926,-86.51638
2010,12,2,Weekday,1600,2-Car,No injury/unknown,FOLLOWING TOO CLOSELY,S RANSOM & W BLOOMFIELD RD,39.15926,-86.5552774
2010,10,7,Weekend,1100,2-Car,Non-incapacitating,FAILURE TO YIELD RIGHT OF WAY,E 1ST & S HIGH ST,39.159248,-86.508288
2010,6,3,Weekday,800,Bus,No injury/unknown,UNSAFE BACKING,S BASSWOOD DR,39.15924,-86.566769
2010,5,5,Weekday,1200,2-Car,No injury/unknown,OTHER (DRIVER) - EXPLAIN IN NARRATIVE,COLLEGE MALL RD,39.159235,-86.497809
2010,5,7,Weekend,1400,2-Car,No injury/unknown,UNSAFE BACKING,BASSWOOD DR,39.159182,-86.566875
2010,4,5,Weekday,1100,3+ Cars,No injury/unknown,ANIMAL/OBJECT IN ROADWAY,BENNINGTON BLVD & SMITH,39.15917,-86.48072459
2010,11,6,Weekday,1400,2-Car,No injury/unknown,UNSAFE BACKING,SOUTH COLLEGE MALL RD,39.15909668,-86.49782301
2010,1,4,Weekday,2000,2-Car,No injury/unknown,SPEED TOO FAST FOR WEATHER CONDITIONS,S BASSWOOD DR,39.158893,-86.567406
2010,1,1,Weekday,2200,2-Car,No injury/unknown,DRIVER DISTRACTED - EXPLAIN IN NARRATIVE,MIDDLE CT & WESTWOOD,39.15888,-86.59010649
2010,7,3,Weekday,1400,1-Car,Non-incapacitating,BRAKE FAILURE OR DEFECTIVE,GARRISON CHAPEL RD & HENDRICKS,39.158848,-86.647104
2010,12,1,Weekend,1100,1-Car,No injury/unknown,SPEED TOO FAST FOR WEATHER CONDITIONS,GARRISON CHAPEL & HENDRICK RD,39.158848,-86.647104
2010,2,3,Weekday,1300,1-Car,Non-incapacitating,RAN OFF ROAD RIGHT,BOTTOM & SR37S,39.15873648,-86.54219875
2010,4,7,Weekend,1100,2-Car,No injury/unknown,OTHER (DRIVER) - EXPLAIN IN NARRATIVE,BASSWOOD DR & MULLER,39.15859,-86.56791519
2010,5,3,Weekday,2000,2-Car,No injury/unknown,FAILURE TO YIELD RIGHT OF WAY,BASSWOOD DR & MULLER,39.15859,-86.56791649
2010,9,3,Weekday,1000,2-Car,No injury/unknown,OTHER (DRIVER) - EXPLAIN IN NARRATIVE,BASSWOOD DR & MUELLER,39.15859,-86.56791
2010,12,1,Weekday,2200,2-Car,No injury/unknown,LEFT OF CENTER,BRIGHTON CT & PEMBROOK,39.15849,-86.47745
2010,3,4,Weekday,600,Cyclist,Non-incapacitating,IMPROPER TURNING,S ROGERS ST & W WYLIE,39.158448,-86.538592
2010,6,5,Weekday,1100,3+ Cars,No injury/unknown,BRAKE FAILURE OR DEFECTIVE,S WALNUT ST ST & WYLIE ST,39.15836,-86.53365
2010,4,4,Weekday,1600,2-Car,Non-incapacitating,DRIVER DISTRACTED - EXPLAIN IN NARRATIVE,DOYLE & S CURRY PIKE,39.158352,-86.582752
2010,7,5,Weekday,1100,3+ Cars,No injury/unknown,FOLLOWING TOO CLOSELY,CURRY PIKE PIKE & DOYLE AVE,39.158352,-86.582752
2010,4,7,Weekend,2300,2-Car,No injury/unknown,UNSAFE LANE MOVEMENT,HENDERSON & WYLIE ST,39.15829,-86.52711
2010,11,7,Weekend,2000,3+ Cars,No injury/unknown,OTHER (DRIVER) - EXPLAIN IN NARRATIVE,ADAMS HILL CIR & COUNTRYSIDE,39.15825267,-86.55081
2010,7,4,Weekday,1100,2-Car,No injury/unknown,OTHER (DRIVER) - EXPLAIN IN NARRATIVE,EASTSIDE DR & MAXWELL,39.15823592,-86.51253726
2010,2,2,Weekday,1400,2-Car,No injury/unknown,OTHER TELEMATICS IN USE,BUICK CADILLAC & S COLLEGE MALL RD,39.15816,-86.497792
2010,4,6,Weekday,1700,Bus,No injury/unknown,UNSAFE LANE MOVEMENT,E BUICK CADILLAC & S COLLEGE MALL RD,39.15816,-86.497792
2010,12,6,Weekday,1300,3+ Cars,No injury/unknown,FOLLOWING TOO CLOSELY,BUICK CADILLAC & COLLEGE MALL RD,39.15816,-86.497792
2010,4,7,Weekend,1600,2-Car,No injury/unknown,FAILURE TO YIELD RIGHT OF WAY,BUICK CADILLAC & COLLEGE MALL RD,39.15811,-86.49789
2010,7,7,Weekend,1200,Bus,Non-incapacitating,OTHER (DRIVER) - EXPLAIN IN NARRATIVE,BUICK CADILLAC & COLLEGE MALL RD,39.15811,-86.49789
2010,3,5,Weekday,1600,2-Car,No injury/unknown,ROADWAY SURFACE CONDITION,ANN LEE & W BLOOMFIELD RD,39.15802,-86.55757403
2010,4,4,Weekday,1500,2-Car,No injury/unknown,FOLLOWING TOO CLOSELY,ANNA LEE & BLOOMFIELD RD,39.15802,-86.5576
2010,6,4,Weekday,1500,1-Car,No injury/unknown,RAN OFF ROAD RIGHT,SMITH RD & STONEGATE,39.15797795,-86.48072
2010,5,1,Weekend,300,Pedestrian,Incapacitating,LEFT OF CENTER,MAXWELL LN & PARK,39.15792,-86.523696
2010,9,6,Weekday,1500,2-Car,No injury/unknown,,S WOODLAWN AVE,39.157904,-86.522544
2010,4,7,Weekend,2200,1-Car,No injury/unknown,IMPROPER TURNING,JORDAN AVE & MAXWELL,39.157856,-86.516288
2010,6,4,Weekday,1900,2-Car,No injury/unknown,FAILURE TO YIELD RIGHT OF WAY,JORDAN & MAXWELL LN,39.157856,-86.516288
2010,9,2,Weekday,1000,2-Car,No injury/unknown,DISREGARD SIGNAL/REG SIGN,JORDON AVE & MAXWELL,39.157856,-86.516288
2010,8,5,Weekday,1800,2-Car,Non-incapacitating,DISREGARD SIGNAL/REG SIGN,HIGH ST & MAXWELL,39.157792,-86.508288
2010,8,6,Weekday,1700,2-Car,No injury/unknown,FAILURE TO YIELD RIGHT OF WAY,E MAXWELL LN & S MITCHELL,39.15778,-86.51373
2010,6,3,Weekday,1200,2-Car,No injury/unknown,UNSAFE BACKING,DODD ST & WALNUT,39.157552,-86.5336
2010,5,6,Weekday,300,1-Car,No injury/unknown,OTHER (DRIVER) - EXPLAIN IN NARRATIVE,W DODDS ST,39.157542,-86.542101
2010,7,5,Weekday,0,2-Car,No injury/unknown,RAN OFF ROAD RIGHT,W DODDS LOT 8 ST,39.1575394,-86.54209629
2010,10,6,Weekday,1600,2-Car,No injury/unknown,FOLLOWING TOO CLOSELY,FRIENDSHIP & SR46E,39.15753383,-86.40905922
2010,8,7,Weekend,100,3+ Cars,No injury/unknown,OTHER (DRIVER) - EXPLAIN IN NARRATIVE,S FAIRVIEW & W DODDS ST,39.15752,-86.54101702
2010,7,5,Weekday,1000,2-Car,Non-incapacitating,FAILURE TO YIELD RIGHT OF WAY,E DODDS & SO LINCOLN ST,39.157504,-86.531104
2010,10,1,Weekend,1300,2-Car,No injury/unknown,LEFT OF CENTER,415 E DODDS ST & S PALMER,39.157472,-86.529088
2010,3,5,Weekday,700,2-Car,Non-incapacitating,DISREGARD SIGNAL/REG SIGN,DODDS & ROGERS ST,39.15747,-86.5387
2010,10,1,Weekend,0,2-Car,No injury/unknown,,S CLARIZZ BLVD,39.157447,-86.490358
2010,3,5,Weekday,2100,2-Car,Non-incapacitating,FAILURE TO YIELD RIGHT OF WAY,BLOOMFIELD RD & CORY,39.15743952,-86.55932349
2010,6,1,Weekday,2300,2-Car,No injury/unknown,LEFT OF CENTER,DOYLE AVE,39.157386,-86.585879
2010,10,5,Weekday,2300,2-Car,No injury/unknown,UNSAFE LANE MOVEMENT,DODDS & WALNUT ST,39.15737206,-86.53368833
2010,1,5,Weekday,1500,2-Car,No injury/unknown,OTHER (DRIVER) - EXPLAIN IN NARRATIVE,SOUTH CURRY PIKE,39.157358,-86.582643
2010,2,2,Weekday,1900,2-Car,No injury/unknown,UNSAFE BACKING,LARKSPUR LN & WOODHILL,39.15725,-86.54724
2010,4,6,Weekday,1400,2-Car,Non-incapacitating,FAILURE TO YIELD RIGHT OF WAY,CORY & W BLOOMFIELD RD,39.157248,-86.559792
2010,10,1,Weekend,200,1-Car,Non-incapacitating,OVERCORRECTING/OVERSTEERING,PARK SQUARE DR & WOODSIDE,39.15720471,-86.59170274
2010,12,7,Weekend,2300,1-Car,No injury/unknown,ROADWAY SURFACE CONDITION,CORY & W BLOOMFIELD RD,39.1571,-86.55969
2010,1,5,Weekday,2200,2-Car,No injury/unknown,BRAKE FAILURE OR DEFECTIVE,E WINDERMERE WOODS DR,39.15708178,-86.49901146
2010,7,5,Weekday,900,1-Car,Non-incapacitating,DRIVER ILLNESS,PARK SQUARE DR & WOODSIDE,39.15704,-86.591696
2010,2,1,Weekend,300,Pedestrian,Incapacitating,PEDESTRIAN ACTION,DODDS & HENDERSON ST,39.15693469,-86.52707789
2010,11,5,Weekday,1600,2-Car,No injury/unknown,UNSAFE LANE MOVEMENT,1100 SOUTH CURRY PIKE & GIFFORD,39.156896,-86.582704
2010,11,6,Weekday,800,2-Car,No injury/unknown,UNSAFE BACKING,PAPER BIRCH CT,39.156821,-86.591228
2010,11,4,Weekday,1000,2-Car,No injury/unknown,UNSAFE BACKING,E GENTRY & SO GRAYWEELL ST,39.156768,-86.476032
2010,12,3,Weekday,1300,2-Car,Non-incapacitating,DISREGARD SIGNAL/REG SIGN,CURRY PIKE RD & GIFFORD,39.15674136,-86.58262968
2010,5,7,Weekend,2300,1-Car,Non-incapacitating,RAN OFF ROAD RIGHT,CURRY PIKE & GIFFORD,39.15667,-86.58264
2010,2,2,Weekday,1600,2-Car,No injury/unknown,OVERCORRECTING/OVERSTEERING,SOUTH COLLEGE MALL RD,39.1564978,-86.4977752
2010,1,2,Weekday,1300,2-Car,No injury/unknown,FAILURE TO YIELD RIGHT OF WAY,HIGHLAND & SHERIDAN DR,39.156192,-86.517968
2010,1,6,Weekday,1400,2-Car,No injury/unknown,FAILURE TO YIELD RIGHT OF WAY,S MONROE MEDICAL PARK BLVD,39.156144,-86.521648
2010,5,3,Weekday,200,Moped/Motorcycle,Non-incapacitating,UNSAFE SPEED,ALLEN & BLOOMFIELD RD,39.156144,-86.561296
2010,7,2,Weekday,1800,2-Car,No injury/unknown,FOLLOWING TOO CLOSELY,W ALLEN & W BLOOMFIELD RD,39.156144,-86.561296
2010,11,7,Weekend,700,Pedestrian,Non-incapacitating,PEDESTRIAN ACTION,CURRY & SR45W,39.142048,-86.582592
2010,7,4,Weekday,1100,1-Car,No injury/unknown,RAN OFF ROAD RIGHT,ALLEN & BLOOMFIELD RD,39.156144,-86.561296
2010,12,4,Weekday,1500,2-Car,Non-incapacitating,FAILURE TO YIELD RIGHT OF WAY,ALLEN & BLOOMFIELD RD,39.15613,-86.5614
2010,8,3,Weekday,1400,2-Car,No injury/unknown,UNSAFE BACKING,1302 EAST THIRD (EAST LOT) ST & 3RD,39.15612519,-86.53240426
2010,3,1,Weekend,300,2-Car,No injury/unknown,IMPROPER LANE USAGE,KIRKWOOD & S COLLEGE AVE,39.15602502,-86.53488
2010,6,4,Weekday,400,1-Car,No injury/unknown,RAN OFF ROAD RIGHT,ALLEN ST,39.15602024,-86.55525412
2010,11,7,Weekend,0,2-Car,No injury/unknown,UNSAFE BACKING,BASSWOOD DR,39.156014,-86.571607
2010,1,6,Weekday,800,2-Car,No injury/unknown,FAILURE TO YIELD RIGHT OF WAY,ADAMS HILL & S ADAMS ST,39.155952,-86.550592
2010,8,7,Weekend,1100,2-Car,No injury/unknown,UNSAFE LANE MOVEMENT,S ADAMS & W ALLEN ST,39.155952,-86.550592
2010,12,5,Weekday,1200,2-Car,Non-incapacitating,FAILURE TO YIELD RIGHT OF WAY,S ADAMS & W ALLEN ST,39.155952,-86.550592
2010,1,7,Weekend,1600,2-Car,No injury/unknown,OTHER (DRIVER) - EXPLAIN IN NARRATIVE,ADAMS & ALLEN ST,39.15591038,-86.54988849
2010,11,2,Weekday,1100,2-Car,No injury/unknown,OTHER (DRIVER) - EXPLAIN IN NARRATIVE,ALLEN ST & RANSOM,39.15589674,-86.55369471
2010,4,6,Weekday,1300,1-Car,No injury/unknown,BRAKE FAILURE OR DEFECTIVE,WEST ALLEN ST,39.155809,-86.549419
2010,9,7,Weekend,1000,2-Car,No injury/unknown,OTHER (DRIVER) - EXPLAIN IN NARRATIVE,HEARTWOOD CT,39.155806,-86.570032
2010,1,5,Weekday,800,2-Car,No injury/unknown,FAILURE TO YIELD RIGHT OF WAY,ALLEN ST & ROGERS,39.155776,-86.538592
2010,4,2,Weekday,200,2-Car,No injury/unknown,UNSAFE BACKING,ALLEN ST,39.155734,-86.547484
2010,3,3,Weekday,1700,2-Car,No injury/unknown,FOLLOWING TOO CLOSELY,SHADELAND & WEST BLOOMFIELD RD,39.15572257,-86.56204045
2010,1,4,Weekday,1300,2-Car,No injury/unknown,FAILURE TO YIELD RIGHT OF WAY,SHADELAND & W BLOOMFIELD RD,39.15571,-86.56208
2010,8,5,Weekday,1200,2-Car,No injury/unknown,FAILURE TO YIELD RIGHT OF WAY,ALLEN & WASHINGTON ST,39.155664,-86.5324
2010,2,7,Weekend,1300,2-Car,No injury/unknown,FAILURE TO YIELD RIGHT OF WAY,COLLEGE MALL RD & EAST 2ND,39.15565327,-86.49772
2010,3,5,Weekday,300,1-Car,Incapacitating,OTHER (DRIVER) - EXPLAIN IN NARRATIVE,ALLEN ST & PATTERSON,39.15564402,-86.54331207
2010,2,7,Weekend,1100,2-Car,No injury/unknown,FOLLOWING TOO CLOSELY,ALLEN & PATERSON ST,39.15563,-86.54331
2010,7,4,Weekday,1700,Moped/Motorcycle,Non-incapacitating,RAN OFF ROAD RIGHT,ALLEN & PATTERSON AVE,39.15563,-86.54331
2010,3,6,Weekday,1300,Cyclist,No injury/unknown,FAILURE TO YIELD RIGHT OF WAY,ALLEN & SOUTH WALNUT ST,39.1556,-86.53368
2010,4,1,Weekend,200,2-Car,No injury/unknown,DISREGARD SIGNAL/REG SIGN,ALDER & BASSWOOD DR,39.15559621,-86.57212864
2010,6,5,Weekday,1600,2-Car,No injury/unknown,FAILURE TO YIELD RIGHT OF WAY,S WALNUT ST,39.15551576,-86.5336
2010,4,6,Weekend,1900,2-Car,No injury/unknown,UNSAFE BACKING,W BLOOMFIELD RD,39.15544,-86.5625
2010,9,2,Weekday,0,2-Car,No injury/unknown,IMPROPER TURNING,S WALNUT ST,39.15538351,-86.5336
2010,11,2,Weekday,1500,2-Car,No injury/unknown,IMPROPER LANE USAGE,JORDAN AVE & SOUTHDOWNS,39.155344,-86.5152
2010,6,1,Weekday,2300,2-Car,No injury/unknown,,COPPER BEECH WAY WAY,39.155205,-86.571662
2010,2,5,Weekday,600,2-Car,No injury/unknown,FOLLOWING TOO CLOSELY,COLLEGE MALL RD & E COVENATOR,39.15518,-86.49774
2010,4,6,Weekend,2300,2-Car,Non-incapacitating,FAILURE TO YIELD RIGHT OF WAY,COLLEGE MALL RD & COVENATER,39.15518,-86.49774
2010,8,7,Weekend,1500,Pedestrian,Non-incapacitating,OTHER (DRIVER) - EXPLAIN IN NARRATIVE,COLLEGE MALL RD & COVENANTER,39.15518,-86.49774
2010,12,7,Weekend,2100,1-Car,No injury/unknown,RAN OFF ROAD RIGHT,COLLEGE MALL RD & COVENANTER,39.15518,-86.49774
2010,5,5,Weekday,2100,2-Car,No injury/unknown,FAILURE TO YIELD RIGHT OF WAY,1200 S COLLEGE MALL RD & E COVENANTER,39.15514883,-86.4977752
2010,6,7,Weekend,2300,2-Car,No injury/unknown,FAILURE TO YIELD RIGHT OF WAY,AUTO MALL & COVENANTER DR,39.15506004,-86.49614278
2010,11,7,Weekend,2300,2-Car,No injury/unknown,FOLLOWING TOO CLOSELY,E COVENANTER DR & S AUTO MALL,39.15506004,-86.49614278
2010,9,2,Weekday,1600,2-Car,No injury/unknown,DISREGARD SIGNAL/REG SIGN,AUTO MALL & COVENANTER DR,39.15503,-86.49611
2010,10,5,Weekday,1500,2-Car,No injury/unknown,DISREGARD SIGNAL/REG SIGN,AUTO MALL RD & COVENATER,39.15503,-86.49611
2010,3,7,Weekend,1700,3+ Cars,No injury/unknown,OTHER (DRIVER) - EXPLAIN IN NARRATIVE,BLOOMFIELD RD & ROLLING RIDGE,39.15496,-86.56323
2010,4,6,Weekday,1000,2-Car,No injury/unknown,OTHER (DRIVER) - EXPLAIN IN NARRATIVE,S CLARIZZ BLVD,39.15494,-86.490859
2010,4,1,Weekend,600,1-Car,No injury/unknown,BRAKE FAILURE OR DEFECTIVE,E COVENANTER DR,39.15455,-86.493197
2010,3,4,Weekday,2200,1-Car,No injury/unknown,RAN OFF ROAD RIGHT,APPLE TREE & WEST GIFFORD RD,39.15441,-86.58834329
2010,8,2,Weekday,1500,2-Car,No injury/unknown,UNSAFE BACKING,S COLLEGE MALL RD,39.15439708,-86.49787305
2010,9,5,Weekday,100,1-Car,No injury/unknown,ANIMAL/OBJECT IN ROADWAY,FRIENDSHIP & SR46W,39.154352,-86.39740027
2010,1,2,Weekday,1700,2-Car,No injury/unknown,FOLLOWING TOO CLOSELY,DAVIS & WALNUT ST,39.154352,-86.5336
2010,10,3,Weekday,1300,Cyclist,Non-incapacitating,FAILURE TO YIELD RIGHT OF WAY,DAVIS ST & WALNUT,39.154352,-86.5336
2010,12,6,Weekday,1500,2-Car,Non-incapacitating,FOLLOWING TOO CLOSELY,DAVIS & WALNUT ST,39.154352,-86.5336
2010,2,6,Weekend,2300,Bus,No injury/unknown,UNSAFE BACKING,GREENLEAF DR,39.154286,-86.572499
2010,4,5,Weekday,2100,2-Car,Non-incapacitating,FOLLOWING TOO CLOSELY,W BLOOMFIELD RD & WEIMER,39.154272,-86.564176
2010,7,4,Weekday,900,2-Car,No injury/unknown,OTHER (DRIVER) - EXPLAIN IN NARRATIVE,BLOOMFIELD RD & WEIMER,39.154272,-86.564176
2010,4,2,Weekday,1500,2-Car,No injury/unknown,UNSAFE BACKING,COLLEGE MALL RD,39.154261,-86.497703
2010,11,5,Weekday,1600,2-Car,Non-incapacitating,FOLLOWING TOO CLOSELY,BLOOMFIELD RD & WEIMER,39.15424,-86.56435
2010,6,4,Weekday,1600,2-Car,No injury/unknown,FOLLOWING TOO CLOSELY,BLOOMFIELD RD & WEIMER,39.15418911,-86.56431663
2010,8,3,Weekday,1700,2-Car,No injury/unknown,DRIVER DISTRACTED - EXPLAIN IN NARRATIVE,BLOOMFIELD RD & S WEIMER,39.15414767,-86.56438695
2010,1,1,Weekend,1600,2-Car,No injury/unknown,,S COLLEGE MALL RD,39.15412578,-86.49786768
2010,4,6,Weekday,1300,2-Car,No injury/unknown,OTHER (DRIVER) - EXPLAIN IN NARRATIVE,S COLLEGE MALL RD,39.15412578,-86.49786768
2010,5,3,Weekday,1500,2-Car,No injury/unknown,,S COLLEGE MALL RD,39.15412578,-86.49786768
2010,8,6,Weekday,1800,2-Car,No injury/unknown,FAILURE TO YIELD RIGHT OF WAY,S COLLEGE MALL RD,39.15412578,-86.49786768
2010,8,3,Weekday,1600,2-Car,No injury/unknown,UNSAFE BACKING,S COLLEGE MALL RD,39.15412578,-86.49786768
2010,11,4,Weekday,1400,2-Car,No injury/unknown,IMPROPER PASSING,S COLLEGE MALL RD,39.15412578,-86.49786768
2010,12,4,Weekday,1500,2-Car,Non-incapacitating,FOLLOWING TOO CLOSELY,LIBERTY DR & THIRD,39.15402396,-86.57913641
2010,1,6,Weekday,1100,2-Car,No injury/unknown,UNSAFE BACKING,BLOOMFIELD RD,39.153996,-86.564756