Year,Month,Day,Weekend?,Hour,Collision Type,Injury Type,Primary Factor,Reported_Location,Latitude,Longitude
2010,8,1,Weekend,1500,2-Car,No injury/unknown,OTHER (DRIVER) - EXPLAIN IN NARRATIVE,BLOOMFIELD RD,39.153996,-86.564756
2010,12,6,Weekend,1900,1-Car,No injury/unknown,RAN OFF ROAD RIGHT,BASSWOOD & GREEN LEAF CT,39.15396,-86.57251
2010,4,2,Weekday,1700,1-Car,No injury/unknown,RAN OFF ROAD RIGHT,46 & FRIENDSHIP RD RD,39.153856,-86.406688
2010,4,1,Weekend,1200,2-Car,No injury/unknown,FAILURE TO YIELD RIGHT OF WAY,FRIENDSHIP & SR46E,39.153856,-86.406688
2010,1,5,Weekday,1400,Bus,No injury/unknown,SPEED TOO FAST FOR WEATHER CONDITIONS,PATTERSON DR & ROGERS,39.15379,-86.53874135
2010,3,4,Weekday,500,2-Car,Non-incapacitating,DISREGARD SIGNAL/REG SIGN,PATTERSON & ROGERS ST,39.15379,-86.53875
2010,6,3,Weekday,900,2-Car,No injury/unknown,FAILURE TO YIELD RIGHT OF WAY,PATTERSON & ROGERS ST,39.15379,-86.53875
2010,8,6,Weekday,1700,2-Car,No injury/unknown,DISREGARD SIGNAL/REG SIGN,PATTERSON & ROGERS ST,39.15379,-86.53875
2010,10,7,Weekend,1100,2-Car,Non-incapacitating,DISREGARD SIGNAL/REG SIGN,PATTERSON & ROGERS ST,39.15379,-86.53875
2010,3,4,Weekday,1700,Cyclist,No injury/unknown,FAILURE TO YIELD RIGHT OF WAY,PATTERSON & ROGERS ST,39.15375889,-86.53875633
2010,3,7,Weekend,2200,1-Car,No injury/unknown,RAN OFF ROAD RIGHT,E COVENANTER DR & HIGH,39.15363,-86.50844
2010,2,3,Weekday,1200,2-Car,No injury/unknown,IMPROPER PASSING,CURRY PIKE & W HERITAGE,39.153504,-86.58272
2010,11,5,Weekday,900,2-Car,No injury/unknown,OTHER (DRIVER) - EXPLAIN IN NARRATIVE,E COVENANTER DR,39.15346519,-86.49106112
2010,8,2,Weekday,1600,2-Car,No injury/unknown,OTHER (DRIVER) - EXPLAIN IN NARRATIVE,GRIMES LN & WALNUT,39.15344,-86.53430551
2010,1,7,Weekend,1500,1-Car,Non-incapacitating,OTHER (DRIVER) - EXPLAIN IN NARRATIVE,GRIMES ST & WALNUT,39.15344,-86.5336
2010,3,5,Weekday,2000,2-Car,No injury/unknown,FOLLOWING TOO CLOSELY,GRIMES LN & WALNUT,39.15344,-86.5336
2010,8,3,Weekday,1400,2-Car,Non-incapacitating,DISREGARD SIGNAL/REG SIGN,GRIMES & S WALNUT ST,39.15344,-86.5336
2010,9,4,Weekday,1200,2-Car,No injury/unknown,FAILURE TO YIELD RIGHT OF WAY,E GRIMES LN & S GRANT,39.153408,-86.530048
2010,7,6,Weekday,1700,2-Car,Non-incapacitating,DRIVER DISTRACTED - EXPLAIN IN NARRATIVE,GRIMES LN & MORTON,39.15337,-86.53637
2010,3,3,Weekday,800,3+ Cars,Non-incapacitating,FOLLOWING TOO CLOSELY,MORTON ST & PATTERSON DR DR,39.15336361,-86.53618455
2010,2,6,Weekday,1600,2-Car,No injury/unknown,FOLLOWING TOO CLOSELY,GRIMES & S WALNUT ST,39.15335,-86.53371
2010,5,6,Weekday,100,1-Car,No injury/unknown,ANIMAL/OBJECT IN ROADWAY,GRIMES LN & WALNUT,39.15335,-86.53371
2010,7,3,Weekday,1700,Cyclist,Non-incapacitating,OTHER (DRIVER) - EXPLAIN IN NARRATIVE,GRIMES LN & WALNUT,39.15335,-86.53370135
2010,10,1,Weekend,1000,Cyclist,No injury/unknown,FAILURE TO YIELD RIGHT OF WAY,E GRIMES & S WALNUT ST,39.15335,-86.53371
2010,11,5,Weekday,1200,2-Car,Non-incapacitating,DISREGARD SIGNAL/REG SIGN,E GRIMES & SO WALNUT ST,39.15335,-86.53371
2010,9,4,Weekday,1500,2-Car,Non-incapacitating,DISREGARD SIGNAL/REG SIGN,GRIMES LN & WASHINGTON,39.153332,-86.53248622
2010,11,7,Weekend,1800,2-Car,No injury/unknown,FOLLOWING TOO CLOSELY,S WALNUT & W GRIMES LN,39.153332,-86.53368833
2010,4,6,Weekday,1300,2-Car,No injury/unknown,DISREGARD SIGNAL/REG SIGN,GRIMES LN & HENDERSON,39.1533,-86.52697
2010,4,1,Weekend,1800,2-Car,No injury/unknown,DISREGARD SIGNAL/REG SIGN,GRIMES ST & HENDERSON,39.1533,-86.52697
2010,9,5,Weekday,1000,2-Car,No injury/unknown,DISREGARD SIGNAL/REG SIGN,GRIMES & HENDERSON ST,39.1533,-86.52697
2010,12,5,Weekday,1400,2-Car,No injury/unknown,IMPROPER TURNING,1210 S WALNUT ST ST,39.15326,-86.533708
2010,11,2,Weekday,1700,Moped/Motorcycle,Non-incapacitating,FAILURE TO YIELD RIGHT OF WAY,GRIMES & WALNUT ST,39.15316534,-86.5336
2010,8,3,Weekday,2100,1-Car,No injury/unknown,ANIMAL/OBJECT IN ROADWAY,MOORES & SR446S,39.15309816,-86.4713557
2010,12,4,Weekday,700,2-Car,Non-incapacitating,FOLLOWING TOO CLOSELY,HOOSIER & WALNUT ST,39.1530711,-86.53145486
2010,10,6,Weekday,1800,2-Car,No injury/unknown,UNSAFE BACKING,S COLLEGE MALL RD,39.153042,-86.497675
2010,1,6,Weekday,1500,3+ Cars,No injury/unknown,UNSAFE LANE MOVEMENT,GRIMES & WALNUT ST,39.15302802,-86.5336
2010,6,7,Weekend,1400,Moped/Motorcycle,Non-incapacitating,ANIMAL/OBJECT IN ROADWAY,BRUMMETTS CREEK & SR46E,39.15285526,-86.39266882
2010,7,6,Weekday,1400,3+ Cars,No injury/unknown,FOLLOWING TOO CLOSELY,SR37S,39.15270883,-86.573301
2010,11,2,Weekday,2100,1-Car,No injury/unknown,RAN OFF ROAD RIGHT,N SEWELL & SR46E,39.15265601,-86.37531057
2010,2,6,Weekend,2000,1-Car,No injury/unknown,ANIMAL/OBJECT IN ROADWAY,BROWN COUNTY LINE & SR46E,39.15263532,-86.37113666
2010,5,3,Weekday,100,1-Car,Non-incapacitating,DRIVER ASLEEP OR FATIGUED,BROWN COUNTY LINE & SR46E,39.15263532,-86.3710071
2010,5,2,Weekday,1900,1-Car,No injury/unknown,SPEED TOO FAST FOR WEATHER CONDITIONS,BROWN COUNTY LINE & SR46,39.15263532,-86.37111075
2010,11,4,Weekday,800,1-Car,No injury/unknown,ANIMAL/OBJECT IN ROADWAY,BROWN COUNTY LINE & SR46E,39.15263532,-86.37122294
2010,6,3,Weekday,1900,1-Car,No injury/unknown,ROADWAY SURFACE CONDITION,SR46 & SR46E,39.15262462,-86.36984156
2010,12,4,Weekday,600,1-Car,No injury/unknown,RAN OFF ROAD RIGHT,CURRY PIKE & S R 45 WEST,39.15251833,-86.58259
2010,12,4,Weekday,1600,2-Car,No injury/unknown,OTHER (DRIVER) - EXPLAIN IN NARRATIVE,SR46W & STATE ROAD 46,39.15248164,-86.40043817
2010,8,6,Weekday,1700,2-Car,No injury/unknown,FAILURE TO YIELD RIGHT OF WAY,ATWATER & HIGH ST,39.15247392,-86.50843029
2010,9,7,Weekend,1100,2-Car,No injury/unknown,FAILURE TO YIELD RIGHT OF WAY,CLARIZZ BLVD & COVENANTER,39.15247,-86.49052
2010,8,3,Weekday,1800,2-Car,No injury/unknown,UNSAFE BACKING,S COLLEGE MALL RD,39.15242321,-86.49790789
2010,1,2,Weekday,1500,2-Car,Non-incapacitating,FAILURE TO YIELD RIGHT OF WAY,DRISCOLL DR & HENDERSON,39.15242,-86.52693404
2010,10,2,Weekday,1500,2-Car,No injury/unknown,FAILURE TO YIELD RIGHT OF WAY,CURRY PIKE & SIERRA,39.1524,-86.582704
2010,9,4,Weekday,1700,2-Car,Non-incapacitating,FOLLOWING TOO CLOSELY,E 11TH & N WALNUT ST,39.15212643,-86.53359
2010,11,6,Weekend,1900,3+ Cars,No injury/unknown,UNSAFE SPEED,S COLLEGE MALL RD,39.152116,-86.497669
2010,12,6,Weekday,1100,2-Car,No injury/unknown,LEFT OF CENTER,SR46E & WOODVIEW,39.152,-86.3812
2010,12,3,Weekday,300,1-Car,No injury/unknown,ANIMAL/OBJECT IN ROADWAY,SR46E & WOODVIEW,39.152,-86.3812
2010,10,3,Weekday,300,1-Car,Non-incapacitating,LEFT OF CENTER,BRENDA & HENDERSON ST,39.151952,-86.526976
2010,8,7,Weekend,1300,1-Car,Non-incapacitating,RAN OFF ROAD RIGHT,SR46E & WOODVIEW DRIVE,39.15194547,-86.3812363
2010,10,3,Weekday,1500,Bus,No injury/unknown,OTHER (DRIVER) - EXPLAIN IN NARRATIVE,S ROGERS ST & W WILSON,39.151744,-86.538592
2010,5,5,Weekday,900,Moped/Motorcycle,Non-incapacitating,OTHER (DRIVER) - EXPLAIN IN NARRATIVE,S ROGERS ST,39.15165388,-86.538592
2010,11,6,Weekend,2300,1-Car,No injury/unknown,ANIMAL/OBJECT IN ROADWAY,BRUMMETTS CREEK & SR46E,39.15149282,-86.38852851
2010,4,5,Weekday,300,2-Car,No injury/unknown,FAILURE TO YIELD RIGHT OF WAY,WASHINGTON ST & WILSON,39.15148,-86.53251
2010,11,5,Weekday,1800,1-Car,No injury/unknown,DRIVER ASLEEP OR FATIGUED,BRUMMETTS CREEK & SR46E,39.151456,-86.38606101
2010,3,1,Weekend,1000,2-Car,No injury/unknown,OTHER (DRIVER) - EXPLAIN IN NARRATIVE,S WALNUT ST,39.15137763,-86.5336
2010,2,3,Weekday,1500,1-Car,No injury/unknown,OVERCORRECTING/OVERSTEERING,ENDWRIGHT & GIFFORD RD,39.15135006,-86.59728184
2010,1,2,Weekday,1800,2-Car,No injury/unknown,FOLLOWING TOO CLOSELY,CONSTITUTION AVE & CURRY PIKE,39.15127,-86.58262
2010,2,2,Weekday,900,2-Car,No injury/unknown,GLARE,CONSTITUTION AVE & CURRY,39.15127,-86.58262
2010,1,3,Weekday,1100,2-Car,No injury/unknown,FAILURE TO YIELD RIGHT OF WAY,CONSTITUTION & LIBERTY DR,39.1512,-86.57687
2010,7,1,Weekend,1800,2-Car,Non-incapacitating,BRAKE FAILURE OR DEFECTIVE,S LIBERTY DR & W CONSTITUTION,39.1512,-86.57687
2010,3,5,Weekday,2000,2-Car,No injury/unknown,OTHER (DRIVER) - EXPLAIN IN NARRATIVE,S CLARIZZ BLVD,39.15089362,-86.49123871
2010,12,5,Weekday,1400,1-Car,Non-incapacitating,RAN OFF ROAD RIGHT,BLOOMFIELD & SR37S,39.1508903,-86.57304073
2010,1,6,Weekday,1000,2-Car,No injury/unknown,OTHER (DRIVER) - EXPLAIN IN NARRATIVE,SO CLARIZZ BLVD,39.150846,-86.491271
2010,2,6,Weekday,800,2-Car,No injury/unknown,UNSAFE BACKING,CLARIZZ BLVD,39.150846,-86.491271
2010,2,7,Weekend,1700,2-Car,No injury/unknown,UNSAFE BACKING,S CLARIZZ BLVD,39.150846,-86.491271
2010,4,7,Weekend,1500,2-Car,No injury/unknown,,S CLARIZZ BLVD,39.150846,-86.491271
2010,4,3,Weekday,2100,2-Car,No injury/unknown,,S CLARIZZ BLVD,39.150846,-86.491271
2010,8,2,Weekday,1300,2-Car,Non-incapacitating,IMPROPER PASSING,1150 CLARIZZ BLVD BLVD,39.150846,-86.491271
2010,8,2,Weekday,1100,2-Car,Non-incapacitating,DRIVER DISTRACTED - EXPLAIN IN NARRATIVE,SR 45 & SR37S,39.15067338,-86.57320781
2010,1,2,Weekday,1400,2-Car,No injury/unknown,FAILURE TO YIELD RIGHT OF WAY,HENDERSON & HILLSIDE DR,39.15064,-86.52696
2010,2,4,Weekday,2200,2-Car,No injury/unknown,FOLLOWING TOO CLOSELY,HENDERSON & HILLSIDE ST,39.15064,-86.52696
2010,4,5,Weekday,800,2-Car,No injury/unknown,DISREGARD SIGNAL/REG SIGN,HENDERSON & HILLSIDE DR,39.15064,-86.52696
2010,12,5,Weekday,2300,2-Car,Non-incapacitating,FOLLOWING TOO CLOSELY,HENDERSON & HILLSIDE DR,39.15064,-86.52696
2010,10,4,Weekday,2300,2-Car,No injury/unknown,UNSAFE BACKING,HILLSIDE & SOUTH MAXWELL ST,39.150576,-86.515088
2010,8,2,Weekday,1700,1-Car,Non-incapacitating,OVERCORRECTING/OVERSTEERING,HILLSIDE DR & WASHINGTON,39.15056,-86.5324
2010,9,5,Weekday,1900,2-Car,No injury/unknown,FOLLOWING TOO CLOSELY,EAST HILLSIDE AVE & SOUTH HENDERSON,39.15056,-86.52691
2010,5,6,Weekday,1700,2-Car,Non-incapacitating,FOLLOWING TOO CLOSELY,HILLSIDE DR & THORNTON,39.15055147,-86.5188092
2010,2,5,Weekday,700,2-Car,No injury/unknown,LEFT OF CENTER,E CAPE COD & E MOORES PIKE,39.150544,-86.506784
2010,7,7,Weekend,1600,2-Car,Non-incapacitating,FAILURE TO YIELD RIGHT OF WAY,HILLSIDE & S WALNUT ST,39.150544,-86.5336
2010,8,7,Weekend,1000,2-Car,No injury/unknown,FOLLOWING TOO CLOSELY,HILLSIDE DR & NANCY,39.150544,-86.511088
2010,9,5,Weekday,900,2-Car,Non-incapacitating,DRIVER DISTRACTED - EXPLAIN IN NARRATIVE,HILLSIDE & S WALNUT ST,39.150544,-86.5336
2010,10,4,Weekday,1500,2-Car,No injury/unknown,FOLLOWING TOO CLOSELY,E HILLSIDE DR & S DORCHESTER,39.150544,-86.512592
2010,10,7,Weekend,500,1-Car,No injury/unknown,ANIMAL/OBJECT IN ROADWAY,MOORES PIKE & VALLEY FORGE,39.150544,-86.502992
2010,6,5,Weekday,1600,2-Car,Non-incapacitating,FAILURE TO YIELD RIGHT OF WAY,HILLSDIE DR & PARK,39.15054,-86.52373
2010,6,6,Weekday,300,2-Car,Incapacitating,FAILURE TO YIELD RIGHT OF WAY,FARMER & S CURRY PIKE,39.15054,-86.58262
2010,4,2,Weekday,1800,2-Car,No injury/unknown,FAILURE TO YIELD RIGHT OF WAY,HILLSIDE DR & WODDLAWN,39.15053,-86.52262
2010,9,5,Weekday,1300,2-Car,Non-incapacitating,FOLLOWING TOO CLOSELY,HILLSIDE DR & WOODLAWN,39.15053,-86.52262
2010,10,6,Weekday,1700,2-Car,No injury/unknown,DRIVER DISTRACTED - EXPLAIN IN NARRATIVE,E HILLSIDE AVE & S WOODLAWN,39.15053,-86.52262
2010,8,4,Weekday,2300,2-Car,No injury/unknown,FAILURE TO YIELD RIGHT OF WAY,HILLSIDE & S WALNUT ST,39.15052,-86.53367
2010,5,1,Weekend,100,2-Car,No injury/unknown,UNSAFE BACKING,2ND & HIGHLAND AVE,39.15049712,-86.51771252
2010,2,6,Weekday,1800,2-Car,No injury/unknown,FOLLOWING TOO CLOSELY,COLLEGE MALL & MOORES PIKE,39.15048,-86.49825
2010,3,4,Weekday,200,1-Car,No injury/unknown,RAN OFF ROAD RIGHT,E MOORES & S COLLEGE MALL RD,39.15048,-86.49825
2010,5,5,Weekday,1500,2-Car,No injury/unknown,FOLLOWING TOO CLOSELY,E MOORES PIKE & S COLLEGE MALL,39.15048,-86.49825
2010,6,3,Weekday,1100,2-Car,No injury/unknown,UNSAFE LANE MOVEMENT,COLLEGE MALL RD & MOORES,39.15048,-86.49825
2010,8,2,Weekday,1400,3+ Cars,Non-incapacitating,DRIVER DISTRACTED - EXPLAIN IN NARRATIVE,HIGH & HILLSIDE DR,39.15048,-86.5084573
2010,10,2,Weekday,800,2-Car,No injury/unknown,OTHER (DRIVER) - EXPLAIN IN NARRATIVE,HIGH & HILLSIDE ST,39.15048,-86.50844
2010,11,5,Weekday,900,2-Car,No injury/unknown,FOLLOWING TOO CLOSELY,COLLEGE MALL & MOORES PIKE,39.150448,-86.498
2010,12,6,Weekday,1400,2-Car,No injury/unknown,FOLLOWING TOO CLOSELY,E MOORES & S COLLEGE MALL RD,39.150448,-86.498
2010,8,4,Weekday,1300,2-Car,No injury/unknown,FOLLOWING TOO CLOSELY,10TH & SR46N,39.15040231,-86.50224214
2010,2,6,Weekday,800,2-Car,No injury/unknown,FOLLOWING TOO CLOSELY,AIRPORT & SR45W,39.13726573,-86.59309224
2010,4,5,Weekday,1600,2-Car,No injury/unknown,OTHER (DRIVER) - EXPLAIN IN NARRATIVE,E MOORES PIKE & SR446S,39.150352,-86.471296
2010,6,7,Weekend,1800,1-Car,No injury/unknown,ANIMAL/OBJECT IN ROADWAY,446 STATE & LAMPKINS RIDGE RD,39.15035,-86.47156294
2010,1,1,Weekend,1400,2-Car,Non-incapacitating,FAILURE TO YIELD RIGHT OF WAY,CLARIZZ & EAST MOORES PIKE,39.15034,-86.49132
2010,8,2,Weekday,1400,2-Car,Non-incapacitating,FOLLOWING TOO CLOSELY,E MOORES & S CLARIZZ BLVD,39.15034,-86.49132
2010,12,4,Weekday,0,2-Car,No injury/unknown,,S MADISON ST & W ALLEN,39.15033399,-86.53751
2010,7,5,Weekday,1200,2-Car,Non-incapacitating,FOLLOWING TOO CLOSELY,MOORES PIKE & SR446S,39.15031306,-86.47140384
2010,1,4,Weekday,1400,2-Car,Non-incapacitating,FAILURE TO YIELD RIGHT OF WAY,E MOORES PIKE & SMITH,39.150224,-86.480464
2010,9,7,Weekend,500,1-Car,No injury/unknown,ANIMAL/OBJECT IN ROADWAY,MOORES & SOUTH SMITH RD,39.150224,-86.480464
2010,1,4,Weekday,1000,2-Car,No injury/unknown,IMPROPER PASSING,MOORES PIKE & SMITH,39.15022,-86.4804453
2010,5,6,Weekday,0,1-Car,Non-incapacitating,RAN OFF ROAD RIGHT,FENBROOK & MOORES PIKE,39.15022,-86.48726
2010,7,6,Weekday,1800,2-Car,Non-incapacitating,DISREGARD SIGNAL/REG SIGN,MOORES & SMITH RDS,39.15022,-86.48046
2010,11,3,Weekday,800,1-Car,No injury/unknown,ROADWAY SURFACE CONDITION,MOORES PIKE & OLCOTT,39.15016621,-86.48497542
2010,11,6,Weekday,700,2-Car,No injury/unknown,FAILURE TO YIELD RIGHT OF WAY,MOORES PKWY & RENWICK,39.150145,-86.501045
2010,12,2,Weekday,1600,2-Car,No injury/unknown,FAILURE TO YIELD RIGHT OF WAY,E MOORES & S RENWICK BLVD,39.150145,-86.501045
2010,6,5,Weekday,1100,Cyclist,Non-incapacitating,FAILURE TO YIELD RIGHT OF WAY,SOUTHERN & WALNUT ST,39.14984,-86.533392
2010,10,7,Weekend,1800,2-Car,Non-incapacitating,FOLLOWING TOO CLOSELY,S WALNUT ST & SOUTHERN,39.14984,-86.533392
2010,8,3,Weekday,1800,3+ Cars,No injury/unknown,UNSAFE SPEED,BUTTONWOOD & SARE RD,39.14982258,-86.49657308
2010,12,3,Weekday,1600,2-Car,No injury/unknown,IMPROPER TURNING,S WALNUT ST,39.14982139,-86.53338645
2010,1,1,Weekend,600,1-Car,Non-incapacitating,RAN OFF ROAD RIGHT,HILLSIDE & ROGERS ST,39.14981603,-86.538592
2010,3,1,Weekend,1500,Moped/Motorcycle,Non-incapacitating,OTHER (DRIVER) - EXPLAIN IN NARRATIVE,HILLSIDE & ROGERS ST,39.14981603,-86.538592
2010,1,2,Weekday,1200,2-Car,No injury/unknown,DISREGARD SIGNAL/REG SIGN,BASSWOOD & BLOOMFIELD RD,39.14979055,-86.56891162
2010,2,6,Weekend,2000,2-Car,Non-incapacitating,SPEED TOO FAST FOR WEATHER CONDITIONS,BASSWOOD & BLOOMFIELD RD,39.14979055,-86.56886833
2010,3,6,Weekday,800,2-Car,No injury/unknown,OTHER (DRIVER) - EXPLAIN IN NARRATIVE,BASSWOOD DR & BLOOMFIELD,39.14979055,-86.56891162
2010,4,7,Weekend,900,2-Car,No injury/unknown,FOLLOWING TOO CLOSELY,BASSWOOD & BLOOMFIELD RD,39.14979055,-86.56891162
2010,4,7,Weekend,2200,2-Car,No injury/unknown,FOLLOWING TOO CLOSELY,BLOOMFIELD RD & OAKDALE,39.14979055,-86.56891162
2010,6,6,Weekday,1700,3+ Cars,No injury/unknown,FOLLOWING TOO CLOSELY,BASSWOOD & BLOOMFIELD RD,39.14979055,-86.56886833
2010,6,4,Weekday,1500,2-Car,Non-incapacitating,FOLLOWING TOO CLOSELY,BASSWOOD & W BLOOMFIELD RD,39.14979055,-86.56891162
2010,12,1,Weekend,1500,2-Car,No injury/unknown,SPEED TOO FAST FOR WEATHER CONDITIONS,S BASSWOOD DR & W BLOOMFIELD,39.14979055,-86.56890296
2010,4,3,Weekday,800,Bus,Non-incapacitating,DRIVER DISTRACTED - EXPLAIN IN NARRATIVE,BLOOMFIELD RD & OAKDALE,39.14978,-86.56889
2010,4,6,Weekend,2300,1-Car,Non-incapacitating,RAN OFF ROAD RIGHT,OAKDALE DR & SR45,39.14974026,-86.56882167
2010,1,3,Weekday,1100,2-Car,Non-incapacitating,LEFT OF CENTER,CONSTITUTION AVE & LIBERTY DR DR,39.149552,-86.575936
2010,9,7,Weekend,1100,2-Car,Non-incapacitating,UNSAFE SPEED,S LIBERTY DR & W CONSTITUTION,39.149552,-86.575936
2010,10,3,Weekday,1300,2-Car,No injury/unknown,IMPROPER PASSING,CONSTITUTION & LIBERTY DR,39.149552,-86.575936
2010,10,3,Weekday,100,Moped/Motorcycle,No injury/unknown,OTHER (DRIVER) - EXPLAIN IN NARRATIVE,CONSTITUTION AVE,39.149488,-86.57816
2010,10,2,Weekday,800,2-Car,Non-incapacitating,LEFT OF CENTER,S BASSWOOD & S BASSWOOD DR,39.149456,-86.57024
2010,5,2,Weekday,1900,1-Car,No injury/unknown,OTHER (VEHICLE) - EXPLAIN IN NARRATIVE,W BLOOMFIELD RD,39.14936,-86.57008
2010,11,3,Weekday,1000,3+ Cars,No injury/unknown,OTHER (DRIVER) - EXPLAIN IN NARRATIVE,BLOOMFIELD RD,39.14936,-86.57008
2010,3,5,Weekday,1200,2-Car,Non-incapacitating,DRIVER DISTRACTED - EXPLAIN IN NARRATIVE,CONSTITUTION & LIBERTY DR,39.14919945,-86.57658935
2010,2,2,Weekday,1700,2-Car,Non-incapacitating,FOLLOWING TOO CLOSELY,OAKDALE & SR45E,39.14916616,-86.56983018
2010,7,1,Weekend,1400,1-Car,Fatal,RAN OFF ROAD RIGHT,BEASELY & S CURRY PIKE,39.149152,-86.582704
2010,7,4,Weekday,1600,2-Car,No injury/unknown,FAILURE TO YIELD RIGHT OF WAY,VERMILYA & WALNUT ST,39.14906177,-86.5331599
2010,3,3,Weekday,1800,2-Car,No injury/unknown,FOLLOWING TOO CLOSELY,VERMILYA & WALNUT ST,39.14895044,-86.53325803
2010,7,5,Weekday,1800,2-Car,No injury/unknown,FOLLOWING TOO CLOSELY,VERMILYA & WALNUT ST,39.14892,-86.53324
2010,4,3,Weekday,1400,2-Car,Non-incapacitating,FAILURE TO YIELD RIGHT OF WAY,1ST & FAIRVIEW ST,39.14884696,-86.54104
2010,10,7,Weekend,1300,2-Car,No injury/unknown,IMPROPER LANE USAGE,BLOOMFIELD RD & OAKDALE,39.1487068,-86.57121991
2010,11,6,Weekday,1600,3+ Cars,No injury/unknown,BRAKE FAILURE OR DEFECTIVE,37 & SR45W,39.1485559,-86.57300284
2010,4,5,Weekday,1700,1-Car,No injury/unknown,RAN OFF ROAD RIGHT,EAST LAMPKINS RIDGE RD,39.148555,-86.453042
2010,3,3,Weekday,2000,2-Car,No injury/unknown,FAILURE TO YIELD RIGHT OF WAY,BLOOMFIELD RD & OAKDALE,39.148544,-86.571504
2010,12,1,Weekend,1500,1-Car,No injury/unknown,SPEED TOO FAST FOR WEATHER CONDITIONS,E CHAUDION & S OLCOTT BLVD,39.14853,-86.48439
2010,7,6,Weekday,1200,2-Car,No injury/unknown,FOLLOWING TOO CLOSELY,PATTERSON & S ROGERS ST,39.14850424,-86.53875
2010,7,7,Weekend,800,2-Car,Non-incapacitating,BRAKE FAILURE OR DEFECTIVE,SR37N,39.148448,-86.573
2010,2,4,Weekday,1500,2-Car,No injury/unknown,DISREGARD SIGNAL/REG SIGN,BLOOMFIELD RD & SR37,39.148144,-86.572992
2010,3,4,Weekday,700,2-Car,No injury/unknown,OTHER (DRIVER) - EXPLAIN IN NARRATIVE,BLOOMFIELD & SR37N,39.148144,-86.572992
2010,4,1,Weekend,1400,2-Car,No injury/unknown,FOLLOWING TOO CLOSELY,SR37N & SR45W,39.148144,-86.572992
2010,4,4,Weekday,1400,2-Car,No injury/unknown,OTHER (DRIVER) - EXPLAIN IN NARRATIVE,BLOOMFIELD RD & STATE ROAD 37,39.148144,-86.572992
2010,5,6,Weekday,1300,2-Car,No injury/unknown,FAILURE TO YIELD RIGHT OF WAY,BLOOMFIELD & SR37S,39.148144,-86.572992
2010,6,6,Weekday,600,2-Car,No injury/unknown,OTHER (DRIVER) - EXPLAIN IN NARRATIVE,SR37N & SR45W,39.148144,-86.572992
2010,6,4,Weekday,700,2-Car,No injury/unknown,FAILURE TO YIELD RIGHT OF WAY,BLOOMFIELD & SR37S,39.148144,-86.572992
2010,6,5,Weekday,1500,2-Car,Non-incapacitating,OTHER (DRIVER) - EXPLAIN IN NARRATIVE,SR37 & SR45W,39.148144,-86.572992
2010,6,4,Weekday,1700,2-Car,No injury/unknown,FOLLOWING TOO CLOSELY,BLOOMFIELD RD & SR37,39.148144,-86.572992
2010,7,7,Weekend,1200,2-Car,No injury/unknown,OTHER (DRIVER) - EXPLAIN IN NARRATIVE,SR37S & SR45W,39.148144,-86.572992
2010,8,5,Weekday,1200,Moped/Motorcycle,Non-incapacitating,OTHER (DRIVER) - EXPLAIN IN NARRATIVE,3200 W 45 & SR45W,39.148144,-86.572992
2010,8,3,Weekday,1300,2-Car,No injury/unknown,FOLLOWING TOO CLOSELY,SR37S & SR45W,39.148144,-86.572992
2010,9,5,Weekday,1100,2-Car,No injury/unknown,FOLLOWING TOO CLOSELY,SR37S & SR45W,39.148144,-86.572992
2010,9,2,Weekday,1400,2-Car,No injury/unknown,FOLLOWING TOO CLOSELY,37 & SR45W,39.148144,-86.572992
2010,10,4,Weekday,1300,2-Car,Non-incapacitating,FOLLOWING TOO CLOSELY,BLOOMFIELD RD & SR37,39.148144,-86.572992
2010,10,5,Weekday,800,2-Car,No injury/unknown,TIRE FAILURE OR DEFECTIVE,BLOOMFIELD RD RD & SR37,39.148144,-86.572992
2010,11,3,Weekday,1600,2-Car,No injury/unknown,UNSAFE BACKING,W BLOOMFIELD RD,39.148144,-86.572992
2010,12,2,Weekday,1000,3+ Cars,No injury/unknown,OTHER (DRIVER) - EXPLAIN IN NARRATIVE,SR37N & SR45W,39.148144,-86.572992
2010,12,5,Weekday,1500,3+ Cars,Non-incapacitating,FOLLOWING TOO CLOSELY,37 & SR45W,39.148144,-86.572992
2010,12,5,Weekday,1600,2-Car,Non-incapacitating,FOLLOWING TOO CLOSELY,SR37S & SR45W,39.148144,-86.572992
2010,5,3,Weekday,1500,2-Car,No injury/unknown,OTHER (DRIVER) - EXPLAIN IN NARRATIVE,HUNTINGTON DR,39.147964,-86.520832
2010,7,6,Weekday,1500,2-Car,No injury/unknown,FAILURE TO YIELD RIGHT OF WAY,S DUNN ST & WILSON,39.1478759,-86.52817
2010,3,6,Weekday,1100,2-Car,Non-incapacitating,FAILURE TO YIELD RIGHT OF WAY,CURRY PIKE & ROLL,39.14757687,-86.58260641
2010,4,3,Weekday,2300,2-Car,No injury/unknown,OTHER (DRIVER) - EXPLAIN IN NARRATIVE,BLOOMFIELD RD,39.14752976,-86.57290728
2010,1,4,Weekday,2300,2-Car,Non-incapacitating,FAILURE TO YIELD RIGHT OF WAY,SR 37 N & SR45W,39.14750244,-86.57320781
2010,1,5,Weekday,1700,2-Car,No injury/unknown,SPEED TOO FAST FOR WEATHER CONDITIONS,SR 37 & SR45E,39.14750244,-86.57320781