Year,Month,Day,Weekend?,Hour,Collision Type,Injury Type,Primary Factor,Reported_Location,Latitude,Longitude
2010,1,3,Weekday,1800,2-Car,No injury/unknown,FAILURE TO YIELD RIGHT OF WAY,SR 37 & SR45W,39.14750244,-86.57320781
2010,2,7,Weekend,1600,2-Car,No injury/unknown,FAILURE TO YIELD RIGHT OF WAY,SR37S & SR45W,39.14750244,-86.57320781
2010,3,5,Weekday,1100,2-Car,No injury/unknown,FOLLOWING TOO CLOSELY,SR37 & SR45W,39.14750244,-86.57320131
2010,6,7,Weekend,1100,2-Car,No injury/unknown,DRIVER DISTRACTED - EXPLAIN IN NARRATIVE,SR 37 & SR 45 HWY,39.14750244,-86.57320781
2010,8,7,Weekend,1700,2-Car,No injury/unknown,FOLLOWING TOO CLOSELY,SR37 & SR45,39.14750244,-86.57320781
2010,9,4,Weekday,1900,2-Car,No injury/unknown,FOLLOWING TOO CLOSELY,BLOOMFIELD RD & STATE ROAD 37,39.14750244,-86.57320781
2010,10,5,Weekday,1600,2-Car,No injury/unknown,FOLLOWING TOO CLOSELY,BLOOMFIELD RD & STATE ROAD 37,39.14750244,-86.57320781
2010,11,6,Weekday,700,3+ Cars,No injury/unknown,FOLLOWING TOO CLOSELY,SR37 & SR45W,39.14750244,-86.57320781
2010,9,1,Weekend,1800,2-Car,No injury/unknown,FAILURE TO YIELD RIGHT OF WAY,MILLER & WALNUT ST,39.14748006,-86.53269804
2010,3,6,Weekday,1300,1-Car,No injury/unknown,OVERCORRECTING/OVERSTEERING,CURRY PK PIKE & ROLL AVE,39.14744,-86.582592
2010,5,7,Weekend,1000,2-Car,No injury/unknown,FAILURE TO YIELD RIGHT OF WAY,CURRY & CURRY PIKE,39.14744,-86.582592
2010,6,3,Weekday,2000,1-Car,Incapacitating,DRIVER ASLEEP OR FATIGUED,ROLL & S CURRY PIKE,39.14744,-86.582592
2010,10,5,Weekday,2000,2-Car,No injury/unknown,FOLLOWING TOO CLOSELY,ROLL & S CURRY PIKE,39.14744,-86.582592
2010,12,6,Weekday,1800,1-Car,No injury/unknown,ROADWAY SURFACE CONDITION,ROLL & S CURRY PIKE,39.14744,-86.582592
2010,10,7,Weekend,1500,2-Car,No injury/unknown,IMPROPER TURNING,MILLER & WALNUT ST,39.14734604,-86.53265953
2010,1,7,Weekend,1400,2-Car,No injury/unknown,FAILURE TO YIELD RIGHT OF WAY,SR37S & TAPP,39.14732889,-86.57320781
2010,3,2,Weekday,1500,2-Car,No injury/unknown,FAILURE TO YIELD RIGHT OF WAY,SR37S & TAPP,39.14732889,-86.57320781
2010,4,7,Weekend,1400,2-Car,No injury/unknown,FAILURE TO YIELD RIGHT OF WAY,CURRY PIKE & ROLL,39.1472,-86.58259
2010,6,6,Weekday,1700,2-Car,No injury/unknown,FOLLOWING TOO CLOSELY,ROLL & SOUTH CURRY PIKE,39.1472,-86.58259
2010,11,2,Weekday,1500,2-Car,No injury/unknown,FOLLOWING TOO CLOSELY,EAST MILLER & SOUTH HENDERSON ST,39.147152,-86.526896
2010,11,4,Weekday,1800,2-Car,No injury/unknown,DISREGARD SIGNAL/REG SIGN,E MILLER & S HENDERSON ST,39.147152,-86.526896
2010,12,7,Weekend,1800,2-Car,No injury/unknown,FAILURE TO YIELD RIGHT OF WAY,MILLER & S HENDERSON STA,39.147152,-86.526896
2010,3,7,Weekend,300,1-Car,Non-incapacitating,RAN OFF ROAD RIGHT,E MILLER DR,39.14713362,-86.52739502
2010,10,2,Weekday,100,2-Car,No injury/unknown,UNSAFE BACKING,S WALNUT ST,39.14705763,-86.53257665
2010,5,2,Weekday,1200,2-Car,No injury/unknown,,DUNN ST & SMITH,39.14694906,-86.52843
2010,2,3,Weekday,1500,2-Car,No injury/unknown,FAILURE TO YIELD RIGHT OF WAY,MILLER & S WALNUT ST,39.146944,-86.532544
2010,2,5,Weekday,1700,2-Car,No injury/unknown,FAILURE TO YIELD RIGHT OF WAY,MILLER & S WALNUT ST,39.146944,-86.532544
2010,5,2,Weekday,1000,2-Car,No injury/unknown,UNSAFE LANE MOVEMENT,MILLER & S WALNUT ST,39.146944,-86.532544
2010,12,4,Weekday,700,2-Car,No injury/unknown,FOLLOWING TOO CLOSELY,E MILLER DR & SO PARK,39.14691,-86.52429298
2010,9,5,Weekday,1000,2-Car,No injury/unknown,UNSAFE BACKING,EAST MILLER DR,39.146908,-86.527376
2010,8,7,Weekend,1700,1-Car,Non-incapacitating,RAN OFF ROAD RIGHT,E MILLER DR,39.14689113,-86.53240426
2010,3,4,Weekday,1500,2-Car,No injury/unknown,UNSAFE SPEED,CURRY PIKE & ROLL,39.14689068,-86.582592
2010,12,5,Weekday,900,1-Car,No injury/unknown,OTHER (DRIVER) - EXPLAIN IN NARRATIVE,MILLER DR & WALNUT ST ST,39.14689,-86.53265
2010,6,2,Weekday,1700,2-Car,No injury/unknown,UNSAFE BACKING,S LIBERTY DRS,39.146784,-86.5771
2010,9,7,Weekend,1600,2-Car,No injury/unknown,UNSAFE BACKING,HUNNTINGTON GARDENS PL,39.146721,-86.521449
2010,1,5,Weekday,1800,Cyclist,No injury/unknown,,HENDERSON ST & WINSLOW,39.14660673,-86.52688
2010,10,2,Weekday,1800,2-Car,No injury/unknown,FOLLOWING TOO CLOSELY,BLOOMFIELD & CURRY PIKE,39.14652758,-86.55969
2010,12,4,Weekday,1300,1-Car,No injury/unknown,SPEED TOO FAST FOR WEATHER CONDITIONS,S OAKDALE DR,39.146121,-86.572073
2010,11,1,Weekday,2000,1-Car,No injury/unknown,OTHER (DRIVER) - EXPLAIN IN NARRATIVE,S ROGERS ST,39.146061,-86.538876
2010,2,2,Weekday,700,2-Car,Non-incapacitating,FAILURE TO YIELD RIGHT OF WAY,HENDERSON ST & MILLER,39.14605352,-86.52687312
2010,4,5,Weekday,1700,2-Car,No injury/unknown,OTHER (DRIVER) - EXPLAIN IN NARRATIVE,BLOOMFIELD & WEIMER RD,39.1460389,-86.563792
2010,8,7,Weekend,1300,Moped/Motorcycle,No injury/unknown,OTHER (DRIVER) - EXPLAIN IN NARRATIVE,W SR 45 RD,39.146014,-86.57585
2010,4,2,Weekday,2100,2-Car,No injury/unknown,DRIVER DISTRACTED - EXPLAIN IN NARRATIVE,DIXIE ST & FAIRVIEW,39.14599773,-86.54105
2010,11,5,Weekday,1000,3+ Cars,Non-incapacitating,FAILURE TO YIELD RIGHT OF WAY,LIBERTY DR & SR45,39.14596012,-86.57747102
2010,7,7,Weekend,1700,2-Car,Non-incapacitating,FOLLOWING TOO CLOSELY,MCCARTNEY & SARE RD,39.14587002,-86.49752248
2010,7,3,Weekday,1500,Moped/Motorcycle,Non-incapacitating,DRIVER DISTRACTED - EXPLAIN IN NARRATIVE,CURRY PIKE & WOODLYN,39.14587002,-86.582572
2010,5,4,Weekday,1900,Cyclist,Non-incapacitating,FAILURE TO YIELD RIGHT OF WAY,S WALNUT ST,39.145848,-86.532216
2010,9,3,Weekday,1300,2-Car,No injury/unknown,UNSAFE BACKING,S WALNUT ST,39.145848,-86.532216
2010,12,6,Weekend,2200,Pedestrian,Non-incapacitating,UNSAFE SPEED,S LIBERTY DR,39.145762,-86.578144
2010,12,7,Weekend,2000,2-Car,No injury/unknown,,S WALNUT ST,39.14572622,-86.53217956
2010,1,7,Weekend,1700,2-Car,No injury/unknown,NONE (DRIVER),STATE ROAD 45 WEST RD,39.145634,-86.576571
2010,8,5,Weekday,1500,2-Car,No injury/unknown,UNSAFE BACKING,SOUTH WALNUT ST,39.145467,-86.5322
2010,11,7,Weekend,1400,2-Car,No injury/unknown,UNSAFE BACKING,GENTRY ST & KIRKWOOD,39.14545004,-86.53561
2010,10,7,Weekend,900,2-Car,No injury/unknown,OTHER (DRIVER) - EXPLAIN IN NARRATIVE,ALPINE TRL,39.145441,-86.525125
2010,1,3,Weekday,1800,2-Car,No injury/unknown,UNSAFE BACKING,S LIBERTY DR,39.145264,-86.577616
2010,6,4,Weekday,1200,2-Car,No injury/unknown,UNSAFE BACKING,S LIBERTY DR,39.145264,-86.577616
2010,6,7,Weekend,1600,1-Car,No injury/unknown,UNSAFE SPEED,SOUTH LIBERTY DR,39.145264,-86.577616
2010,8,2,Weekday,1500,2-Car,No injury/unknown,FAILURE TO YIELD RIGHT OF WAY,S LIBERTY DR,39.145264,-86.577616
2010,9,4,Weekday,100,2-Car,No injury/unknown,IMPROPER TURNING,S LIBERTY DR,39.145264,-86.577616
2010,9,2,Weekday,900,2-Car,No injury/unknown,OTHER (DRIVER) - EXPLAIN IN NARRATIVE,SOUTH LIBERTY DR,39.145264,-86.577616
2010,9,5,Weekday,900,2-Car,Non-incapacitating,OTHER (DRIVER) - EXPLAIN IN NARRATIVE,S LIBERTY DR,39.145264,-86.577616
2010,11,6,Weekday,1300,2-Car,No injury/unknown,UNSAFE BACKING,S LIBERTY DR,39.145264,-86.577616
2010,11,2,Weekday,1500,2-Car,No injury/unknown,FOLLOWING TOO CLOSELY,S LIBERTY DR,39.145264,-86.577616
2010,12,2,Weekday,900,2-Car,No injury/unknown,ROADWAY SURFACE CONDITION,LIBERTY DR,39.145264,-86.577616
2010,12,4,Weekday,1100,2-Car,No injury/unknown,UNSAFE BACKING,LIBERTY DR,39.145264,-86.577616
2010,12,1,Weekday,2200,2-Car,No injury/unknown,IMPROPER PASSING,W ADAMS HILL & W TWIN OAKS RDG,39.1452539,-86.55113
2010,1,5,Weekday,1400,2-Car,No injury/unknown,FOLLOWING TOO CLOSELY,LIBERTY DR & SR45W,39.145152,-86.5776
2010,2,5,Weekday,900,2-Car,No injury/unknown,FOLLOWING TOO CLOSELY,LIBERTY   DR & SR 45 RTE,39.145152,-86.5776
2010,4,5,Weekday,2100,2-Car,No injury/unknown,FAILURE TO YIELD RIGHT OF WAY,S LIBERTY & SR45W,39.145152,-86.5776
2010,5,1,Weekday,2100,2-Car,Non-incapacitating,OTHER (DRIVER) - EXPLAIN IN NARRATIVE,LIBERTY & SR45W,39.145152,-86.5776
2010,7,4,Weekday,1600,2-Car,No injury/unknown,FOLLOWING TOO CLOSELY,LIBERTY & SR45W,39.145152,-86.5776
2010,8,2,Weekday,1400,2-Car,Non-incapacitating,FOLLOWING TOO CLOSELY,LIBERTY DR & SR45W,39.145152,-86.5776
2010,9,1,Weekend,1100,3+ Cars,Non-incapacitating,FAILURE TO YIELD RIGHT OF WAY,LIBERTY & SR45W,39.145152,-86.5776
2010,10,3,Weekday,1800,2-Car,Non-incapacitating,VIEW OBSTRUCTED,LIBERTY & SR45W,39.145152,-86.5776
2010,3,7,Weekend,300,1-Car,Non-incapacitating,LEFT OF CENTER,HENDERSON ST & NORTH,39.14512262,-86.52685372
2010,9,4,Weekday,1800,2-Car,No injury/unknown,FOLLOWING TOO CLOSELY,LIBERTY & STATE ROAD 45 RD,39.14502,-86.57780463
2010,11,3,Weekday,1600,2-Car,No injury/unknown,IMPROPER TURNING,W STATE ROAD 45 RD & WAL MART,39.14502,-86.57777
2010,2,5,Weekday,2000,Moped/Motorcycle,No injury/unknown,OTHER (DRIVER) - EXPLAIN IN NARRATIVE,LIBERTY & SR45W,39.14500942,-86.57778086
2010,3,6,Weekend,2000,2-Car,No injury/unknown,DISREGARD SIGNAL/REG SIGN,S LIBERTY & SR45W,39.14500942,-86.57776354
2010,6,4,Weekday,1200,2-Car,No injury/unknown,FAILURE TO YIELD RIGHT OF WAY,LIBERTY & SR45W,39.14500942,-86.57776354
2010,6,5,Weekday,1500,3+ Cars,Non-incapacitating,FOLLOWING TOO CLOSELY,LIBERTY & SR45W,39.14500942,-86.57776354
2010,6,6,Weekday,1600,3+ Cars,No injury/unknown,FOLLOWING TOO CLOSELY,LIBERTY & SR45E,39.14500942,-86.57777653
2010,8,5,Weekday,1300,3+ Cars,Non-incapacitating,FAILURE TO YIELD RIGHT OF WAY,HICKORY LEAF & SR45E,39.14500942,-86.57776354
2010,9,5,Weekday,1600,2-Car,No injury/unknown,IMPROPER LANE USAGE,HICKORY LEAF & SR45E,39.14500942,-86.57779185
2010,9,2,Weekday,1200,2-Car,No injury/unknown,DISREGARD SIGNAL/REG SIGN,LIBERTY & SR45W,39.14500942,-86.57776354
2010,10,4,Weekday,1300,2-Car,No injury/unknown,OTHER (DRIVER) - EXPLAIN IN NARRATIVE,LIBERTY & SR45W,39.14500942,-86.5777722
2010,11,6,Weekend,1900,2-Car,Non-incapacitating,FOLLOWING TOO CLOSELY,LIBERTY & SR45W,39.14500942,-86.57776354
2010,6,6,Weekday,1600,2-Car,No injury/unknown,FOLLOWING TOO CLOSELY,LIBERTY & SR45W,39.14500942,-86.57778952
2010,12,4,Weekday,1600,2-Car,No injury/unknown,UNSAFE LANE MOVEMENT,LIBERTY & SR45W,39.14500942,-86.57776354
2010,12,4,Weekday,2300,2-Car,Non-incapacitating,SPEED TOO FAST FOR WEATHER CONDITIONS,BLOOMFIELD RD & LIBERTY,39.14499759,-86.57775343
2010,10,5,Weekday,1900,3+ Cars,No injury/unknown,FOLLOWING TOO CLOSELY,LIBERTY & SR45W,39.14499486,-86.57788929
2010,4,4,Weekday,1600,3+ Cars,Non-incapacitating,IMPROPER TURNING,BLOOMFIELD & LIBERTY DR,39.14498927,-86.57773197
2010,11,3,Weekday,700,3+ Cars,Non-incapacitating,OTHER (DRIVER) - EXPLAIN IN NARRATIVE,GLEN OAKS & LEONARD SPRINGS RD,39.14485197,-86.58259213
2010,1,7,Weekend,2300,2-Car,No injury/unknown,FOLLOWING TOO CLOSELY,HENDERSON & NORTH DR,39.144848,-86.526848
2010,10,7,Weekend,1900,2-Car,No injury/unknown,FAILURE TO YIELD RIGHT OF WAY,HENDERSON ST & NORTH,39.144848,-86.526848
2010,5,4,Weekday,1200,2-Car,No injury/unknown,DRIVER DISTRACTED - EXPLAIN IN NARRATIVE,1900 SOUTH WALNUT ST & NORTH,39.144752,-86.531888
2010,9,6,Weekday,1600,1-Car,No injury/unknown,DRIVER ASLEEP OR FATIGUED,NORTH & S WALNUT ST,39.144752,-86.531888
2010,12,3,Weekday,2300,1-Car,No injury/unknown,SPEED TOO FAST FOR WEATHER CONDITIONS,ALPINE & SUMMIT VIEW PL,39.14474645,-86.52371876
2010,11,5,Weekday,1400,1-Car,Non-incapacitating,DRIVER DISTRACTED - EXPLAIN IN NARRATIVE,SILVER CREEK & SILVER CREEK DR,39.14471913,-86.48334301
2010,1,2,Weekday,2100,2-Car,No injury/unknown,ROADWAY SURFACE CONDITION,HENDERSON ST & SUMMITVIEW,39.14455,-86.52696
2010,8,4,Weekday,2300,2-Car,No injury/unknown,LEFT OF CENTER,BLOOMFIELD & OAKDALE DR,39.14449478,-86.56889
2010,8,2,Weekday,1600,2-Car,No injury/unknown,OTHER (DRIVER) - EXPLAIN IN NARRATIVE,S MCMILLIAN CT CT & WINSTON,39.14439,-86.49049
2010,7,6,Weekday,1700,2-Car,Non-incapacitating,DRIVER DISTRACTED - EXPLAIN IN NARRATIVE,LIBERTY & SR45W,39.1443663,-86.57904642
2010,12,6,Weekday,1200,2-Car,Fatal,ACCELERATOR FAILURE OR DEFECTIVE,NORTH & WALNUT ST,39.14411,-86.53181
2010,1,2,Weekday,1100,2-Car,No injury/unknown,FOLLOWING TOO CLOSELY,CURRY & INDUSTRIAL DR,39.14393,-86.58262
2010,12,6,Weekday,1500,2-Car,No injury/unknown,,COUNTRY CLUB & S WALNUT ST,39.14389503,-86.53111
2010,1,5,Weekday,900,1-Car,No injury/unknown,RAN OFF ROAD RIGHT,HIGHLAND AVE AVE & SHORT ST,39.143888,-86.517296
2010,4,6,Weekday,1500,3+ Cars,Non-incapacitating,FOLLOWING TOO CLOSELY,CURRY PIKE & INDUSTRIAL,39.143808,-86.582592
2010,12,3,Weekday,1200,1-Car,No injury/unknown,RAN OFF ROAD RIGHT,AIRPORT & KIRBY RD,39.14371302,-86.61036053
2010,3,5,Weekday,1600,2-Car,No injury/unknown,FAILURE TO YIELD RIGHT OF WAY,INDUSTRIAL & SR45W,39.14363313,-86.58033852
2010,3,7,Weekend,2300,2-Car,Non-incapacitating,FOLLOWING TOO CLOSELY,INDUSTRIAL & SR45W,39.14363313,-86.58033852
2010,6,6,Weekday,1600,2-Car,Non-incapacitating,FAILURE TO YIELD RIGHT OF WAY,SR45W & WALMART,39.14358721,-86.58032298
2010,2,6,Weekday,1700,2-Car,No injury/unknown,FAILURE TO YIELD RIGHT OF WAY,INDUSTRIAL & SR45W,39.143552,-86.580528
2010,3,3,Weekday,2200,2-Car,No injury/unknown,OTHER (DRIVER) - EXPLAIN IN NARRATIVE,INDUSTRIAL & SR45W,39.143552,-86.580528
2010,5,6,Weekday,1400,2-Car,No injury/unknown,FAILURE TO YIELD RIGHT OF WAY,INDUSTRIAL & SR45W,39.143552,-86.580528
2010,11,6,Weekday,1200,2-Car,No injury/unknown,FAILURE TO YIELD RIGHT OF WAY,INDUSTRIAL & SR45W,39.143552,-86.580528
2010,4,6,Weekday,1200,2-Car,No injury/unknown,FAILURE TO YIELD RIGHT OF WAY,3RD & LIBERTY DR,39.14344952,-86.57913641
2010,12,5,Weekday,1500,2-Car,No injury/unknown,DRIVER DISTRACTED - EXPLAIN IN NARRATIVE,3RD & LIBERTY DR,39.14344952,-86.57913641
2010,12,4,Weekday,1400,2-Car,Non-incapacitating,IMPROPER PASSING,S LIBERTY DR & W 3RD,39.14344952,-86.57913641
2010,2,2,Weekday,1700,2-Car,No injury/unknown,OTHER (DRIVER) - EXPLAIN IN NARRATIVE,S ROCKPORT RD & W COUNTRYSIDE,39.1434,-86.54182
2010,9,5,Weekday,1300,1-Car,No injury/unknown,ANIMAL/OBJECT IN ROADWAY,JED & ROGERS ST,39.143344,-86.538704
2010,6,5,Weekday,1800,3+ Cars,Non-incapacitating,FOLLOWING TOO CLOSELY,CURRY PIKE & SR45W,39.14314663,-86.582592
2010,2,6,Weekday,1600,2-Car,Non-incapacitating,FAILURE TO YIELD RIGHT OF WAY,GRIMES & WALNUT ST,39.1427786,-86.53371
2010,2,2,Weekday,1700,2-Car,No injury/unknown,SPEED TOO FAST FOR WEATHER CONDITIONS,S ROGERS ST,39.14258645,-86.53863543
2010,5,2,Weekday,1200,2-Car,No injury/unknown,UNSAFE BACKING,S WALNUT ST,39.142555,-86.531238
2010,11,6,Weekday,1500,2-Car,No injury/unknown,FAILURE TO YIELD RIGHT OF WAY,WEST STATE ROAD 45 RD,39.142411,-86.581929
2010,9,3,Weekday,1900,Cyclist,Non-incapacitating,FAILURE TO YIELD RIGHT OF WAY,ADAMS HILL & COUNTRY SIDE LN,39.1424,-86.55081
2010,3,2,Weekday,1800,2-Car,No injury/unknown,OTHER (DRIVER) - EXPLAIN IN NARRATIVE,WEST STATE ROAD 45 RD,39.142381,-86.581967
2010,4,1,Weekend,1400,2-Car,No injury/unknown,FOLLOWING TOO CLOSELY,WEST STATE ROAD  45 RD,39.142381,-86.581967
2010,5,2,Weekday,1000,2-Car,No injury/unknown,UNSAFE BACKING,SR 45 RD,39.142381,-86.581967
2010,5,2,Weekday,1100,2-Car,No injury/unknown,UNSAFE BACKING,W ST RD 45 RD,39.142381,-86.581967
2010,5,6,Weekday,400,1-Car,No injury/unknown,OTHER (DRIVER) - EXPLAIN IN NARRATIVE,W SR 45 HWY,39.142381,-86.581967
2010,6,2,Weekday,1400,2-Car,No injury/unknown,FAILURE TO YIELD RIGHT OF WAY,WEST ST RD 45 HWY,39.142381,-86.581967
2010,7,5,Weekday,100,2-Car,No injury/unknown,VIEW OBSTRUCTED,WEST ST RD 45 HWY,39.142381,-86.581967
2010,7,4,Weekday,1700,2-Car,No injury/unknown,UNSAFE BACKING,STATE ROAD 45 RD,39.142381,-86.581967
2010,9,4,Weekday,1800,2-Car,No injury/unknown,OTHER (DRIVER) - EXPLAIN IN NARRATIVE,WEST STATE ROAD 45 RD,39.142381,-86.581967
2010,9,5,Weekday,1800,2-Car,Non-incapacitating,FOLLOWING TOO CLOSELY,W SR 45 ST,39.142381,-86.581967
2010,11,6,Weekday,100,2-Car,No injury/unknown,UNSAFE BACKING,W STATE ROAD 45 HWY,39.142381,-86.581967
2010,11,7,Weekend,1000,2-Car,No injury/unknown,UNSAFE BACKING,W SR 45 HWY,39.142381,-86.581967
2010,10,7,Weekend,1700,2-Car,No injury/unknown,FOLLOWING TOO CLOSELY,CURRY & SR45W,39.14223567,-86.58233447
2010,10,3,Weekday,2100,2-Car,No injury/unknown,OTHER (DRIVER) - EXPLAIN IN NARRATIVE,E SAINT REMY & S SMITH RD,39.14217,-86.48038
2010,11,1,Weekend,0,1-Car,No injury/unknown,ANIMAL/OBJECT IN ROADWAY,WAPEHANI & WEIMER RD,39.14205869,-86.56204512
2010,1,3,Weekday,1600,2-Car,No injury/unknown,FOLLOWING TOO CLOSELY,LEONARD SPRINGS RD & SR45W,39.142048,-86.582592
2010,3,3,Weekday,1000,2-Car,No injury/unknown,DISREGARD SIGNAL/REG SIGN,SOUTH & WALNUT ST,39.142048,-86.531088
2010,3,3,Weekday,1400,2-Car,No injury/unknown,FAILURE TO YIELD RIGHT OF WAY,LEONARD SPRINGS & SR45W,39.142048,-86.582592
2010,5,2,Weekday,1100,2-Car,No injury/unknown,FAILURE TO YIELD RIGHT OF WAY,SOUTH & WALNUT ST,39.142048,-86.531088
2010,6,7,Weekend,1300,2-Car,No injury/unknown,FOLLOWING TOO CLOSELY,LEONARD SPRINGS & SR45W,39.142048,-86.582592
2010,6,7,Weekend,1600,2-Car,No injury/unknown,FOLLOWING TOO CLOSELY,CURRY & SR45W,39.142048,-86.582592
2010,7,6,Weekday,1800,2-Car,No injury/unknown,FAILURE TO YIELD RIGHT OF WAY,LEONARD SPRINGS & SR45W,39.142048,-86.582592
2010,8,2,Weekday,1700,2-Car,No injury/unknown,UNSAFE LANE MOVEMENT,CURRY & SR45W,39.142048,-86.582592
2010,8,3,Weekday,1400,2-Car,Non-incapacitating,FAILURE TO YIELD RIGHT OF WAY,CURRY & SR45S,39.142048,-86.582592
2010,10,4,Weekday,700,2-Car,No injury/unknown,FAILURE TO YIELD RIGHT OF WAY,CURRY & SR45W,39.142048,-86.582592
2010,12,3,Weekday,1600,2-Car,Non-incapacitating,OTHER (DRIVER) - EXPLAIN IN NARRATIVE,S CURRY PIKE & SR45W,39.142048,-86.582592
2010,12,6,Weekend,2000,2-Car,Non-incapacitating,FAILURE TO YIELD RIGHT OF WAY,LEONARD SPRINGS & SR45W,39.142048,-86.582592
2010,4,6,Weekday,1300,2-Car,No injury/unknown,UNSAFE BACKING,LEONARD SPRINGS RD & SR 45,39.14191534,-86.582572
2010,5,5,Weekday,900,2-Car,No injury/unknown,DISREGARD SIGNAL/REG SIGN,CURRY & SR45W,39.14191534,-86.582572
2010,3,2,Weekday,1500,Cyclist,Non-incapacitating,FAILURE TO YIELD RIGHT OF WAY,HENDERSON & WYLIE FARM DR,39.14191,-86.52694
2010,9,3,Weekday,1900,2-Car,No injury/unknown,FOLLOWING TOO CLOSELY,S HENDERSON ST & WYLIE FARM,39.14191,-86.52694
2010,8,3,Weekday,1100,2-Car,No injury/unknown,UNSAFE BACKING,S WALNUT ST,39.14179311,-86.53100751
2010,2,7,Weekend,600,2-Car,No injury/unknown,RAN OFF ROAD RIGHT,S BRYAN ST,39.14175543,-86.53639086
2010,11,3,Weekday,800,1-Car,No injury/unknown,RAN OFF ROAD RIGHT,GARRISON CHAPEL ROAD RD & SPICER LANE,39.14164,-86.64287
2010,1,3,Weekday,1800,3+ Cars,No injury/unknown,DRIVER DISTRACTED - EXPLAIN IN NARRATIVE,MONON & S WALNUT ST,39.14159891,-86.53369
2010,8,5,Weekday,400,1-Car,No injury/unknown,RAN OFF ROAD RIGHT,ADAMS ST & PATTERSON,39.14152216,-86.5505
2010,1,4,Weekday,900,2-Car,No injury/unknown,FAILURE TO YIELD RIGHT OF WAY,DODDS & LINCOLN ST,39.14151127,-86.5313
2010,12,7,Weekend,0,2-Car,No injury/unknown,UNSAFE BACKING,SOUTH LEONARD SPRINGS RD,39.14144747,-86.582572
2010,3,6,Weekday,1400,Bus,No injury/unknown,FOLLOWING TOO CLOSELY,BURKS & S WALNUT ST,39.14141586,-86.52672
2010,1,4,Weekday,1500,2-Car,No injury/unknown,FAILURE TO YIELD RIGHT OF WAY,COOLIDGE & S ROGERS ST,39.141328,-86.538528
2010,8,5,Weekday,900,2-Car,No injury/unknown,UNSAFE BACKING,W COOLIDGE RD,39.141294,-86.541124
2010,12,5,Weekday,1500,2-Car,No injury/unknown,FAILURE TO YIELD RIGHT OF WAY,MILLER & WALNUT ST,39.14107669,-86.53265
2010,1,4,Weekday,1400,2-Car,No injury/unknown,LEFT OF CENTER,S CURRY & SR45W,39.14090754,-86.58579544
2010,7,6,Weekday,500,1-Car,Non-incapacitating,ANIMAL/OBJECT IN ROADWAY,CURRY & SR45W,39.14090754,-86.58579544
2010,6,6,Weekday,1000,Moped/Motorcycle,Non-incapacitating,FOLLOWING TOO CLOSELY,LEONARD SPRINGS & SR45W,39.14035578,-86.58741031
2010,12,1,Weekday,1900,1-Car,No injury/unknown,UNSAFE SPEED,LEONARD SPRINGS & SR45W,39.14035578,-86.58741031
2010,5,5,Weekday,1500,2-Car,No injury/unknown,FAILURE TO YIELD RIGHT OF WAY,LEONARD SPRINGS RD & WALNUT  LEAF,39.14016,-86.58259
2010,1,1,Weekend,1300,2-Car,No injury/unknown,DRIVER DISTRACTED - EXPLAIN IN NARRATIVE,LEONARD SPRINGS RD & WALNUT LEAF,39.14007739,-86.58256946
2010,5,5,Weekday,1800,2-Car,Non-incapacitating,SPEED TOO FAST FOR WEATHER CONDITIONS,GRAHAM & ROCKPORT RD,39.14003609,-86.54506907
2010,6,2,Weekday,2300,2-Car,Non-incapacitating,FAILURE TO YIELD RIGHT OF WAY,GRAHAM & ROCKPORT RD,39.13998,-86.54513
2010,9,1,Weekend,1400,1-Car,No injury/unknown,BRAKE FAILURE OR DEFECTIVE,GRAHAM DR & ROCKPORT,39.13998,-86.54513866
2010,5,7,Weekend,1900,2-Car,No injury/unknown,FOLLOWING TOO CLOSELY,ROGERS ST & WEST GRAHAM,39.13981,-86.53866
2010,8,2,Weekday,1800,2-Car,No injury/unknown,FAILURE TO YIELD RIGHT OF WAY,GRAHAM & ROGERS ST,39.13981,-86.53866
2010,6,4,Weekday,1500,2-Car,No injury/unknown,FOLLOWING TOO CLOSELY,GRAHAM & S HENDERSON ST,39.139584,-86.526768
2010,7,6,Weekday,1000,2-Car,No injury/unknown,UNSAFE BACKING,GRAHAM PL,39.139584,-86.5268407
2010,4,5,Weekday,1300,2-Car,No injury/unknown,UNSAFE SPEED,HIGH ST & ROCK CREEK,39.13954936,-86.50814069
2010,10,5,Weekday,1900,1-Car,Non-incapacitating,OTHER (DRIVER) - EXPLAIN IN NARRATIVE,E GRAHAM DR,39.139519,-86.522012
2010,11,4,Weekday,1500,2-Car,No injury/unknown,IMPROPER TURNING,GRAHAM DR & WINSLOW,39.13951,-86.52417
2010,7,6,Weekday,900,2-Car,Non-incapacitating,UNSAFE BACKING,S HIGHLAND AVE,39.13950428,-86.51762373
2010,12,3,Weekday,700,3+ Cars,Non-incapacitating,FAILURE TO YIELD RIGHT OF WAY,GRAHAM & HENDERSON ST,39.13944,-86.52692
2010,6,3,Weekday,2000,Pedestrian,Non-incapacitating,UNSAFE BACKING,BRANDON CT,39.13937451,-86.52552626