Year,Month,Day,Weekend?,Hour,Collision Type,Injury Type,Primary Factor,Reported_Location,Latitude,Longitude
2010,5,7,Weekend,1700,2-Car,No injury/unknown,OTHER (DRIVER) - EXPLAIN IN NARRATIVE,VICTOR PIKE,39.106659,-86.550268
2010,12,4,Weekday,400,2-Car,No injury/unknown,UNSAFE BACKING,VICTOR PIKE,39.106659,-86.550268
2010,1,4,Weekday,1100,2-Car,Non-incapacitating,DRIVER ASLEEP OR FATIGUED,SR37S & VICTOR PIKE,39.1060873,-86.55179501
2010,7,4,Weekday,100,1-Car,No injury/unknown,DRIVER DISTRACTED - EXPLAIN IN NARRATIVE,GLASGOW & GLASGOW CIR,39.10594138,-86.55021
2010,6,7,Weekend,1900,2-Car,Non-incapacitating,FOLLOWING TOO CLOSELY,PINE GROVE & SR446S,39.10575184,-86.43053908
2010,1,5,Weekday,1600,2-Car,No injury/unknown,DISREGARD SIGNAL/REG SIGN,SR37S & VICTOR PIKE,39.105552,-86.551104
2010,2,2,Weekday,1900,2-Car,No injury/unknown,DISREGARD SIGNAL/REG SIGN,SR37S & VICTOR,39.105552,-86.551104
2010,5,2,Weekday,1600,2-Car,Non-incapacitating,DISREGARD SIGNAL/REG SIGN,SR37S & VICTOR,39.105552,-86.551104
2010,6,7,Weekend,1000,2-Car,Incapacitating,DISREGARD SIGNAL/REG SIGN,S VICTOR & SR37N,39.105552,-86.551104
2010,6,3,Weekday,1400,2-Car,No injury/unknown,DISREGARD SIGNAL/REG SIGN,SR37N & VICTOR,39.105552,-86.551104
2010,8,7,Weekend,800,2-Car,No injury/unknown,DRIVER DISTRACTED - EXPLAIN IN NARRATIVE,SR37N & VICTOR,39.105552,-86.551104
2010,8,4,Weekday,1500,2-Car,Non-incapacitating,DISREGARD SIGNAL/REG SIGN,SR37S & VICTOR,39.105552,-86.551104
2010,9,6,Weekday,700,2-Car,Incapacitating,FAILURE TO YIELD RIGHT OF WAY,SR37S & VICTOR,39.105552,-86.551104
2010,10,4,Weekday,900,2-Car,Non-incapacitating,UNSAFE SPEED,SR37S & VICTOR,39.105552,-86.551104
2010,12,7,Weekend,2200,2-Car,Non-incapacitating,FAILURE TO YIELD RIGHT OF WAY,SR37N & VICTOR,39.105552,-86.551104
2010,12,3,Weekday,1600,2-Car,No injury/unknown,DRIVER DISTRACTED - EXPLAIN IN NARRATIVE,SR37 & VICTOR PIKE,39.105552,-86.551104
2010,8,3,Weekday,1200,2-Car,No injury/unknown,UNSAFE BACKING,E PAYNETOWN RD & SHIELDS RIDGE,39.10555134,-86.47715
2010,1,5,Weekday,700,2-Car,No injury/unknown,SPEED TOO FAST FOR WEATHER CONDITIONS,SR37N & VICTOR,39.10441906,-86.55010785
2010,1,6,Weekday,1600,2-Car,No injury/unknown,FOLLOWING TOO CLOSELY,BRENNICK & SR45W,39.10408634,-86.64816679
2010,5,3,Weekday,700,1-Car,Non-incapacitating,DRIVER ILLNESS,SR37 & VICTOR PIKE,39.10395597,-86.55497074
2010,12,7,Weekend,100,Pedestrian,Fatal,OTHER (DRIVER) - EXPLAIN IN NARRATIVE,COCKRELL RD & S ROCKPORT,39.10273157,-86.57699859
2010,8,4,Weekday,300,1-Car,Non-incapacitating,RAN OFF ROAD RIGHT,MESA & STIPP RD,39.1003,-86.49090974
2010,11,7,Weekend,1800,2-Car,No injury/unknown,SPEED TOO FAST FOR WEATHER CONDITIONS,HINDS & SR45,39.10024487,-86.65093271
2010,3,5,Weekday,700,1-Car,No injury/unknown,ANIMAL/OBJECT IN ROADWAY,SR45N & W JOHN WILLIAMS,39.10005311,-86.65130419
2010,7,5,Weekday,1900,1-Car,No injury/unknown,RAN OFF ROAD RIGHT,JOHN WILLIAMS & SR45W,39.10005311,-86.65130419
2010,6,4,Weekday,1700,2-Car,No injury/unknown,OTHER (DRIVER) - EXPLAIN IN NARRATIVE,FAIRFAX RD & MOFFETT,39.09991,-86.51785
2010,1,6,Weekday,1200,1-Car,No injury/unknown,ROADWAY SURFACE CONDITION,FAIRFAX & MOFFATT LN,39.09984,-86.5176
2010,9,4,Weekday,1800,2-Car,No injury/unknown,DRIVER DISTRACTED - EXPLAIN IN NARRATIVE,FAIRFAX & MOFFET LN,39.09984,-86.5176
2010,10,6,Weekend,2200,Pedestrian,Non-incapacitating,PEDESTRIAN ACTION,HARRELL & MOFFATT LN,39.099792,-86.498448
2010,1,5,Weekday,700,1-Car,No injury/unknown,ROADWAY SURFACE CONDITION,SR37S & VICTOR,39.09978122,-86.54720088
2010,1,5,Weekday,700,1-Car,Non-incapacitating,ROADWAY SURFACE CONDITION,SR37S & VICTOR,39.09978122,-86.54720088
2010,10,3,Weekday,700,3+ Cars,No injury/unknown,SPEED TOO FAST FOR WEATHER CONDITIONS,MERRITT & SR446S,39.0996433,-86.42517712
2010,2,2,Weekday,900,1-Car,No injury/unknown,SPEED TOO FAST FOR WEATHER CONDITIONS,SR37N & VICTOR,39.09951918,-86.54709526
2010,4,3,Weekday,1500,2-Car,No injury/unknown,OTHER (DRIVER) - EXPLAIN IN NARRATIVE,SOUTH OLD STATE ROAD 37 RD & SOUTH ROGERS,39.099408,-86.537904
2010,12,7,Weekend,1900,1-Car,No injury/unknown,RAN OFF ROAD RIGHT,OLD STATE ROAD 37 HWY & ROGERS,39.099408,-86.537904
2010,1,4,Weekday,800,2-Car,Incapacitating,FOLLOWING TOO CLOSELY,SR45S & STANFORD,39.09890013,-86.65235792
2010,3,3,Weekday,800,2-Car,No injury/unknown,FOLLOWING TOO CLOSELY,CONSTITUTION & LIBERTY DR,39.09834588,-86.57687
2010,12,7,Weekend,0,2-Car,Non-incapacitating,ROADWAY SURFACE CONDITION,LIBERTY DR & W CONSTITUTION,39.09834588,-86.57687
2010,1,3,Weekday,900,3+ Cars,No injury/unknown,FOLLOWING TOO CLOSELY,HINDS ROAD & SR45W,39.09791987,-86.65502648
2010,5,5,Weekday,1700,1-Car,Non-incapacitating,RAN OFF ROAD RIGHT,HINDS & SR45W,39.09791987,-86.65502648
2010,9,5,Weekday,800,2-Car,No injury/unknown,LEFT OF CENTER,ELWREN ROAD RD & WEST STATE ROAD 45,39.09711093,-86.64364
2010,12,7,Weekend,1000,1-Car,No injury/unknown,SPEED TOO FAST FOR WEATHER CONDITIONS,N MT TABOR RD & W COWDEN,39.09706786,-86.62076
2010,12,4,Weekday,700,2-Car,No injury/unknown,UNSAFE SPEED,FAIRFAX & S WALNUT STREET PIKE,39.09660107,-86.52651
2010,2,7,Weekend,600,1-Car,No injury/unknown,ROADWAY SURFACE CONDITION,DILLMAN & SR37N,39.09571236,-86.54595204
2010,10,3,Weekday,2000,1-Car,No injury/unknown,RAN OFF ROAD RIGHT,DILLMAN & SR37S,39.09571236,-86.54595204
2010,6,3,Weekday,600,1-Car,No injury/unknown,RAN OFF ROAD RIGHT,SOUTH OLD STATE ROAD 37 RD,39.095445,-86.542624
2010,3,3,Weekday,900,2-Car,Non-incapacitating,OTHER (DRIVER) - EXPLAIN IN NARRATIVE,HINDS & SR45W,39.09532657,-86.65881744
2010,11,2,Weekday,1800,2-Car,No injury/unknown,IMPROPER LANE USAGE,5730 FAIRFAX RD & HUPP,39.09466068,-86.51719798
2010,4,1,Weekend,1300,Cyclist,Non-incapacitating,FAILURE TO YIELD RIGHT OF WAY,E HUPP & S FAIRFAX RD,39.09464,-86.516896
2010,9,5,Weekday,800,2-Car,Non-incapacitating,OTHER (ENVIRONMENTAL) - EXPLAIN IN NARR,GLENVIEW DRIVE ST & VICTOR PIKE,39.09432,-86.55907866
2010,12,3,Weekday,2300,2-Car,Incapacitating,LEFT OF CENTER,HARMONY RD & MAY,39.09401398,-86.6383688
2010,9,1,Weekend,700,1-Car,No injury/unknown,OTHER (ENVIRONMENTAL) - EXPLAIN IN NARR,S HARMONY RD & WEST MAY,39.093744,-86.638304
2010,11,3,Weekday,1400,2-Car,Incapacitating,LEFT OF CENTER,SOUTH BURCH & SR45W,39.09358585,-86.661148
2010,10,1,Weekend,1700,2-Car,Non-incapacitating,LEFT OF CENTER,BLAIKELEE & MAY RD,39.09344,-86.61231
2010,8,7,Weekend,1300,1-Car,No injury/unknown,SPEED TOO FAST FOR WEATHER CONDITIONS,SOUTH VICTOR & WEST DILLMAN RD,39.093088,-86.559312
2010,4,3,Weekday,1100,2-Car,Non-incapacitating,FAILURE TO YIELD RIGHT OF WAY,DILLMAN & SR37S,39.092976,-86.545648
2010,5,1,Weekend,1300,2-Car,Non-incapacitating,FAILURE TO YIELD RIGHT OF WAY,DILLMAN & SR37S,39.092976,-86.545648
2010,6,4,Weekday,1200,2-Car,Non-incapacitating,FAILURE TO YIELD RIGHT OF WAY,SR37S & W DILLMAN,39.092976,-86.545648
2010,6,2,Weekday,1300,2-Car,No injury/unknown,FAILURE TO YIELD RIGHT OF WAY,DILLMAN & SR37N,39.092976,-86.545648
2010,7,7,Weekend,1300,3+ Cars,Non-incapacitating,FAILURE TO YIELD RIGHT OF WAY,E DILLMAN & SR37S,39.092976,-86.545648
2010,7,4,Weekday,1500,2-Car,No injury/unknown,FAILURE TO YIELD RIGHT OF WAY,DILLMAN & SR37S,39.092976,-86.545648
2010,8,2,Weekday,1700,2-Car,No injury/unknown,FAILURE TO YIELD RIGHT OF WAY,DILLMAN & SR37S,39.092976,-86.545648
2010,9,6,Weekday,1000,2-Car,Non-incapacitating,FAILURE TO YIELD RIGHT OF WAY,DILLMAN & SR37S,39.092976,-86.545648
2010,9,1,Weekend,1300,2-Car,Non-incapacitating,FAILURE TO YIELD RIGHT OF WAY,DILLMAN & SR37S,39.092976,-86.545648
2010,10,4,Weekday,1500,2-Car,Non-incapacitating,FAILURE TO YIELD RIGHT OF WAY,DILLMAN & SR37,39.092976,-86.545648
2010,10,3,Weekday,1600,2-Car,Non-incapacitating,FAILURE TO YIELD RIGHT OF WAY,DILLMAN & SR37S,39.092976,-86.545648
2010,12,1,Weekend,1300,2-Car,No injury/unknown,FAILURE TO YIELD RIGHT OF WAY,DILLMAN & SR37S,39.092976,-86.545648
2010,6,1,Weekend,1000,2-Car,Non-incapacitating,DISREGARD SIGNAL/REG SIGN,DILLMAN & OLD SR37S HWY,39.09296,-86.54416
2010,7,5,Weekday,1400,2-Car,No injury/unknown,FAILURE TO YIELD RIGHT OF WAY,E DILLMAN & S OLD ST RD 37 RD,39.09296,-86.54416
2010,2,6,Weekday,1400,2-Car,No injury/unknown,FAILURE TO YIELD RIGHT OF WAY,DILLMAN & OLD STATE ROAD 37 RD,39.092944,-86.544
2010,4,5,Weekday,1500,2-Car,No injury/unknown,FAILURE TO YIELD RIGHT OF WAY,DILLMAN & OLD HWY 37 HWY,39.092944,-86.544
2010,7,2,Weekday,1300,2-Car,Non-incapacitating,FAILURE TO YIELD RIGHT OF WAY,DILLMAN & OLD STATE ROAD 37 RD,39.092944,-86.544
2010,8,2,Weekday,1200,2-Car,No injury/unknown,FAILURE TO YIELD RIGHT OF WAY,EAST DILLMAN & SOUTH OLD STATE ROAD 37 HWY,39.092944,-86.544
2010,10,7,Weekend,1000,3+ Cars,No injury/unknown,FAILURE TO YIELD RIGHT OF WAY,DILLMAN ROAD RD & OLD STATE ROAD 37,39.092944,-86.544
2010,12,2,Weekday,100,1-Car,No injury/unknown,ANIMAL/OBJECT IN ROADWAY,DILLMAN & OLD STATE ROAD 37 RD,39.092944,-86.544
2010,2,7,Weekend,400,1-Car,No injury/unknown,RAN OFF ROAD RIGHT,DILLMAN RD & FOXWOOD,39.0928,-86.52710539
2010,12,6,Weekday,1700,1-Car,No injury/unknown,RAN OFF ROAD RIGHT,DILLMAN RD & FAIRFAX,39.09264,-86.51672
2010,9,3,Weekday,1500,2-Car,No injury/unknown,OTHER (ENVIRONMENTAL) - EXPLAIN IN NARR,FAIRFAX RD & RAYLETOWN,39.09261,-86.51702
2010,11,7,Weekend,2100,1-Car,No injury/unknown,SPEED TOO FAST FOR WEATHER CONDITIONS,BOLIN & ROCKPORT RD,39.09260215,-86.57509
2010,1,1,Weekend,100,1-Car,No injury/unknown,ANIMAL/OBJECT IN ROADWAY,DILLMAN & SR37S,39.09242863,-86.54558859
2010,10,2,Weekday,500,2-Car,Non-incapacitating,DRIVER DISTRACTED - EXPLAIN IN NARRATIVE,OLD 37 SOUTH HWY & SR 37 4 LANE,39.09207433,-86.54438674
2010,1,5,Weekday,800,2-Car,No injury/unknown,FAILURE TO YIELD RIGHT OF WAY,COLLEGE MALL RD & COVENANTER,39.09174861,-86.49774
2010,5,4,Weekday,800,2-Car,No injury/unknown,OTHER LIGHTS DEFECTIVE,SR45W & STANFORD,39.09171295,-86.66372607
2010,2,2,Weekday,700,1-Car,No injury/unknown,RAN OFF ROAD RIGHT,VICTOR PIKE & W DILLMAN,39.09147022,-86.56184974
2010,10,4,Weekday,1700,2-Car,No injury/unknown,FOLLOWING TOO CLOSELY,SR45W & STANFORD,39.09133837,-86.66424167
2010,11,2,Weekday,1600,2-Car,No injury/unknown,DRIVER DISTRACTED - EXPLAIN IN NARRATIVE,SR45W & STANFORD,39.09040189,-86.66553064
2010,1,4,Weekday,2200,1-Car,Non-incapacitating,RAN OFF ROAD RIGHT,S OLD 37 RD,39.089226,-86.543479
2010,11,7,Weekend,1700,2-Car,Non-incapacitating,LEFT OF CENTER,HINDS & KIRKSVILLE RD,39.08922068,-86.66055086
2010,10,4,Weekday,1700,Cyclist,Incapacitating,SPEED TOO FAST FOR WEATHER CONDITIONS,RED OAK & SR446S,39.089077,-86.42329198
2010,2,6,Weekend,1900,2-Car,No injury/unknown,IMPROPER LANE USAGE,ELLIS & SR37N,39.08751686,-86.53257501
2010,12,7,Weekend,600,1-Car,Non-incapacitating,SPEED TOO FAST FOR WEATHER CONDITIONS,SPARKS & SR45W,39.08700763,-86.67100921
2010,12,1,Weekend,1400,2-Car,Incapacitating,ROADWAY SURFACE CONDITION,GREENE COUNTY LINE & SR45W,39.08688641,-86.68174267
2010,3,5,Weekday,500,2-Car,No injury/unknown,FOLLOWING TOO CLOSELY,BREEDEN & SR45W,39.086832,-86.671984
2010,8,5,Weekday,1200,2-Car,No injury/unknown,FOLLOWING TOO CLOSELY,BREEDEN & SR45E,39.086832,-86.671984
2010,8,7,Weekend,900,2-Car,No injury/unknown,FOLLOWING TOO CLOSELY,BREEDEN & SR45S,39.086832,-86.671984
2010,2,2,Weekday,900,1-Car,No injury/unknown,ROADWAY SURFACE CONDITION,SPARKS & SR45W,39.08682265,-86.67305777
2010,10,6,Weekend,2300,Moped/Motorcycle,Non-incapacitating,ANIMAL/OBJECT IN ROADWAY,BREEDEN & SR45W,39.08680128,-86.67550806
2010,12,6,Weekend,1900,3+ Cars,No injury/unknown,SPEED TOO FAST FOR WEATHER CONDITIONS,BREEDEN & SR45W,39.08680128,-86.67550806
2010,8,7,Weekend,1400,2-Car,No injury/unknown,FOLLOWING TOO CLOSELY,SR45E & STATE ROAD 45,39.08675815,-86.67200899
2010,4,5,Weekday,2000,2-Car,No injury/unknown,DRIVER DISTRACTED - EXPLAIN IN NARRATIVE,BREEDEN & SR45W,39.0866567,-86.68252471
2010,4,6,Weekday,1000,1-Car,Non-incapacitating,OTHER (DRIVER) - EXPLAIN IN NARRATIVE,EMPIRE MILL & OLD STATE ROAD 37 RD,39.08624,-86.542
2010,11,3,Weekday,1600,2-Car,No injury/unknown,SPEED TOO FAST FOR WEATHER CONDITIONS,EMPIRE MILL & S OLD STATE ROAD 37 RD,39.08624,-86.542
2010,12,1,Weekend,1000,2-Car,Non-incapacitating,ROADWAY SURFACE CONDITION,DUVALL ROAD & ROCKPORT ROAD RD,39.086144,-86.590992
2010,4,2,Weekday,500,1-Car,No injury/unknown,RAN OFF ROAD RIGHT,S OLD STATE ROAD RD & SR37S,39.085632,-86.542304
2010,8,7,Weekend,1800,2-Car,No injury/unknown,DRIVER ASLEEP OR FATIGUED,OLD STATE ROAD 37 & SR37,39.085632,-86.542304
2010,10,1,Weekend,1100,2-Car,Non-incapacitating,FOLLOWING TOO CLOSELY,OLD HWY 37 SOUTH & SR37N,39.085632,-86.542304
2010,4,3,Weekday,2300,1-Car,Non-incapacitating,DRIVER ILLNESS,OLD SR 37 SOUTH & SR37S,39.08494684,-86.54171671
2010,12,1,Weekend,1600,2-Car,No injury/unknown,ROADWAY SURFACE CONDITION,BIRCH RD & SPARKS,39.08453948,-86.6664588
2010,4,5,Weekday,1500,2-Car,No injury/unknown,IMPROPER TURNING,CURRY PIKE & VERNAL,39.08395464,-86.58308
2010,12,7,Weekend,900,2-Car,No injury/unknown,SPEED TOO FAST FOR WEATHER CONDITIONS,SR37 & SR37S,39.08372473,-86.54067222
2010,9,3,Weekday,1900,2-Car,No injury/unknown,FOLLOWING TOO CLOSELY,S WALNUT ST & WINSLOW,39.08313644,-86.53111
2010,5,7,Weekend,1500,1-Car,Non-incapacitating,ALCOHOLIC BEVERAGES,6783 SOUTH SHIELDS RIDGE RD & RAMP CREEK,39.083024,-86.472912
2010,9,2,Weekday,1600,1-Car,No injury/unknown,RAN OFF ROAD RIGHT,HANDY & SHIELDS RIDGE RD,39.083024,-86.472912
2010,2,1,Weekend,100,1-Car,No injury/unknown,RAN OFF ROAD RIGHT,RAMP CREEK RD & SHIELDS RIDGE,39.08297,-86.47282353
2010,1,2,Weekday,1800,2-Car,Non-incapacitating,FOLLOWING TOO CLOSELY,FAIRFAX RD & NORTON,39.08281,-86.51598
2010,6,6,Weekend,2200,1-Car,Non-incapacitating,UNSAFE SPEED,EAST 2ND ST SANDERS & FAIRFAX RD,39.08254049,-86.51563165
2010,11,5,Weekday,1600,1-Car,No injury/unknown,RAN OFF ROAD RIGHT,EAST THIRD ST,39.080346,-86.51523
2010,7,5,Weekday,1700,1-Car,Non-incapacitating,SPEED TOO FAST FOR WEATHER CONDITIONS,BREEDEN RD & SR45W,39.07994707,-86.676
2010,2,6,Weekday,1700,1-Car,No injury/unknown,SPEED TOO FAST FOR WEATHER CONDITIONS,6940 WEST KOONTZ RD & HARMONY,39.079248,-86.6304
2010,6,3,Weekday,1100,2-Car,No injury/unknown,LEFT OF CENTER,LODGE RD & SO ROCKPORT RD,39.07904,-86.594
2010,3,1,Weekend,0,1-Car,No injury/unknown,RAN OFF ROAD RIGHT,LODGE RD & ROCKPORT,39.07885,-86.59419732
2010,1,2,Weekday,1600,1-Car,No injury/unknown,ALCOHOLIC BEVERAGES,KOONTZ RD & ROCKPORT,39.07882,-86.5965034
2010,9,7,Weekend,1700,1-Car,No injury/unknown,RAN OFF ROAD RIGHT,ROCKPORT RD,39.078486,-86.596798
2010,6,7,Weekend,2000,Moped/Motorcycle,Incapacitating,ANIMAL/OBJECT IN ROADWAY,RUSH RIDGE & SR446S,39.07845328,-86.41744871
2010,4,5,Weekday,600,2-Car,No injury/unknown,SPEED TOO FAST FOR WEATHER CONDITIONS,SR446 & SR446S,39.07818173,-86.41737465
2010,5,7,Weekend,300,1-Car,Non-incapacitating,ANIMAL/OBJECT IN ROADWAY,HARMONY RD & KOONTZ,39.07700117,-86.62837319
2010,3,3,Weekday,0,1-Car,No injury/unknown,RAN OFF ROAD RIGHT,FAIRFAX RD & MCCORMICK,39.07567,-86.50787651
2010,9,2,Weekday,1600,2-Car,No injury/unknown,FAILURE TO YIELD RIGHT OF WAY,FARIFAX RD & STRAIN RIDGE,39.07439,-86.50583
2010,2,3,Weekday,600,1-Car,No injury/unknown,ANIMAL/OBJECT IN ROADWAY,SMITHVILLE & SR37S,39.0737952,-86.53585859
2010,6,6,Weekday,1500,2-Car,No injury/unknown,ROADWAY SURFACE CONDITION,FLUCKMILL & VICTOR PIKE PIKE,39.07378,-86.57107
2010,7,4,Weekday,500,1-Car,Non-incapacitating,RAN OFF ROAD RIGHT,SHADY LANE & SHIELDS RIDGE RD,39.073088,-86.461184
2010,8,4,Weekday,2300,2-Car,No injury/unknown,LEFT OF CENTER,SHADY SIDE & SHIELDS RIDGE RD,39.073088,-86.461184
2010,1,6,Weekday,1200,1-Car,No injury/unknown,RAN OFF ROAD RIGHT,EVANS & EVANS RD,39.07224,-86.591696
2010,12,7,Weekend,200,1-Car,No injury/unknown,ROADWAY SURFACE CONDITION,SMITHVILLE & SR37S,39.0717408,-86.53566465
2010,8,7,Weekend,1300,1-Car,No injury/unknown,RAN OFF ROAD RIGHT,BOLIN & S ROCKPORT RD,39.07148644,-86.57509
2010,9,1,Weekend,1700,Moped/Motorcycle,Non-incapacitating,RAN OFF ROAD RIGHT,E SMITHVILLE RD & SOUTH ZIKES,39.071344,-86.5252
2010,9,7,Weekend,1500,1-Car,No injury/unknown,ROADWAY SURFACE CONDITION,LUCAS & RAMP CREEK RD,39.07117013,-86.49572549
2010,4,1,Weekend,1100,2-Car,No injury/unknown,FAILURE TO YIELD RIGHT OF WAY,FAIRFAX RD & SMITHVILLE,39.071152,-86.503088
2010,7,6,Weekday,1600,2-Car,No injury/unknown,UNSAFE BACKING,KETCHAM RD & SMITHVILLE RD RD,39.07115,-86.54461309
2010,9,1,Weekend,1300,2-Car,No injury/unknown,FOLLOWING TOO CLOSELY,FAIRFAX RD & RAMP CREEK,39.07115,-86.50319
2010,4,5,Weekday,1600,2-Car,Non-incapacitating,FAILURE TO YIELD RIGHT OF WAY,SMITHVILLE & SR37N,39.071056,-86.5356
2010,7,7,Weekend,100,1-Car,Non-incapacitating,RAN OFF ROAD RIGHT,KETCHAM RD & SMITHVILLE,39.07093943,-86.53639763
2010,5,6,Weekend,2100,1-Car,No injury/unknown,ANIMAL/OBJECT IN ROADWAY,SMITHVILLE & SR37,39.07091868,-86.53560176
2010,8,7,Weekend,700,1-Car,No injury/unknown,LEFT OF CENTER,ANNE & S STRAINRIDGE RD,39.07042664,-86.51104
2010,1,4,Weekday,900,Bus,No injury/unknown,FAILURE TO YIELD RIGHT OF WAY,SMITHVILLE & STRAIN RIDGE RD,39.06845303,-86.50766269
2010,12,1,Weekend,1800,2-Car,No injury/unknown,IMPROPER TURNING,E BARRINGTON DR,39.06838,-86.503139
2010,12,4,Weekday,600,1-Car,No injury/unknown,ANIMAL/OBJECT IN ROADWAY,SMITHVILLE & SR37S,39.06830953,-86.5356351
2010,10,5,Weekday,1100,2-Car,No injury/unknown,FOLLOWING TOO CLOSELY,CONSTITUTION & LIBERTY DR,39.06663341,-86.57687
2010,8,7,Weekend,1500,1-Car,No injury/unknown,UNSAFE SPEED,S KETCHAM RD,39.065523,-86.56485
2010,12,2,Weekday,1000,1-Car,No injury/unknown,OTHER (ENVIRONMENTAL) - EXPLAIN IN NARR,6500 BLK BREEDEN RD & SR45,39.06415889,-86.67278894
2010,11,3,Weekday,700,1-Car,Non-incapacitating,LEFT OF CENTER,EVANS & ROCKPORT RD,39.06400761,-86.60370816
2010,10,7,Weekend,200,1-Car,Non-incapacitating,UNSAFE SPEED,CIANA & HARRELL RD,39.0639995,-86.49859
2010,6,1,Weekend,100,Moped/Motorcycle,Incapacitating,OVERCORRECTING/OVERSTEERING,CLEVE BUTCHER & FAIRFAX RD,39.06135722,-86.49845028
2010,1,6,Weekday,400,1-Car,Incapacitating,RAN OFF ROAD RIGHT,BURCH RD & GRAVES,39.05993196,-86.65165454
2010,12,6,Weekday,1800,1-Car,No injury/unknown,RAN OFF ROAD RIGHT,ROCKPORT RD & VICTOR,39.05915762,-86.60518406
2010,1,5,Weekday,1100,1-Car,No injury/unknown,RAN OFF ROAD RIGHT,ST RD 48 & STONECHASE CROSSING RD,39.05902087,-86.59520785
2010,3,5,Weekday,1700,2-Car,No injury/unknown,FAILURE TO YIELD RIGHT OF WAY,LIBERTY DR & W 3RD,39.05885398,-86.57913641
2010,1,4,Weekday,2200,1-Car,No injury/unknown,OVERCORRECTING/OVERSTEERING,CLEVE BUTCHER & FAIRFAX RD,39.0586107,-86.498432
2010,4,1,Weekend,0,1-Car,No injury/unknown,RAN OFF ROAD RIGHT,BURGOON CHURCH & SR446S,39.05636256,-86.40909802
2010,8,4,Weekday,1600,2-Car,No injury/unknown,OVERCORRECTING/OVERSTEERING,BURGOON CHURCH & SR446S,39.05533669,-86.40859877
2010,11,2,Weekday,700,2-Car,Non-incapacitating,FAILURE TO YIELD RIGHT OF WAY,CLARKWAY & S STRAINRIDGE RD,39.05481,-86.50794
2010,8,5,Weekday,500,1-Car,Non-incapacitating,RAN OFF ROAD RIGHT,ROCKPORT RD & VICTOR,39.05455581,-86.60612295
2010,7,2,Weekday,800,1-Car,No injury/unknown,UNSAFE SPEED,S ROCKPORT RD & S VICTOR,39.05385,-86.60649
2010,12,6,Weekend,2300,1-Car,No injury/unknown,ROADWAY SURFACE CONDITION,ROCKPORT & VICTOR PIKE PIKE,39.053744,-86.606304
2010,8,4,Weekday,500,1-Car,No injury/unknown,RAN OFF ROAD RIGHT,BURGOON CHURCH & SR446S,39.05369468,-86.40773567
2010,12,1,Weekend,400,1-Car,No injury/unknown,SPEED TOO FAST FOR WEATHER CONDITIONS,GARRISON CHAPEL RD & HENDRICKS,39.05321086,-86.64721
2010,3,5,Weekday,600,1-Car,No injury/unknown,TIRE FAILURE OR DEFECTIVE,ROCKPORT RD & VICTOR,39.05257843,-86.60723543
2010,10,7,Weekend,300,1-Car,Non-incapacitating,RAN OFF ROAD RIGHT,HARMONY RD & ROCKPORT,39.05232151,-86.61140222
2010,9,3,Weekday,700,1-Car,No injury/unknown,UNSAFE SPEED,HARMONY & SOUTH ROCKPORT RD,39.05024,-86.609104
2010,1,6,Weekday,0,1-Car,No injury/unknown,ANIMAL/OBJECT IN ROADWAY,SR37N & ZIKES,39.049456,-86.535888
2010,12,4,Weekday,1400,1-Car,Non-incapacitating,UNSAFE SPEED,S ST RD 37 & S ZIKES RD,39.04941,-86.54124501
2010,1,1,Weekend,200,1-Car,Non-incapacitating,RAN OFF ROAD RIGHT,ANNE & STRAINRIDGE RD,39.04934,-86.51108326
2010,4,7,Weekend,2200,1-Car,Non-incapacitating,ROADWAY SURFACE CONDITION,SOUTH STRAINRIDGE RD RD,39.04890383,-86.510741
2010,12,1,Weekend,1800,1-Car,No injury/unknown,ANIMAL/OBJECT IN ROADWAY,SR37S & ZIKES,39.04725874,-86.53587154
2010,4,6,Weekend,2200,1-Car,Incapacitating,OVERCORRECTING/OVERSTEERING,FAIRFAX RD & MOFFETT,39.04712512,-86.51785
2010,2,7,Weekend,0,1-Car,No injury/unknown,RAN OFF ROAD RIGHT,CLEVEBUTCHER & FAIRFAX RD,39.04688424,-86.49055
2010,9,5,Weekday,600,1-Car,No injury/unknown,ANIMAL/OBJECT IN ROADWAY,SR37N & ZIKES,39.04670943,-86.53586743
2010,6,2,Weekday,300,1-Car,No injury/unknown,RAN OFF ROAD RIGHT,CLEVE BUTCHER RD & FAIRFAX,39.04583,-86.49037702
2010,5,5,Weekday,1500,2-Car,No injury/unknown,LEFT OF CENTER,HAYS RD & SR446S,39.04485898,-86.4081609
2010,3,6,Weekday,1500,1-Car,No injury/unknown,ROADWAY SURFACE CONDITION,7211 S BREEDEN & BREEDEN RD,39.04406099,-86.66611924
2010,5,5,Weekday,1700,1-Car,Non-incapacitating,ROADWAY SURFACE CONDITION,HAYS & SR446S,39.04403837,-86.40723003
2010,7,5,Weekday,700,1-Car,No injury/unknown,ANIMAL/OBJECT IN ROADWAY,SR37S & ZIKES,39.04396287,-86.53584423
2010,11,5,Weekday,200,1-Car,No injury/unknown,RAN OFF ROAD RIGHT,FAIRFAX RD,39.039804,-86.492033
2010,12,1,Weekend,500,1-Car,No injury/unknown,SPEED TOO FAST FOR WEATHER CONDITIONS,BREEDON RD & GRAVES,39.03690868,-86.6714