Year,Month,Day,Weekend?,Hour,Collision Type,Injury Type,Primary Factor,Reported_Location,Latitude,Longitude
2010,6,6,Weekday,1700,2-Car,No injury/unknown,FAILURE TO YIELD RIGHT OF WAY,ECHO BEND LN & HARVEST,0.0,0.0
2010,6,3,Weekday,600,1-Car,No injury/unknown,ANIMAL/OBJECT IN ROADWAY,COLLEGE AVE & SR37N,0.0,0.0
2010,6,5,Weekday,1600,2-Car,No injury/unknown,IMPROPER TURNING,COUNTY LINE & TEXAS RIDGE RD,0.0,0.0
2010,6,5,Weekday,1700,2-Car,No injury/unknown,BRAKE FAILURE OR DEFECTIVE,SR37 & W GOURLEY,0.0,0.0
2010,6,3,Weekday,1400,2-Car,No injury/unknown,FOLLOWING TOO CLOSELY,SR37 FOURLANE NORTH & TAPP RD RD,0.0,0.0
2010,6,6,Weekday,1800,2-Car,No injury/unknown,LEFT OF CENTER,MT CARMEL & STINESVILLE RD,0.0,0.0
2010,6,6,Weekday,1700,2-Car,No injury/unknown,FOLLOWING TOO CLOSELY,LIBERTY & W BLOOMFIELD RD,0.0,0.0
2010,6,7,Weekend,2000,2-Car,No injury/unknown,ALCOHOLIC BEVERAGES,CUTWRIGHT SRA RAMP,0.0,0.0
2010,6,7,Weekend,800,1-Car,No injury/unknown,UNSAFE SPEED,HOWARD RD & ST RD 43,0.0,0.0
2010,6,4,Weekday,1600,2-Car,No injury/unknown,FAILURE TO YIELD RIGHT OF WAY,2316 N WALNUT ST & 45 46,0.0,0.0
2010,7,2,Weekday,1600,2-Car,No injury/unknown,OTHER (VEHICLE) - EXPLAIN IN NARRATIVE,CAPITOL AVE,0.0,0.0
2010,6,4,Weekday,1500,2-Car,No injury/unknown,FAILURE TO YIELD RIGHT OF WAY,HEDRICK & SR46W,0.0,0.0
2010,7,3,Weekday,1200,2-Car,No injury/unknown,FAILURE TO YIELD RIGHT OF WAY,CARMOLA DR & DRIVEWAY OF 3855 CARMOLA,0.0,0.0
2010,7,5,Weekday,1400,2-Car,No injury/unknown,FAILURE TO YIELD RIGHT OF WAY,1320 E JORDAN AVE,0.0,0.0
2010,7,5,Weekday,900,1-Car,No injury/unknown,VIEW OBSTRUCTED,MT GILEAD & PRIVATE DRIVE 3031 MT GILEAD RD,0.0,0.0
2010,7,7,Weekend,2200,2-Car,No injury/unknown,FAILURE TO YIELD RIGHT OF WAY,BRIAR GATE & SR46W,0.0,0.0
2010,7,3,Weekday,700,2-Car,No injury/unknown,UNSAFE BACKING,STONEYBROOK & STOUTES CRK RD,0.0,0.0
2010,7,4,Weekday,1500,2-Car,No injury/unknown,FAILURE TO YIELD RIGHT OF WAY,STONELAKE & W STATE ROAD 45 46 BYP,0.0,0.0
2010,7,5,Weekday,1200,2-Car,No injury/unknown,UNSAFE SPEED,EAST COVE & VALLEY MISSION LN,0.0,0.0
2010,7,7,Weekend,900,1-Car,No injury/unknown,UNSAFE SPEED,KETCHUM RD & OLD STATE ROAD 37,0.0,0.0
2010,7,7,Weekend,2300,1-Car,No injury/unknown,RAN OFF ROAD RIGHT,RICHARDSON & SR446S,0.0,0.0
2010,6,2,Weekday,1100,2-Car,No injury/unknown,LEFT OF CENTER,CR00S & LODGE,0.0,0.0
2010,7,4,Weekday,1100,2-Car,No injury/unknown,FAILURE TO YIELD RIGHT OF WAY,45 46 & WALNUT ST,0.0,0.0
2010,7,4,Weekday,1100,2-Car,No injury/unknown,UNSAFE BACKING,17TH & BLUE LOT SOUTH DR,0.0,0.0
2010,7,4,Weekday,1200,2-Car,No injury/unknown,FOLLOWING TOO CLOSELY,S BOUND 37 EXIT & SR45W,0.0,0.0
2010,7,5,Weekday,900,2-Car,No injury/unknown,FOLLOWING TOO CLOSELY,45 & SR37S,0.0,0.0
2010,7,7,Weekend,1100,2-Car,No injury/unknown,UNSAFE LANE MOVEMENT,8 & COLLEGE AVE,0.0,0.0
2010,7,7,Weekend,1800,2-Car,No injury/unknown,OTHER (DRIVER) - EXPLAIN IN NARRATIVE,WEST 45 HWY,0.0,0.0
2010,6,4,Weekday,2100,2-Car,No injury/unknown,UNSAFE BACKING,E GOODNIGHT WAY,0.0,0.0
2010,7,4,Weekday,1700,2-Car,No injury/unknown,UNSAFE BACKING,OLD 37 HWY & RHORER,0.0,0.0
2010,8,1,Weekend,1400,2-Car,No injury/unknown,DISREGARD SIGNAL/REG SIGN,11 & COLLEGE AVE,0.0,0.0
2010,7,4,Weekday,1900,2-Car,No injury/unknown,LEFT OF CENTER,OLD DUTCH CHURCH & RED HILL RD,0.0,0.0
2010,7,6,Weekday,1600,2-Car,No injury/unknown,FAILURE TO YIELD RIGHT OF WAY,LEONARD SPRINGS & PARKING LOT CT,0.0,0.0
2010,8,5,Weekday,1100,2-Car,No injury/unknown,OTHER (DRIVER) - EXPLAIN IN NARRATIVE,ATWATER FESS LOT SOUTH DR & FESS,0.0,0.0
2010,7,4,Weekday,1000,1-Car,No injury/unknown,OTHER (ENVIRONMENTAL) - EXPLAIN IN NARR,RATLIFF & THOMAS RD,0.0,0.0
2010,8,3,Weekday,1600,2-Car,No injury/unknown,OTHER (DRIVER) - EXPLAIN IN NARRATIVE,SR45W & WEST ISON,0.0,0.0
2010,8,3,Weekday,1300,1-Car,No injury/unknown,CELL PHONE USAGE,ASDFASFD & I37S,0.0,0.0
2010,8,7,Weekend,1200,2-Car,No injury/unknown,BRAKE FAILURE OR DEFECTIVE,KINSER & SR46W,0.0,0.0
2010,8,5,Weekday,1000,2-Car,No injury/unknown,FAILURE TO YIELD RIGHT OF WAY,1900 EAST TENTH & 400 BLOCK OF NORTH UNION ST,0.0,0.0
2010,8,6,Weekday,1700,2-Car,No injury/unknown,UNSAFE BACKING,DRIVE RD & E POINT,0.0,0.0
2010,8,2,Weekday,900,2-Car,No injury/unknown,FOLLOWING TOO CLOSELY,3400 BLK S WALNUT ST & RHORER,0.0,0.0
2010,8,2,Weekday,2200,2-Car,No injury/unknown,IMPROPER LANE USAGE,3 RD STREET ST & SWAIN,0.0,0.0
2010,8,2,Weekday,1000,2-Car,No injury/unknown,UNSAFE BACKING,EAST SR 45 46 BYP,0.0,0.0
2010,8,3,Weekday,1000,2-Car,No injury/unknown,FOLLOWING TOO CLOSELY,BRIARGATE & SR46W,0.0,0.0
2010,8,6,Weekend,2100,2-Car,No injury/unknown,FAILURE TO YIELD RIGHT OF WAY,LAKE VIEW & SR46W,0.0,0.0
2010,8,7,Weekend,1100,2-Car,No injury/unknown,UNSAFE LANE MOVEMENT,1500 BLOCK OF EAST THIRD ST & 300 BLOCK OF SOUTH SWAIN,0.0,0.0
2010,8,1,Weekend,1500,2-Car,No injury/unknown,FAILURE TO YIELD RIGHT OF WAY,RHORER ROAD & WALNUR STREET PIKE RD,0.0,0.0
2010,9,4,Weekday,1600,2-Car,No injury/unknown,FAILURE TO YIELD RIGHT OF WAY,NORWAY DR & SMITH,0.0,0.0
2010,8,6,Weekday,300,Pedestrian,Non-incapacitating,,,0.0,0.0
2010,9,6,Weekday,700,2-Car,No injury/unknown,DRIVER DISTRACTED - EXPLAIN IN NARRATIVE,2700 S WALNUT ST & DRIVE TO 2750 S WALNUT,0.0,0.0
2010,9,6,Weekday,1700,2-Car,No injury/unknown,FOLLOWING TOO CLOSELY,CONSTABLE & SR35W,0.0,0.0
2010,9,7,Weekend,1300,3+ Cars,Non-incapacitating,FOLLOWING TOO CLOSELY,ENTEXT TO RICHLAND PLAZA & UNIONVALLEY RD,0.0,0.0
2010,9,2,Weekday,2200,1-Car,No injury/unknown,ANIMAL/OBJECT IN ROADWAY,E BRYN MAWR & SNODDY RD,0.0,0.0
2010,9,4,Weekday,800,2-Car,No injury/unknown,FOLLOWING TOO CLOSELY,1200 W ST RD 45 46 BYPASS & SR4546E,0.0,0.0
2010,9,4,Weekday,1100,2-Car,No injury/unknown,DISREGARD SIGNAL/REG SIGN,3000 W BLOOMFIELD RD & EXIT RMP 14,0.0,0.0
2010,9,6,Weekday,1400,2-Car,No injury/unknown,FOLLOWING TOO CLOSELY,SR37S & STATE ROAD 45 SOUTH,0.0,0.0
2010,9,4,Weekday,2100,2-Car,Non-incapacitating,OTHER (DRIVER) - EXPLAIN IN NARRATIVE,MOORES CREEK SHELTER PARKING,0.0,0.0
2010,9,2,Weekday,1300,2-Car,No injury/unknown,FAILURE TO YIELD RIGHT OF WAY,CURRY PIKE & WHITEHALL,0.0,0.0
2010,9,2,Weekday,1400,2-Car,No injury/unknown,LEFT OF CENTER,GOODNIGHT WAY WAY,0.0,0.0
2010,9,2,Weekday,600,2-Car,No injury/unknown,FAILURE TO YIELD RIGHT OF WAY,BLOOMFIELD & LEONARD SPRINGS RD,0.0,0.0
2010,9,3,Weekday,1500,2-Car,No injury/unknown,IMPROPER LANE USAGE,COLLEGE ST & OLD 37 N,0.0,0.0
2010,9,3,Weekday,1700,2-Car,No injury/unknown,OTHER (DRIVER) - EXPLAIN IN NARRATIVE,GOURLY PIKE,0.0,0.0
2010,9,4,Weekday,2300,2-Car,No injury/unknown,DRIVER DISTRACTED - EXPLAIN IN NARRATIVE,1OTH ST & JORDAN,0.0,0.0
2010,9,6,Weekday,1400,1-Car,No injury/unknown,UNSAFE BACKING,DUNN & N CONCOURSE MEMORIAL STADIUM DR,0.0,0.0
2010,9,6,Weekday,1800,2-Car,No injury/unknown,UNSAFE SPEED,HEDRICK & SR46W,0.0,0.0
2010,9,1,Weekend,100,2-Car,No injury/unknown,OTHER (DRIVER) - EXPLAIN IN NARRATIVE,E STRATUM WAY,0.0,0.0
2010,9,7,Weekend,1100,2-Car,No injury/unknown,UNSAFE BACKING,W RICHLAND PLAZA DR,0.0,0.0
2010,9,6,Weekday,1600,3+ Cars,No injury/unknown,OTHER (DRIVER) - EXPLAIN IN NARRATIVE,BLOOMFIELD RD & LIBERTY,0.0,0.0
2010,9,4,Weekday,900,2-Car,No injury/unknown,FOLLOWING TOO CLOSELY,SR37 NORTH FOURLANE & TAPP RD,0.0,0.0
2010,10,6,Weekend,2300,2-Car,No injury/unknown,FAILURE TO YIELD RIGHT OF WAY,BRIARGATE & SR46W,0.0,0.0
2010,10,1,Weekend,0,1-Car,No injury/unknown,RAN OFF ROAD RIGHT,RICHARDSON & SOUTHSHORE DR,0.0,0.0
2010,10,1,Weekday,1900,2-Car,No injury/unknown,FAILURE TO YIELD RIGHT OF WAY,10TH ST & 45 46,0.0,0.0
2010,10,2,Weekday,1500,2-Car,No injury/unknown,UNSAFE BACKING,E 7TH ST & STADIUM,0.0,0.0
2010,10,2,Weekday,1600,1-Car,No injury/unknown,RAN OFF ROAD RIGHT,COLLEGE & SR37N,0.0,0.0
2010,10,2,Weekday,1100,2-Car,No injury/unknown,OTHER (DRIVER) - EXPLAIN IN NARRATIVE,ENTRANTCE TO COUNTRY CLUB DRIV & ROGERS ST,0.0,0.0
2010,10,3,Weekday,1300,2-Car,No injury/unknown,UNSAFE BACKING,JORDAN & READ WEST LOT DR,0.0,0.0
2010,10,5,Weekday,1500,2-Car,No injury/unknown,FAILURE TO YIELD RIGHT OF WAY,HEDRICK & SR46W,0.0,0.0
2010,10,4,Weekday,1500,2-Car,No injury/unknown,DISREGARD SIGNAL/REG SIGN,9 & WASHINGTON ST,0.0,0.0
2010,10,6,Weekend,1900,2-Car,No injury/unknown,FOLLOWING TOO CLOSELY,10TH & SR4546S,0.0,0.0
2010,10,1,Weekday,2200,2-Car,No injury/unknown,,,0.0,0.0
2010,10,2,Weekday,1100,2-Car,No injury/unknown,IMPROPER TURNING,11TH & FEE LN,0.0,0.0
2010,10,1,Weekend,1500,1-Car,No injury/unknown,ANIMAL/OBJECT IN ROADWAY,1ST STREET SANDERS & S FAIRFAX RD,0.0,0.0
2010,10,3,Weekday,1400,2-Car,No injury/unknown,UNSAFE LANE MOVEMENT,OFF RAMP TO 2ND STREET & SR37S,0.0,0.0
2010,10,4,Weekday,2000,1-Car,No injury/unknown,ANIMAL/OBJECT IN ROADWAY,COLLEGE & SR37N,0.0,0.0
2010,10,4,Weekday,1400,2-Car,No injury/unknown,UNSAFE BACKING,757 N FOREST (MONROE HALL) AVE & EAST COTTAGE GROVE,0.0,0.0
2010,10,6,Weekday,1200,2-Car,No injury/unknown,FOLLOWING TOO CLOSELY,E 11TH & FEE LN,0.0,0.0
2010,10,7,Weekend,1400,2-Car,No injury/unknown,FAILURE TO YIELD RIGHT OF WAY,MIAMI ST & NAVAJO,0.0,0.0
2010,10,2,Weekday,1700,2-Car,No injury/unknown,FOLLOWING TOO CLOSELY,NB SR 37 & THIRD ST,0.0,0.0
2010,10,3,Weekday,1700,Moped/Motorcycle,Non-incapacitating,FAILURE TO YIELD RIGHT OF WAY,JORDAN AVE & PRESIDENTS,0.0,0.0
2010,10,4,Weekday,1000,1-Car,No injury/unknown,ANIMAL/OBJECT IN ROADWAY,SR37S & YONKERS,0.0,0.0
2010,10,6,Weekday,1100,1-Car,No injury/unknown,ANIMAL/OBJECT IN ROADWAY,3800 N WALNUT ST & OLD ST RD 37,0.0,0.0
2010,10,6,Weekday,1100,2-Car,No injury/unknown,FAILURE TO YIELD RIGHT OF WAY,BUICK CADILLAC & N S DRIVE DR,0.0,0.0
2010,10,6,Weekend,2300,1-Car,No injury/unknown,ANIMAL/OBJECT IN ROADWAY,ARLINGTON RD & PYRAMID,0.0,0.0
2010,10,7,Weekend,1500,Bus,No injury/unknown,UNSAFE BACKING,3901 N KINSER PIKE & PROW,0.0,0.0
2010,10,5,Weekday,1700,2-Car,No injury/unknown,FAILURE TO YIELD RIGHT OF WAY,S HICKORY LEAF DR & WALMART,0.0,0.0
2010,10,1,Weekend,1400,2-Car,No injury/unknown,FAILURE TO YIELD RIGHT OF WAY,HENDERSON ST & UNIVERSITY,0.0,0.0
2010,10,1,Weekend,1700,2-Car,Non-incapacitating,FAILURE TO YIELD RIGHT OF WAY,2 ND & COLLEGE MALL RD,0.0,0.0
2010,10,1,Weekday,2300,2-Car,No injury/unknown,IMPROPER TURNING,7TH & JORDAN AVE,0.0,0.0
2010,10,7,Weekend,1200,1-Car,Non-incapacitating,LEFT OF CENTER,ARLINGTON RD & STONEYBROOK,0.0,0.0
2010,10,1,Weekend,1300,2-Car,No injury/unknown,IMPROPER TURNING,ELEVENTH & FEE LN,0.0,0.0
2010,10,2,Weekday,800,2-Car,No injury/unknown,UNSAFE BACKING,SOUTH PATTERSON DR,0.0,0.0
2010,10,2,Weekday,1600,2-Car,No injury/unknown,FAILURE TO YIELD RIGHT OF WAY,2900 N WALNUT ST & BLUERIDGE,0.0,0.0
2010,10,6,Weekday,1400,2-Car,No injury/unknown,UNSAFE LANE MOVEMENT,CONSTITUTION & CURRY PIKE,0.0,0.0
2010,10,3,Weekday,1000,2-Car,No injury/unknown,UNSAFE BACKING,COTTAGE & WALNUT GRV,0.0,0.0
2010,10,3,Weekday,1100,1-Car,Non-incapacitating,SPEED TOO FAST FOR WEATHER CONDITIONS,DUNN & N OLD SR37 RD,0.0,0.0
2010,10,1,Weekend,1100,2-Car,No injury/unknown,IMPROPER TURNING,SALE & SR46W,0.0,0.0
2010,10,3,Weekday,700,2-Car,No injury/unknown,FOLLOWING TOO CLOSELY,MATTHEWS & SR46W,0.0,0.0
2010,10,3,Weekday,2000,2-Car,No injury/unknown,UNSAFE BACKING,E DRISCOLL & S LINCOLN ST,0.0,0.0
2010,10,3,Weekday,1500,2-Car,No injury/unknown,FOLLOWING TOO CLOSELY,S OLCOTT BLVD & WILLIAM,0.0,0.0
2010,10,3,Weekday,1400,2-Car,No injury/unknown,OTHER (DRIVER) - EXPLAIN IN NARRATIVE,JORDAN & THIRD ST,0.0,0.0
2010,10,5,Weekday,700,1-Car,No injury/unknown,RAN OFF ROAD RIGHT,MT PLEASANT & N MT TABOR RD,0.0,0.0
2010,10,7,Weekend,1500,2-Car,No injury/unknown,UNSAFE BACKING,RATLIFF RD,0.0,0.0
2010,10,3,Weekday,600,1-Car,No injury/unknown,ANIMAL/OBJECT IN ROADWAY,MATTHEWS & MCNEELEY ST,0.0,0.0
2010,10,4,Weekday,1700,2-Car,No injury/unknown,FOLLOWING TOO CLOSELY,HARTSTRAIT & SR46W,0.0,0.0
2010,10,6,Weekday,100,2-Car,Non-incapacitating,FAILURE TO YIELD RIGHT OF WAY,2ND & COLLEGE MALL RD,0.0,0.0
2010,10,6,Weekday,1200,2-Car,No injury/unknown,BRAKE FAILURE OR DEFECTIVE,FESS & HENDERSON PARKING GARAGE DR,0.0,0.0
2010,10,6,Weekday,1700,2-Car,No injury/unknown,OTHER (DRIVER) - EXPLAIN IN NARRATIVE,3RD ST & ARBUTUS,0.0,0.0
2010,10,6,Weekday,1700,2-Car,Non-incapacitating,FAILURE TO YIELD RIGHT OF WAY,ATWATER & JORDAN AVE,0.0,0.0
2010,10,6,Weekday,1700,3+ Cars,Non-incapacitating,FOLLOWING TOO CLOSELY,ALLEN & BLOOMINFIELD RD,0.0,0.0
2010,10,6,Weekend,2200,1-Car,No injury/unknown,RAN OFF ROAD RIGHT,SR37S & WHITEHALL CROSSING,0.0,0.0
2010,10,7,Weekend,300,1-Car,No injury/unknown,UNSAFE SPEED,MOORES PIKE & WINFIELD,0.0,0.0
2010,10,7,Weekend,1000,2-Car,No injury/unknown,FAILURE TO YIELD RIGHT OF WAY,WALNUT & WINSLOW RD,0.0,0.0
2010,10,7,Weekend,1000,2-Car,No injury/unknown,UNSAFE BACKING,3477 WEST 3 ST ST,0.0,0.0
2010,10,7,Weekend,1600,2-Car,No injury/unknown,FOLLOWING TOO CLOSELY,EAST ATWATER AVE & SOUTH ARBUTUS,0.0,0.0
2010,10,7,Weekend,1500,2-Car,No injury/unknown,DRIVER DISTRACTED - EXPLAIN IN NARRATIVE,10TH ST & BRIGHTON,0.0,0.0
2010,10,7,Weekend,2200,2-Car,No injury/unknown,FOLLOWING TOO CLOSELY,EAST 10TH ST & NORTH SUNRISE,0.0,0.0
2010,10,7,Weekend,1000,2-Car,No injury/unknown,UNSAFE SPEED,17 TH & SR45W,0.0,0.0
2010,11,2,Weekday,1900,1-Car,No injury/unknown,ANIMAL/OBJECT IN ROADWAY,BOTTOM & SIMPSON CHAPEL RD,0.0,0.0
2010,11,3,Weekday,1200,2-Car,No injury/unknown,FAILURE TO YIELD RIGHT OF WAY,JORDAN AVE PARKING GARAGE AVE,0.0,0.0
2010,11,4,Weekday,1100,Bus,No injury/unknown,FAILURE TO YIELD RIGHT OF WAY,11TH & FEE LN,0.0,0.0
2010,11,4,Weekday,700,1-Car,No injury/unknown,ANIMAL/OBJECT IN ROADWAY,BETHAL LANE & SR45E,0.0,0.0
2010,11,5,Weekday,1200,2-Car,No injury/unknown,FOLLOWING TOO CLOSELY,17TH ST & SR45,0.0,0.0
2010,11,4,Weekday,1200,2-Car,No injury/unknown,IMPROPER TURNING,DUNN ST & MCCALLA SCHOOL,0.0,0.0
2010,10,7,Weekend,1000,2-Car,No injury/unknown,UNSAFE BACKING,SUDBURY DR,0.0,0.0
2010,11,5,Weekday,700,2-Car,No injury/unknown,FOLLOWING TOO CLOSELY,S ORCHARD & SR37S,0.0,0.0
2010,11,5,Weekday,1400,2-Car,No injury/unknown,FAILURE TO YIELD RIGHT OF WAY,10TH & SR4546N,0.0,0.0
2010,11,6,Weekday,700,1-Car,No injury/unknown,SPEED TOO FAST FOR WEATHER CONDITIONS,FULLERTON PIKE PIKE & STATE ROAD 37 NORTH,0.0,0.0
2010,11,4,Weekday,1700,2-Car,No injury/unknown,FAILURE TO YIELD RIGHT OF WAY,HARTSTRAIT RD & RATLIFF,0.0,0.0
2010,11,6,Weekday,600,1-Car,No injury/unknown,OTHER (DRIVER) - EXPLAIN IN NARRATIVE,EAGLE VIEW & THAT RD,0.0,0.0
2010,11,6,Weekday,1200,2-Car,No injury/unknown,IMPROPER TURNING,NORTH COLLEGE AVE,0.0,0.0
2010,11,7,Weekend,1000,2-Car,No injury/unknown,IMPROPER TURNING,WEST VERNAL PIKE PIKE,0.0,0.0
2010,11,7,Weekend,2200,1-Car,No injury/unknown,ANIMAL/OBJECT IN ROADWAY,ALEXIS & FAIRFAX RD,0.0,0.0
2010,11,7,Weekend,1100,3+ Cars,Non-incapacitating,DRIVER DISTRACTED - EXPLAIN IN NARRATIVE,SR46W & STINESVILLE,0.0,0.0
2010,11,3,Weekday,1700,1-Car,No injury/unknown,OTHER (DRIVER) - EXPLAIN IN NARRATIVE,OLD SR 45 & SR45W,0.0,0.0
2010,11,7,Weekend,2200,1-Car,No injury/unknown,RAN OFF ROAD RIGHT,MT GILEAD RD & UPPER BIRDIE GALYON,0.0,0.0
2010,11,2,Weekday,1200,2-Car,Non-incapacitating,OTHER (DRIVER) - EXPLAIN IN NARRATIVE,DODDS & S ROGERS ST,0.0,0.0
2010,11,2,Weekday,1200,2-Car,No injury/unknown,LEFT OF CENTER,700 E 2ND ST ST & PARK ST,0.0,0.0
2010,11,5,Weekday,900,2-Car,No injury/unknown,OTHER (DRIVER) - EXPLAIN IN NARRATIVE,ROGERS RD & SARE RD RD,0.0,0.0
2010,11,2,Weekday,1800,2-Car,Non-incapacitating,DRIVER DISTRACTED - EXPLAIN IN NARRATIVE,GATES & W 3RD ST,0.0,0.0
2010,11,3,Weekday,900,2-Car,Non-incapacitating,FAILURE TO YIELD RIGHT OF WAY,E BURKS & S WALNUT ST,0.0,0.0
2010,11,4,Weekday,2200,2-Car,No injury/unknown,UNSAFE BACKING,CRAMER CIR & ROCKCREST,0.0,0.0
2010,11,3,Weekday,1800,2-Car,No injury/unknown,FAILURE TO YIELD RIGHT OF WAY,GRANT ST & UNIVERSITY,0.0,0.0
2010,11,3,Weekday,1900,2-Car,No injury/unknown,UNSAFE BACKING,EAST COTTAGE GRV,0.0,0.0
2010,11,3,Weekday,900,2-Car,No injury/unknown,OVERCORRECTING/OVERSTEERING,FEE LN,0.0,0.0
2010,11,4,Weekday,1600,1-Car,Non-incapacitating,IMPROPER PASSING,FLUCKMILL & S VICTOR PIKE,0.0,0.0
2010,11,2,Weekday,2100,1-Car,No injury/unknown,FOLLOWING TOO CLOSELY,MONROE DAM & SR37S,0.0,0.0
2010,11,4,Weekday,1500,2-Car,No injury/unknown,FOLLOWING TOO CLOSELY,ARLINGTON RD & SR46W,0.0,0.0
2010,11,4,Weekday,2200,2-Car,No injury/unknown,FOLLOWING TOO CLOSELY,E MOORES & S SMITH RD,0.0,0.0
2010,10,1,Weekend,400,1-Car,No injury/unknown,RAN OFF ROAD RIGHT,RATLIFF RD,0.0,0.0
2010,11,7,Weekend,1400,1-Car,No injury/unknown,OVERCORRECTING/OVERSTEERING,HEDRICK & SR46W,0.0,0.0
2010,11,5,Weekday,1300,2-Car,No injury/unknown,OTHER (DRIVER) - EXPLAIN IN NARRATIVE,FAIRVIEW & PATTERSON DR,0.0,0.0
2010,11,5,Weekday,600,2-Car,No injury/unknown,OVERCORRECTING/OVERSTEERING,EAST KIRKWOOD AVE,0.0,0.0
2010,11,6,Weekday,900,2-Car,No injury/unknown,FAILURE TO YIELD RIGHT OF WAY,10TH ST & RANGE,0.0,0.0
2010,11,5,Weekday,1600,2-Car,Non-incapacitating,FOLLOWING TOO CLOSELY,3RD ST & LIBERTY,0.0,0.0
2010,11,6,Weekday,1800,2-Car,No injury/unknown,FOLLOWING TOO CLOSELY,46,0.0,0.0
2010,11,6,Weekday,1600,2-Car,No injury/unknown,FAILURE TO YIELD RIGHT OF WAY,3RD ST & LIBERTY,0.0,0.0
2010,11,5,Weekday,2000,Bus,No injury/unknown,FOLLOWING TOO CLOSELY,BUICK CADILLAC & S COLLEGE MALL RD,0.0,0.0
2010,11,6,Weekday,1200,2-Car,No injury/unknown,UNSAFE BACKING,NORTH WOODBRIDGE DR,0.0,0.0
2010,11,5,Weekday,1500,2-Car,No injury/unknown,FOLLOWING TOO CLOSELY,3650 LEONARD SPRINGS RD & SIMS,0.0,0.0
2010,11,6,Weekday,1600,2-Car,No injury/unknown,OTHER (ENVIRONMENTAL) - EXPLAIN IN NARR,EAST 3RD ST & WILLIAMSBURG,0.0,0.0
2010,11,7,Weekend,300,2-Car,Non-incapacitating,LEFT OF CENTER,JONES & JORDAN AVE,0.0,0.0
2010,11,7,Weekend,1000,2-Car,No injury/unknown,IMPROPER LANE USAGE,JORDAN AVE & THIRD,0.0,0.0
2010,11,7,Weekend,1300,2-Car,No injury/unknown,FOLLOWING TOO CLOSELY,SUNRISE & TENTH ST,0.0,0.0
2010,11,3,Weekday,1600,2-Car,Non-incapacitating,FOLLOWING TOO CLOSELY,SR45E & UNION SQUARE,0.0,0.0
2010,11,7,Weekend,1400,1-Car,Non-incapacitating,SPEED TOO FAST FOR WEATHER CONDITIONS,HEATHER & SOUTH WALNUT ST PIKE,0.0,0.0
2010,11,7,Weekend,1700,2-Car,No injury/unknown,SPEED TOO FAST FOR WEATHER CONDITIONS,EAST ROGERS & SOUTH SARE RD,0.0,0.0
2010,11,7,Weekend,2100,1-Car,No injury/unknown,RAN OFF ROAD RIGHT,E WINSLOW RD & S HIGH,0.0,0.0
2010,11,7,Weekend,1400,1-Car,No injury/unknown,RAN OFF ROAD RIGHT,MT TABOR & NORTH MATTHEWS DR,0.0,0.0
2010,11,4,Weekday,800,1-Car,No injury/unknown,ANIMAL/OBJECT IN ROADWAY,EAST OLD STATE ROAD 46 & SR46E,0.0,0.0
2010,11,3,Weekday,700,2-Car,No injury/unknown,FAILURE TO YIELD RIGHT OF WAY,BLOOMFIELD RD & LIBERTY,0.0,0.0
2010,11,3,Weekday,1500,Bus,No injury/unknown,FOLLOWING TOO CLOSELY,N KINSER PIKE & W 45 46 BYPASS,0.0,0.0
2010,11,3,Weekday,1600,2-Car,No injury/unknown,UNSAFE LANE MOVEMENT,S TECH PARK & W TAPP RD,0.0,0.0
2010,11,3,Weekday,1700,1-Car,No injury/unknown,SPEED TOO FAST FOR WEATHER CONDITIONS,MERRYWAY & SMITH PIKE,0.0,0.0
2010,11,5,Weekday,1100,2-Car,No injury/unknown,FAILURE TO YIELD RIGHT OF WAY,EAST WEST & NORTH SOUTH ALLEY ALY,0.0,0.0
2010,11,6,Weekday,800,2-Car,No injury/unknown,FAILURE TO YIELD RIGHT OF WAY,HIGHLAND AVE & MILLER DR DR,0.0,0.0
2010,11,7,Weekend,1200,2-Car,No injury/unknown,FAILURE TO YIELD RIGHT OF WAY,N OLD 37 STATE & N WALNUT ST,0.0,0.0
2010,11,2,Weekday,1200,2-Car,No injury/unknown,OTHER (DRIVER) - EXPLAIN IN NARRATIVE,S OLD 37 HWY,0.0,0.0
2010,10,7,Weekend,200,2-Car,No injury/unknown,IMPROPER TURNING,S COPPER BEACH WAY,0.0,0.0
2010,11,4,Weekday,2200,1-Car,No injury/unknown,OTHER (DRIVER) - EXPLAIN IN NARRATIVE,ARDSLEY LN & UNKNOWN,0.0,0.0
2010,11,3,Weekday,1100,2-Car,Non-incapacitating,OTHER (DRIVER) - EXPLAIN IN NARRATIVE,CHURCH LANE & CLEAR CREEK CEMATARY DR,0.0,0.0
2010,11,3,Weekday,1900,1-Car,No injury/unknown,ANIMAL/OBJECT IN ROADWAY,BUSINESS 37 NORTH RD & STATE ROAD 37,0.0,0.0
2010,11,6,Weekday,700,2-Car,No injury/unknown,FAILURE TO YIELD RIGHT OF WAY,COLLEGE MALL ACCESS & KINGSTON ST,0.0,0.0
2010,11,3,Weekday,1800,1-Car,No injury/unknown,SPEED TOO FAST FOR WEATHER CONDITIONS,BETHEL LN & NORTH MEYERS,0.0,0.0
2010,11,7,Weekend,2100,1-Car,Non-incapacitating,RAN OFF ROAD RIGHT,GREEN COUNTY LINE & SR45W,0.0,0.0
2010,11,1,Weekend,1800,1-Car,No injury/unknown,ANIMAL/OBJECT IN ROADWAY,MCNEELY & N UNION VALLEY RD,0.0,0.0
2010,11,6,Weekday,1800,1-Car,No injury/unknown,ANIMAL/OBJECT IN ROADWAY,LOST MANS & UNION VALLEY RD,0.0,0.0
2010,11,1,Weekend,1700,2-Car,No injury/unknown,FOLLOWING TOO CLOSELY,BUSINESS 37 RD & STONE MILL,0.0,0.0
2010,11,2,Weekday,1400,2-Car,No injury/unknown,DRIVER DISTRACTED - EXPLAIN IN NARRATIVE,3RD ST & PARK SQUARE,0.0,0.0
2010,11,3,Weekday,1200,2-Car,No injury/unknown,FOLLOWING TOO CLOSELY,SR37 RAMP RAMP & WEST 3 ST,0.0,0.0
2010,12,4,Weekday,700,2-Car,No injury/unknown,ROADWAY SURFACE CONDITION,COLLEGE AVENUE EXIT & SR37N,0.0,0.0
2010,11,3,Weekday,1000,1-Car,No injury/unknown,ANIMAL/OBJECT IN ROADWAY,CR1S & NORTH MAPLE GROVE ROAD RD,0.0,0.0
2010,12,7,Weekend,500,1-Car,No injury/unknown,RAN OFF ROAD RIGHT,HEDRICK & SR46W,0.0,0.0
2010,12,3,Weekday,800,1-Car,No injury/unknown,UNSAFE BACKING,JORDAN & WELLS LIBRARY DOCK DR,0.0,0.0
2010,12,7,Weekend,600,1-Car,No injury/unknown,SPEED TOO FAST FOR WEATHER CONDITIONS,SR37N,0.0,0.0
2010,12,4,Weekday,1700,2-Car,No injury/unknown,UNSAFE BACKING,DANIELS WAY,0.0,0.0
2010,12,1,Weekend,900,2-Car,No injury/unknown,ROADWAY SURFACE CONDITION,RHORER RD & S OLD WALNUT ST,0.0,0.0
2010,12,1,Weekend,1700,1-Car,No injury/unknown,ROADWAY SURFACE CONDITION,CUTRIGHT RD & SR446N,0.0,0.0