Year,Month,Day,Weekend?,Hour,Collision Type,Injury Type,Primary Factor,Reported_Location,Latitude,Longitude
2010,12,1,Weekend,1500,2-Car,No injury/unknown,LEFT OF CENTER,CURRY PIKE RD & WEST STATE ROAD 46,0.0,0.0
2010,12,2,Weekday,1400,3+ Cars,No injury/unknown,SPEED TOO FAST FOR WEATHER CONDITIONS,E HILLSIDE DRIVE DR & S NACY,0.0,0.0
2010,12,3,Weekday,1800,2-Car,No injury/unknown,FOLLOWING TOO CLOSELY,ON RAMP TO SB SR 37 & W BLOOMFIELD RD,0.0,0.0
2010,12,4,Weekday,900,2-Car,No injury/unknown,VIEW OBSTRUCTED,EW ALLEY NORTH OF 200 W 9TH ALY & NS ALLEY   W OF 500 N COLLEGE,0.0,0.0
2010,12,2,Weekday,1500,2-Car,No injury/unknown,SPEED TOO FAST FOR WEATHER CONDITIONS,1600 S SARE RD & E CATHCART,0.0,0.0
2010,12,2,Weekday,1700,3+ Cars,No injury/unknown,FOLLOWING TOO CLOSELY,GORDON PIKE,0.0,0.0
2010,12,6,Weekday,1800,2-Car,No injury/unknown,ROADWAY SURFACE CONDITION,DILLMAN & OLD 37 RD,0.0,0.0
2010,12,6,Weekend,1900,1-Car,No injury/unknown,ROADWAY SURFACE CONDITION,DILLMAN RD RD & HWY 37,0.0,0.0
2010,12,6,Weekend,1900,1-Car,No injury/unknown,ROADWAY SURFACE CONDITION,KETCHAM RUN AROUND & OLD 37 RD,0.0,0.0
2010,12,7,Weekend,1300,2-Car,No injury/unknown,FOLLOWING TOO CLOSELY,SOUTH ORCHARD & SR37S,0.0,0.0
2010,12,4,Weekday,900,2-Car,No injury/unknown,FOLLOWING TOO CLOSELY,DRIVE TO 2711 E 10TH & SR45S,0.0,0.0
2010,12,3,Weekday,1300,2-Car,No injury/unknown,FAILURE TO YIELD RIGHT OF WAY,ROGERS & SR37S,0.0,0.0
2010,12,6,Weekend,1900,2-Car,No injury/unknown,FAILURE TO YIELD RIGHT OF WAY,45 EAST & FLOYD DR,0.0,0.0
2010,5,3,Weekday,400,2-Car,No injury/unknown,,,0.0,0.0
2010,10,7,Weekend,1800,2-Car,No injury/unknown,OTHER (DRIVER) - EXPLAIN IN NARRATIVE,HARTSTRAIGHT RDS & MAJESTIC WOODS,0.0,0.0
2009,8,1,Weekend,300,2-Car,No injury/unknown,FOLLOWING TOO CLOSELY,SR37S & VERNAL,39.70627228,-86.5609886
2009,8,5,Weekday,700,1-Car,No injury/unknown,RAN OFF ROAD RIGHT,KERR CREEK RD & SR 46 EAST,39.57225631,-86.46258
2009,10,1,Weekday,2000,1-Car,No injury/unknown,OTHER (DRIVER) - EXPLAIN IN NARRATIVE,CURRY & SR46W,39.51124656,-86.57123388
2009,12,4,Weekday,2100,1-Car,No injury/unknown,ANIMAL/OBJECT IN ROADWAY,BOTTOM RD & SR37N,39.44474422,-86.54219875
2009,8,2,Weekday,1700,1-Car,No injury/unknown,DRIVER DISTRACTED - EXPLAIN IN NARRATIVE,N DANIELS WAY & SR48W,39.37634475,-86.59907373
2009,8,7,Weekend,300,1-Car,No injury/unknown,RAN OFF ROAD RIGHT,ROCKEAST RD & ROCKPORT,39.35215128,-86.61336
2009,4,1,Weekend,0,1-Car,No injury/unknown,ANIMAL/OBJECT IN ROADWAY,MAIN FOREST RD & OLD SR 37,39.34433063,-86.48756946
2009,4,7,Weekend,1800,2-Car,Non-incapacitating,OTHER (DRIVER) - EXPLAIN IN NARRATIVE,BUSKIRK & W BURMA RD,39.339104,-86.540544
2009,10,1,Weekday,2100,1-Car,No injury/unknown,ANIMAL/OBJECT IN ROADWAY,TANGLEWOOD & UNION VALLEY RD,39.33712424,-86.59277
2009,9,3,Weekday,700,1-Car,No injury/unknown,DRIVER ASLEEP OR FATIGUED,BRYANTS CREEK & SR37N,39.33425382,-86.51249825
2009,5,2,Weekday,2300,1-Car,No injury/unknown,UNSAFE SPEED,BRIGHTON & WAMPLER RD,39.33420893,-86.62115646
2009,5,6,Weekday,1000,1-Car,Non-incapacitating,OVERCORRECTING/OVERSTEERING,BRYANTS CREEK & SR37N,39.328412,-86.51546925
2009,12,1,Weekend,1600,1-Car,No injury/unknown,RAN OFF ROAD RIGHT,BURMA & SR37N,39.32100204,-86.51111253
2009,6,2,Weekday,400,1-Car,No injury/unknown,DRIVER ASLEEP OR FATIGUED,BURMA & SR37N,39.31968099,-86.51067443
2009,7,2,Weekday,1300,2-Car,No injury/unknown,FAILURE TO YIELD RIGHT OF WAY,2404 SMITH PIKE PIKE & WOODYARD,39.31940745,-86.583111
2009,12,1,Weekend,1600,2-Car,No injury/unknown,OTHER (ENVIRONMENTAL) - EXPLAIN IN NARR,BURMA & SR37S,39.31561299,-86.51117113
2009,9,3,Weekday,1100,1-Car,No injury/unknown,OTHER (DRIVER) - EXPLAIN IN NARRATIVE,BURMA & SR37S,39.3146153,-86.5114545
2009,4,3,Weekday,1700,1-Car,No injury/unknown,ANIMAL/OBJECT IN ROADWAY,BURMA & SR37N,39.31346474,-86.51176363
2009,11,3,Weekday,1800,2-Car,No injury/unknown,FAILURE TO YIELD RIGHT OF WAY,OLD 37 HWY & ZIKES,39.31299352,-86.54102
2009,11,4,Weekday,1800,1-Car,Non-incapacitating,RAN OFF ROAD RIGHT,MOON RD & TEXAS RIDGE,39.31068375,-86.64461612
2009,4,3,Weekday,2300,1-Car,Non-incapacitating,OVERCORRECTING/OVERSTEERING,BLOOMFIELD & SR37N,39.30604982,-86.57320781
2009,1,3,Weekday,800,2-Car,Non-incapacitating,FAILURE TO YIELD RIGHT OF WAY,MT TABOR RD & TABOR HILL,39.30584,-86.631008
2009,8,7,Weekend,700,1-Car,Non-incapacitating,ANIMAL/OBJECT IN ROADWAY,MOUNT PLEASANT & PRATHER RD,39.30428421,-86.58754349
2009,9,6,Weekday,1200,1-Car,Non-incapacitating,ROADWAY SURFACE CONDITION,MAIN & STINESVILLE RD,39.297952,-86.6563316
2009,9,6,Weekday,900,1-Car,No injury/unknown,ROADWAY SURFACE CONDITION,MAIN & STINESVILLE RD,39.297952,-86.6563316
2009,10,5,Weekday,700,1-Car,No injury/unknown,SPEED TOO FAST FOR WEATHER CONDITIONS,MOUNT CARMEL & STINESVILLE RD,39.2978847,-86.65757792
2009,9,1,Weekend,0,1-Car,Non-incapacitating,UNSAFE SPEED,CROSSOVER & SR37N,39.29781099,-86.51840237
2009,10,7,Weekend,1800,2-Car,No injury/unknown,UNSAFE BACKING,CROSSOVER RD & SR37N,39.29781099,-86.51840237
2009,9,1,Weekday,2000,2-Car,Non-incapacitating,IMPROPER TURNING,9599 W MT CARMEL RD RD & COUNTY LINE ROAD,39.296352,-86.684896
2009,12,2,Weekday,700,1-Car,No injury/unknown,TIRE FAILURE OR DEFECTIVE,LITTLE WOLF MTN & W MT CARMEL RD,39.29624,-86.662608
2009,12,2,Weekday,1800,1-Car,No injury/unknown,ANIMAL/OBJECT IN ROADWAY,RED HILL & WEST WALKER LN,39.295952,-86.639808
2009,11,5,Weekday,900,1-Car,Non-incapacitating,UNSAFE SPEED,BOTTOM & MT TABOR RD,39.295232,-86.57744
2009,8,2,Weekday,1600,2-Car,No injury/unknown,OTHER (VEHICLE) - EXPLAIN IN NARRATIVE,BLUE SPRUCE DR,39.290441,-86.629772
2009,2,7,Weekend,1300,1-Car,No injury/unknown,SPEED TOO FAST FOR WEATHER CONDITIONS,FOX HOLLOW & SR37S,39.2893577,-86.51830297
2009,11,3,Weekday,2100,1-Car,Non-incapacitating,OVERCORRECTING/OVERSTEERING,FOX HOLLOW & OLD 37 RD,39.28797406,-86.50158
2009,1,6,Weekday,1400,2-Car,No injury/unknown,FAILURE TO YIELD RIGHT OF WAY,FOX HOLLOW & SR37N,39.287808,-86.519024
2009,1,5,Weekday,1000,Bus,Non-incapacitating,LEFT OF CENTER,FAWNRIDGE & FOX HOLLOW RD,39.287728,-86.515696
2009,10,2,Weekday,800,2-Car,No injury/unknown,LEFT OF CENTER,FAWNRIDGE & FOX HOLLOW RD,39.28771,-86.51565
2009,1,4,Weekday,800,1-Car,Non-incapacitating,SPEED TOO FAST FOR WEATHER CONDITIONS,ANDERSON RD & FARR,39.28535333,-86.44360542
2009,9,1,Weekend,1100,2-Car,No injury/unknown,SPEED TOO FAST FOR WEATHER CONDITIONS,EAST SEVENTEENTH & FEE LN,39.28477327,-86.51895
2009,2,1,Weekend,200,1-Car,Non-incapacitating,DRIVER ASLEEP OR FATIGUED,COUNTY LINE & SR46W,39.28184359,-86.68832904
2009,6,2,Weekday,2200,1-Car,Non-incapacitating,RAN OFF ROAD RIGHT,HENDRICKS & STINESVILE RD,39.281744,-86.662992
2009,6,7,Weekend,700,1-Car,No injury/unknown,ANIMAL/OBJECT IN ROADWAY,BRYANTS CREEK & SR37N,39.28083164,-86.51238497
2009,2,1,Weekend,1100,2-Car,Non-incapacitating,FAILURE TO YIELD RIGHT OF WAY,SIMPSON CHAPEL & SR37N,39.280496,-86.522864
2009,4,1,Weekend,0,1-Car,Non-incapacitating,RAN OFF ROAD RIGHT,WOODALL RD & WOODLAND,39.28044537,-86.58340346
2009,9,4,Weekday,2300,1-Car,No injury/unknown,RAN OFF ROAD RIGHT,ANDERSON & SHILO RD,39.279744,-86.464416
2009,11,3,Weekday,2300,1-Car,No injury/unknown,RAN OFF ROAD RIGHT,DOC MITCHEL & STRAIN RIDGE RD,39.27852482,-86.50784
2009,12,6,Weekday,1700,1-Car,No injury/unknown,ANIMAL/OBJECT IN ROADWAY,ANDERSON RD & FISH,39.278,-86.46897677
2009,11,2,Weekday,2000,1-Car,No injury/unknown,ANIMAL/OBJECT IN ROADWAY,SIMPSON CHAPEL & SR37N,39.27776116,-86.52305477
2009,12,2,Weekday,1700,2-Car,No injury/unknown,UNSAFE BACKING,NORTH OLD STATE ROAD 37 RD,39.274559,-86.499272
2009,5,7,Weekend,1500,1-Car,No injury/unknown,DRIVER ILLNESS,BARR & MT TABOR RD,39.273888,-86.621456
2009,3,1,Weekend,0,1-Car,No injury/unknown,ROADWAY SURFACE CONDITION,NORTH SHORE DR & SPILLWAY,39.272208,-86.41408
2009,8,7,Weekend,1500,Moped/Motorcycle,Non-incapacitating,RAN OFF ROAD RIGHT,NORTH SHORE DR & SPILLWAY,39.272208,-86.41408
2009,10,5,Weekday,600,1-Car,No injury/unknown,ALCOHOLIC BEVERAGES,NORTH SHORE DR & SPILLWAY,39.272208,-86.41408
2009,12,7,Weekend,1800,1-Car,No injury/unknown,ANIMAL/OBJECT IN ROADWAY,SR46W & STINESVILLE,39.27093674,-86.67017741
2009,11,1,Weekend,1800,1-Car,No injury/unknown,ROADWAY SURFACE CONDITION,GARRISON CHAPEL RD & W SR 45,39.26947987,-86.6382
2009,10,4,Weekday,600,1-Car,No injury/unknown,ANIMAL/OBJECT IN ROADWAY,SAMPLE & SR37N,39.26890488,-86.52287361
2009,12,1,Weekend,1400,2-Car,No injury/unknown,FAILURE TO YIELD RIGHT OF WAY,SR46W & STINESVILLE,39.266752,-86.6656
2009,3,4,Weekday,2200,1-Car,No injury/unknown,RAN OFF ROAD RIGHT,ANDERSON & OLD STATE ROAD 37 NORTH RD,39.266,-86.501696
2009,12,4,Weekday,1800,1-Car,No injury/unknown,RAN OFF ROAD RIGHT,ANDERSON & OLD STATE ROAD 37 RD,39.266,-86.501696
2009,10,4,Weekday,700,1-Car,Non-incapacitating,RAN OFF ROAD RIGHT,N ST RD 37 & SAMPLE RD,39.26597,-86.52290609
2009,9,5,Weekday,900,1-Car,Non-incapacitating,RAN OFF ROAD RIGHT,ANDERSON ROAD RDS & SR37N,39.2658691,-86.49980307
2009,4,5,Weekday,2100,1-Car,No injury/unknown,ANIMAL/OBJECT IN ROADWAY,I37N & SR37,39.26329855,-86.52264981
2009,5,7,Weekend,500,1-Car,No injury/unknown,RAN OFF ROAD RIGHT,N WAYPORT & SR37N,39.263024,-86.52264
2009,7,2,Weekday,1700,2-Car,No injury/unknown,DRIVER DISTRACTED - EXPLAIN IN NARRATIVE,N WAYPORT & SR37N,39.263024,-86.52264
2009,1,4,Weekday,1200,2-Car,No injury/unknown,UNSAFE BACKING,N WALNUT ST & SR 45 46,39.186368,-86.5344
2009,8,5,Weekday,1400,2-Car,No injury/unknown,DRIVER DISTRACTED - EXPLAIN IN NARRATIVE,37 & SR37N,39.263024,-86.52264
2009,9,5,Weekday,1600,2-Car,No injury/unknown,FAILURE TO YIELD RIGHT OF WAY,SR37S & WAYPORT,39.263024,-86.52264
2009,8,1,Weekday,2300,2-Car,Non-incapacitating,DRIVER DISTRACTED - EXPLAIN IN NARRATIVE,SR37N & WAYPORT,39.261153,-86.52302761
2009,8,6,Weekday,1800,1-Car,No injury/unknown,ROADWAY SURFACE CONDITION,DUNN & OLD STATE RD 37 N RD,39.26095083,-86.52872
2009,7,7,Weekend,2000,1-Car,No injury/unknown,ALCOHOLIC BEVERAGES,CHAFIN CHAPEL & RODEO DR,39.2596,-86.64544329
2009,3,7,Weekend,1400,1-Car,Non-incapacitating,RAN OFF ROAD RIGHT,CHAFIN CHAPEL & SR46W,39.25958926,-86.65754647
2009,12,4,Weekday,500,1-Car,Non-incapacitating,RAN OFF ROAD RIGHT,CHAFIN CHAPEL & SR46W,39.25958926,-86.65749448
2009,4,5,Weekday,200,1-Car,No injury/unknown,ANIMAL/OBJECT IN ROADWAY,SR37 & SR37N,39.25917759,-86.52426508
2009,7,4,Weekday,1700,1-Car,Non-incapacitating,RAN OFF ROAD RIGHT,OLD SR37 & SAMPLE RD,39.25862,-86.50158275
2009,2,7,Weekend,1600,2-Car,Non-incapacitating,SPEED TOO FAST FOR WEATHER CONDITIONS,RUST & SHILO RD,39.25776154,-86.43681407
2009,4,4,Weekday,600,1-Car,No injury/unknown,ANIMAL/OBJECT IN ROADWAY,FLATWOODS & SR46W,39.25501235,-86.65516921
2009,11,2,Weekday,2100,1-Car,No injury/unknown,OVERCORRECTING/OVERSTEERING,CODWDEN & DELAP RDS,39.25371,-86.59218682
2009,11,2,Weekday,1600,1-Car,No injury/unknown,ANIMAL/OBJECT IN ROADWAY,2ND & SR37S,39.25311166,-86.57320781
2009,1,4,Weekday,1700,1-Car,Non-incapacitating,OVERCORRECTING/OVERSTEERING,FLATWOOD & SR46,39.25296087,-86.65415704
2009,8,4,Weekday,1200,3+ Cars,Non-incapacitating,FOLLOWING TOO CLOSELY,FLATWOODS & SR46W,39.25296087,-86.65415704
2009,2,6,Weekday,1200,2-Car,No injury/unknown,OTHER (DRIVER) - EXPLAIN IN NARRATIVE,STATE ROAD 46,39.252448,-86.653904
2009,8,6,Weekend,1900,2-Car,No injury/unknown,FAILURE TO YIELD RIGHT OF WAY,FLATWOODS & SR46W,39.252448,-86.653904
2009,2,4,Weekday,700,1-Car,No injury/unknown,DRIVER ILLNESS,MATTHEWS DR & MT TABOR,39.25203,-86.6206648
2009,7,1,Weekday,2200,1-Car,No injury/unknown,OTHER (DRIVER) - EXPLAIN IN NARRATIVE,FLATWOODS & SR46W,39.25182705,-86.6532074
2009,5,1,Weekend,1800,1-Car,No injury/unknown,OVERCORRECTING/OVERSTEERING,SR37 & WYLIE RD,39.251648,-86.529056
2009,6,3,Weekday,1000,1-Car,No injury/unknown,SPEED TOO FAST FOR WEATHER CONDITIONS,SR37 & WYLIE RD,39.251648,-86.529056
2009,9,1,Weekend,800,Moped/Motorcycle,No injury/unknown,TIRE FAILURE OR DEFECTIVE,SHOWERS & SR37N,39.251648,-86.529056
2009,7,2,Weekday,1400,1-Car,No injury/unknown,UNSAFE SPEED,SHUFFLE CREEK & SOUTH SHORE DR,39.251536,-86.400816
2009,1,3,Weekday,1400,1-Car,No injury/unknown,DRIVER DISTRACTED - EXPLAIN IN NARRATIVE,SR46W,39.2512,-86.652504
2009,5,3,Weekday,1800,2-Car,No injury/unknown,UNSAFE BACKING,W SR 46 RD,39.2512,-86.652504
2009,11,4,Weekday,500,1-Car,No injury/unknown,OTHER (DRIVER) - EXPLAIN IN NARRATIVE,CROSSOVER & SR37N,39.25096944,-86.51702267
2009,8,6,Weekend,2100,2-Car,No injury/unknown,FAILURE TO YIELD RIGHT OF WAY,3720 DRIVE DR & WALNUT STREET,39.250688,-86.529744
2009,10,1,Weekend,400,1-Car,No injury/unknown,RAN OFF ROAD RIGHT,SR37N & WALNUT ST,39.250688,-86.529744
2009,5,7,Weekend,1600,1-Car,Non-incapacitating,DRIVER ILLNESS,KNIGHTRIDGE & SR446S,39.24990308,-86.4668481
2009,5,7,Weekend,0,2-Car,No injury/unknown,OTHER (DRIVER) - EXPLAIN IN NARRATIVE,FLATWOODS & SR46,39.24972762,-86.65068462
2009,5,7,Weekend,0,1-Car,No injury/unknown,UNSAFE SPEED,FLATWOODS & SR46,39.24972762,-86.65068462
2009,3,4,Weekday,1600,3+ Cars,Fatal,LEFT OF CENTER,FLATWOODS & SR46W,39.24949408,-86.65024812
2009,11,2,Weekday,1900,1-Car,No injury/unknown,OVERCORRECTING/OVERSTEERING,FLATWOODS & SR46W,39.24949408,-86.65024812
2009,8,6,Weekend,2300,1-Car,Non-incapacitating,RAN OFF ROAD RIGHT,SHUFFLE CREEK RD & SOUTH SHORE,39.24905395,-86.4023099
2009,7,5,Weekday,900,1-Car,Non-incapacitating,RAN OFF ROAD RIGHT,HUDOFF & ROBINSON RD,39.24883484,-86.46328751
2009,7,3,Weekday,1300,2-Car,No injury/unknown,FOLLOWING TOO CLOSELY,FLATWOODS & SR46W,39.24793707,-86.64733819
2009,5,1,Weekend,0,1-Car,Non-incapacitating,ANIMAL/OBJECT IN ROADWAY,NORTH MAPLE GROVE & WEST MAPLE GROVE RD,39.24744,-86.547792
2009,12,5,Weekday,2200,1-Car,No injury/unknown,ANIMAL/OBJECT IN ROADWAY,SHILO & TUNNEL RD,39.24732668,-86.43088113
2009,2,3,Weekday,200,1-Car,No injury/unknown,ANIMAL/OBJECT IN ROADWAY,ELLIS & SR37N,39.2466358,-86.53291652
2009,7,4,Weekday,1600,2-Car,No injury/unknown,OTHER (DRIVER) - EXPLAIN IN NARRATIVE,RHINESTONE DR,39.24619333,-86.60907411
2009,12,5,Weekday,1900,2-Car,No injury/unknown,ANIMAL/OBJECT IN ROADWAY,FLATWOODS & SR46W,39.24584846,-86.63927002
2009,6,3,Weekday,1900,1-Car,No injury/unknown,OTHER (DRIVER) - EXPLAIN IN NARRATIVE,MAPLE GROVE ST,39.24573,-86.631684
2009,9,1,Weekend,1200,2-Car,No injury/unknown,RAN OFF ROAD RIGHT,STATE ROAD 46 RD,39.24571714,-86.6367354
2009,1,4,Weekday,1900,2-Car,No injury/unknown,FOLLOWING TOO CLOSELY,REDHILL & SR46W,39.24568299,-86.63652797
2009,3,3,Weekday,1600,2-Car,No injury/unknown,SPEED TOO FAST FOR WEATHER CONDITIONS,REDHILL RD & SR46W,39.24568299,-86.63661461
2009,7,6,Weekday,1700,2-Car,No injury/unknown,DRIVER DISTRACTED - EXPLAIN IN NARRATIVE,REDHILL & SR46W,39.24568299,-86.63657129
2009,3,5,Weekday,2100,1-Car,No injury/unknown,OTHER (DRIVER) - EXPLAIN IN NARRATIVE,MAPLE GROVE & MATHEWS DR,39.245408,-86.6204
2009,9,6,Weekday,1600,2-Car,No injury/unknown,FAILURE TO YIELD RIGHT OF WAY,MAPLE GROVE & MATHEWS RD,39.245408,-86.6204
2009,9,3,Weekday,1700,2-Car,Non-incapacitating,DRIVER DISTRACTED - EXPLAIN IN NARRATIVE,SMITH PIKE & WOODYARD,39.24354736,-86.58311
2009,8,1,Weekday,2300,1-Car,No injury/unknown,OTHER (DRIVER) - EXPLAIN IN NARRATIVE,UNION VALLEY RD & WEST MAPLE GROVE,39.24337876,-86.59278922
2009,1,4,Weekday,800,1-Car,No injury/unknown,OTHER (ENVIRONMENTAL) - EXPLAIN IN NARR,MAPLE GROVE & UNION VALLEY RD,39.24200551,-86.59277843
2009,4,1,Weekend,1700,2-Car,No injury/unknown,OTHER (DRIVER) - EXPLAIN IN NARRATIVE,VIOLET CT,39.24090933,-86.63838667
2009,5,2,Weekday,1100,2-Car,No injury/unknown,FOLLOWING TOO CLOSELY,RIDGE SPRINGS & SR46W,39.24058917,-86.63169243
2009,3,5,Weekday,2100,1-Car,Non-incapacitating,ALCOHOLIC BEVERAGES,3685 E ROBINSON RD & OLD SR 37 N,39.24032,-86.49928
2009,11,6,Weekday,1200,1-Car,Incapacitating,RAN OFF ROAD RIGHT,E ROBINSON RD & OLD SR 37 NORTH,39.24032,-86.49928
2009,11,4,Weekday,2300,1-Car,Non-incapacitating,RAN OFF ROAD RIGHT,BOLTINGHOUSE & SR37N,39.23970721,-86.49937391
2009,4,4,Weekday,400,1-Car,Non-incapacitating,RAN OFF ROAD RIGHT,DILLMAN & S OLD ST RD 37 HWY,39.23947,-86.49951
2009,6,3,Weekday,1500,2-Car,Non-incapacitating,DRIVER DISTRACTED - EXPLAIN IN NARRATIVE,E DILLMAN & S OLD ST RD 37 RD,39.23947,-86.49951
2009,7,3,Weekday,1700,1-Car,No injury/unknown,UNSAFE BACKING,W REDBUD RD,39.239072,-86.611087
2009,2,3,Weekday,700,2-Car,No injury/unknown,FOLLOWING TOO CLOSELY,MAIN & SR46W,39.238848,-86.630096
2009,9,5,Weekday,1300,1-Car,Non-incapacitating,RAN OFF ROAD RIGHT,BRUCE & SR45E,39.23843583,-86.37296677
2009,2,3,Weekday,1100,1-Car,No injury/unknown,SPEED TOO FAST FOR WEATHER CONDITIONS,SR37S,39.23815635,-86.53862087
2009,8,6,Weekday,1500,1-Car,Non-incapacitating,RAN OFF ROAD RIGHT,MATTHEWS & MCNEELY ST,39.23813668,-86.62209034
2009,8,4,Weekday,1800,1-Car,No injury/unknown,ANIMAL/OBJECT IN ROADWAY,BRUCE & SR45E,39.23777705,-86.37516718
2009,10,2,Weekday,400,1-Car,No injury/unknown,ANIMAL/OBJECT IN ROADWAY,BRUCE & SR45E,39.23777705,-86.37526651
2009,2,4,Weekday,1700,1-Car,Non-incapacitating,OVERCORRECTING/OVERSTEERING,MCNEELY ST & RIDGEWAY,39.23765,-86.60692
2009,2,4,Weekday,700,1-Car,No injury/unknown,HOLES/RUTS IN SURFACE,MCNEELY ST & RIDGEWAY,39.23765,-86.60692
2009,4,2,Weekday,1500,1-Car,No injury/unknown,RAN OFF ROAD RIGHT,CONSTABLE & SR46W,39.23709744,-86.6276699
2009,9,2,Weekday,0,1-Car,Non-incapacitating,OTHER (DRIVER) - EXPLAIN IN NARRATIVE,CONSTABLE & SR46W,39.23709744,-86.62767856
2009,6,4,Weekday,1800,1-Car,No injury/unknown,ANIMAL/OBJECT IN ROADWAY,MEL CURRIE RD & SOUTH STATE ROAD 37,39.23691,-86.50180325
2009,5,2,Weekday,1600,2-Car,Non-incapacitating,OTHER (DRIVER) - EXPLAIN IN NARRATIVE,ALLEN & SR46W,39.23675252,-86.62690675
2009,2,1,Weekend,0,1-Car,No injury/unknown,DRIVER ASLEEP OR FATIGUED,ALLEN & WEST MAIN ST,39.236752,-86.626896
2009,2,3,Weekday,1400,2-Car,No injury/unknown,FAILURE TO YIELD RIGHT OF WAY,EDGEWOOD & EDGEWOOD DR,39.236288,-86.628336
2009,1,2,Weekday,1000,1-Car,No injury/unknown,OTHER (DRIVER) - EXPLAIN IN NARRATIVE,NORTH MATTHEWS & WEST MAIN ST,39.236096,-86.625168
2009,4,6,Weekday,1600,2-Car,Non-incapacitating,FAILURE TO YIELD RIGHT OF WAY,MAIN ST ST & MATTEWS,39.236096,-86.625168
2009,12,6,Weekday,1500,2-Car,No injury/unknown,FAILURE TO YIELD RIGHT OF WAY,MAIN ST & MATTEWS,39.23598071,-86.62501479
2009,10,5,Weekday,800,1-Car,No injury/unknown,OTHER (DRIVER) - EXPLAIN IN NARRATIVE,BOLTINGHOUSE RD & OLD SR 37,39.23567248,-86.48972873
2009,2,6,Weekday,600,2-Car,No injury/unknown,FAILURE TO YIELD RIGHT OF WAY,MATTHEWS DR & SR46W,39.234768,-86.626384
2009,4,7,Weekend,1200,1-Car,No injury/unknown,RAN OFF ROAD RIGHT,MATTHEWS & SR46W,39.234768,-86.626384
2009,10,3,Weekday,1600,2-Car,No injury/unknown,FAILURE TO YIELD RIGHT OF WAY,MATTHEWS & SR46W,39.234768,-86.626384
2009,1,5,Weekday,2000,2-Car,No injury/unknown,SPEED TOO FAST FOR WEATHER CONDITIONS,COLT & SYCAMORE DR,39.23451,-86.64004
2009,3,2,Weekday,1200,1-Car,No injury/unknown,VIEW OBSTRUCTED,SALE ST & VINE,39.234384,-86.624064
2009,4,1,Weekday,2200,2-Car,No injury/unknown,OTHER (DRIVER) - EXPLAIN IN NARRATIVE,SALE ST ST & VINE ST,39.234384,-86.624064
2009,5,7,Weekend,1500,Cyclist,No injury/unknown,OTHER (ENVIRONMENTAL) - EXPLAIN IN NARR,SALE ST & VINE,39.234384,-86.624064
2009,1,2,Weekday,1100,1-Car,No injury/unknown,UNSAFE BACKING,TEMPERANCE ST W ST,39.234035,-86.625132
2009,1,5,Weekday,1300,2-Car,No injury/unknown,DISREGARD SIGNAL/REG SIGN,NORTH SALE & WEST TEMPERANCE ST,39.23384,-86.624704
2009,1,6,Weekday,800,2-Car,No injury/unknown,FAILURE TO YIELD RIGHT OF WAY,NORTH SALE ST & WEST TEMPERANCE,39.23384,-86.624704
2009,2,2,Weekday,700,2-Car,Non-incapacitating,OTHER (DRIVER) - EXPLAIN IN NARRATIVE,N SALE & SR46W,39.23384,-86.624704
2009,4,1,Weekend,1200,2-Car,No injury/unknown,FOLLOWING TOO CLOSELY,SALE & SR46W,39.23384,-86.624704
2009,6,2,Weekday,1900,2-Car,No injury/unknown,IMPROPER TURNING,SALE & TEMPERANCE ST,39.23384,-86.624704
2009,8,1,Weekend,1600,2-Car,No injury/unknown,FAILURE TO YIELD RIGHT OF WAY,SALE & TEMPERANCE ST,39.23384,-86.624704
2009,11,4,Weekday,1900,2-Car,No injury/unknown,FAILURE TO YIELD RIGHT OF WAY,SALE ST ST & TEMPERANCE,39.23384,-86.624704
2009,12,6,Weekday,1100,2-Car,Non-incapacitating,FAILURE TO YIELD RIGHT OF WAY,SALE & SR46W,39.23384,-86.624704
2009,10,3,Weekday,1800,2-Car,No injury/unknown,BRAKE FAILURE OR DEFECTIVE,CHANDLER & MAIN ST,39.23376,-86.621888
2009,2,1,Weekend,1200,2-Car,No injury/unknown,IMPROPER TURNING,N SALE & SR46W,39.23374889,-86.62457188
2009,5,4,Weekday,1800,2-Car,No injury/unknown,LEFT OF CENTER,MURAT & TUNNEL RD,39.2335343,-86.43563519
2009,4,7,Weekend,1900,2-Car,No injury/unknown,FAILURE TO YIELD RIGHT OF WAY,5TH & WEST TEMPERANCE ST,39.23352,-86.62424
2009,8,1,Weekend,1200,2-Car,No injury/unknown,IMPROPER TURNING,5TH ST & SR46W,39.23352,-86.62424
2009,4,1,Weekend,1200,1-Car,Non-incapacitating,DRIVER ASLEEP OR FATIGUED,SALE & SR46W,39.23347403,-86.62417731
2009,5,1,Weekend,1600,2-Car,No injury/unknown,OTHER (DRIVER) - EXPLAIN IN NARRATIVE,5 TH STREET & TEMPERANCE STREET ST,39.23345,-86.62429827
2009,9,6,Weekday,1800,2-Car,No injury/unknown,FAILURE TO YIELD RIGHT OF WAY,ASSOCITATION & S SALE ST,39.23309,-86.62548
2009,4,7,Weekend,900,2-Car,No injury/unknown,DRIVER DISTRACTED - EXPLAIN IN NARRATIVE,ASSOCIATION & SALE ST,39.233056,-86.6256
2009,11,6,Weekday,1800,2-Car,No injury/unknown,FAILURE TO YIELD RIGHT OF WAY,BOTTOM & SR37S,39.23288663,-86.54219875
2009,12,3,Weekday,2200,1-Car,No injury/unknown,OVERCORRECTING/OVERSTEERING,BOTTOM & SR37N,39.23288663,-86.54219875