Year,Month,Day,Weekend?,Hour,Collision Type,Injury Type,Primary Factor,Reported_Location,Latitude,Longitude
2009,1,3,Weekday,1500,2-Car,No injury/unknown,DRIVER DISTRACTED - EXPLAIN IN NARRATIVE,SR37S & SR45W,39.232688,-86.623056
2009,1,7,Weekend,1400,2-Car,Non-incapacitating,FAILURE TO YIELD RIGHT OF WAY,SR37S & SR45W,39.232688,-86.623056
2009,4,5,Weekday,1400,2-Car,Non-incapacitating,FOLLOWING TOO CLOSELY,SR37S & SR45W,39.232688,-86.623056
2009,1,2,Weekday,1500,2-Car,No injury/unknown,LEFT OF CENTER,N WALNUT ST,39.232544,-86.540704
2009,6,1,Weekend,1300,2-Car,No injury/unknown,,N WALNUT ST,39.232544,-86.540704
2009,6,5,Weekday,1300,2-Car,No injury/unknown,OTHER (DRIVER) - EXPLAIN IN NARRATIVE,N WALNUT ST,39.232544,-86.540704
2009,7,5,Weekday,1900,2-Car,No injury/unknown,FOLLOWING TOO CLOSELY,N WALNUT ST,39.232544,-86.540704
2009,8,7,Weekend,900,1-Car,No injury/unknown,OTHER (DRIVER) - EXPLAIN IN NARRATIVE,N WALNUT ST,39.232544,-86.540704
2009,8,7,Weekend,1500,1-Car,No injury/unknown,OTHER (DRIVER) - EXPLAIN IN NARRATIVE,NORTH WALNUT ST,39.232544,-86.540704
2009,9,4,Weekday,1200,2-Car,No injury/unknown,OTHER (DRIVER) - EXPLAIN IN NARRATIVE,N WALNUT ST,39.232544,-86.540704
2009,9,4,Weekday,400,2-Car,No injury/unknown,DRIVER DISTRACTED - EXPLAIN IN NARRATIVE,N WALNUT ST,39.232544,-86.540704
2009,11,5,Weekday,800,Pedestrian,Non-incapacitating,UNSAFE BACKING,N WALNUT ST,39.232544,-86.540704
2009,4,1,Weekend,1200,Moped/Motorcycle,Incapacitating,ANIMAL/OBJECT IN ROADWAY,KELLI & SR46W,39.23245974,-86.62011755
2009,8,5,Weekday,200,1-Car,No injury/unknown,RAN OFF ROAD RIGHT,SHUFFLE CREEK & SR45E,39.2320481,-86.40620662
2009,6,3,Weekday,800,2-Car,No injury/unknown,FAILURE TO YIELD RIGHT OF WAY,RITTER & SALE ST,39.232048,-86.627296
2009,8,3,Weekday,1900,2-Car,No injury/unknown,UNSAFE BACKING,N KINSER PIKE & W 17 TH,39.2319317,-86.53775
2009,1,4,Weekday,700,2-Car,No injury/unknown,ROADWAY SURFACE CONDITION,PINE & SALE ST,39.2318,-86.62805
2009,9,6,Weekday,1600,2-Car,No injury/unknown,FAILURE TO YIELD RIGHT OF WAY,REEVES RD & STARNES,39.231536,-86.6588
2009,12,7,Weekend,1300,1-Car,No injury/unknown,RAN OFF ROAD RIGHT,N MAPLE GROVE RD,39.231469,-86.573237
2009,7,2,Weekday,1800,2-Car,No injury/unknown,FAILURE TO YIELD RIGHT OF WAY,SR 46 RD,39.23131227,-86.62118988
2009,10,7,Weekend,1900,2-Car,No injury/unknown,ALCOHOLIC BEVERAGES,TERRY & WEST REEVES RD,39.231312,-86.637488
2009,7,4,Weekday,200,1-Car,No injury/unknown,OVERCORRECTING/OVERSTEERING,SR45 & TUNNEL RD,39.23130251,-86.43231822
2009,9,4,Weekday,1900,1-Car,No injury/unknown,RAN OFF ROAD RIGHT,FIRST ST,39.231219,-86.621432
2009,8,1,Weekend,400,1-Car,No injury/unknown,DRIVER ASLEEP OR FATIGUED,SKIRVIN & SR45E,39.23080613,-86.42887938
2009,2,7,Weekend,1400,1-Car,No injury/unknown,SPEED TOO FAST FOR WEATHER CONDITIONS,HIGHWAY 45 & MOUNT GILEAD RD,39.23074878,-86.42431861
2009,12,2,Weekday,2300,1-Car,No injury/unknown,ANIMAL/OBJECT IN ROADWAY,MT GILEAD & SR45E,39.23074878,-86.42410255
2009,5,4,Weekday,700,1-Car,No injury/unknown,RAN OFF ROAD RIGHT,OARD RD & SR48W,39.23040624,-86.62011755
2009,1,2,Weekday,700,1-Car,No injury/unknown,ROADWAY SURFACE CONDITION,BOLTINGHOUSE ROAD RD & EARL YOUNG ROAD,39.23031,-86.4733973
2009,8,3,Weekday,2100,1-Car,No injury/unknown,ALCOHOLIC BEVERAGES,BOLTINGHOUSE RD & EARL YOUNG,39.23031,-86.47339038
2009,6,1,Weekend,1600,2-Car,Non-incapacitating,FAILURE TO YIELD RIGHT OF WAY,2ND ST & RITTER,39.230096,-86.624528
2009,12,7,Weekend,1500,1-Car,No injury/unknown,ROADWAY SURFACE CONDITION,SHUFFLE CREEK RD & SR45E,39.229952,-86.416096
2009,8,6,Weekday,1300,2-Car,No injury/unknown,OTHER (VEHICLE) - EXPLAIN IN NARRATIVE,PAUL & SR46W,39.229904,-86.619136
2009,10,7,Weekend,800,1-Car,No injury/unknown,OTHER (DRIVER) - EXPLAIN IN NARRATIVE,PAUL ST & TEMPERANCE ST ST,39.229904,-86.619136
2009,8,1,Weekend,1600,2-Car,No injury/unknown,FAILURE TO YIELD RIGHT OF WAY,PAUL & SR46W,39.22972139,-86.61887222
2009,9,1,Weekend,1000,1-Car,Non-incapacitating,RAN OFF ROAD RIGHT,SKIRVIN & SR45S,39.22960429,-86.4320992
2009,8,6,Weekday,1100,Moped/Motorcycle,Non-incapacitating,UNSAFE SPEED,EARL YOUNG RD & WE,39.22956051,-86.45635128
2009,7,4,Weekday,1800,2-Car,No injury/unknown,FAILURE TO YIELD RIGHT OF WAY,1ST ST & RITTER,39.229424,-86.623584
2009,3,6,Weekday,700,3+ Cars,No injury/unknown,FOLLOWING TOO CLOSELY,PARK ST & SR46W,39.22936908,-86.61849812
2009,3,6,Weekday,700,2-Car,No injury/unknown,OTHER (DRIVER) - EXPLAIN IN NARRATIVE,PARK & SR46W,39.22936908,-86.61849812
2009,9,5,Weekday,1700,1-Car,No injury/unknown,DRIVER DISTRACTED - EXPLAIN IN NARRATIVE,COMMODORE & RUSSELL RDS,39.22924187,-86.48181
2009,4,7,Weekend,1800,1-Car,Non-incapacitating,UNSAFE SPEED,BOTTOM & SR37N,39.22864948,-86.54219875
2009,6,4,Weekday,500,1-Car,No injury/unknown,OTHER (DRIVER) - EXPLAIN IN NARRATIVE,BRYANTS CREEK & SR37N,39.22773083,-86.51238497
2009,5,4,Weekday,1200,2-Car,No injury/unknown,DISREGARD SIGNAL/REG SIGN,HARTSTRAIGHT & SR46W,39.22764788,-86.61591015
2009,5,5,Weekday,1500,2-Car,No injury/unknown,FOLLOWING TOO CLOSELY,HARTSTRAIGHT & SR46W,39.22764788,-86.61591015
2009,9,3,Weekday,1300,2-Car,Non-incapacitating,VIEW OBSTRUCTED,HARTSTRAIGHT & SR46W,39.22764788,-86.61591015
2009,9,6,Weekday,300,1-Car,No injury/unknown,ANIMAL/OBJECT IN ROADWAY,HARTSTRAIT & SR46W,39.22764788,-86.61584519
2009,11,1,Weekend,1500,2-Car,Non-incapacitating,FOLLOWING TOO CLOSELY,HARTSTRAIT & SR46W,39.22764788,-86.61591015
2009,10,5,Weekday,1000,2-Car,No injury/unknown,UNSAFE SPEED,HARTSTRAIGHT & SR46W,39.22764788,-86.61591881
2009,5,4,Weekday,1900,3+ Cars,No injury/unknown,DISREGARD SIGNAL/REG SIGN,E TEMPERANCE & SR46E,39.226352,-86.614192
2009,2,5,Weekday,600,1-Car,No injury/unknown,SPEED TOO FAST FOR WEATHER CONDITIONS,COX & SR45E,39.22569406,-86.43788493
2009,10,6,Weekday,1100,1-Car,No injury/unknown,ANIMAL/OBJECT IN ROADWAY,EARL YOUNG RD & WELLSTON,39.22436978,-86.45452851
2009,4,6,Weekday,1600,2-Car,No injury/unknown,UNSAFE BACKING,N KINSER PIKE,39.222752,-86.550096
2009,10,3,Weekday,1300,2-Car,No injury/unknown,OTHER (DRIVER) - EXPLAIN IN NARRATIVE,N KINSER PIKE,39.222752,-86.550096
2009,10,5,Weekday,700,Bus,No injury/unknown,DRIVER DISTRACTED - EXPLAIN IN NARRATIVE,CLUBHOUSE & N KINSER PIKE,39.22198844,-86.54286
2009,6,3,Weekday,2200,Moped/Motorcycle,Non-incapacitating,OVERCORRECTING/OVERSTEERING,POTOWATAMI & POTOWATAMI CTS,39.2219,-86.62748433
2009,7,1,Weekend,1600,Cyclist,Non-incapacitating,VIEW OBSTRUCTED,UNKNOWN ST,39.22144251,-86.60980046
2009,10,7,Weekend,900,2-Car,No injury/unknown,FAILURE TO YIELD RIGHT OF WAY,KINSER & SR37S,39.221248,-86.55
2009,10,6,Weekend,2200,1-Car,No injury/unknown,ANIMAL/OBJECT IN ROADWAY,KINSER & SR37S,39.221248,-86.55
2009,8,7,Weekend,2000,2-Car,No injury/unknown,DRIVER DISTRACTED - EXPLAIN IN NARRATIVE,N LAKEVIEW & SR46W,39.221152,-86.6056
2009,1,4,Weekday,700,2-Car,No injury/unknown,ROADWAY SURFACE CONDITION,LAKEVIEW & SR46W,39.22107697,-86.60549683
2009,9,3,Weekday,1700,2-Car,No injury/unknown,FAILURE TO YIELD RIGHT OF WAY,LAKEVIEW DR & SR46W,39.22103945,-86.60544525
2009,2,4,Weekday,1200,2-Car,Non-incapacitating,RAN OFF ROAD RIGHT,LAKEVIEW & SR46W,39.22087063,-86.60521312
2009,11,3,Weekday,1400,Bus,No injury/unknown,FAILURE TO YIELD RIGHT OF WAY,BLACKFOOT & MIAMI ST,39.220816,-86.6252
2009,9,7,Weekend,1200,2-Car,No injury/unknown,FAILURE TO YIELD RIGHT OF WAY,NORTH LAKEVIEW & SR46W,39.22077684,-86.60508416
2009,8,3,Weekday,1200,2-Car,No injury/unknown,FOLLOWING TOO CLOSELY,LAKEVIEW & SR46E,39.2204333,-86.6045466
2009,3,7,Weekend,1500,1-Car,No injury/unknown,RAN OFF ROAD RIGHT,STATE ROAD 45 HWY & VIKING RIDGE,39.219552,-86.444592
2009,2,7,Weekend,1400,2-Car,No injury/unknown,LEFT OF CENTER,COX & SR45E,39.21949534,-86.44342785
2009,10,6,Weekday,700,2-Car,Non-incapacitating,FAILURE TO YIELD RIGHT OF WAY,NORTH VIKINGRIDGE & SR45E,39.21940042,-86.44451338
2009,10,5,Weekday,1900,2-Car,No injury/unknown,FOLLOWING TOO CLOSELY,LOVE & SR46W,39.219152,-86.602304
2009,11,5,Weekday,1500,2-Car,No injury/unknown,BRAKE FAILURE OR DEFECTIVE,LOVE & SR46W,39.219152,-86.602304
2009,6,6,Weekday,1000,2-Car,Non-incapacitating,FAILURE TO YIELD RIGHT OF WAY,SR46W & UNION VALLEY RD,39.21793049,-86.59279247
2009,10,5,Weekday,1200,2-Car,Non-incapacitating,IMPROPER LANE USAGE,RIDGEWOOD & SR46W,39.21762692,-86.59972661
2009,9,2,Weekday,1500,2-Car,Non-incapacitating,FAILURE TO YIELD RIGHT OF WAY,BROOKWOOD & SR46W,39.21755876,-86.5993613
2009,4,4,Weekday,1500,2-Car,No injury/unknown,FOLLOWING TOO CLOSELY,PETE ELLIS DR & THIRD,39.21708168,-86.49496
2009,1,6,Weekday,900,2-Car,No injury/unknown,FAILURE TO YIELD RIGHT OF WAY,STARNES RD & WEST RATLIFF,39.21687,-86.65872
2009,9,7,Weekend,2100,Moped/Motorcycle,Non-incapacitating,FAILURE TO YIELD RIGHT OF WAY,BRIAR GATE & SR46W,39.21657791,-86.59633577
2009,5,3,Weekday,1800,Moped/Motorcycle,Non-incapacitating,IMPROPER LANE USAGE,KINSER & SR37S,39.21631855,-86.55303465
2009,9,4,Weekday,1700,1-Car,Non-incapacitating,BRAKE FAILURE OR DEFECTIVE,RATLIFF ROW & THOMAS,39.21615399,-86.62780881
2009,4,6,Weekend,1900,2-Car,Non-incapacitating,FAILURE TO YIELD RIGHT OF WAY,SR46W & UNION VALLEY,39.21569341,-86.59442231
2009,5,2,Weekday,1500,2-Car,No injury/unknown,FAILURE TO YIELD RIGHT OF WAY,SR46W & UNION VALLEY RD,39.21569341,-86.59442231
2009,12,5,Weekday,1700,1-Car,No injury/unknown,OVERCORRECTING/OVERSTEERING,BAYLES & BUSINESS 37 RD,39.21547,-86.53701
2009,6,2,Weekday,700,2-Car,No injury/unknown,FAILURE TO YIELD RIGHT OF WAY,SR46W & UNION VALLEY RD,39.21545866,-86.5928
2009,4,7,Weekend,800,3+ Cars,Non-incapacitating,DISREGARD SIGNAL/REG SIGN,OUTBACK & SR46W,39.215356,-86.59301519
2009,2,7,Weekend,2100,1-Car,No injury/unknown,ANIMAL/OBJECT IN ROADWAY,BETHEL & OLD STATE ROAD 37 NORTH RD,39.215344,-86.521392
2009,12,5,Weekday,1700,2-Car,No injury/unknown,DRIVER DISTRACTED - EXPLAIN IN NARRATIVE,SR46W & UNION VALLEY,39.21523442,-86.59304268
2009,1,3,Weekday,1400,2-Car,No injury/unknown,DRIVER DISTRACTED - EXPLAIN IN NARRATIVE,SR46W & UNION VALLEY,39.215152,-86.5928
2009,4,6,Weekday,1800,2-Car,No injury/unknown,OTHER (DRIVER) - EXPLAIN IN NARRATIVE,SR46 & UNION VALLEY RD,39.215152,-86.5928
2009,5,3,Weekday,1600,2-Car,No injury/unknown,DRIVER DISTRACTED - EXPLAIN IN NARRATIVE,SR46W & UNION VALLEY,39.215152,-86.5928
2009,9,5,Weekday,900,2-Car,No injury/unknown,DRIVER DISTRACTED - EXPLAIN IN NARRATIVE,SR46W & UNION VALLEY,39.215152,-86.5928
2009,12,3,Weekday,1600,2-Car,No injury/unknown,DISREGARD SIGNAL/REG SIGN,SR46W & UNION VALLEY,39.215152,-86.5928
2009,9,4,Weekday,1500,2-Car,No injury/unknown,FOLLOWING TOO CLOSELY,SR46W & UNION VALLEY,39.21505669,-86.59267291
2009,9,2,Weekday,1500,3+ Cars,No injury/unknown,FOLLOWING TOO CLOSELY,SR46W & UNION VALLEY,39.21505669,-86.59267291
2009,7,7,Weekend,2200,Moped/Motorcycle,Incapacitating,UNSAFE SPEED,BROOKDALE & KINSER PIKE,39.21484832,-86.53776
2009,2,7,Weekend,1400,2-Car,No injury/unknown,LEFT OF CENTER,BETHEL LN & BOLTINGHOUSE,39.21475201,-86.47642662
2009,7,7,Weekend,1700,2-Car,No injury/unknown,DRIVER DISTRACTED - EXPLAIN IN NARRATIVE,E BETHEL LN & N STIDD,39.214752,-86.477504
2009,3,5,Weekday,800,1-Car,No injury/unknown,RAN OFF ROAD RIGHT,BRUMMETTS CREEK RD & MCCOY,39.21458,-86.39929656
2009,10,5,Weekday,2200,1-Car,No injury/unknown,ANIMAL/OBJECT IN ROADWAY,BENT PINE & SR45E,39.21449976,-86.45616707
2009,10,6,Weekend,2200,1-Car,No injury/unknown,RAN OFF ROAD RIGHT,BETHEL LN & STIDD,39.21443212,-86.47805074
2009,11,7,Weekend,1700,1-Car,No injury/unknown,ANIMAL/OBJECT IN ROADWAY,OLD SR 37 NORTH RD & SR37 NORTH,39.214144,-86.522144
2009,5,1,Weekday,2100,1-Car,No injury/unknown,NONE (DRIVER),ASHBROOK LANE & DEER PARK DR DR,39.213952,-86.588
2009,11,3,Weekday,500,1-Car,No injury/unknown,ANIMAL/OBJECT IN ROADWAY,BETHEL & SR45E,39.21337916,-86.4580108
2009,10,1,Weekend,200,1-Car,Non-incapacitating,ALCOHOLIC BEVERAGES,BAUGH & E BETHEL LN,39.21303,-86.48693649
2009,7,1,Weekend,1800,2-Car,No injury/unknown,DRIVER DISTRACTED - EXPLAIN IN NARRATIVE,AUDUBON & OLD SR 37 N RD,39.21297,-86.52311
2009,12,4,Weekday,100,1-Car,No injury/unknown,ANIMAL/OBJECT IN ROADWAY,BAUGH & BETHEL LN,39.21287961,-86.49042556
2009,11,5,Weekday,1400,2-Car,Non-incapacitating,OTHER (DRIVER) - EXPLAIN IN NARRATIVE,SR46W,39.212784,-86.589448
2009,10,2,Weekday,2300,1-Car,No injury/unknown,ANIMAL/OBJECT IN ROADWAY,BETHEL LN & HINKLE,39.2120227,-86.50202465
2009,12,5,Weekday,1100,2-Car,Non-incapacitating,OTHER (DRIVER) - EXPLAIN IN NARRATIVE,FORREST PARK & SR46W,39.21199392,-86.58703774
2009,1,5,Weekday,100,2-Car,No injury/unknown,UNSAFE BACKING,SUGAR MAPLE PL,39.211952,-86.576192
2009,9,4,Weekday,1500,2-Car,Non-incapacitating,UNSAFE SPEED,BABY CREEK RD & BRUMMETTS CREEK,39.211648,-86.38131153
2009,10,5,Weekday,700,3+ Cars,No injury/unknown,DRIVER DISTRACTED - EXPLAIN IN NARRATIVE,SMITH & SR46W,39.210144,-86.5832
2009,9,4,Weekday,800,2-Car,No injury/unknown,UNSAFE SPEED,SMITH & SR46W,39.21005745,-86.58306296
2009,10,6,Weekday,1600,3+ Cars,No injury/unknown,DRIVER ILLNESS,SMITH & SR46W,39.21005745,-86.58306296
2009,2,2,Weekday,1500,2-Car,Non-incapacitating,FAILURE TO YIELD RIGHT OF WAY,N SMITH PIKE & SR46,39.21000667,-86.5832
2009,9,3,Weekday,1600,2-Car,No injury/unknown,OTHER (DRIVER) - EXPLAIN IN NARRATIVE,SMITH PIKE & SR46W,39.21000667,-86.5832
2009,1,5,Weekday,1700,2-Car,No injury/unknown,IMPROPER LANE USAGE,SMITH & SR46W,39.20997089,-86.58292591
2009,5,6,Weekday,1800,2-Car,No injury/unknown,SPEED TOO FAST FOR WEATHER CONDITIONS,CENTENNIAL DR & SR46W,39.2099611,-86.58266079
2009,5,6,Weekday,1400,2-Car,Non-incapacitating,FAILURE TO YIELD RIGHT OF WAY,46 & SMITH PIKE,39.20986935,-86.5832
2009,10,7,Weekend,1900,1-Car,Non-incapacitating,DRIVER ASLEEP OR FATIGUED,MT GILHEAD & STATE ROAD 45 HWY,39.20956418,-86.42414576
2009,10,6,Weekday,300,1-Car,No injury/unknown,RAN OFF ROAD RIGHT,BEECH LN & CRAIG,39.20920587,-86.59223778
2009,4,4,Weekday,1700,1-Car,No injury/unknown,DRIVER DISTRACTED - EXPLAIN IN NARRATIVE,OLD SR 37 HWY & WYLIE,39.20896853,-86.50108
2009,2,4,Weekday,1300,2-Car,No injury/unknown,FAILURE TO YIELD RIGHT OF WAY,SMITH PIKE & SR46W,39.20877072,-86.5832
2009,4,6,Weekday,1700,2-Car,No injury/unknown,FOLLOWING TOO CLOSELY,SMITH PIKE & SR46W,39.20877072,-86.5832
2009,1,6,Weekday,1500,2-Car,No injury/unknown,FAILURE TO YIELD RIGHT OF WAY,SR46 & SR46W,39.20848809,-86.58067865
2009,5,4,Weekday,1400,2-Car,No injury/unknown,SPEED TOO FAST FOR WEATHER CONDITIONS,ACUFF RD & SR37S,39.20824,-86.5557631
2009,10,6,Weekend,2000,2-Car,No injury/unknown,SPEED TOO FAST FOR WEATHER CONDITIONS,37 & ACUFF RD,39.20824,-86.55611613
2009,1,4,Weekday,800,1-Car,No injury/unknown,SPEED TOO FAST FOR WEATHER CONDITIONS,ACUFF & SR37N,39.20824,-86.554704
2009,7,6,Weekday,1100,Moped/Motorcycle,Non-incapacitating,IMPROPER LANE USAGE,ARLINGTON ROAD & SR46W,39.20823089,-86.58003187
2009,8,2,Weekday,1800,1-Car,No injury/unknown,ALCOHOLIC BEVERAGES,ARLINGTON & SR46W,39.20814892,-86.57844673
2009,1,2,Weekday,1000,2-Car,No injury/unknown,LEFT OF CENTER,DUNN STREET & NORTH OLD STATE ROAD 37 RDS,39.208048,-86.528704
2009,5,2,Weekday,2300,1-Car,Non-incapacitating,SPEED TOO FAST FOR WEATHER CONDITIONS,DUNN & OLD STATE RD 37 RD,39.208048,-86.528704
2009,7,7,Weekend,1300,2-Car,Non-incapacitating,LEFT OF CENTER,N DUNN & N OLD SR 37 RD,39.208048,-86.528704
2009,7,5,Weekday,1700,2-Car,Non-incapacitating,SPEED TOO FAST FOR WEATHER CONDITIONS,DUNN & OLD SR 37 ST,39.208048,-86.528704
2009,9,2,Weekday,300,2-Car,No injury/unknown,SPEED TOO FAST FOR WEATHER CONDITIONS,N DUNN & OLD STATE RD 37 HWY,39.208048,-86.528704
2009,9,1,Weekday,2000,2-Car,No injury/unknown,ROADWAY SURFACE CONDITION,DUNN & OLD SR 37 RD,39.208048,-86.528704
2009,10,6,Weekend,2100,2-Car,Non-incapacitating,IMPROPER LANE USAGE,DUNN & SR37N,39.20802405,-86.52872801
2009,8,7,Weekend,1200,1-Car,Non-incapacitating,UNSAFE SPEED,NORTH DUNN & NORTH OLD ST RD 37 HWY,39.20802,-86.52872
2009,8,6,Weekend,2300,1-Car,No injury/unknown,OTHER (ENVIRONMENTAL) - EXPLAIN IN NARR,DUNN & NORTH OLD 37 STATE RD,39.20802,-86.52869837
2009,12,7,Weekend,1500,2-Car,No injury/unknown,SPEED TOO FAST FOR WEATHER CONDITIONS,FOREST PARK & SMITH PIKE,39.20800667,-86.5832
2009,6,3,Weekday,1100,Cyclist,Non-incapacitating,IMPROPER PASSING,HILLVIEW & OLD STATE ROAD 37 N RD,39.207984,-86.529568
2009,5,2,Weekday,1300,2-Car,No injury/unknown,DRIVER DISTRACTED - EXPLAIN IN NARRATIVE,SR45 & SR45W,39.207696,-86.46328
2009,1,6,Weekday,800,2-Car,No injury/unknown,FAILURE TO YIELD RIGHT OF WAY,BIRDIE GALYAN & MT GILEAD RD,39.207648,-86.423696
2009,1,6,Weekday,1400,2-Car,No injury/unknown,FAILURE TO YIELD RIGHT OF WAY,SR46 & SR46W,39.207648,-86.573792
2009,3,6,Weekday,700,2-Car,No injury/unknown,FAILURE TO YIELD RIGHT OF WAY,SR46 & SR46W,39.207648,-86.573792
2009,3,5,Weekday,1300,2-Car,No injury/unknown,OTHER (DRIVER) - EXPLAIN IN NARRATIVE,SR46 & SR46W,39.207648,-86.573792
2009,4,3,Weekday,1800,2-Car,No injury/unknown,OTHER (DRIVER) - EXPLAIN IN NARRATIVE,N STATE ROAD 45 46 HWY,39.207648,-86.573792
2009,9,2,Weekday,900,2-Car,Non-incapacitating,FAILURE TO YIELD RIGHT OF WAY,ARLINGTON RD & N  SHELBURN,39.207648,-86.573792
2009,2,5,Weekday,1000,2-Car,No injury/unknown,FAILURE TO YIELD RIGHT OF WAY,SR46 & SR46W,39.2075305,-86.57357453
2009,12,4,Weekday,900,1-Car,Non-incapacitating,RAN OFF ROAD RIGHT,SMITH PIKE & SR46W,39.20739745,-86.5832
2009,5,3,Weekday,1400,Moped/Motorcycle,Non-incapacitating,ANIMAL/OBJECT IN ROADWAY,SR46 & SR46W,39.20733466,-86.57321208
2009,2,6,Weekday,1700,2-Car,No injury/unknown,OTHER (DRIVER) - EXPLAIN IN NARRATIVE,OLD STATE ROAD 37 & WALNUT ST,39.20725469,-86.53476411
2009,5,5,Weekday,2000,1-Car,No injury/unknown,CELL PHONE USAGE,BENT PINE & SR45E,39.20708822,-86.45619301
2009,7,6,Weekday,1300,2-Car,No injury/unknown,FAILURE TO YIELD RIGHT OF WAY,OLD SR 37 N RD & WALNUT,39.20704,-86.534704
2009,12,2,Weekday,700,2-Car,No injury/unknown,ROADWAY SURFACE CONDITION,NORTH WALNUTS ST & OLD SR 37,39.20704,-86.534704
2009,12,7,Weekend,1100,2-Car,No injury/unknown,FAILURE TO YIELD RIGHT OF WAY,N WALNUT ST & OLD SR 37 N,39.20704,-86.534704
2009,4,5,Weekday,1900,2-Car,Non-incapacitating,FAILURE TO YIELD RIGHT OF WAY,COFFEY & SMITH PIKE,39.20703,-86.58315
2009,2,2,Weekday,800,2-Car,No injury/unknown,FAILURE TO YIELD RIGHT OF WAY,SR46 & SR46W,39.2063957,-86.57147142
2009,8,3,Weekday,1700,2-Car,No injury/unknown,FAILURE TO YIELD RIGHT OF WAY,ACUFF & NORTH MAPLE GROVE ROAD RD,39.206352,-86.557696
2009,1,4,Weekday,1800,2-Car,No injury/unknown,UNSAFE BACKING,S ST RD 46 RD,39.206312,-86.571312
2009,3,3,Weekday,700,Bus,No injury/unknown,BRAKE FAILURE OR DEFECTIVE,ACUFF & PROW RD,39.20604292,-86.55215794
2009,1,5,Weekday,1400,2-Car,Non-incapacitating,LEFT OF CENTER,MERRY WAY & SMITH PIKE,39.205248,-86.5832
2009,1,6,Weekday,0,1-Car,No injury/unknown,UNSAFE SPEED,MERRITT & SR446S,39.20521234,-86.42517712
2009,10,5,Weekday,1500,2-Car,Non-incapacitating,UNSAFE SPEED,BETHEL & HINKLE RD,39.20484537,-86.50699464
2009,7,1,Weekday,1900,Pedestrian,Non-incapacitating,PEDESTRIAN ACTION,OLD STATE ROAD 37 & WALNUT ST,39.20429773,-86.53489235
2009,12,2,Weekday,700,3+ Cars,No injury/unknown,ROADWAY SURFACE CONDITION,OLD STATE ROAD 37 & WALNUT ST,39.20429773,-86.53489235
2009,12,4,Weekday,1400,2-Car,Non-incapacitating,SPEED TOO FAST FOR WEATHER CONDITIONS,CLUB HOUSE & N KINSER PIKE,39.20399527,-86.54286
2009,6,4,Weekday,1300,1-Car,No injury/unknown,RAN OFF ROAD RIGHT,COLLINS DR,39.203605,-86.601189
2009,8,3,Weekday,1200,1-Car,No injury/unknown,OTHER (ENVIRONMENTAL) - EXPLAIN IN NARR,DUNN ST & LAKEWOOD,39.20332126,-86.5289348
2009,7,2,Weekday,1200,2-Car,No injury/unknown,FOLLOWING TOO CLOSELY,EAST TENTH & SR45N,39.20328391,-86.50224214
2009,4,3,Weekday,1400,2-Car,No injury/unknown,FAILURE TO YIELD RIGHT OF WAY,N KINSER PIKE,39.20304,-86.547392
2009,4,4,Weekday,1600,2-Car,No injury/unknown,UNSAFE BACKING,N KINSER PIKE,39.20304,-86.547392
2009,8,3,Weekday,1400,2-Car,No injury/unknown,OTHER (DRIVER) - EXPLAIN IN NARRATIVE,N KINSER PIKE,39.20304,-86.547392
2009,10,6,Weekday,1400,2-Car,No injury/unknown,UNSAFE BACKING,N KINSER PIKE,39.20304,-86.547392
2009,9,1,Weekend,1700,1-Car,Non-incapacitating,OVERCORRECTING/OVERSTEERING,ACUFF & SR37S,39.20274699,-86.55466437
2009,2,2,Weekday,1700,2-Car,No injury/unknown,OTHER (DRIVER) - EXPLAIN IN NARRATIVE,SUDBURY DR,39.20185115,-86.56257
2009,6,6,Weekend,2100,Moped/Motorcycle,No injury/unknown,ANIMAL/OBJECT IN ROADWAY,ACUFF & SR37N,39.20137374,-86.55465446
2009,6,3,Weekday,1000,1-Car,No injury/unknown,SPEED TOO FAST FOR WEATHER CONDITIONS,WOLCOTT & WOODYARD RD,39.20122,-86.6015668
2009,3,3,Weekday,1700,2-Car,No injury/unknown,FAILURE TO YIELD RIGHT OF WAY,KINSER PIKE,39.201135,-86.547265
2009,5,5,Weekday,700,2-Car,No injury/unknown,UNSAFE BACKING,KINSER PIKE,39.201135,-86.547265
2009,1,7,Weekend,1200,2-Car,No injury/unknown,UNSAFE BACKING,S WALNUT ST PIKE,39.20095325,-86.53521736
2009,10,2,Weekday,1200,Cyclist,Non-incapacitating,OTHER (DRIVER) - EXPLAIN IN NARRATIVE,RUSSELL & SR45,39.200352,-86.468
2009,12,5,Weekday,1400,1-Car,No injury/unknown,OTHER (VEHICLE) - EXPLAIN IN NARRATIVE,ARLINGTON RD,39.20033053,-86.56003237
2009,10,3,Weekday,1800,2-Car,No injury/unknown,TIRE FAILURE OR DEFECTIVE,2ND & SR37S,39.20026265,-86.57320781
2009,10,2,Weekday,2000,1-Car,No injury/unknown,ANIMAL/OBJECT IN ROADWAY,ARLINGTON RD & MAPLE GROVE,39.19895179,-86.55918451
2009,11,1,Weekend,300,1-Car,Non-incapacitating,RAN OFF ROAD RIGHT,KENWOOD & N DUNN ST,39.198528,-86.528624
2009,3,5,Weekday,1200,2-Car,No injury/unknown,IMPROPER LANE USAGE,SR37N & SR46,39.19826371,-86.55463202