Year,Month,Day,Weekend?,Hour,Collision Type,Injury Type,Primary Factor,Reported_Location,Latitude,Longitude
2009,1,4,Weekday,700,2-Car,No injury/unknown,FAILURE TO YIELD RIGHT OF WAY,KINSER PIKE & WINDING WAY,39.198144,-86.542096
2009,9,5,Weekday,700,1-Car,No injury/unknown,RAN OFF ROAD RIGHT,N KINSER PIKE & WINDING,39.198144,-86.542096
2009,4,3,Weekday,300,1-Car,Non-incapacitating,ALCOHOLIC BEVERAGES,DUNN ST & KENWOOD,39.19770465,-86.52858309
2009,5,1,Weekend,1300,1-Car,Non-incapacitating,OVERCORRECTING/OVERSTEERING,LOESCH & WOODYARD RD,39.19757707,-86.59805429
2009,12,1,Weekday,2000,Moped/Motorcycle,Incapacitating,FOLLOWING TOO CLOSELY,SR37S & SR46W,39.19730615,-86.55796586
2009,1,4,Weekday,900,3+ Cars,No injury/unknown,SPEED TOO FAST FOR WEATHER CONDITIONS,N PROW RD,39.19719251,-86.55201192
2009,5,5,Weekday,1600,2-Car,Non-incapacitating,FAILURE TO YIELD RIGHT OF WAY,45 46 BYPASS & N WALNUT ST,39.19691031,-86.53454
2009,1,4,Weekday,800,1-Car,Non-incapacitating,RAN OFF ROAD RIGHT,SR37S & SR46W,39.19689046,-86.55462122
2009,2,5,Weekday,1200,2-Car,No injury/unknown,UNSAFE BACKING,BLUE RIDGE DR & WALNUT,39.196848,-86.5344
2009,12,2,Weekday,2000,1-Car,No injury/unknown,ANIMAL/OBJECT IN ROADWAY,ARLINGTON RD & STOUTES CREEK,39.19655974,-86.55722756
2009,1,7,Weekend,500,1-Car,No injury/unknown,RAN OFF ROAD RIGHT,KINGSLEY DR,39.196207,-86.542798
2009,12,7,Weekend,1500,1-Car,No injury/unknown,RAN OFF ROAD RIGHT,ARLINGTON RD & CANTERBURY,39.19592,-86.55659
2009,5,1,Weekend,1700,1-Car,No injury/unknown,BRAKE FAILURE OR DEFECTIVE,NORTH OBRINE PL,39.195421,-86.544672
2009,6,1,Weekend,1100,2-Car,Non-incapacitating,RAN OFF ROAD RIGHT,LANAM ROAD & RUSSELL ROAD RD,39.19504,-86.489488
2009,1,5,Weekday,400,1-Car,No injury/unknown,RAN OFF ROAD RIGHT,LANAM & RUSSELL RD,39.19486884,-86.48934072
2009,4,6,Weekday,1800,2-Car,No injury/unknown,UNSAFE SPEED,SR37 & SR46W,39.19473989,-86.55532332
2009,10,6,Weekday,800,Bus,No injury/unknown,SPEED TOO FAST FOR WEATHER CONDITIONS,N KINSER PIKE,39.19425138,-86.54102164
2009,2,7,Weekend,1200,2-Car,Non-incapacitating,FOLLOWING TOO CLOSELY,N KINSER PIKE & W BRIARCLIFF,39.194144,-86.540992
2009,3,7,Weekend,800,1-Car,Non-incapacitating,DRIVER ILLNESS,SR37S & SR46,39.194144,-86.554592
2009,5,6,Weekday,200,1-Car,No injury/unknown,RAN OFF ROAD RIGHT,BRIARCLIFF & NORTH KINSER PIKE,39.194144,-86.540992
2009,7,2,Weekday,600,1-Car,Non-incapacitating,UNSAFE SPEED,SR37N & SR46E,39.194144,-86.554592
2009,7,1,Weekend,200,1-Car,No injury/unknown,RAN OFF ROAD RIGHT,SR37S & SR46W,39.194144,-86.554592
2009,7,2,Weekday,2000,Moped/Motorcycle,Non-incapacitating,UNSAFE SPEED,SR37N & SR46W,39.194144,-86.554592
2009,10,3,Weekday,1300,1-Car,No injury/unknown,RAN OFF ROAD RIGHT,BRIARCLIFF & N KINSER PIKE,39.194144,-86.540992
2009,10,5,Weekday,1800,2-Car,No injury/unknown,IMPROPER LANE USAGE,37 & SR46W,39.194144,-86.554592
2009,12,7,Weekend,2300,2-Car,No injury/unknown,ALCOHOLIC BEVERAGES,HWY 37 & SR46W,39.194144,-86.554592
2009,2,3,Weekday,2100,1-Car,No injury/unknown,ALCOHOLIC BEVERAGES,LOESCH & WOODYARD RD,39.193872,-86.590784
2009,3,2,Weekday,1700,2-Car,No injury/unknown,OTHER (DRIVER) - EXPLAIN IN NARRATIVE,CURRY & SR46W,39.19377697,-86.57132045
2009,3,2,Weekday,600,2-Car,No injury/unknown,DRIVER ASLEEP OR FATIGUED,CURRY & SR46W,39.19377697,-86.57123388
2009,8,7,Weekend,1700,2-Car,Non-incapacitating,BRAKE FAILURE OR DEFECTIVE,CURRY & SR46W,39.19377697,-86.57123388
2009,11,6,Weekday,1800,2-Car,Non-incapacitating,OTHER (DRIVER) - EXPLAIN IN NARRATIVE,CURRY & SR46W,39.19377697,-86.57123215
2009,3,6,Weekday,500,1-Car,No injury/unknown,DRIVER ASLEEP OR FATIGUED,LAW & UNION ST,39.19349306,-86.50966
2009,9,6,Weekday,1500,2-Car,No injury/unknown,SPEED TOO FAST FOR WEATHER CONDITIONS,KINSER PIKE & N SKYLINE,39.193248,-86.539696
2009,1,4,Weekday,800,2-Car,Non-incapacitating,SPEED TOO FAST FOR WEATHER CONDITIONS,CURRY & WOODYARD RD,39.19259495,-86.58767416
2009,3,3,Weekday,700,2-Car,Non-incapacitating,OTHER (DRIVER) - EXPLAIN IN NARRATIVE,ARLINGTON RD & PROW,39.192352,-86.552592
2009,1,4,Weekday,700,Bus,No injury/unknown,SPEED TOO FAST FOR WEATHER CONDITIONS,ARLINGTON & NORTH PROW RD,39.192352,-86.552592
2009,10,6,Weekday,1500,2-Car,No injury/unknown,FAILURE TO YIELD RIGHT OF WAY,FRITZ & WALNUT ST,39.19233952,-86.53305625
2009,6,3,Weekday,900,2-Car,No injury/unknown,UNSAFE BACKING,FEE & FOSTER CIRCLE DR,39.19231646,-86.51886
2009,12,5,Weekday,1900,Bus,Incapacitating,FAILURE TO YIELD RIGHT OF WAY,N FRITZ & N WALNUT ST,39.191248,-86.532896
2009,3,7,Weekend,1700,2-Car,No injury/unknown,FAILURE TO YIELD RIGHT OF WAY,CURRY PIKE & WOODYARD,39.190672,-86.582992
2009,4,5,Weekday,1400,2-Car,No injury/unknown,FAILURE TO YIELD RIGHT OF WAY,CURRY PIKE & WOODYARD,39.190672,-86.582992
2009,6,3,Weekday,1500,2-Car,Non-incapacitating,DISREGARD SIGNAL/REG SIGN,N CURRY PIKE & WOODYARD,39.190672,-86.582992
2009,6,2,Weekday,1500,2-Car,No injury/unknown,FAILURE TO YIELD RIGHT OF WAY,CURRY PIKE & WOODYARD,39.190672,-86.582992
2009,7,4,Weekday,1300,2-Car,No injury/unknown,FAILURE TO YIELD RIGHT OF WAY,CURRY PIKE & WOODYARD,39.190672,-86.582992
2009,8,4,Weekday,1100,2-Car,No injury/unknown,FAILURE TO YIELD RIGHT OF WAY,N CURRY PIKE & W WOODYARD,39.190672,-86.582992
2009,7,6,Weekday,1200,2-Car,No injury/unknown,FAILURE TO YIELD RIGHT OF WAY,SMITH & WOODYARD RD,39.19064,-86.58311
2009,8,4,Weekday,1400,2-Car,Non-incapacitating,FAILURE TO YIELD RIGHT OF WAY,SMITH & WOODYARD RD,39.19064,-86.58311
2009,11,5,Weekday,1900,1-Car,No injury/unknown,ANIMAL/OBJECT IN ROADWAY,FAIRFAX RD & POINTE,39.19056154,-86.49009
2009,5,6,Weekend,2300,2-Car,Non-incapacitating,FAILURE TO YIELD RIGHT OF WAY,NORTH KINSER PIKE & SKYLINE,39.190544,-86.537712
2009,6,3,Weekday,1700,2-Car,Non-incapacitating,FOLLOWING TOO CLOSELY,KINSER PIKE & SKYLINE,39.190544,-86.537712
2009,9,6,Weekday,1600,Pedestrian,Non-incapacitating,PEDESTRIAN ACTION,N KINSER PIKE & SKYLINE,39.190544,-86.537712
2009,12,6,Weekday,700,2-Car,No injury/unknown,BRAKE FAILURE OR DEFECTIVE,KINSER PIKE & SKYLINE,39.190544,-86.537712
2009,10,2,Weekday,1600,2-Car,No injury/unknown,UNSAFE BACKING,S WALNUT ST,39.189968,-86.533232
2009,12,2,Weekday,700,2-Car,No injury/unknown,OTHER (DRIVER) - EXPLAIN IN NARRATIVE,KINSER PIKE & SKYLINE,39.18972101,-86.53766308
2009,12,2,Weekday,1000,1-Car,Non-incapacitating,UNSAFE SPEED,PIONEER & W WOODYARD RD,39.189648,-86.580496
2009,7,4,Weekday,1300,2-Car,No injury/unknown,OTHER (VEHICLE) - EXPLAIN IN NARRATIVE,2401 MILO B SAMPSON PARK LOT LN & MILO B SAMPSON,39.189512,-86.52131996
2009,4,4,Weekday,1500,Moped/Motorcycle,Non-incapacitating,UNSAFE SPEED,E MAPLECREST & HEADLEY RD,39.18948392,-86.514288
2009,1,7,Weekend,1200,2-Car,No injury/unknown,UNSAFE BACKING,S LIBERTY DR,39.189248,-86.531472
2009,4,2,Weekday,1700,2-Car,No injury/unknown,FAILURE TO YIELD RIGHT OF WAY,LIBERTY DR,39.189248,-86.531472
2009,7,4,Weekday,0,1-Car,Fatal,LEFT OF CENTER,HOWARD & STARNES RD,39.189248,-86.660704
2009,11,4,Weekday,1200,2-Car,No injury/unknown,UNSAFE BACKING,S LIBERTY DR DR,39.189248,-86.531472
2009,11,7,Weekend,1900,1-Car,Non-incapacitating,ANIMAL/OBJECT IN ROADWAY,THOMAS & VERNAL PIKE,39.18909,-86.63028995
2009,12,2,Weekday,700,2-Car,No injury/unknown,OTHER (ENVIRONMENTAL) - EXPLAIN IN NARR,THOMAS RD & THOMAS RD RD,39.18904,-86.630096
2009,12,3,Weekday,300,1-Car,Fatal,OVERCORRECTING/OVERSTEERING,3966 N THOMAS & N THOMAS RD,39.18904,-86.630096
2009,12,2,Weekday,800,1-Car,Non-incapacitating,OTHER (ENVIRONMENTAL) - EXPLAIN IN NARR,THOMAS RD & THOMAS RD RD,39.18904,-86.630096
2009,12,4,Weekday,0,1-Car,No injury/unknown,RAN OFF ROAD RIGHT,THOMAS & VERNAL PIKE,39.18902023,-86.62992137
2009,12,3,Weekday,2100,2-Car,No injury/unknown,DRIVER DISTRACTED - EXPLAIN IN NARRATIVE,WOODYARD RD,39.188741,-86.576751
2009,9,3,Weekday,1500,2-Car,No injury/unknown,FAILURE TO YIELD RIGHT OF WAY,KINSER PIKE & PARRISH,39.188144,-86.5376
2009,1,3,Weekday,1400,2-Car,Non-incapacitating,FAILURE TO YIELD RIGHT OF WAY,ARLINGTON RD & GOURLEY,39.18787727,-86.5515834
2009,1,4,Weekday,800,2-Car,Non-incapacitating,ROADWAY SURFACE CONDITION,KINSER PIKE & PARRISH,39.18787456,-86.53766843
2009,9,5,Weekday,800,1-Car,No injury/unknown,OTHER (DRIVER) - EXPLAIN IN NARRATIVE,FRITZ DR,39.187614,-86.530109
2009,9,4,Weekday,1100,2-Car,No injury/unknown,FAILURE TO YIELD RIGHT OF WAY,10TH STREET & SR46E,39.18741943,-86.50224214
2009,1,2,Weekday,1500,2-Car,No injury/unknown,DISREGARD SIGNAL/REG SIGN,SR37S & SR45W,39.187344,-86.5552
2009,6,6,Weekday,1800,2-Car,Non-incapacitating,FOLLOWING TOO CLOSELY,SR37 & SR45W,39.187344,-86.5552
2009,3,5,Weekday,700,2-Car,Non-incapacitating,OTHER (DRIVER) - EXPLAIN IN NARRATIVE,SR37 & SR45W,39.18721004,-86.55523885
2009,7,1,Weekend,1300,2-Car,No injury/unknown,DRIVER ILLNESS,SR 37 SOUTH & SR46W,39.18717217,-86.55525124
2009,10,3,Weekday,1000,2-Car,No injury/unknown,OTHER (DRIVER) - EXPLAIN IN NARRATIVE,SR45E & STATE ROAD 46,39.1870868,-86.55079796
2009,5,1,Weekend,700,2-Car,No injury/unknown,FAILURE TO YIELD RIGHT OF WAY,MONROE & SR46E,39.18703572,-86.54856069
2009,1,4,Weekday,600,1-Car,No injury/unknown,ANIMAL/OBJECT IN ROADWAY,MONROE & SR46W,39.18697152,-86.54732821
2009,1,7,Weekend,1500,2-Car,No injury/unknown,FOLLOWING TOO CLOSELY,MONROE & SR4546W,39.186944,-86.5468
2009,5,5,Weekday,1900,1-Car,No injury/unknown,OTHER (DRIVER) - EXPLAIN IN NARRATIVE,MONROE & SR4546E,39.186944,-86.5468
2009,1,4,Weekday,800,2-Car,No injury/unknown,SPEED TOO FAST FOR WEATHER CONDITIONS,MONROE & SR45 SR46 BYP,39.18693279,-86.54644761
2009,5,5,Weekday,1300,2-Car,Non-incapacitating,FAILURE TO YIELD RIGHT OF WAY,SR46E & STONELAKE,39.18691604,-86.54666569
2009,9,6,Weekend,2000,1-Car,No injury/unknown,ANIMAL/OBJECT IN ROADWAY,4546 & WALNUT ST,39.18689778,-86.53421346
2009,1,2,Weekday,100,2-Car,No injury/unknown,ALCOHOLIC BEVERAGES,HEADLEY RD,39.18683,-86.51446
2009,6,4,Weekday,400,2-Car,Non-incapacitating,RAN OFF ROAD RIGHT,ARLINGTON RD,39.18662237,-86.55119739
2009,10,4,Weekday,1200,2-Car,No injury/unknown,FOLLOWING TOO CLOSELY,KINSER & SR46W,39.18655186,-86.53806417
2009,2,5,Weekday,900,2-Car,No injury/unknown,FOLLOWING TOO CLOSELY,KINSER & SR46E,39.186544,-86.537888
2009,2,1,Weekend,1200,2-Car,No injury/unknown,IMPROPER LANE USAGE,KINSER & SR 45 46 BYPASS RD,39.186544,-86.537888
2009,4,7,Weekend,1900,2-Car,No injury/unknown,FOLLOWING TOO CLOSELY,KINSER PIKE & SR 45 46,39.186544,-86.537888
2009,4,2,Weekday,700,2-Car,No injury/unknown,OTHER (DRIVER) - EXPLAIN IN NARRATIVE,KINSER & SR46E,39.186544,-86.537888
2009,4,1,Weekend,1200,3+ Cars,Non-incapacitating,FAILURE TO YIELD RIGHT OF WAY,N KINSER & SR46E,39.186544,-86.537888
2009,6,6,Weekday,1200,1-Car,No injury/unknown,RAN OFF ROAD RIGHT,N KINSER PIKE & SR4546,39.186544,-86.537888
2009,8,7,Weekend,1300,2-Car,No injury/unknown,OTHER (DRIVER) - EXPLAIN IN NARRATIVE,N KINSER PIKE,39.186544,-86.537888
2009,9,4,Weekday,800,2-Car,Non-incapacitating,DISREGARD SIGNAL/REG SIGN,KINSER PIKE & SR46W,39.186544,-86.537888
2009,9,2,Weekday,2000,2-Car,Non-incapacitating,FAILURE TO YIELD RIGHT OF WAY,KINSER & SR46W,39.186544,-86.537888
2009,9,6,Weekday,1500,2-Car,No injury/unknown,FOLLOWING TOO CLOSELY,N KINSER & SR4546W,39.186544,-86.537888
2009,10,4,Weekday,700,3+ Cars,Non-incapacitating,FAILURE TO YIELD RIGHT OF WAY,N KINSER & SR4546W,39.186544,-86.537888
2009,10,4,Weekday,700,2-Car,No injury/unknown,FAILURE TO YIELD RIGHT OF WAY,KINSER PIKE & SR46W,39.186544,-86.537888
2009,10,6,Weekday,1800,3+ Cars,No injury/unknown,FOLLOWING TOO CLOSELY,KINSER & SR4546E,39.186544,-86.537888
2009,10,2,Weekday,1700,Pedestrian,Non-incapacitating,DISREGARD SIGNAL/REG SIGN,KINSER & SR46W,39.186544,-86.537888
2009,11,4,Weekday,2200,1-Car,No injury/unknown,ALCOHOLIC BEVERAGES,ARLINGTON & W GOURLEY PIKE,39.186544,-86.551168
2009,12,5,Weekday,1900,2-Car,No injury/unknown,FOLLOWING TOO CLOSELY,KINSER & SR46W,39.186544,-86.537888
2009,12,6,Weekday,1600,2-Car,No injury/unknown,,KINSER & SR4546W,39.186544,-86.537888
2009,5,7,Weekend,1300,2-Car,No injury/unknown,FOLLOWING TOO CLOSELY,N KINSER & SR46E,39.18653552,-86.53774725
2009,11,3,Weekday,1400,2-Car,Non-incapacitating,OTHER (DRIVER) - EXPLAIN IN NARRATIVE,MONROE ST & SUMMIT,39.18641748,-86.54717
2009,1,5,Weekday,1400,3+ Cars,No injury/unknown,DRIVER DISTRACTED - EXPLAIN IN NARRATIVE,SR46 & WALNUT ST,39.186368,-86.5344
2009,1,1,Weekend,1400,2-Car,Non-incapacitating,FAILURE TO YIELD RIGHT OF WAY,N WALNUT & SR46E,39.186368,-86.5344
2009,2,3,Weekday,600,2-Car,No injury/unknown,UNSAFE BACKING,SR46W & WALNUT ST,39.186368,-86.5344
2009,2,3,Weekday,900,2-Car,No injury/unknown,FAILURE TO YIELD RIGHT OF WAY,N WALNUT ST & SR46E,39.186368,-86.5344
2009,3,7,Weekend,1300,2-Car,No injury/unknown,IMPROPER LANE USAGE,N WALNUT & SR 45 46 BYP,39.186368,-86.5344
2009,4,2,Weekday,1700,2-Car,No injury/unknown,FAILURE TO YIELD RIGHT OF WAY,SR4546W & WALNUT,39.186368,-86.5344
2009,5,1,Weekend,1500,3+ Cars,Non-incapacitating,DRIVER DISTRACTED - EXPLAIN IN NARRATIVE,4546 BYP & WALNUT,39.186368,-86.5344
2009,5,1,Weekend,1100,2-Car,No injury/unknown,FAILURE TO YIELD RIGHT OF WAY,4546 & N WALNUT ST,39.186368,-86.5344
2009,5,1,Weekday,2100,2-Car,Non-incapacitating,FAILURE TO YIELD RIGHT OF WAY,SR 45 46 BYP & WALNUT,39.186368,-86.5344
2009,6,5,Weekday,1600,2-Car,Non-incapacitating,FOLLOWING TOO CLOSELY,N WALNUT & SR46E,39.186368,-86.5344
2009,6,2,Weekday,1200,2-Car,No injury/unknown,FAILURE TO YIELD RIGHT OF WAY,NORTH WALNUT ST & SR 45 AND 46,39.186368,-86.5344
2009,7,4,Weekday,900,2-Car,No injury/unknown,DISREGARD SIGNAL/REG SIGN,SR46E & WALNUT ST,39.186368,-86.5344
2009,8,5,Weekday,1200,2-Car,No injury/unknown,FAILURE TO YIELD RIGHT OF WAY,N WALNUT ST & SR46E,39.186368,-86.5344
2009,9,2,Weekday,2000,2-Car,No injury/unknown,FAILURE TO YIELD RIGHT OF WAY,SR46W & WALNUT,39.186368,-86.5344
2009,9,6,Weekday,1400,2-Car,No injury/unknown,FAILURE TO YIELD RIGHT OF WAY,STATE ROAD 45 46 BYP & WALNUT,39.186368,-86.5344
2009,10,7,Weekend,1900,2-Car,No injury/unknown,FOLLOWING TOO CLOSELY,SR45W & WALNUT,39.186368,-86.5344
2009,10,6,Weekday,1800,2-Car,No injury/unknown,DISREGARD SIGNAL/REG SIGN,STATE ROAD 45 46 BYP & WALNUT,39.186368,-86.5344
2009,11,4,Weekday,1900,2-Car,No injury/unknown,FOLLOWING TOO CLOSELY,N WALNUT ST & STATE ROAD 45 46,39.186368,-86.5344
2009,11,6,Weekday,1000,3+ Cars,No injury/unknown,FAILURE TO YIELD RIGHT OF WAY,N WALNUT ST & SR46E,39.186368,-86.5344
2009,11,7,Weekend,1900,2-Car,No injury/unknown,UNSAFE SPEED,SR46E & WALNUT,39.186368,-86.5344
2009,11,1,Weekday,2000,2-Car,No injury/unknown,FAILURE TO YIELD RIGHT OF WAY,N WALNUT ST & STATE ROAD 45 46,39.186368,-86.5344
2009,12,4,Weekday,2000,2-Car,No injury/unknown,FAILURE TO YIELD RIGHT OF WAY,N WALNUT & SR46W,39.186368,-86.5344
2009,12,7,Weekend,1100,2-Car,Non-incapacitating,IMPROPER PASSING,N WALNUT & SR45 46,39.186368,-86.5344
2009,12,6,Weekday,1500,2-Car,No injury/unknown,FAILURE TO YIELD RIGHT OF WAY,STATE ROAD 45 46 BYP & WALNUT,39.186368,-86.5344
2009,12,6,Weekday,1700,2-Car,Non-incapacitating,FOLLOWING TOO CLOSELY,STATE ROAD 45 46 & WALNUT ST,39.186368,-86.5344
2009,12,7,Weekend,900,2-Car,No injury/unknown,FOLLOWING TOO CLOSELY,SR46E & WALNUT,39.186368,-86.5344
2009,12,2,Weekday,1700,2-Car,No injury/unknown,DRIVER DISTRACTED - EXPLAIN IN NARRATIVE,SR4546W & WALNUT,39.186368,-86.5344
2009,9,3,Weekday,1000,2-Car,No injury/unknown,OVERCORRECTING/OVERSTEERING,N COLLEGE & SR46E,39.18636792,-86.5349679
2009,7,3,Weekday,900,2-Car,No injury/unknown,FOLLOWING TOO CLOSELY,N WALNUT & SR45E,39.18636487,-86.53387063
2009,12,2,Weekday,1000,2-Car,No injury/unknown,FAILURE TO YIELD RIGHT OF WAY,SR46W & WALNUT ST,39.18636487,-86.53387063
2009,8,5,Weekday,800,2-Car,No injury/unknown,FAILURE TO YIELD RIGHT OF WAY,SR46E & WALNUT,39.18636279,-86.53351772
2009,10,7,Weekend,1900,2-Car,No injury/unknown,FAILURE TO YIELD RIGHT OF WAY,SR45E & WALNUT,39.18636279,-86.53351772
2009,6,3,Weekday,1700,2-Car,No injury/unknown,FAILURE TO YIELD RIGHT OF WAY,W STATE ROAD 45 RD,39.18636,-86.533048
2009,6,2,Weekday,1700,2-Car,No injury/unknown,IMPROPER TURNING,WEST STATE RD 45 RD,39.18636,-86.533048
2009,9,1,Weekend,1000,2-Car,Non-incapacitating,SPEED TOO FAST FOR WEATHER CONDITIONS,MARTHA & SR46E,39.18635827,-86.53275473
2009,12,6,Weekday,1100,2-Car,No injury/unknown,FOLLOWING TOO CLOSELY,SR46W & WALNUT,39.1863549,-86.53475208
2009,6,6,Weekday,1600,2-Car,No injury/unknown,FOLLOWING TOO CLOSELY,N DUNN & SR45E,39.18635204,-86.52637847
2009,10,7,Weekend,700,1-Car,No injury/unknown,ANIMAL/OBJECT IN ROADWAY,DUNN & SR46W,39.18635203,-86.52673139
2009,9,1,Weekend,1300,2-Car,No injury/unknown,FOLLOWING TOO CLOSELY,N DUNN & SR46E,39.186352,-86.53061353
2009,10,4,Weekday,400,1-Car,Non-incapacitating,OTHER (ENVIRONMENTAL) - EXPLAIN IN NARR,NORTH DUNN & SR46E,39.186352,-86.53061353
2009,4,6,Weekday,1700,Moped/Motorcycle,No injury/unknown,FOLLOWING TOO CLOSELY,DUNN & SR4546E,39.186352,-86.528496
2009,5,4,Weekday,1700,3+ Cars,Non-incapacitating,FOLLOWING TOO CLOSELY,DUNN & SR46E,39.186352,-86.528496
2009,5,7,Weekend,1600,3+ Cars,Non-incapacitating,GLARE,DUNN & STATE ROAD 45 46 BYP,39.186352,-86.528496
2009,7,3,Weekday,1600,Moped/Motorcycle,Non-incapacitating,DISREGARD SIGNAL/REG SIGN,DUNN & SR45E,39.186352,-86.528496
2009,7,7,Weekend,1500,2-Car,No injury/unknown,IMPROPER LANE USAGE,45 AND 46 BYPASS & NORTH COLLEGE AVE,39.186352,-86.534704
2009,9,4,Weekday,1800,3+ Cars,Non-incapacitating,DRIVER DISTRACTED - EXPLAIN IN NARRATIVE,FRITZ & STATE ROAD 45 46 BYP,39.186352,-86.529792
2009,9,6,Weekday,1400,2-Car,No injury/unknown,FOLLOWING TOO CLOSELY,FRITZ & SR4546E,39.186352,-86.529792
2009,9,5,Weekday,1800,2-Car,No injury/unknown,FAILURE TO YIELD RIGHT OF WAY,DUNN & SR46W,39.186352,-86.528496
2009,9,6,Weekend,2000,2-Car,No injury/unknown,FAILURE TO YIELD RIGHT OF WAY,MARTHA & SR4546E,39.186352,-86.531696
2009,9,3,Weekday,700,2-Car,Non-incapacitating,FOLLOWING TOO CLOSELY,COLLEGE & SR4546W,39.186352,-86.534704
2009,10,3,Weekday,1200,3+ Cars,Non-incapacitating,DRIVER DISTRACTED - EXPLAIN IN NARRATIVE,MARTHA & SR4546E,39.186352,-86.531696
2009,11,1,Weekend,0,Pedestrian,Incapacitating,PEDESTRIAN ACTION,DUNN & SR46W,39.186352,-86.528496
2009,11,1,Weekend,1400,2-Car,No injury/unknown,FOLLOWING TOO CLOSELY,DUNN & SR 45 46 BYP,39.186352,-86.528496
2009,11,2,Weekday,400,1-Car,No injury/unknown,ALCOHOLIC BEVERAGES,N DUUN ST & STRD 45 46 BYPASS,39.186352,-86.528496
2009,12,7,Weekend,2000,3+ Cars,No injury/unknown,DRIVER DISTRACTED - EXPLAIN IN NARRATIVE,MARTHA & SR46E,39.186352,-86.531696
2009,12,1,Weekday,2000,2-Car,No injury/unknown,DISREGARD SIGNAL/REG SIGN,DUNN & SR46E,39.186352,-86.528496
2009,12,7,Weekend,2300,2-Car,No injury/unknown,OTHER (DRIVER) - EXPLAIN IN NARRATIVE,DUNN & SR4546N,39.186352,-86.528496
2009,2,3,Weekday,1300,2-Car,Non-incapacitating,IMPROPER TURNING,SR46W & WALNUT,39.18632523,-86.53454894
2009,4,7,Weekend,1200,2-Car,No injury/unknown,FOLLOWING TOO CLOSELY,DUNN & SR46E,39.18632523,-86.52843227
2009,7,5,Weekday,1100,2-Car,No injury/unknown,OTHER (DRIVER) - EXPLAIN IN NARRATIVE,COLLEGE AVE & SR 46,39.18632523,-86.53454894
2009,9,3,Weekday,2100,2-Car,No injury/unknown,UNSAFE BACKING,E STATE ROAD 45 46 BYP,39.18632523,-86.53157097
2009,11,2,Weekday,1500,2-Car,No injury/unknown,IMPROPER TURNING,MATLOCK & SR45E,39.18632523,-86.53454894
2009,6,1,Weekend,1400,1-Car,No injury/unknown,OTHER (DRIVER) - EXPLAIN IN NARRATIVE,45 46 & DUNN ST,39.18632,-86.52842
2009,11,3,Weekday,1900,3+ Cars,Non-incapacitating,FAILURE TO YIELD RIGHT OF WAY,45 46 BYP & N WALNUT,39.18628555,-86.53459668
2009,8,3,Weekday,1700,2-Car,Non-incapacitating,FOLLOWING TOO CLOSELY,45 46 BYP & COLLEGE,39.18626476,-86.53459132
2009,4,5,Weekday,500,1-Car,No injury/unknown,ANIMAL/OBJECT IN ROADWAY,MILO B SAMPSON & SR46,39.18624327,-86.52218811
2009,10,7,Weekend,1100,2-Car,No injury/unknown,FOLLOWING TOO CLOSELY,MILO B SAMPSON & SR45E,39.18624327,-86.52216216
2009,10,6,Weekend,2000,2-Car,No injury/unknown,FAILURE TO YIELD RIGHT OF WAY,MATLOCK RD & MILO B SAMPSON,39.18624327,-86.52217946
2009,6,3,Weekday,1700,3+ Cars,Non-incapacitating,OTHER (DRIVER) - EXPLAIN IN NARRATIVE,45 46 BYPASS BYP & DUNN,39.18623982,-86.52896941
2009,8,4,Weekday,1700,Moped/Motorcycle,Non-incapacitating,OVERCORRECTING/OVERSTEERING,OLD VERNAL PIKE & VERNAL PIKE PIKE,39.18611,-86.59628
2009,10,1,Weekend,400,1-Car,No injury/unknown,DRIVER ASLEEP OR FATIGUED,OLD VERNAL PIKE & VERNAL PIKE PIKE,39.18611,-86.5961934
2009,2,6,Weekend,1900,3+ Cars,Non-incapacitating,BRAKE FAILURE OR DEFECTIVE,MATLOCK & STATE ROAD 45 46 BYP,39.186032,-86.51984
2009,3,1,Weekend,800,2-Car,Non-incapacitating,LEFT OF CENTER,N FEE & SR46E,39.186032,-86.51984
2009,3,3,Weekday,100,1-Car,No injury/unknown,ANIMAL/OBJECT IN ROADWAY,FEE & SR 45 46 BYP,39.186032,-86.51984
2009,9,1,Weekday,2000,2-Car,Non-incapacitating,PRESCRIPTION DRUGS,FEE & SR4546E,39.186032,-86.51984
2009,11,6,Weekday,1600,2-Car,No injury/unknown,IMPROPER LANE USAGE,FEE & SR4546E,39.186032,-86.51984
2009,2,4,Weekday,2000,2-Car,No injury/unknown,FOLLOWING TOO CLOSELY,SR46W & WALNUT ST,39.18595739,-86.53444322
2009,2,1,Weekend,1500,2-Car,No injury/unknown,UNSAFE BACKING,N KINSER PIKE,39.18584,-86.537872
2009,8,1,Weekend,1200,2-Car,No injury/unknown,FAILURE TO YIELD RIGHT OF WAY,GOURLEY & KINSER PIKE,39.18559791,-86.53786335
2009,11,5,Weekday,900,1-Car,No injury/unknown,OTHER (DRIVER) - EXPLAIN IN NARRATIVE,EAST THIRD ST & HAWTHORNE,39.1853987,-86.52009