Year,Month,Day,Weekend?,Hour,Collision Type,Injury Type,Primary Factor,Reported_Location,Latitude,Longitude
2009,9,5,Weekday,1400,2-Car,No injury/unknown,OTHER (DRIVER) - EXPLAIN IN NARRATIVE,E 17TH ST,39.179008,-86.525888
2009,10,6,Weekend,2000,2-Car,No injury/unknown,FOLLOWING TOO CLOSELY,17TH ST & FESS,39.179008,-86.525888
2009,10,4,Weekday,1600,2-Car,No injury/unknown,FAILURE TO YIELD RIGHT OF WAY,E 17TH ST,39.179008,-86.525888
2009,10,5,Weekday,1800,2-Car,No injury/unknown,FAILURE TO YIELD RIGHT OF WAY,E 17TH ST,39.179008,-86.525888
2009,11,2,Weekday,1600,2-Car,No injury/unknown,FAILURE TO YIELD RIGHT OF WAY,E 17TH ST,39.179008,-86.525888
2009,11,6,Weekend,2100,2-Car,No injury/unknown,OTHER TELEMATICS IN USE,E 17TH ST & N FESS,39.179008,-86.525888
2009,12,2,Weekday,500,1-Car,No injury/unknown,ANIMAL/OBJECT IN ROADWAY,PACKINGHOUSE & VERNAL PIKE,39.17900668,-86.56324256
2009,12,6,Weekday,1000,2-Car,No injury/unknown,FAILURE TO YIELD RIGHT OF WAY,17TH ST & MADISON,39.17899633,-86.53803896
2009,2,2,Weekday,1500,2-Car,No injury/unknown,FAILURE TO YIELD RIGHT OF WAY,MADISON & W 17TH ST,39.178992,-86.537792
2009,2,4,Weekday,1000,2-Car,No injury/unknown,FOLLOWING TOO CLOSELY,17TH & NORTH MADISON ST,39.178992,-86.537792
2009,2,5,Weekday,1000,2-Car,No injury/unknown,DISREGARD SIGNAL/REG SIGN,17TH ST & MADISON,39.178992,-86.537792
2009,3,1,Weekday,1900,2-Car,No injury/unknown,FAILURE TO YIELD RIGHT OF WAY,17TH ST & KINSER,39.178992,-86.537792
2009,4,1,Weekday,2200,2-Car,No injury/unknown,DISREGARD SIGNAL/REG SIGN,17TH ST & KINSER,39.178992,-86.537792
2009,4,7,Weekend,400,2-Car,No injury/unknown,DISREGARD SIGNAL/REG SIGN,N KINSER & W 17TH ST,39.178992,-86.537792
2009,7,7,Weekend,2300,2-Car,No injury/unknown,LEFT OF CENTER,17TH ST & KINSER,39.178992,-86.537792
2009,8,4,Weekday,1200,2-Car,Non-incapacitating,FAILURE TO YIELD RIGHT OF WAY,17TH ST & KINSER,39.178992,-86.537792
2009,9,3,Weekday,1300,1-Car,No injury/unknown,OTHER (VEHICLE) - EXPLAIN IN NARRATIVE,W 17TH ST,39.178992,-86.537792
2009,9,6,Weekday,1700,2-Car,No injury/unknown,FOLLOWING TOO CLOSELY,17TH ST & WOODLAWN,39.178992,-86.523504
2009,10,5,Weekday,1700,2-Car,No injury/unknown,FAILURE TO YIELD RIGHT OF WAY,17TH ST & WOODLAWN,39.178992,-86.523504
2009,10,6,Weekday,1300,2-Car,No injury/unknown,FAILURE TO YIELD RIGHT OF WAY,N KINSER & W 17TH ST,39.178992,-86.537792
2009,10,7,Weekend,1700,2-Car,No injury/unknown,OTHER (DRIVER) - EXPLAIN IN NARRATIVE,17TH & KINSER PIKE,39.178992,-86.537792
2009,11,4,Weekday,1200,2-Car,Non-incapacitating,FAILURE TO YIELD RIGHT OF WAY,17TH ST & MADISON,39.178992,-86.537792
2009,8,6,Weekday,1700,2-Car,Non-incapacitating,FOLLOWING TOO CLOSELY,17TH ST & KINSER,39.17898559,-86.53708628
2009,9,3,Weekday,900,3+ Cars,No injury/unknown,OTHER (DRIVER) - EXPLAIN IN NARRATIVE,E 17TH ST,39.17897394,-86.52938043
2009,7,1,Weekday,2200,2-Car,No injury/unknown,OTHER (DRIVER) - EXPLAIN IN NARRATIVE,EAST 17TH STREET ST,39.17897,-86.532216
2009,7,3,Weekday,1100,2-Car,No injury/unknown,FAILURE TO YIELD RIGHT OF WAY,17TH ST & COLLEGE,39.17896861,-86.53542568
2009,11,6,Weekday,1700,2-Car,No injury/unknown,FOLLOWING TOO CLOSELY,SR37N & VERNAL,39.17896726,-86.55952979
2009,9,6,Weekday,1400,2-Car,Non-incapacitating,OTHER (DRIVER) - EXPLAIN IN NARRATIVE,17TH ST & WALNUT,39.17896352,-86.53312853
2009,1,4,Weekday,1700,2-Car,No injury/unknown,FAILURE TO YIELD RIGHT OF WAY,17TH ST & WALNUT GROVE,39.17896194,-86.52124678
2009,10,7,Weekend,2200,2-Car,No injury/unknown,FAILURE TO YIELD RIGHT OF WAY,17TH ST & COLLEGE,39.17896172,-86.53486114
2009,2,3,Weekday,800,2-Car,No injury/unknown,DRIVER DISTRACTED - EXPLAIN IN NARRATIVE,N COLLEGE AVE & W 17TH,39.17896,-86.53472
2009,2,5,Weekday,400,1-Car,Non-incapacitating,ALCOHOLIC BEVERAGES,17TH & N COLLEGE AVE,39.17896,-86.53472
2009,2,5,Weekday,1600,2-Car,No injury/unknown,VIEW OBSTRUCTED,E 17TH ST,39.17896,-86.521088
2009,3,7,Weekend,800,2-Car,No injury/unknown,UNSAFE BACKING,W 17TH ST,39.17896,-86.53472
2009,3,3,Weekday,1400,2-Car,No injury/unknown,DISREGARD SIGNAL/REG SIGN,N COLLEGE & W 17TH ST,39.17896,-86.53472
2009,6,5,Weekday,1000,2-Car,Non-incapacitating,DRIVER DISTRACTED - EXPLAIN IN NARRATIVE,COLLEGE & W 17TH ST,39.17896,-86.53472
2009,7,2,Weekday,1500,2-Car,Non-incapacitating,DISREGARD SIGNAL/REG SIGN,17TH & COLLEGE AVE,39.17896,-86.53472
2009,9,1,Weekend,0,2-Car,No injury/unknown,UNSAFE BACKING,W 17TH ST,39.17896,-86.53472
2009,9,3,Weekday,1100,2-Car,No injury/unknown,IMPROPER TURNING,E 17TH ST,39.17896,-86.521088
2009,10,5,Weekday,1700,2-Car,No injury/unknown,FAILURE TO YIELD RIGHT OF WAY,E 17TH ST & N WALNUT GROVE,39.17896,-86.521088
2009,11,5,Weekday,1700,2-Car,No injury/unknown,FOLLOWING TOO CLOSELY,SEVENTEENTH ST & WALNUT,39.17896,-86.521088
2009,4,5,Weekday,1500,2-Car,No injury/unknown,FOLLOWING TOO CLOSELY,17TH ST & WALNUT GROVE,39.17895462,-86.52073518
2009,11,7,Weekend,0,Pedestrian,Non-incapacitating,UNSAFE BACKING,17TH ST,39.1789454,-86.52013144
2009,1,7,Weekend,1600,2-Car,No injury/unknown,DISREGARD SIGNAL/REG SIGN,17TH & N WALNUT ST,39.178944,-86.533392
2009,6,2,Weekday,800,Cyclist,Non-incapacitating,PEDESTRIAN ACTION,N WALNUT ST & W 17TH,39.178944,-86.533392
2009,8,2,Weekday,1600,2-Car,No injury/unknown,UNSAFE BACKING,17TH ST & WALNUT,39.178944,-86.533392
2009,8,3,Weekday,100,2-Car,No injury/unknown,ALCOHOLIC BEVERAGES,17TH ST & WALNUT,39.178944,-86.533392
2009,9,5,Weekday,1400,Bus,No injury/unknown,FAILURE TO YIELD RIGHT OF WAY,17TH & WALNUT ST,39.178944,-86.533392
2009,10,3,Weekday,1300,Pedestrian,Non-incapacitating,FAILURE TO YIELD RIGHT OF WAY,17TH ST & WALNUT,39.178944,-86.533392
2009,9,4,Weekday,1500,2-Car,Non-incapacitating,FAILURE TO YIELD RIGHT OF WAY,17TH ST & FEE,39.17893156,-86.51922486
2009,1,3,Weekday,700,1-Car,No injury/unknown,ROADWAY SURFACE CONDITION,FEE & SEVENTEENTH ST,39.178928,-86.518992
2009,1,4,Weekday,2300,1-Car,No injury/unknown,ROADWAY SURFACE CONDITION,EAST 17TH ST & NORTH FEE,39.178928,-86.518992
2009,1,5,Weekday,900,2-Car,No injury/unknown,FOLLOWING TOO CLOSELY,17TH & FEE LN,39.178928,-86.518992
2009,9,6,Weekday,1600,2-Car,No injury/unknown,FOLLOWING TOO CLOSELY,17TH ST & FEE,39.178928,-86.518992
2009,10,5,Weekday,2000,2-Car,Non-incapacitating,FAILURE TO YIELD RIGHT OF WAY,17TH ST & FEE,39.178928,-86.518992
2009,10,5,Weekday,2100,1-Car,No injury/unknown,RAN OFF ROAD RIGHT,17TH & DUNN ST,39.17891655,-86.52839238
2009,4,3,Weekday,1600,2-Car,No injury/unknown,IMPROPER LANE USAGE,17TH ST & JORDAN,39.17887416,-86.51461657
2009,11,1,Weekend,1600,2-Car,No injury/unknown,OTHER (DRIVER) - EXPLAIN IN NARRATIVE,E 17TH ST,39.17887129,-86.51438724
2009,2,5,Weekday,1500,3+ Cars,No injury/unknown,IMPROPER TURNING,17TH ST & JORDAN,39.178848,-86.511088
2009,4,5,Weekday,1700,2-Car,No injury/unknown,DRIVER DISTRACTED - EXPLAIN IN NARRATIVE,17TH ST & JORDAN,39.178848,-86.51144088
2009,9,6,Weekday,800,2-Car,No injury/unknown,UNSAFE BACKING,1442 N JORDAN AVE & NORTH JORDAN,39.178848,-86.511088
2009,11,6,Weekday,1600,2-Car,No injury/unknown,DRIVER DISTRACTED - EXPLAIN IN NARRATIVE,17TH & NORTH JORDAN AVE,39.178848,-86.511088
2009,4,6,Weekday,1700,3+ Cars,No injury/unknown,SPEED TOO FAST FOR WEATHER CONDITIONS,17TH & FESS AVE,39.17873337,-86.52588324
2009,12,5,Weekday,600,1-Car,No injury/unknown,DRIVER ASLEEP OR FATIGUED,CURRY PIKE & VERNAL,39.17869919,-86.58316993
2009,3,3,Weekday,1400,3+ Cars,No injury/unknown,FOLLOWING TOO CLOSELY,SR37N & VERNAL,39.17856339,-86.56000817
2009,1,5,Weekday,1200,2-Car,No injury/unknown,FAILURE TO YIELD RIGHT OF WAY,1ST ST & WOODLAWN,39.177952,-86.523504
2009,2,4,Weekday,0,2-Car,No injury/unknown,OTHER (VEHICLE) - EXPLAIN IN NARRATIVE,WOODLAWN AVE,39.177952,-86.523504
2009,11,7,Weekend,900,2-Car,Non-incapacitating,DISREGARD SIGNAL/REG SIGN,1ST STREET & WALNUT ST ST,39.17784,-86.533408
2009,2,6,Weekday,0,2-Car,No injury/unknown,OTHER (DRIVER) - EXPLAIN IN NARRATIVE,16TH ST & WASHINGTON,39.17781258,-86.53235234
2009,9,4,Weekday,1900,2-Car,Non-incapacitating,FAILURE TO YIELD RIGHT OF WAY,16TH ST & LINCOLN,39.177792,-86.530864
2009,11,2,Weekday,1200,2-Car,No injury/unknown,OTHER (DRIVER) - EXPLAIN IN NARRATIVE,E 1ST ST & S LINCOLN,39.177792,-86.530864
2009,4,2,Weekday,1700,2-Car,No injury/unknown,OTHER (VEHICLE) - EXPLAIN IN NARRATIVE,CURRY PIKE,39.177744,-86.583079
2009,10,6,Weekend,2100,1-Car,Non-incapacitating,CELL PHONE USAGE,16TH & NORTH DUNN ST,39.177744,-86.52832
2009,9,3,Weekday,1200,2-Car,No injury/unknown,ANIMAL/OBJECT IN ROADWAY,HENSONBURG & VERNAL PIKE,39.177648,-86.562
2009,2,3,Weekday,900,2-Car,No injury/unknown,SPEED TOO FAST FOR WEATHER CONDITIONS,SR37N & VERNAL,39.1775537,-86.5612041
2009,3,7,Weekend,1600,1-Car,No injury/unknown,RAN OFF ROAD RIGHT,SR37N & VERNAL,39.17737768,-86.5609886
2009,8,5,Weekday,1400,2-Car,Non-incapacitating,DISREGARD SIGNAL/REG SIGN,SR37 & VERNAL,39.17737768,-86.5609886
2009,9,3,Weekday,800,2-Car,Non-incapacitating,OTHER (DRIVER) - EXPLAIN IN NARRATIVE,SR37N & VERNAL,39.17737768,-86.5609886
2009,11,6,Weekday,1700,2-Car,No injury/unknown,OTHER (DRIVER) - EXPLAIN IN NARRATIVE,SR37S & VERNAL,39.17737768,-86.5609886
2009,5,6,Weekday,800,2-Car,No injury/unknown,FAILURE TO YIELD RIGHT OF WAY,10TH & SR45S,39.1773722,-86.47737644
2009,8,3,Weekday,300,1-Car,No injury/unknown,UNSAFE SPEED,SR 37 & VERNAL PIKE,39.17737085,-86.56097859
2009,8,1,Weekend,1300,2-Car,Non-incapacitating,OTHER (DRIVER) - EXPLAIN IN NARRATIVE,SR37 & VERNAL PIKE,39.17737085,-86.56096128
2009,4,7,Weekend,1500,2-Car,No injury/unknown,OTHER (VEHICLE) - EXPLAIN IN NARRATIVE,N FEE LN,39.17729391,-86.5189799
2009,5,6,Weekend,2300,2-Car,No injury/unknown,IMPROPER TURNING,N FEE LN,39.17729391,-86.5189799
2009,1,4,Weekday,1200,2-Car,No injury/unknown,OTHER (ENVIRONMENTAL) - EXPLAIN IN NARR,NORTH JORDAN AVE,39.177276,-86.512506
2009,4,6,Weekday,1700,2-Car,No injury/unknown,OTHER (DRIVER) - EXPLAIN IN NARRATIVE,JORDAN & LINGELBACH LN,39.177248,-86.512496
2009,12,7,Weekend,700,2-Car,Non-incapacitating,RAN OFF ROAD RIGHT,16TH & MADISON ST,39.17719496,-86.53773804
2009,4,3,Weekday,1100,2-Car,No injury/unknown,FAILURE TO YIELD RIGHT OF WAY,JORDAN AVE & LINGLEBACH,39.17715,-86.51253
2009,10,7,Weekend,100,1-Car,No injury/unknown,ANIMAL/OBJECT IN ROADWAY,JORDAN AVE & LINGELBACH,39.17715,-86.51253
2009,9,6,Weekday,1400,2-Car,No injury/unknown,IMPROPER LANE USAGE,SR37N & VERNAL,39.17694788,-86.56192165
2009,2,5,Weekday,900,2-Car,No injury/unknown,ROADWAY SURFACE CONDITION,15TH & DUNN ST,39.176944,-86.528272
2009,8,7,Weekend,1500,2-Car,No injury/unknown,FAILURE TO YIELD RIGHT OF WAY,15TH & DUNN ST,39.176944,-86.528272
2009,2,1,Weekend,1200,3+ Cars,No injury/unknown,FAILURE TO YIELD RIGHT OF WAY,15TH ST & LINCOLN,39.176896,-86.53088
2009,3,1,Weekend,1200,2-Car,No injury/unknown,FAILURE TO YIELD RIGHT OF WAY,15TH & LINCOLN ST,39.176896,-86.53088
2009,11,2,Weekday,2100,2-Car,No injury/unknown,OTHER (VEHICLE) - EXPLAIN IN NARRATIVE,15TH & N LINCOLN ST,39.176896,-86.53088
2009,2,2,Weekday,1600,2-Car,No injury/unknown,FAILURE TO YIELD RIGHT OF WAY,15TH & COLLEGE AVE,39.17688,-86.534736
2009,7,7,Weekend,1100,2-Car,No injury/unknown,FAILURE TO YIELD RIGHT OF WAY,N COLLEGE AVE & W 15TH,39.17688,-86.534736
2009,12,3,Weekday,1300,2-Car,No injury/unknown,FAILURE TO YIELD RIGHT OF WAY,15TH & COLLEGE AVE,39.17688,-86.534736
2009,1,6,Weekday,1500,2-Car,No injury/unknown,IMPROPER TURNING,15TH & NORTH WALNUT ST,39.176848,-86.533424
2009,2,5,Weekday,1900,2-Car,Non-incapacitating,DRIVER DISTRACTED - EXPLAIN IN NARRATIVE,10TH ST & SR4546,39.176848,-86.478192
2009,2,1,Weekend,1800,2-Car,No injury/unknown,FOLLOWING TOO CLOSELY,E 10TH & SR46S,39.176848,-86.478192
2009,4,5,Weekday,800,2-Car,Incapacitating,FAILURE TO YIELD RIGHT OF WAY,10TH ST & SR46E,39.176848,-86.478192
2009,4,3,Weekday,1900,2-Car,No injury/unknown,DRIVER DISTRACTED - EXPLAIN IN NARRATIVE,E 15TH & N WALNUT ST,39.176848,-86.533424
2009,7,6,Weekend,2200,2-Car,Non-incapacitating,LEFT OF CENTER,SR46S & TENTH ST,39.176848,-86.478192
2009,7,3,Weekday,1500,2-Car,No injury/unknown,FAILURE TO YIELD RIGHT OF WAY,10TH ST & 45 46,39.176848,-86.478192
2009,8,5,Weekday,1700,3+ Cars,No injury/unknown,DISREGARD SIGNAL/REG SIGN,10TH & 4546 SR BYPASS RD,39.176848,-86.478192
2009,9,5,Weekday,1400,2-Car,No injury/unknown,FOLLOWING TOO CLOSELY,15TH & WALNUT ST,39.176848,-86.533424
2009,10,4,Weekday,1400,3+ Cars,No injury/unknown,OTHER (DRIVER) - EXPLAIN IN NARRATIVE,10TH & SR4546S,39.176848,-86.478192
2009,11,7,Weekend,1500,3+ Cars,No injury/unknown,DRIVER DISTRACTED - EXPLAIN IN NARRATIVE,10TH & SR4546S,39.176848,-86.478192
2009,10,2,Weekday,800,2-Car,No injury/unknown,FOLLOWING TOO CLOSELY,SR37S & VERNAL PK,39.17680652,-86.56208907
2009,4,2,Weekday,900,2-Car,No injury/unknown,FOLLOWING TOO CLOSELY,LIBERTY DR DR & SR 45,39.17672747,-86.57777
2009,7,5,Weekday,1600,2-Car,No injury/unknown,FAILURE TO YIELD RIGHT OF WAY,15TH & ROGERS ST,39.17664,-86.538496
2009,7,6,Weekend,1900,1-Car,Non-incapacitating,RAN OFF ROAD RIGHT,ROGERS & WEST 15TH ST,39.17664,-86.538496
2009,10,4,Weekday,900,2-Car,Non-incapacitating,FAILURE TO YIELD RIGHT OF WAY,15TH & N MADISON ST,39.17664,-86.537712
2009,11,7,Weekend,1400,2-Car,No injury/unknown,FAILURE TO YIELD RIGHT OF WAY,15TH & MADISON ST,39.17664,-86.537712
2009,6,3,Weekday,1600,2-Car,No injury/unknown,FAILURE TO YIELD RIGHT OF WAY,10TH ST & SR4546,39.17660552,-86.47861991
2009,1,6,Weekday,1200,2-Car,Non-incapacitating,OTHER (DRIVER) - EXPLAIN IN NARRATIVE,SR37N & VERNAL,39.176544,-86.5624
2009,1,5,Weekday,1500,2-Car,No injury/unknown,FOLLOWING TOO CLOSELY,SR37N & VERNAL,39.176544,-86.5624
2009,2,7,Weekend,2100,2-Car,No injury/unknown,CELL PHONE USAGE,SR37N & VERNAL,39.176544,-86.5624
2009,3,4,Weekday,1300,2-Car,No injury/unknown,FOLLOWING TOO CLOSELY,SR37S & VERNAL,39.176544,-86.5624
2009,3,2,Weekday,2300,2-Car,No injury/unknown,FOLLOWING TOO CLOSELY,HWY 37 HWY & VERNAL,39.176544,-86.5624
2009,4,7,Weekend,1900,2-Car,No injury/unknown,IMPROPER LANE USAGE,SR37S & VERNAL,39.176544,-86.5624
2009,4,1,Weekend,1500,2-Car,No injury/unknown,FOLLOWING TOO CLOSELY,SR37N & VERNAL,39.176544,-86.5624
2009,5,6,Weekday,1700,2-Car,No injury/unknown,BRAKE FAILURE OR DEFECTIVE,SR37N & VERNAL,39.176544,-86.5624
2009,6,6,Weekend,2200,2-Car,Non-incapacitating,FOLLOWING TOO CLOSELY,SR37N & VERNAL,39.176544,-86.5624
2009,6,2,Weekday,1600,3+ Cars,No injury/unknown,DRIVER DISTRACTED - EXPLAIN IN NARRATIVE,SR37S & VERNAL,39.176544,-86.5624
2009,8,3,Weekday,500,1-Car,No injury/unknown,ANIMAL/OBJECT IN ROADWAY,SR37N & VERNAL PIKE,39.176544,-86.5624
2009,9,3,Weekday,1000,2-Car,No injury/unknown,FOLLOWING TOO CLOSELY,SR37N & VERNAL,39.176544,-86.5624
2009,9,2,Weekday,1700,2-Car,No injury/unknown,SPEED TOO FAST FOR WEATHER CONDITIONS,SR37S & VERNAL,39.176544,-86.5624
2009,11,6,Weekday,1700,2-Car,No injury/unknown,FOLLOWING TOO CLOSELY,SR37S & W VERNAL,39.176544,-86.5624
2009,11,4,Weekday,1400,2-Car,No injury/unknown,UNSAFE SPEED,SR37S & VERNAL,39.176544,-86.5624
2009,11,1,Weekday,2200,2-Car,No injury/unknown,FAILURE TO YIELD RIGHT OF WAY,SR37N & VERNAL,39.176544,-86.5624
2009,12,5,Weekday,1600,2-Car,No injury/unknown,DRIVER DISTRACTED - EXPLAIN IN NARRATIVE,SR37N & VERNAL,39.176544,-86.5624
2009,12,5,Weekday,1200,2-Car,No injury/unknown,DRIVER DISTRACTED - EXPLAIN IN NARRATIVE,SR37S & VERNAL,39.176544,-86.5624
2009,8,7,Weekend,1600,2-Car,No injury/unknown,UNSAFE BACKING,NORTH FEE LN,39.176467,-86.51886
2009,1,4,Weekday,1500,2-Car,No injury/unknown,IMPROPER LANE USAGE,SR37N & VERNAL,39.17635934,-86.56266121
2009,3,6,Weekday,1600,3+ Cars,Non-incapacitating,DRIVER DISTRACTED - EXPLAIN IN NARRATIVE,SR 37 STATE RD & VERNAL,39.17635934,-86.56266121
2009,3,2,Weekday,900,2-Car,No injury/unknown,FOLLOWING TOO CLOSELY,SR37N & VERNAL,39.17635934,-86.56266121
2009,4,2,Weekday,1700,3+ Cars,Non-incapacitating,FOLLOWING TOO CLOSELY,SR37S & VERNAL,39.17617467,-86.56292242
2009,2,6,Weekday,1300,2-Car,No injury/unknown,,14TH ST & INDIANA,39.17617156,-86.52782525
2009,3,3,Weekday,1800,2-Car,No injury/unknown,SPEED TOO FAST FOR WEATHER CONDITIONS,14TH & DUNN ST,39.17616,-86.528224
2009,10,7,Weekend,1100,2-Car,No injury/unknown,OTHER (VEHICLE) - EXPLAIN IN NARRATIVE,DUNN & E 14TH ST,39.17616,-86.528224
2009,2,5,Weekday,2100,2-Car,No injury/unknown,UNSAFE BACKING,N FEE LN,39.17612549,-86.51898236
2009,3,3,Weekday,2100,2-Car,No injury/unknown,UNSAFE BACKING,N FEE LN,39.17612549,-86.51898236
2009,9,5,Weekday,600,3+ Cars,Non-incapacitating,FOLLOWING TOO CLOSELY,SR37N & VERNAL,39.17608234,-86.56305302
2009,2,4,Weekday,1700,3+ Cars,No injury/unknown,FOLLOWING TOO CLOSELY,14TH & N MADISON ST,39.176048,-86.537696
2009,12,6,Weekday,300,Pedestrian,No injury/unknown,IMPROPER LANE USAGE,14TH & LINDBURGH DR,39.176048,-86.552592
2009,10,1,Weekend,200,3+ Cars,No injury/unknown,ALCOHOLIC BEVERAGES,14TH ST & 301 E BROWNSTONE,39.17601682,-86.52956473
2009,1,1,Weekend,1600,2-Car,No injury/unknown,UNSAFE BACKING,BARRINGTON DR,39.176016,-86.5296
2009,8,7,Weekend,2100,2-Car,No injury/unknown,UNSAFE SPEED,BROWNSTONE & E 14TH ST,39.176016,-86.5296
2009,2,5,Weekday,1300,2-Car,No injury/unknown,UNSAFE BACKING,14TH ST,39.17600327,-86.53063151
2009,5,7,Weekend,1500,2-Car,No injury/unknown,UNSAFE BACKING,E 14TH ST,39.17600327,-86.53063151
2009,4,2,Weekday,1100,2-Car,No injury/unknown,FAILURE TO YIELD RIGHT OF WAY,N COLLEGE AVE & W 14TH,39.175984,-86.534736
2009,7,6,Weekday,1700,2-Car,No injury/unknown,FAILURE TO YIELD RIGHT OF WAY,14TH & COLLEGE AVE,39.175984,-86.534736
2009,9,5,Weekday,1900,2-Car,No injury/unknown,UNSAFE BACKING,N COLLEGE AVE,39.175984,-86.534736
2009,10,3,Weekday,1600,2-Car,No injury/unknown,DISREGARD SIGNAL/REG SIGN,14TH & COLLEGE AVE,39.175984,-86.534736
2009,4,6,Weekday,1200,2-Car,No injury/unknown,UNSAFE BACKING,EAST 14 TH ST,39.17598,-86.530562
2009,6,5,Weekday,1900,1-Car,No injury/unknown,RAN OFF ROAD RIGHT,14TH ST & WALNUT,39.17595396,-86.53329888
2009,2,6,Weekday,1300,2-Car,No injury/unknown,FOLLOWING TOO CLOSELY,14TH & N WALNUT ST,39.175952,-86.53344
2009,4,7,Weekend,1800,2-Car,No injury/unknown,IMPROPER TURNING,14TH & WALNUT ST,39.175952,-86.53344
2009,5,2,Weekday,700,2-Car,Non-incapacitating,FAILURE TO YIELD RIGHT OF WAY,E 14TH & N WALNUT ST,39.175952,-86.53344
2009,7,4,Weekday,1200,2-Car,No injury/unknown,IMPROPER TURNING,14TH & WALNUT ST,39.175952,-86.53344
2009,12,5,Weekday,300,2-Car,Non-incapacitating,WRONG WAY ON ONE WAY,14TH & WALNUT ST,39.175952,-86.53344
2009,1,6,Weekday,1700,2-Car,No injury/unknown,OTHER (VEHICLE) - EXPLAIN IN NARRATIVE,10TH ST & SR4546,39.17588013,-86.47990557
2009,7,2,Weekday,600,1-Car,No injury/unknown,ANIMAL/OBJECT IN ROADWAY,ETTER & SR45E,39.17582138,-86.48001001
2009,2,5,Weekday,700,2-Car,Non-incapacitating,OTHER (DRIVER) - EXPLAIN IN NARRATIVE,SR37N & VERNAL,39.17580534,-86.56344483
2009,9,6,Weekday,1000,2-Car,No injury/unknown,FAILURE TO YIELD RIGHT OF WAY,14TH & WALNUT GROVE ST,39.17573206,-86.52098477
2009,9,4,Weekday,1400,Pedestrian,Fatal,PEDESTRIAN ACTION,FEE LN & THIRTEENTH,39.17567383,-86.51898683
2009,9,5,Weekday,1600,2-Car,No injury/unknown,OTHER (DRIVER) - EXPLAIN IN NARRATIVE,13TH & INDIANA AVE,39.17564131,-86.52710719
2009,5,4,Weekday,1700,2-Car,No injury/unknown,FOLLOWING TOO CLOSELY,SR37N & VERNAL,39.17562068,-86.56370604
2009,5,5,Weekday,2000,1-Car,No injury/unknown,ROADWAY SURFACE CONDITION,NORTH MADISON IN THE ALLEY ST,39.17551609,-86.537696
2009,1,4,Weekday,1400,2-Car,Non-incapacitating,FAILURE TO YIELD RIGHT OF WAY,13TH & INDIANA AVE,39.175504,-86.527104
2009,4,2,Weekday,1700,2-Car,No injury/unknown,FAILURE TO YIELD RIGHT OF WAY,13TH & INDIANA AVE,39.175504,-86.527104
2009,8,2,Weekday,1400,2-Car,Non-incapacitating,FAILURE TO YIELD RIGHT OF WAY,13TH & INDIANA AVE,39.175504,-86.527104
2009,8,2,Weekday,1000,2-Car,No injury/unknown,FAILURE TO YIELD RIGHT OF WAY,13TH ST & INDIANA,39.175504,-86.527104
2009,8,2,Weekday,1400,2-Car,No injury/unknown,FAILURE TO YIELD RIGHT OF WAY,13TH & INDIANA AVE,39.175504,-86.527104
2009,10,5,Weekday,2200,2-Car,No injury/unknown,FAILURE TO YIELD RIGHT OF WAY,13TH & INDIANA AVE,39.175504,-86.527104
2009,12,3,Weekday,1900,2-Car,Non-incapacitating,FAILURE TO YIELD RIGHT OF WAY,13TH & INDIANA AVE,39.175504,-86.527104
2009,4,5,Weekday,500,1-Car,No injury/unknown,OTHER (DRIVER) - EXPLAIN IN NARRATIVE,14TH & COLLEGE AVE,39.17543475,-86.53474656
2009,5,4,Weekday,1400,2-Car,No injury/unknown,FOLLOWING TOO CLOSELY,1000 FEE LN & LAW,39.17541874,-86.51898936
2009,2,5,Weekday,2100,2-Car,No injury/unknown,UNSAFE BACKING,NORWAY & SMITH PIKE,39.17541873,-86.58312
2009,10,3,Weekday,900,2-Car,Non-incapacitating,FAILURE TO YIELD RIGHT OF WAY,13TH ST & WOODLAWN,39.175344,-86.523488
2009,2,3,Weekday,1000,1-Car,No injury/unknown,SPEED TOO FAST FOR WEATHER CONDITIONS,SR37S & VERNAL,39.17533075,-86.56411613
2009,1,3,Weekday,900,2-Car,No injury/unknown,FAILURE TO YIELD RIGHT OF WAY,BLAIR AVE & DYER,39.17529,-86.54433
2009,3,1,Weekend,1200,2-Car,No injury/unknown,FAILURE TO YIELD RIGHT OF WAY,E 13 & N INDIANA AVE,39.17524,-86.527
2009,4,6,Weekend,2100,2-Car,No injury/unknown,FAILURE TO YIELD RIGHT OF WAY,13TH & INDIANA AVE,39.17524,-86.527
2009,1,4,Weekday,1500,2-Car,Non-incapacitating,FAILURE TO YIELD RIGHT OF WAY,13TH ST & WALNUT,39.175232,-86.520976
2009,1,2,Weekday,1100,2-Car,No injury/unknown,FAILURE TO YIELD RIGHT OF WAY,13TH ST & WALNUT,39.175232,-86.520976
2009,9,4,Weekday,1600,2-Car,No injury/unknown,DISREGARD SIGNAL/REG SIGN,13TH ST & WALNUT GROVE,39.175232,-86.520976