Year,Month,Day,Weekend?,Hour,Collision Type,Injury Type,Primary Factor,Reported_Location,Latitude,Longitude
2009,11,7,Weekend,1600,2-Car,No injury/unknown,ALCOHOLIC BEVERAGES,E 13TH ST & N WALNUT GROVE,39.175232,-86.520976
2009,4,6,Weekend,2000,2-Car,No injury/unknown,DRIVER DISTRACTED - EXPLAIN IN NARRATIVE,13TH & PARK AVE,39.17522,-86.52472
2009,9,3,Weekday,1700,2-Car,No injury/unknown,DRIVER DISTRACTED - EXPLAIN IN NARRATIVE,3RD & LIBERTY DR,39.17517284,-86.57913641
2009,1,2,Weekday,1900,2-Car,Non-incapacitating,DISREGARD SIGNAL/REG SIGN,13TH ST & JACKSON,39.175152,-86.53976
2009,1,6,Weekend,1900,2-Car,No injury/unknown,FAILURE TO YIELD RIGHT OF WAY,13TH ST & FEE,39.175152,-86.518992
2009,1,4,Weekday,1300,2-Car,No injury/unknown,UNSAFE BACKING,13TH & FEE LN,39.175152,-86.518992
2009,6,7,Weekend,2000,1-Car,Non-incapacitating,OTHER (DRIVER) - EXPLAIN IN NARRATIVE,13TH ST & ILLINOIS,39.175152,-86.55152
2009,9,4,Weekday,2200,Pedestrian,Non-incapacitating,DRIVER DISTRACTED - EXPLAIN IN NARRATIVE,13TH ST & FEE,39.175152,-86.518992
2009,9,6,Weekend,2200,1-Car,No injury/unknown,UNSAFE BACKING,N FEE LN,39.175152,-86.518992
2009,8,6,Weekday,1200,2-Car,No injury/unknown,UNSAFE BACKING,1001 N FEE N PARKING LOT LN & WALNUT,39.175127,-86.51903919
2009,2,3,Weekday,1300,1-Car,No injury/unknown,SPEED TOO FAST FOR WEATHER CONDITIONS,W VERNAL PIKE,39.17504,-86.556496
2009,8,7,Weekend,2100,2-Car,No injury/unknown,OTHER (DRIVER) - EXPLAIN IN NARRATIVE,WEST 13TH ST,39.17501,-86.549839
2009,6,3,Weekday,2300,1-Car,No injury/unknown,ALCOHOLIC BEVERAGES,2220 W VERNAL PIKE & CRESENT,39.17497346,-86.55652483
2009,3,6,Weekday,1400,2-Car,Non-incapacitating,FOLLOWING TOO CLOSELY,13TH & FEE LN,39.17487797,-86.51896817
2009,12,4,Weekday,700,2-Car,No injury/unknown,BRAKE FAILURE OR DEFECTIVE,EAST THIRD ST & HAWTHORNE,39.17482435,-86.52009
2009,2,6,Weekday,1200,Moped/Motorcycle,Non-incapacitating,UNSAFE SPEED,13TH & FEE LN,39.17474096,-86.51895626
2009,3,3,Weekday,1400,2-Car,No injury/unknown,FOLLOWING TOO CLOSELY,SR37N & VERNAL,39.17469734,-86.56501204
2009,11,6,Weekday,1600,2-Car,No injury/unknown,FOLLOWING TOO CLOSELY,SR37S & VERNAL,39.17469734,-86.56501204
2009,11,2,Weekday,1700,2-Car,No injury/unknown,FAILURE TO YIELD RIGHT OF WAY,SR37N & VERNAL,39.17469734,-86.56501204
2009,4,4,Weekday,2300,1-Car,No injury/unknown,ALCOHOLIC BEVERAGES,12TH & GRANT ST,39.174448,-86.529696
2009,1,7,Weekend,300,2-Car,No injury/unknown,SPEED TOO FAST FOR WEATHER CONDITIONS,12TH & WASHINGTON ST,39.174368,-86.5324
2009,2,3,Weekday,2200,2-Car,No injury/unknown,UNSAFE BACKING,12TH ST & WASHINGTON,39.174368,-86.5324
2009,2,3,Weekday,2100,2-Car,No injury/unknown,UNSAFE BACKING,12TH ST & INDIANA,39.174368,-86.527088
2009,7,5,Weekday,1700,Moped/Motorcycle,No injury/unknown,OTHER (DRIVER) - EXPLAIN IN NARRATIVE,12TH & MONROE ST,39.174352,-86.547104
2009,8,2,Weekday,2000,1-Car,No injury/unknown,UNSAFE BACKING,W 12TH ST,39.174352,-86.54829388
2009,8,2,Weekday,1700,2-Car,Non-incapacitating,FAILURE TO YIELD RIGHT OF WAY,12TH & N LINDBERGH ST,39.174352,-86.552592
2009,2,2,Weekday,800,Bus,No injury/unknown,ROADWAY SURFACE CONDITION,12TH ST & PARK,39.174304,-86.524704
2009,1,4,Weekday,800,2-Car,No injury/unknown,ROADWAY SURFACE CONDITION,FEE LN & LAW,39.17426722,-86.51891506
2009,2,5,Weekday,500,2-Car,No injury/unknown,UNSAFE BACKING,11TH & LINCOLN ST,39.17426397,-86.530992
2009,11,1,Weekend,1800,1-Car,Non-incapacitating,RAN OFF ROAD RIGHT,COLLEGE MALL RD & E MOORES,39.17426392,-86.49825
2009,5,3,Weekday,1900,2-Car,No injury/unknown,DRIVER DISTRACTED - EXPLAIN IN NARRATIVE,12TH & WASHINGTON ST,39.17423067,-86.5324
2009,7,6,Weekday,800,Cyclist,No injury/unknown,OTHER (DRIVER) - EXPLAIN IN NARRATIVE,FEE LN & LAW,39.17421242,-86.5189103
2009,11,5,Weekday,900,2-Car,No injury/unknown,OTHER (DRIVER) - EXPLAIN IN NARRATIVE,JORDAN AVE & LAW,39.17421023,-86.51504919
2009,1,3,Weekday,1100,2-Car,No injury/unknown,INSECURE/LEAKY LOAD,FEE LN & LAW,39.17415761,-86.51890553
2009,8,5,Weekday,700,2-Car,No injury/unknown,ROADWAY SURFACE CONDITION,JORDAN AVE & SEVENTH,39.1741378,-86.51616
2009,1,5,Weekday,2100,2-Car,No injury/unknown,SPEED TOO FAST FOR WEATHER CONDITIONS,FEE LN & LAW,39.174048,-86.518896
2009,3,3,Weekday,2300,2-Car,No injury/unknown,FOLLOWING TOO CLOSELY,FEE LN & LAW,39.174048,-86.518896
2009,4,1,Weekday,2100,2-Car,Non-incapacitating,DRIVER DISTRACTED - EXPLAIN IN NARRATIVE,FEE LN & LAW,39.174048,-86.518896
2009,4,5,Weekday,2000,2-Car,No injury/unknown,FAILURE TO YIELD RIGHT OF WAY,FEE LN & LAW,39.174048,-86.518896
2009,11,5,Weekday,1600,Bus,No injury/unknown,FAILURE TO YIELD RIGHT OF WAY,FEE LN & LAW,39.174048,-86.518896
2009,11,1,Weekend,300,3+ Cars,No injury/unknown,OTHER (DRIVER) - EXPLAIN IN NARRATIVE,N GRANT ST,39.17396946,-86.529696
2009,7,6,Weekend,2000,1-Car,No injury/unknown,IMPROPER TURNING,KEYSTONE & TAMARRON DR,39.173955,-86.48312
2009,6,5,Weekday,800,2-Car,No injury/unknown,FOLLOWING TOO CLOSELY,JORDAN & LAW LN,39.17364542,-86.51618343
2009,4,7,Weekend,1700,2-Car,No injury/unknown,OTHER (DRIVER) - EXPLAIN IN NARRATIVE,ATWATER & Ballantine ST,39.17364403,-86.51913
2009,2,4,Weekday,1100,2-Car,No injury/unknown,UNSAFE BACKING,JORDAN & LAW LN,39.17358003,-86.51569663
2009,1,7,Weekend,1500,2-Car,No injury/unknown,IMPROPER PASSING,JORDAN AVE & LAW,39.173552,-86.515488
2009,3,5,Weekday,2100,2-Car,No injury/unknown,OTHER (DRIVER) - EXPLAIN IN NARRATIVE,JORDAN AVE & LAW,39.173552,-86.515488
2009,3,6,Weekday,1700,2-Car,No injury/unknown,OTHER (DRIVER) - EXPLAIN IN NARRATIVE,E LAW & N JORDAN AVE,39.173552,-86.515488
2009,4,7,Weekend,2100,2-Car,No injury/unknown,FAILURE TO YIELD RIGHT OF WAY,JORDAN & LAW LN,39.173552,-86.515488
2009,10,4,Weekday,1800,2-Car,No injury/unknown,IMPROPER TURNING,JORDAN & LAW LN,39.173552,-86.515488
2009,8,4,Weekday,900,2-Car,No injury/unknown,OTHER (DRIVER) - EXPLAIN IN NARRATIVE,EAST 11TH ST,39.173469,-86.528097
2009,5,1,Weekend,700,1-Car,No injury/unknown,ALCOHOLIC BEVERAGES,300 S COLLEGE AVE & SMITH,39.17344092,-86.53497924
2009,4,3,Weekday,800,2-Car,No injury/unknown,UNSAFE BACKING,11TH ST & WALNUT,39.17344,-86.520944
2009,4,5,Weekday,1200,2-Car,No injury/unknown,DISREGARD SIGNAL/REG SIGN,11TH & WOODLAWN AVE,39.17344,-86.523616
2009,4,2,Weekday,1000,2-Car,No injury/unknown,UNSAFE BACKING,11 TH ST & WALNUT,39.17344,-86.520944
2009,6,7,Weekend,1800,2-Car,No injury/unknown,FAILURE TO YIELD RIGHT OF WAY,11TH & INDIANA AVE,39.17344,-86.527056
2009,7,5,Weekday,2000,2-Car,Non-incapacitating,FAILURE TO YIELD RIGHT OF WAY,11TH ST & INDIANA,39.17344,-86.527056
2009,8,4,Weekday,900,2-Car,No injury/unknown,OTHER (DRIVER) - EXPLAIN IN NARRATIVE,E 11TH ST,39.17344,-86.528112
2009,8,4,Weekday,1900,2-Car,No injury/unknown,WRONG WAY ON ONE WAY,11TH & WOODLAWN AVE,39.17344,-86.523616
2009,9,6,Weekday,1800,2-Car,No injury/unknown,,11TH ST & WOODLAWN,39.17344,-86.523616
2009,9,3,Weekday,1000,2-Car,No injury/unknown,FAILURE TO YIELD RIGHT OF WAY,11TH ST & INDIANA,39.17344,-86.527056
2009,10,1,Weekend,300,2-Car,No injury/unknown,UNSAFE BACKING,N WALNUT ST,39.17344,-86.520944
2009,11,3,Weekday,900,Cyclist,Non-incapacitating,FAILURE TO YIELD RIGHT OF WAY,11TH ST & PARK,39.17344,-86.524672
2009,12,6,Weekday,1100,2-Car,No injury/unknown,FAILURE TO YIELD RIGHT OF WAY,11TH & WOODLAWN AVE,39.17344,-86.523616
2009,12,3,Weekday,1900,3+ Cars,Incapacitating,LEFT OF CENTER,11TH & INDIANA AVE,39.17344,-86.527056
2009,1,4,Weekday,900,2-Car,Non-incapacitating,UNSAFE BACKING,11TH & MADISON ST,39.17342388,-86.53857172
2009,2,5,Weekday,1500,Bus,No injury/unknown,IMPROPER PASSING,11TH ST & MAPLE,39.173408,-86.542
2009,7,3,Weekday,1300,2-Car,No injury/unknown,OTHER (DRIVER) - EXPLAIN IN NARRATIVE,11TH ST & MAPLE,39.173408,-86.542
2009,8,5,Weekday,1200,2-Car,No injury/unknown,DRIVER DISTRACTED - EXPLAIN IN NARRATIVE,N MAPLE & W 11TH ST,39.173408,-86.542
2009,3,1,Weekend,1300,2-Car,No injury/unknown,SPEED TOO FAST FOR WEATHER CONDITIONS,11TH & ADAMS ST,39.173344,-86.549792
2009,6,3,Weekday,1500,2-Car,No injury/unknown,UNSAFE BACKING,11TH ST,39.173344,-86.54734825
2009,6,4,Weekday,1000,2-Car,No injury/unknown,OTHER (DRIVER) - EXPLAIN IN NARRATIVE,1000 NORTH ILLINOIS ST & ILLINOIS,39.173344,-86.550304
2009,6,2,Weekday,2100,1-Car,Non-incapacitating,ALCOHOLIC BEVERAGES,11TH ST & ILLINOIS,39.173344,-86.550304
2009,7,6,Weekday,600,1-Car,No injury/unknown,UNSAFE BACKING,W 11TH ST,39.173344,-86.54734825
2009,8,7,Weekend,2300,1-Car,No injury/unknown,RAN OFF ROAD RIGHT,11TH ST & VERNAL,39.173344,-86.555104
2009,9,4,Weekday,800,2-Car,No injury/unknown,FAILURE TO YIELD RIGHT OF WAY,11TH ST & ADAMS,39.173344,-86.549792
2009,9,5,Weekday,1000,2-Car,No injury/unknown,FAILURE TO YIELD RIGHT OF WAY,N SUMMIT & W 11TH ST,39.173344,-86.548192
2009,9,7,Weekend,100,2-Car,No injury/unknown,,N MONROE & W 11TH ST,39.173344,-86.547104
2009,12,3,Weekday,1900,2-Car,Non-incapacitating,SPEED TOO FAST FOR WEATHER CONDITIONS,11TH & N FEE LN,39.17330327,-86.51891112
2009,5,7,Weekend,1200,2-Car,No injury/unknown,IMPROPER TURNING,11TH & N WALNUT ST,39.173248,-86.533488
2009,11,2,Weekday,700,2-Car,No injury/unknown,OTHER (DRIVER) - EXPLAIN IN NARRATIVE,N ROGERS ST,39.173248,-86.53852735
2009,2,2,Weekday,2000,2-Car,No injury/unknown,IMPROPER TURNING,11TH & COLLEGE AVE,39.173232,-86.534752
2009,4,5,Weekday,1200,2-Car,No injury/unknown,UNSAFE BACKING,11TH & COLLEGE AVE,39.173232,-86.534752
2009,7,5,Weekday,1800,2-Car,No injury/unknown,UNSAFE BACKING,S COLLEGE AVE,39.173232,-86.534752
2009,12,6,Weekday,1300,2-Car,No injury/unknown,FAILURE TO YIELD RIGHT OF WAY,11TH ST & MORTON,39.173216,-86.536
2009,4,6,Weekday,900,2-Car,Non-incapacitating,DISREGARD SIGNAL/REG SIGN,11TH ST & ROGERS,39.173184,-86.538528
2009,4,4,Weekday,1400,2-Car,No injury/unknown,OTHER (DRIVER) - EXPLAIN IN NARRATIVE,11TH & ROGERS ST,39.173184,-86.538528
2009,5,6,Weekday,1700,2-Car,No injury/unknown,FOLLOWING TOO CLOSELY,11TH & ROGERS ST,39.173184,-86.538528
2009,4,3,Weekday,1800,1-Car,Non-incapacitating,SPEED TOO FAST FOR WEATHER CONDITIONS,11TH ST & FAIRVIEW,39.173152,-86.5408
2009,8,6,Weekday,1700,2-Car,Non-incapacitating,OVERCORRECTING/OVERSTEERING,11TH ST & FAIRVIEW,39.173152,-86.5408
2009,12,4,Weekday,1300,1-Car,Non-incapacitating,RAN OFF ROAD RIGHT,N FAIRVIEW & WEST 11TH ST,39.173152,-86.5408
2009,2,3,Weekday,1900,2-Car,No injury/unknown,IMPROPER LANE USAGE,LAW LN,39.172986,-86.513406
2009,8,4,Weekday,1900,2-Car,No injury/unknown,UNSAFE BACKING,LAW LN,39.172986,-86.513406
2009,9,4,Weekday,2100,1-Car,No injury/unknown,OTHER (VEHICLE) - EXPLAIN IN NARRATIVE,11TH & ROGERS ST,39.17290936,-86.5385321
2009,4,5,Weekday,1700,2-Car,No injury/unknown,FOLLOWING TOO CLOSELY,SR45E & SR46E,39.17289785,-86.50282701
2009,6,6,Weekday,1600,1-Car,Non-incapacitating,UNSAFE SPEED,RANGE RD & SR 4546,39.17287727,-86.4953053
2009,3,1,Weekend,1500,2-Car,Non-incapacitating,FOLLOWING TOO CLOSELY,SR37N & VERNAL,39.17285105,-86.56762445
2009,2,3,Weekday,1500,2-Car,Non-incapacitating,UNSAFE BACKING,N FEE LN,39.17281455,-86.51879273
2009,9,3,Weekday,2000,2-Car,No injury/unknown,UNSAFE BACKING,N FEE LN,39.17281455,-86.51879273
2009,12,7,Weekend,1300,2-Car,No injury/unknown,IMPROPER TURNING,N FEE LN,39.17281455,-86.51879273
2009,7,5,Weekday,1700,2-Car,No injury/unknown,FOLLOWING TOO CLOSELY,E 10TH & SMITH RD,39.172752,-86.482288
2009,11,7,Weekend,0,2-Car,No injury/unknown,FAILURE TO YIELD RIGHT OF WAY,10TH ST & SMITH,39.172752,-86.482288
2009,12,4,Weekday,2100,2-Car,No injury/unknown,FAILURE TO YIELD RIGHT OF WAY,10TH ST & SMITH,39.172752,-86.482288
2009,2,7,Weekend,900,2-Car,No injury/unknown,FAILURE TO YIELD RIGHT OF WAY,COTTAGE GROVE AVE & DUNN,39.17264,-86.52784858
2009,3,2,Weekday,1600,2-Car,No injury/unknown,FAILURE TO YIELD RIGHT OF WAY,COTTAGE GROVE & INDIANA AVE,39.17264,-86.52704
2009,4,2,Weekday,1700,2-Car,No injury/unknown,IMPROPER LANE USAGE,E COTTAGE GROVE & N DUNN ST,39.17264,-86.528272
2009,5,1,Weekend,1200,2-Car,No injury/unknown,IMPROPER TURNING,COTTAGE GROVE & WASHINGTON ST,39.17264,-86.5324
2009,6,2,Weekday,1700,2-Car,No injury/unknown,OTHER (DRIVER) - EXPLAIN IN NARRATIVE,N WALNUT ST,39.17264,-86.533504
2009,9,1,Weekend,200,1-Car,Non-incapacitating,DRIVER DISTRACTED - EXPLAIN IN NARRATIVE,E COTTAGE GROVE & N WASHINGTON ST,39.17264,-86.5324
2009,10,3,Weekday,1300,2-Car,No injury/unknown,OTHER (DRIVER) - EXPLAIN IN NARRATIVE,COTTAGE GROVE & WOODLAWN AVE,39.17264,-86.523584
2009,11,2,Weekday,1000,2-Car,Non-incapacitating,FAILURE TO YIELD RIGHT OF WAY,600 EAST COTTAGE GROVE AVE & 700 NORTH INDIANA,39.17264,-86.52704
2009,11,5,Weekday,1200,2-Car,No injury/unknown,FAILURE TO YIELD RIGHT OF WAY,COTTAGE GROVE & INDIANA AVE,39.17264,-86.52704
2009,2,2,Weekday,1800,2-Car,No injury/unknown,DISREGARD SIGNAL/REG SIGN,COTTAGE & WOODLAWN AVE,39.17253,-86.52352
2009,1,6,Weekday,1500,2-Car,No injury/unknown,IMPROPER TURNING,COTTAGE GROVE AVE & FORREST,39.17252,-86.5224
2009,10,6,Weekday,1300,2-Car,No injury/unknown,FAILURE TO YIELD RIGHT OF WAY,COTTAGE GROVE AVE & FORREST,39.17252,-86.5224
2009,6,3,Weekday,1100,2-Car,No injury/unknown,OTHER (DRIVER) - EXPLAIN IN NARRATIVE,NORTH FEE LN,39.172519,-86.51892
2009,7,3,Weekday,1500,2-Car,No injury/unknown,IMPROPER TURNING,WALNUT ST,39.1723712,-86.5335088
2009,11,5,Weekday,900,2-Car,No injury/unknown,FAILURE TO YIELD RIGHT OF WAY,N WALNUT ST,39.1723712,-86.5335088
2009,9,5,Weekday,2000,1-Car,No injury/unknown,ALCOHOLIC BEVERAGES,BRUMMETTS CREEK & FLEENER RD,39.17231,-86.39865568
2009,8,1,Weekend,1100,2-Car,No injury/unknown,UNSAFE BACKING,E BARRINGTON DR,39.172271,-86.487507
2009,5,7,Weekend,400,1-Car,No injury/unknown,RAN OFF ROAD RIGHT,EAST THIRD & JEFFERSON ST,39.17220077,-86.5071
2009,7,6,Weekday,1800,1-Car,No injury/unknown,BRAKE FAILURE OR DEFECTIVE,SMITH & SR45E,39.17217296,-86.48378813
2009,2,5,Weekday,900,2-Car,No injury/unknown,LEFT OF CENTER,BARRINGTON PLACE PL,39.172145,-86.48851
2009,2,2,Weekday,800,2-Car,No injury/unknown,UNSAFE BACKING,NORTH UNION ST,39.172144,-86.509392
2009,4,5,Weekday,1100,3+ Cars,No injury/unknown,UNSAFE BACKING,UNION ST,39.172144,-86.509392
2009,5,6,Weekday,1200,2-Car,No injury/unknown,OTHER (VEHICLE) - EXPLAIN IN NARRATIVE,NORTH UNION ST,39.172144,-86.509392
2009,6,6,Weekday,900,2-Car,No injury/unknown,UNSAFE BACKING,N UNION ST,39.172144,-86.509392
2009,8,3,Weekday,1600,2-Car,No injury/unknown,FAILURE TO YIELD RIGHT OF WAY,N UNION ST,39.172144,-86.509392
2009,9,3,Weekday,2000,2-Car,No injury/unknown,OTHER (DRIVER) - EXPLAIN IN NARRATIVE,N UNION ST,39.172144,-86.509392
2009,11,6,Weekday,1600,2-Car,No injury/unknown,RAN OFF ROAD RIGHT,N UNION ST,39.172144,-86.509392
2009,2,1,Weekend,100,2-Car,No injury/unknown,ROADWAY SURFACE CONDITION,NORTH RANGE RD,39.172015,-86.495392
2009,12,2,Weekday,800,2-Car,No injury/unknown,OTHER (VEHICLE) - EXPLAIN IN NARRATIVE,N CURRY PIKE & PROFILE,39.17196,-86.58298
2009,10,5,Weekday,800,2-Car,No injury/unknown,CELL PHONE USAGE,E 2ND & LINCOLN ST,39.17193357,-86.53124
2009,9,6,Weekday,800,1-Car,No injury/unknown,RAN OFF ROAD RIGHT,FLEENER RD & HASH,39.17187344,-86.40142874
2009,5,1,Weekend,1600,2-Car,No injury/unknown,OTHER (DRIVER) - EXPLAIN IN NARRATIVE,3140 WEST WHITEHALL CROSSING BLVD,39.171867,-86.572395
2009,6,5,Weekday,1600,2-Car,No injury/unknown,UNSAFE BACKING,W WHITEHALL CROSSING BLVD,39.171867,-86.572395
2009,9,7,Weekend,1900,2-Car,No injury/unknown,IMPROPER TURNING,W WHITEHALL CROSSING CIR,39.171867,-86.572395
2009,6,4,Weekday,1800,2-Car,No injury/unknown,FAILURE TO YIELD RIGHT OF WAY,10TH ST & GRANDVIEW,39.17184,-86.487488
2009,7,7,Weekend,400,1-Car,No injury/unknown,OTHER (DRIVER) - EXPLAIN IN NARRATIVE,EAST 10TH ST & GRANDVIEW,39.17184,-86.487488
2009,1,4,Weekday,1500,1-Car,Non-incapacitating,SPEED TOO FAST FOR WEATHER CONDITIONS,HARTSTRAIGHT RD & MAJESTIC WOODS,39.17180076,-86.61128
2009,1,1,Weekend,1300,2-Car,No injury/unknown,IMPROPER TURNING,10TH & COLLEGE AVE,39.171744,-86.534768
2009,1,6,Weekday,1300,2-Car,No injury/unknown,DISREGARD SIGNAL/REG SIGN,10TH ST & COLLEGE,39.171744,-86.534768
2009,2,5,Weekday,2000,2-Car,No injury/unknown,IMPROPER LANE USAGE,10TH & COLLEGE AVE,39.171744,-86.534768
2009,2,5,Weekday,1700,2-Car,Non-incapacitating,IMPROPER TURNING,N COLLEGE AVE & W 10TH,39.171744,-86.534768
2009,2,3,Weekday,1500,2-Car,No injury/unknown,UNSAFE BACKING,COLLEGE AVE,39.171744,-86.534768
2009,2,1,Weekend,1100,2-Car,No injury/unknown,IMPROPER TURNING,N COLLEGE AVE & W 10TH,39.171744,-86.534768
2009,3,6,Weekday,1500,2-Car,No injury/unknown,DRIVER DISTRACTED - EXPLAIN IN NARRATIVE,10TH ST & COLLEGE,39.171744,-86.534768
2009,5,3,Weekday,1700,2-Car,No injury/unknown,DISREGARD SIGNAL/REG SIGN,10TH & WALNUT ST,39.171744,-86.53352
2009,5,4,Weekday,1300,2-Car,No injury/unknown,FOLLOWING TOO CLOSELY,10TH & WALNUT ST,39.171744,-86.53352
2009,6,7,Weekend,1300,2-Car,No injury/unknown,IMPROPER TURNING,N COLLEGE AVE & W 10TH,39.171744,-86.534768
2009,6,4,Weekday,900,2-Car,No injury/unknown,IMPROPER TURNING,10TH STREET & COLLEGE AVE AVE,39.171744,-86.534768
2009,7,1,Weekend,1700,2-Car,Non-incapacitating,DISREGARD SIGNAL/REG SIGN,10TH & COLLEGE AVE,39.171744,-86.534768
2009,8,3,Weekday,1200,2-Car,No injury/unknown,DISREGARD SIGNAL/REG SIGN,E 10TH & N WALNUT ST,39.171744,-86.53352
2009,8,2,Weekday,1400,2-Car,No injury/unknown,FAILURE TO YIELD RIGHT OF WAY,10TH ST & COLLEGE,39.171744,-86.534768
2009,9,1,Weekend,100,2-Car,No injury/unknown,FAILURE TO YIELD RIGHT OF WAY,10TH & WALNUT ST,39.171744,-86.53352
2009,10,2,Weekday,1100,2-Car,No injury/unknown,FAILURE TO YIELD RIGHT OF WAY,10TH & COLLEGE AVE,39.171744,-86.534768
2009,10,4,Weekday,1000,2-Car,No injury/unknown,FAILURE TO YIELD RIGHT OF WAY,10TH & COLEGE AVE,39.171744,-86.534768
2009,12,4,Weekday,2200,2-Car,Non-incapacitating,FOLLOWING TOO CLOSELY,10TH & COLLEGE AVE,39.171744,-86.534768
2009,11,2,Weekday,1100,2-Car,No injury/unknown,UNSAFE BACKING,E 10TH ST,39.17174237,-86.53340571
2009,6,6,Weekday,1500,2-Car,No injury/unknown,DRIVER DISTRACTED - EXPLAIN IN NARRATIVE,10TH ST & WASHINGTON,39.17173304,-86.53275279
2009,1,4,Weekday,800,2-Car,No injury/unknown,ROADWAY SURFACE CONDITION,10TH ST & WASHINGTON,39.17173052,-86.53257639
2009,2,4,Weekday,1700,2-Car,No injury/unknown,FAILURE TO YIELD RIGHT OF WAY,10TH & WASHINGTON ST,39.171728,-86.5324
2009,6,2,Weekday,1600,Moped/Motorcycle,Non-incapacitating,FAILURE TO YIELD RIGHT OF WAY,10TH ST & WASHINGTON,39.171728,-86.5324
2009,12,7,Weekend,1400,2-Car,No injury/unknown,FAILURE TO YIELD RIGHT OF WAY,10TH ST & WASHINGTON,39.171728,-86.5324
2009,1,5,Weekday,0,2-Car,No injury/unknown,ROAD UNDER CONSTRUCTION,10TH & LINCOLN ST,39.171712,-86.530992
2009,1,6,Weekday,1800,2-Car,No injury/unknown,RAN OFF ROAD RIGHT,10TH & LINCOLN ST,39.171712,-86.530992
2009,2,2,Weekday,1000,2-Car,No injury/unknown,FAILURE TO YIELD RIGHT OF WAY,10TH ST & LINCOLN,39.171712,-86.530992
2009,4,5,Weekday,2000,2-Car,No injury/unknown,FAILURE TO YIELD RIGHT OF WAY,10TH ST & LINCOLN,39.171712,-86.530992
2009,5,7,Weekend,1500,2-Car,No injury/unknown,FAILURE TO YIELD RIGHT OF WAY,10TH ST & LINCOLN,39.171712,-86.530992
2009,7,4,Weekday,0,2-Car,No injury/unknown,FAILURE TO YIELD RIGHT OF WAY,10TH ST & LINCOLN,39.171712,-86.530992
2009,9,7,Weekend,0,2-Car,No injury/unknown,OTHER (DRIVER) - EXPLAIN IN NARRATIVE,NORTH MORTON AVE,39.171712,-86.536079
2009,1,4,Weekday,1800,2-Car,No injury/unknown,FAILURE TO YIELD RIGHT OF WAY,10TH ST & GRANT,39.171696,-86.529696
2009,7,7,Weekend,1300,2-Car,No injury/unknown,FAILURE TO YIELD RIGHT OF WAY,10TH ST & GRANT,39.171696,-86.529696
2009,8,7,Weekend,1400,Cyclist,Non-incapacitating,FAILURE TO YIELD RIGHT OF WAY,10TH & GRANT ST,39.171696,-86.529696
2009,11,7,Weekend,1800,3+ Cars,Non-incapacitating,FAILURE TO YIELD RIGHT OF WAY,10TH ST & GRANT,39.171696,-86.529696
2009,7,5,Weekday,1500,3+ Cars,Non-incapacitating,FAILURE TO YIELD RIGHT OF WAY,10TH ST & LINCOLN,39.17169,-86.53103
2009,5,7,Weekend,400,2-Car,No injury/unknown,OTHER (DRIVER) - EXPLAIN IN NARRATIVE,10TH & DUNN ST,39.17168,-86.528256
2009,7,4,Weekday,500,2-Car,No injury/unknown,FOLLOWING TOO CLOSELY,10TH & INDIANA AVE,39.17168,-86.527024
2009,8,5,Weekday,100,Bus,No injury/unknown,FAILURE TO YIELD RIGHT OF WAY,E 10TH ST & N DUNN,39.17168,-86.528256
2009,9,1,Weekend,1200,2-Car,No injury/unknown,WRONG WAY ON ONE WAY,10TH & INDIANA AVE,39.17168,-86.527024
2009,12,2,Weekday,1700,3+ Cars,Non-incapacitating,FOLLOWING TOO CLOSELY,10TH ST & DUNN,39.17168,-86.528256
2009,1,4,Weekday,1500,3+ Cars,No injury/unknown,ROADWAY SURFACE CONDITION,10TH & BARRINGTON DR,39.17167,-86.48931595
2009,9,4,Weekday,1800,Cyclist,No injury/unknown,FAILURE TO YIELD RIGHT OF WAY,10TH ST & DUNN,39.17167,-86.52828
2009,2,3,Weekday,1900,2-Car,No injury/unknown,FAILURE TO YIELD RIGHT OF WAY,10TH ST & FESS,39.171664,-86.52576
2009,3,3,Weekday,1700,2-Car,No injury/unknown,FOLLOWING TOO CLOSELY,10TH ST & FESS,39.171664,-86.52576
2009,11,3,Weekday,1300,2-Car,No injury/unknown,FOLLOWING TOO CLOSELY,FESS & TENTH ST,39.171664,-86.52576
2009,12,4,Weekday,1800,2-Car,No injury/unknown,FOLLOWING TOO CLOSELY,10TH ST & FESS,39.1716591,-86.52540721
2009,5,1,Weekend,1700,1-Car,Non-incapacitating,DRIVER DISTRACTED - EXPLAIN IN NARRATIVE,10TH ST & JEFFERSON,39.17164801,-86.50673515
2009,1,3,Weekday,1400,1-Car,No injury/unknown,OTHER (ENVIRONMENTAL) - EXPLAIN IN NARR,EAST TENTH ST & JEFFERSON,39.171648,-86.507088
2009,2,7,Weekend,1400,2-Car,No injury/unknown,OTHER (DRIVER) - EXPLAIN IN NARRATIVE,E 10TH ST,39.171648,-86.50435515
2009,2,7,Weekend,1600,1-Car,No injury/unknown,SPEED TOO FAST FOR WEATHER CONDITIONS,10TH ST & JEFFERSON,39.171648,-86.507088