Year,Month,Day,Weekend?,Hour,Collision Type,Injury Type,Primary Factor,Reported_Location,Latitude,Longitude
2009,3,6,Weekday,400,1-Car,Non-incapacitating,ANIMAL/OBJECT IN ROADWAY,BRUMMETTS CREEK & HASH RD,39.171648,-86.398592
2009,4,5,Weekday,2200,2-Car,No injury/unknown,OTHER (DRIVER) - EXPLAIN IN NARRATIVE,10TH ST,39.171648,-86.50435515
2009,4,7,Weekend,0,2-Car,No injury/unknown,FAILURE TO YIELD RIGHT OF WAY,10TH ST & JEFFERSON,39.171648,-86.507088
2009,4,3,Weekday,1900,2-Car,No injury/unknown,DISREGARD SIGNAL/REG SIGN,E 10TH ST,39.171648,-86.50435515
2009,5,6,Weekday,1500,2-Car,Non-incapacitating,IMPROPER LANE USAGE,10TH & SR 45 46 BYP,39.171648,-86.502096
2009,5,4,Weekday,800,2-Car,No injury/unknown,FOLLOWING TOO CLOSELY,EAST TENTH ST & JEFFERSON,39.171648,-86.507088
2009,8,2,Weekday,1500,1-Car,No injury/unknown,SPEED TOO FAST FOR WEATHER CONDITIONS,JEFFERSON & TENTH ST,39.171648,-86.507088
2009,8,7,Weekend,2300,2-Car,No injury/unknown,OTHER (DRIVER) - EXPLAIN IN NARRATIVE,10TH ST,39.171648,-86.50435515
2009,8,3,Weekday,1500,2-Car,No injury/unknown,UNSAFE BACKING,E 10TH ST,39.171648,-86.50435515
2009,9,4,Weekday,1400,2-Car,No injury/unknown,FOLLOWING TOO CLOSELY,EAST TENTH ST & JEFFERSON,39.171648,-86.507088
2009,9,6,Weekday,300,1-Car,No injury/unknown,ALCOHOLIC BEVERAGES,10TH ST & JEFFERSON,39.171648,-86.507088
2009,11,1,Weekend,1800,1-Car,No injury/unknown,IMPROPER TURNING,E 10TH ST,39.171648,-86.50435515
2009,11,5,Weekday,1600,2-Car,No injury/unknown,SPEED TOO FAST FOR WEATHER CONDITIONS,10TH ST & PARK,39.171648,-86.524608
2009,11,7,Weekend,200,1-Car,No injury/unknown,ALCOHOLIC BEVERAGES,JEFFERSON & TENTH ST,39.171648,-86.507088
2009,12,4,Weekday,1800,2-Car,Non-incapacitating,FOLLOWING TOO CLOSELY,10TH ST & PARK,39.171648,-86.524608
2009,12,2,Weekday,1800,1-Car,No injury/unknown,UNSAFE SPEED,EAST 10TH ST & JEFFERSON,39.171648,-86.507088
2009,5,5,Weekday,700,2-Car,No injury/unknown,UNSAFE BACKING,EAST 10TH ST,39.17164435,-86.50191826
2009,12,3,Weekday,400,1-Car,Non-incapacitating,DRIVER ASLEEP OR FATIGUED,E 10TH ST,39.17164383,-86.50189287
2009,8,4,Weekday,100,2-Car,No injury/unknown,OTHER (DRIVER) - EXPLAIN IN NARRATIVE,10TH ST & BARRINGTON,39.17164374,-86.48927161
2009,2,6,Weekday,700,1-Car,No injury/unknown,UNSAFE BACKING,E 10TH ST,39.17164278,-86.50184209
2009,7,6,Weekday,700,2-Car,No injury/unknown,IMPROPER PASSING,10TH ST & WOODLAWN,39.17163727,-86.52388878
2009,9,4,Weekday,700,2-Car,Non-incapacitating,FAILURE TO YIELD RIGHT OF WAY,10TH ST & SR 45 46 BYPASS,39.17163351,-86.50139055
2009,4,5,Weekday,0,2-Car,Non-incapacitating,FAILURE TO YIELD RIGHT OF WAY,10 ST & WOODLAWN,39.171632,-86.523536
2009,9,4,Weekday,2200,2-Car,No injury/unknown,UNSAFE BACKING,10TH ST & WOODLAWN AVE,39.171632,-86.523536
2009,10,6,Weekday,1000,2-Car,No injury/unknown,UNSAFE BACKING,10TH & WOODLAWN AVE,39.171632,-86.523536
2009,11,2,Weekday,1000,2-Car,No injury/unknown,FOLLOWING TOO CLOSELY,EAST TENTH ST & WOODLAWN,39.171632,-86.523536
2009,12,4,Weekday,1500,2-Car,No injury/unknown,FOLLOWING TOO CLOSELY,10TH ST & WOODLAWN,39.171632,-86.523536
2009,12,2,Weekday,1700,2-Car,No injury/unknown,UNSAFE BACKING,E 10TH ST & N WOODLAWN,39.171632,-86.523536
2009,1,3,Weekday,1300,3+ Cars,Non-incapacitating,FOLLOWING TOO CLOSELY,10TH ST & FORREST,39.17163,-86.52238
2009,2,5,Weekday,1900,3+ Cars,No injury/unknown,OTHER (DRIVER) - EXPLAIN IN NARRATIVE,E 10TH ST & N FORREST,39.17163,-86.52238087
2009,3,5,Weekday,900,2-Car,No injury/unknown,UNSAFE SPEED,10TH ST & FORREST,39.17163,-86.52238
2009,9,4,Weekday,900,2-Car,No injury/unknown,OTHER (DRIVER) - EXPLAIN IN NARRATIVE,FORREST & TENTH ST,39.17163,-86.52238
2009,10,5,Weekday,1800,2-Car,No injury/unknown,FOLLOWING TOO CLOSELY,10TH ST & FORREST,39.17163,-86.52238
2009,11,3,Weekday,1900,2-Car,No injury/unknown,FOLLOWING TOO CLOSELY,10TH ST & FORREST,39.17163,-86.52238
2009,11,3,Weekday,1900,3+ Cars,Non-incapacitating,FOLLOWING TOO CLOSELY,10TH ST & FORREST,39.17163,-86.52238
2009,9,2,Weekday,2000,2-Car,No injury/unknown,FOLLOWING TOO CLOSELY,10TH ST & WOODLAWN,39.17162703,-86.52318321
2009,4,3,Weekday,1400,2-Car,No injury/unknown,SPEED TOO FAST FOR WEATHER CONDITIONS,10TH ST & WOODLAWN,39.17162455,-86.52300682
2009,3,6,Weekday,1300,2-Car,No injury/unknown,IMPROPER LANE USAGE,10TH & FOREST AVE,39.171616,-86.5224
2009,2,2,Weekday,1100,2-Car,No injury/unknown,OTHER (ENVIRONMENTAL) - EXPLAIN IN NARR,EAST TENTH ST,39.171609,-86.518314
2009,4,2,Weekday,600,2-Car,No injury/unknown,IMPROPER TURNING,E TENTH ST,39.171609,-86.518314
2009,9,7,Weekend,2200,2-Car,No injury/unknown,UNSAFE BACKING,EAST TENTH ST,39.171609,-86.518314
2009,9,3,Weekday,1300,2-Car,No injury/unknown,UNSAFE BACKING,EAST TENTH ST,39.171609,-86.518314
2009,2,7,Weekend,1900,2-Car,No injury/unknown,IMPROPER LANE USAGE,10TH & WALNUT ST,39.17160668,-86.53352183
2009,1,2,Weekday,1300,2-Car,No injury/unknown,FOLLOWING TOO CLOSELY,E 10TH ST,39.1716,-86.49976
2009,6,4,Weekday,1000,2-Car,No injury/unknown,FOLLOWING TOO CLOSELY,10TH ST & WALNUT GROVE,39.1716,-86.520896
2009,8,2,Weekday,1500,2-Car,No injury/unknown,DRIVER DISTRACTED - EXPLAIN IN NARRATIVE,E 10TH ST & WALNUT GROVE,39.1716,-86.520896
2009,10,6,Weekend,1900,2-Car,No injury/unknown,SPEED TOO FAST FOR WEATHER CONDITIONS,E 10TH ST & N WALNUT GROVE,39.1716,-86.520896
2009,11,2,Weekday,2000,2-Car,No injury/unknown,DRIVER DISTRACTED - EXPLAIN IN NARRATIVE,E 10TH ST & N WALNUT GROVE,39.1716,-86.520896
2009,11,3,Weekday,1900,2-Car,No injury/unknown,SPEED TOO FAST FOR WEATHER CONDITIONS,E 10TH ST & N WALNUT GROVE,39.1716,-86.520896
2009,11,6,Weekday,1700,2-Car,No injury/unknown,DRIVER DISTRACTED - EXPLAIN IN NARRATIVE,E 10TH ST & N WALNUT GROVE,39.1716,-86.520896
2009,10,6,Weekday,1200,2-Car,No injury/unknown,FOLLOWING TOO CLOSELY,10TH ST & CAMPBELL,39.17159,-86.51394
2009,10,6,Weekday,1200,3+ Cars,No injury/unknown,FOLLOWING TOO CLOSELY,CAMPBELL & TENTH ST,39.17159,-86.51393308
2009,11,4,Weekday,1900,2-Car,No injury/unknown,DRIVER DISTRACTED - EXPLAIN IN NARRATIVE,10TH ST & CAMPBELL,39.17159,-86.51394
2009,12,6,Weekday,800,2-Car,Non-incapacitating,UNSAFE SPEED,JORDAN AVE & TENTH,39.17159,-86.51566
2009,1,2,Weekday,1800,2-Car,No injury/unknown,IMPROPER LANE USAGE,10TH ST & FEE,39.171584,-86.518688
2009,2,4,Weekday,1500,Cyclist,Non-incapacitating,IMPROPER TURNING,11TH & FEE LN,39.171584,-86.518688
2009,3,1,Weekend,1600,Pedestrian,Non-incapacitating,OTHER (ENVIRONMENTAL) - EXPLAIN IN NARR,10TH ST & FEE,39.171584,-86.518688
2009,7,3,Weekday,1100,2-Car,No injury/unknown,OTHER (DRIVER) - EXPLAIN IN NARRATIVE,FEE & TENTH ST,39.171584,-86.518688
2009,9,1,Weekday,2300,2-Car,No injury/unknown,SPEED TOO FAST FOR WEATHER CONDITIONS,FEE & TENTH ST,39.171584,-86.518688
2009,10,6,Weekend,2000,2-Car,No injury/unknown,UNSAFE SPEED,FEE & TENTH ST,39.171584,-86.518688
2009,11,3,Weekday,1200,2-Car,Non-incapacitating,SPEED TOO FAST FOR WEATHER CONDITIONS,EAST TENTH ST & FEE,39.171584,-86.518688
2009,12,4,Weekday,1600,2-Car,No injury/unknown,SPEED TOO FAST FOR WEATHER CONDITIONS,E 10TH ST & FEE,39.171584,-86.518688
2009,12,1,Weekend,1800,1-Car,No injury/unknown,SPEED TOO FAST FOR WEATHER CONDITIONS,10TH ST & FEE,39.171584,-86.518688
2009,1,2,Weekday,1300,3+ Cars,Non-incapacitating,FOLLOWING TOO CLOSELY,2900 BLOCK E 10TH ST & PETE ELLIS,39.17158137,-86.49883901
2009,9,7,Weekend,1800,2-Car,No injury/unknown,SPEED TOO FAST FOR WEATHER CONDITIONS,10TH ST & FEE,39.17158019,-86.51833519
2009,1,4,Weekday,2000,3+ Cars,No injury/unknown,UNSAFE SPEED,10TH ST & SUNRISE,39.17158,-86.51248
2009,1,7,Weekend,1600,2-Car,No injury/unknown,FAILURE TO YIELD RIGHT OF WAY,10TH ST & SUNRISE,39.17158,-86.51248
2009,2,2,Weekday,1600,2-Car,No injury/unknown,FOLLOWING TOO CLOSELY,10TH ST & SUNRISE,39.17158,-86.51248
2009,2,1,Weekend,1400,2-Car,No injury/unknown,FOLLOWING TOO CLOSELY,10TH ST & SUNRISE,39.17158,-86.51248
2009,2,3,Weekday,900,3+ Cars,No injury/unknown,FOLLOWING TOO CLOSELY,SUNRISE & TENTH ST,39.17158,-86.51247741
2009,3,1,Weekend,1700,2-Car,No injury/unknown,DRIVER DISTRACTED - EXPLAIN IN NARRATIVE,10TH ST & SUNRISE,39.17158,-86.51248865
2009,3,2,Weekday,1700,2-Car,No injury/unknown,FOLLOWING TOO CLOSELY,10TH ST & SUNRISE,39.17158,-86.51248
2009,3,6,Weekday,1700,2-Car,Incapacitating,IMPROPER TURNING,10TH ST & SUNRISE,39.17158,-86.51248
2009,8,6,Weekday,1300,3+ Cars,Non-incapacitating,FOLLOWING TOO CLOSELY,10TH ST & SUNRISE,39.17158,-86.51248
2009,9,7,Weekend,1400,2-Car,Non-incapacitating,FOLLOWING TOO CLOSELY,10TH ST & SUNRISE,39.17158,-86.51248
2009,10,2,Weekday,1700,3+ Cars,No injury/unknown,DRIVER DISTRACTED - EXPLAIN IN NARRATIVE,SUNRISE & TENTH ST,39.17158,-86.51248
2009,9,5,Weekday,1600,2-Car,No injury/unknown,FAILURE TO YIELD RIGHT OF WAY,E 10TH ST,39.17157943,-86.51826514
2009,2,1,Weekend,1700,2-Car,No injury/unknown,UNSAFE BACKING,E 10TH ST,39.17157747,-86.51808392
2009,2,3,Weekday,1500,2-Car,No injury/unknown,UNSAFE BACKING,E 10TH ST,39.17157747,-86.51808392
2009,3,1,Weekday,2000,2-Car,No injury/unknown,UNSAFE BACKING,E 10TH ST,39.17157747,-86.51808392
2009,3,2,Weekday,1800,2-Car,No injury/unknown,BRAKE FAILURE OR DEFECTIVE,E 10TH ST,39.17157747,-86.51808392
2009,4,1,Weekday,1900,1-Car,No injury/unknown,,E 10TH ST,39.17157747,-86.51808392
2009,5,5,Weekday,1400,2-Car,No injury/unknown,IMPROPER TURNING,E 10TH ST,39.17157747,-86.51808392
2009,9,5,Weekday,1800,2-Car,No injury/unknown,,E 10TH ST,39.17157747,-86.51808392
2009,3,3,Weekday,700,2-Car,No injury/unknown,UNSAFE BACKING,EAST TENTH ST,39.171572,-86.51099
2009,3,7,Weekend,2200,Pedestrian,Incapacitating,IMPROPER PASSING,EAST TENTH ST,39.171571,-86.510991
2009,11,2,Weekday,1400,Pedestrian,Non-incapacitating,PEDESTRIAN ACTION,10TH ST & JORDAN,39.17156441,-86.51687464
2009,2,2,Weekday,1700,2-Car,No injury/unknown,DRIVER DISTRACTED - EXPLAIN IN NARRATIVE,10TH ST & JORDAN,39.17155964,-86.51643363
2009,8,2,Weekday,1900,2-Car,No injury/unknown,UNSAFE BACKING,EAST TENTH ST,39.171559,-86.510401
2009,9,6,Weekday,1200,2-Car,No injury/unknown,UNSAFE BACKING,EAST TENTH ST,39.171558,-86.510279
2009,7,5,Weekday,1500,2-Car,No injury/unknown,FOLLOWING TOO CLOSELY,10TH ST & JORDAN,39.17155773,-86.51625722
2009,10,6,Weekday,1600,3+ Cars,No injury/unknown,SPEED TOO FAST FOR WEATHER CONDITIONS,10TH ST & JORDAN,39.17155773,-86.51625722
2009,3,5,Weekday,1300,3+ Cars,Non-incapacitating,FAILURE TO YIELD RIGHT OF WAY,10TH & SR46E,39.17155495,-86.50224214
2009,4,1,Weekend,1200,2-Car,No injury/unknown,FAILURE TO YIELD RIGHT OF WAY,EAST TENTH & SR45N,39.17155495,-86.50224214
2009,6,5,Weekday,1300,2-Car,No injury/unknown,OTHER (DRIVER) - EXPLAIN IN NARRATIVE,10TH ST & SR46N,39.17155495,-86.50224214
2009,7,2,Weekday,1200,2-Car,No injury/unknown,FOLLOWING TOO CLOSELY,E 10TH & WOODBRIDGE DR,39.17155495,-86.49090403
2009,9,6,Weekday,1500,2-Car,Non-incapacitating,FOLLOWING TOO CLOSELY,10TH & SR46N,39.17155495,-86.50224214
2009,10,1,Weekend,1600,3+ Cars,No injury/unknown,OTHER TELEMATICS IN USE,EAST 10TH ST,39.17155495,-86.49926418
2009,11,2,Weekday,1600,2-Car,No injury/unknown,FOLLOWING TOO CLOSELY,SR46S & TENTH,39.17155495,-86.50224214
2009,11,2,Weekday,600,1-Car,No injury/unknown,DRIVER ASLEEP OR FATIGUED,E 10TH ST & SR 45 46,39.17155495,-86.50220754
2009,12,7,Weekend,2200,2-Car,No injury/unknown,IMPROPER LANE USAGE,10TH & SR46E,39.17155495,-86.50224214
2009,2,1,Weekend,900,2-Car,Non-incapacitating,DISREGARD SIGNAL/REG SIGN,EAST TENTH ST & NORTH JORDAN,39.171552,-86.515728
2009,2,2,Weekday,1600,Cyclist,Non-incapacitating,IMPROPER TURNING,E 10TH ST & N JORDAN,39.171552,-86.515728
2009,3,1,Weekend,1700,2-Car,No injury/unknown,SPEED TOO FAST FOR WEATHER CONDITIONS,10TH ST & JORDAN,39.171552,-86.515728
2009,3,5,Weekday,1900,2-Car,No injury/unknown,FAILURE TO YIELD RIGHT OF WAY,10TH ST & JORDAN,39.171552,-86.515728
2009,4,6,Weekday,400,2-Car,No injury/unknown,FAILURE TO YIELD RIGHT OF WAY,10TH & JORDAN AVE,39.171552,-86.515728
2009,9,6,Weekday,800,Pedestrian,Non-incapacitating,GLARE,JORDAN & TENTH ST,39.171552,-86.515728
2009,9,5,Weekday,1700,2-Car,No injury/unknown,FOLLOWING TOO CLOSELY,10TH ST & JORDAN,39.171552,-86.515728
2009,10,6,Weekday,0,2-Car,Non-incapacitating,FAILURE TO YIELD RIGHT OF WAY,10TH & JORDAN AVE,39.171552,-86.515728
2009,10,6,Weekend,2300,2-Car,No injury/unknown,UNSAFE BACKING,10TH & JORDAN AVE,39.171552,-86.515728
2009,10,5,Weekday,2100,2-Car,No injury/unknown,FAILURE TO YIELD RIGHT OF WAY,10TH ST & JORDAN,39.171552,-86.515728
2009,10,3,Weekday,1800,2-Car,No injury/unknown,FOLLOWING TOO CLOSELY,E 10TH ST & N JORDAN,39.171552,-86.515728
2009,3,2,Weekday,1000,2-Car,No injury/unknown,DRIVER DISTRACTED - EXPLAIN IN NARRATIVE,1600 E 10TH ST & 600 N SUNRISE,39.17155153,-86.51246693
2009,1,2,Weekday,800,2-Car,No injury/unknown,FAILURE TO YIELD RIGHT OF WAY,EAST TENTH ST,39.17155,-86.509449
2009,8,4,Weekday,1300,2-Car,No injury/unknown,UNSAFE BACKING,EAST 10TH ST,39.17155,-86.509449
2009,8,4,Weekday,1100,2-Car,No injury/unknown,NONE (VEHICLE),EAST TENTH ST,39.171546,-86.504172
2009,11,1,Weekend,1600,2-Car,No injury/unknown,OTHER (DRIVER) - EXPLAIN IN NARRATIVE,EAST TENTH ST,39.171546,-86.504172
2009,7,5,Weekday,400,2-Car,Non-incapacitating,LEFT OF CENTER,3300 BUNGER RD & STATE ROAD 45,39.17154253,-86.60431249
2009,4,5,Weekday,1900,2-Car,Non-incapacitating,DRIVER DISTRACTED - EXPLAIN IN NARRATIVE,10TH & 45 46 BYP,39.17153788,-86.50225192
2009,9,5,Weekday,1200,3+ Cars,No injury/unknown,OTHER (VEHICLE) - EXPLAIN IN NARRATIVE,E TENTH ST,39.17153787,-86.49855384
2009,11,2,Weekday,400,1-Car,No injury/unknown,ANIMAL/OBJECT IN ROADWAY,10TH ST & JOHN HINKLE,39.17153575,-86.49190248
2009,1,3,Weekday,1200,2-Car,No injury/unknown,OTHER (ENVIRONMENTAL) - EXPLAIN IN NARR,EAST TENTH ST,39.171532,-86.498228
2009,3,3,Weekday,1700,2-Car,No injury/unknown,OTHER (ENVIRONMENTAL) - EXPLAIN IN NARR,10TH ST & PETE ELLIS,39.17152424,-86.4960172
2009,8,6,Weekday,1800,2-Car,No injury/unknown,BRAKE FAILURE OR DEFECTIVE,10TH ST & PETE ELLIS,39.17152424,-86.4960172
2009,2,1,Weekend,1500,2-Car,No injury/unknown,FOLLOWING TOO CLOSELY,2900 BLK E 10TH ST & PETE ELLIS,39.17151537,-86.49566454
2009,8,4,Weekday,2300,1-Car,No injury/unknown,ALCOHOLIC BEVERAGES,E 2ND & S COLLEGE MALL RD,39.17151345,-86.49772
2009,8,1,Weekend,1800,2-Car,No injury/unknown,,10TH & PARK AVE,39.17151075,-86.52460203
2009,1,3,Weekday,1900,2-Car,Non-incapacitating,SPEED TOO FAST FOR WEATHER CONDITIONS,PETE ELLIS & SR45E,39.171504,-86.495312
2009,2,6,Weekend,2300,2-Car,No injury/unknown,UNSAFE BACKING,E 10TH ST,39.171504,-86.49504533
2009,3,2,Weekday,1700,2-Car,Non-incapacitating,OTHER (DRIVER) - EXPLAIN IN NARRATIVE,10TH ST & JOHN HINKLE,39.171504,-86.49296
2009,3,6,Weekday,1700,2-Car,No injury/unknown,FOLLOWING TOO CLOSELY,E 10TH ST & N PETE ELLIS,39.171504,-86.495312
2009,3,7,Weekend,1500,2-Car,No injury/unknown,SPEED TOO FAST FOR WEATHER CONDITIONS,10TH ST & PETE ELLIS,39.171504,-86.49513558
2009,3,3,Weekday,1700,3+ Cars,No injury/unknown,SPEED TOO FAST FOR WEATHER CONDITIONS,10TH ST & PETE ELLIS,39.171504,-86.495312
2009,4,5,Weekday,1400,2-Car,No injury/unknown,FOLLOWING TOO CLOSELY,PETE ELLIS & SR45E,39.171504,-86.49460631
2009,4,4,Weekday,2000,2-Car,No injury/unknown,UNSAFE BACKING,E 10TH ST,39.171504,-86.512288
2009,4,4,Weekday,800,2-Car,No injury/unknown,FOLLOWING TOO CLOSELY,EAST TENTH ST & PETE ELLIS,39.171504,-86.495312
2009,6,5,Weekday,1100,2-Car,Non-incapacitating,DRIVER DISTRACTED - EXPLAIN IN NARRATIVE,E 10TH STREET ST & PETE ELLIS DR,39.171504,-86.495312
2009,7,4,Weekday,1600,2-Car,Non-incapacitating,FAILURE TO YIELD RIGHT OF WAY,10TH ST & PETE ELLIS,39.171504,-86.495312
2009,9,1,Weekend,100,1-Car,No injury/unknown,ANIMAL/OBJECT IN ROADWAY,E JOHN HINKLE & SR45E,39.171504,-86.49331285
2009,9,7,Weekend,1800,2-Car,Non-incapacitating,LEFT OF CENTER,PETE ELLIS & PETE ELLIS DR,39.171504,-86.495312
2009,10,7,Weekend,2300,2-Car,No injury/unknown,FAILURE TO YIELD RIGHT OF WAY,E 10TH ST,39.171504,-86.49509867
2009,10,6,Weekday,1500,Bus,No injury/unknown,DRIVER DISTRACTED - EXPLAIN IN NARRATIVE,10TH ST & PETE ELLIS,39.171504,-86.495312
2009,11,1,Weekend,1000,1-Car,No injury/unknown,ANIMAL/OBJECT IN ROADWAY,E 10TH ST & PETE ELLIS,39.171504,-86.495312
2009,11,6,Weekday,1500,2-Car,Non-incapacitating,FOLLOWING TOO CLOSELY,2920 E 10TH ST & PETE ELLIS,39.171504,-86.495312
2009,8,1,Weekday,1900,2-Car,No injury/unknown,UNSAFE BACKING,E 10TH ST,39.17148188,-86.51027501
2009,9,6,Weekend,1900,1-Car,No injury/unknown,OTHER (DRIVER) - EXPLAIN IN NARRATIVE,E 10TH ST,39.17148038,-86.5101382
2009,8,2,Weekday,2000,Cyclist,No injury/unknown,FAILURE TO YIELD RIGHT OF WAY,10TH ST & UNION,39.17147782,-86.50990522
2009,5,2,Weekday,1100,2-Car,No injury/unknown,UNSAFE SPEED,10TH ST & UNION,39.17147588,-86.50972881
2009,4,2,Weekday,2100,2-Car,No injury/unknown,FAILURE TO YIELD RIGHT OF WAY,E 10TH ST,39.171472,-86.509376
2009,7,2,Weekday,1500,2-Car,No injury/unknown,UNSAFE BACKING,E 10TH ST,39.171472,-86.509376
2009,9,1,Weekend,1700,3+ Cars,No injury/unknown,FOLLOWING TOO CLOSELY,TENTH ST & UNION,39.171472,-86.509376
2009,7,1,Weekend,0,Cyclist,Non-incapacitating,PEDESTRIAN ACTION,10TH ST & PETE ELLIS,39.17146957,-86.49537097
2009,2,6,Weekend,1900,2-Car,No injury/unknown,IMPROPER LANE USAGE,10TH & WALNUT ST,39.17146936,-86.53352366
2009,11,2,Weekday,1500,2-Car,No injury/unknown,FAILURE TO YIELD RIGHT OF WAY,10TH & COLLEGE AVE,39.17146934,-86.534768
2009,2,2,Weekday,1800,2-Car,No injury/unknown,FOLLOWING TOO CLOSELY,10TH ST & UNION,39.17145967,-86.50849403
2009,2,4,Weekday,1800,2-Car,Non-incapacitating,FOLLOWING TOO CLOSELY,1OTH ST & PETE ELLIS,39.17145678,-86.49539888
2009,10,5,Weekday,1400,2-Car,Non-incapacitating,TIRE FAILURE OR DEFECTIVE,BREASIDE & N PETE ELLIS DR,39.17136,-86.495328
2009,7,6,Weekday,700,2-Car,No injury/unknown,,N SMITH RD,39.171248,-86.481328
2009,11,4,Weekday,1100,2-Car,No injury/unknown,UNSAFE BACKING,S WALNUT ST,39.17115625,-86.53352784
2009,2,4,Weekday,1600,2-Car,No injury/unknown,UNSAFE BACKING,3RD & HAWTHORNE DR,39.17112333,-86.52009
2009,4,2,Weekday,1600,2-Car,No injury/unknown,UNSAFE BACKING,10TH & JEFFERSON ST,39.17109872,-86.50708222
2009,7,4,Weekday,1500,Cyclist,Non-incapacitating,FAILURE TO YIELD RIGHT OF WAY,10TH & JORDAN AVE,39.17100471,-86.51578844
2009,6,5,Weekday,1300,1-Car,No injury/unknown,DRIVER DISTRACTED - EXPLAIN IN NARRATIVE,SOUTH WALNUT ST,39.17096033,-86.53353045
2009,5,1,Weekend,1800,2-Car,No injury/unknown,FAILURE TO YIELD RIGHT OF WAY,SR48W & STATE ROAD 43,39.17095389,-86.68128872
2009,9,7,Weekend,100,1-Car,Non-incapacitating,SPEED TOO FAST FOR WEATHER CONDITIONS,SR37S & WHITEHALL CROSSING,39.17092315,-86.57029132
2009,7,3,Weekday,1700,2-Car,No injury/unknown,FOLLOWING TOO CLOSELY,10TH & JORDAN AVE,39.17086788,-86.51580355
2009,8,1,Weekend,1400,2-Car,No injury/unknown,UNSAFE BACKING,9TH & PARK AVE,39.17079105,-86.52457074
2009,5,6,Weekday,1300,1-Car,No injury/unknown,OTHER (DRIVER) - EXPLAIN IN NARRATIVE,N JACOB DR,39.17073191,-86.57223109
2009,3,7,Weekend,1500,2-Car,No injury/unknown,FAILURE TO YIELD RIGHT OF WAY,JOHN HINKLE RD & PETE ELLIS,39.17072,-86.4956
2009,11,1,Weekend,400,2-Car,No injury/unknown,DRIVER DISTRACTED - EXPLAIN IN NARRATIVE,NORTH SUNRISE DR,39.170624,-86.512468
2009,4,1,Weekday,1900,2-Car,No injury/unknown,IMPROPER TURNING,N JACOB DR,39.170623,-86.572334
2009,11,6,Weekday,700,2-Car,No injury/unknown,OTHER (DRIVER) - EXPLAIN IN NARRATIVE,N JACOBS DR,39.170623,-86.572334
2009,8,4,Weekday,1400,2-Car,No injury/unknown,OTHER (DRIVER) - EXPLAIN IN NARRATIVE,PROW AVE,39.170619,-86.528948
2009,6,7,Weekend,1700,3+ Cars,No injury/unknown,UNSAFE SPEED,JOHN HINKLE PL,39.17056,-86.492704
2009,1,1,Weekend,1400,2-Car,No injury/unknown,FAILURE TO YIELD RIGHT OF WAY,9TH & LINCOLN ST,39.170544,-86.530992
2009,1,6,Weekday,100,2-Car,No injury/unknown,SPEED TOO FAST FOR WEATHER CONDITIONS,9TH & COLLEGE AVE,39.170544,-86.534768
2009,4,5,Weekday,2000,Pedestrian,Non-incapacitating,FAILURE TO YIELD RIGHT OF WAY,9TH & WALNUT ST,39.170544,-86.533536
2009,4,5,Weekday,2300,2-Car,No injury/unknown,OTHER (DRIVER) - EXPLAIN IN NARRATIVE,419 NORTH WALNUT ST & 9TH,39.170544,-86.533536
2009,4,6,Weekday,1800,2-Car,No injury/unknown,WRONG WAY ON ONE WAY,9TH & WALNUT ST,39.170544,-86.533536
2009,5,6,Weekday,1100,2-Car,No injury/unknown,UNSAFE BACKING,525 EAST NINTH ST & INDIANA,39.170544,-86.526992
2009,5,6,Weekday,1700,3+ Cars,Non-incapacitating,FOLLOWING TOO CLOSELY,9TH & WALNUT ST,39.170544,-86.533536
2009,6,3,Weekday,1000,2-Car,Non-incapacitating,FAILURE TO YIELD RIGHT OF WAY,E 9TH & N WASHINGTON ST,39.170544,-86.5324
2009,7,3,Weekday,2300,2-Car,No injury/unknown,IMPROPER TURNING,S COLLEGE AVE & W 9TH,39.170544,-86.534768
2009,9,6,Weekday,1100,Cyclist,Non-incapacitating,PEDESTRIAN ACTION,E 9TH & N DUNN ST,39.170544,-86.52824
2009,9,7,Weekend,1200,2-Car,Non-incapacitating,IMPROPER TURNING,9TH & NORTH COLLEGE AVE,39.170544,-86.534768
2009,10,7,Weekend,800,2-Car,No injury/unknown,FAILURE TO YIELD RIGHT OF WAY,N COLLEGE AVE & W 9TH,39.170544,-86.534768
2009,10,5,Weekday,2000,2-Car,No injury/unknown,FAILURE TO YIELD RIGHT OF WAY,9TH & COLLEGE AVE,39.170544,-86.534768
2009,12,4,Weekday,1700,2-Car,No injury/unknown,FAILURE TO YIELD RIGHT OF WAY,9TH ST & GRANT,39.170544,-86.529696
2009,12,4,Weekday,1700,2-Car,No injury/unknown,FAILURE TO YIELD RIGHT OF WAY,E 9TH ST & N INDIANA,39.170544,-86.526992
2009,10,4,Weekday,1700,2-Car,Non-incapacitating,FAILURE TO YIELD RIGHT OF WAY,S LANDMARK AVE & W BLOOMFIELD,39.17051339,-86.55379641