Year,Month,Day,Weekend?,Hour,Collision Type,Injury Type,Primary Factor,Reported_Location,Latitude,Longitude
2009,4,4,Weekday,1600,2-Car,No injury/unknown,OTHER (DRIVER) - EXPLAIN IN NARRATIVE,6TH ST & LINCOLN,39.16768436,-86.53081568
2009,5,1,Weekday,2000,1-Car,No injury/unknown,UNSAFE BACKING,6TH ST,39.16768196,-86.54095869
2009,1,1,Weekend,500,2-Car,Non-incapacitating,DISREGARD SIGNAL/REG SIGN,6TH ST & ROGERS,39.16768,-86.538592
2009,6,5,Weekday,1600,2-Car,No injury/unknown,FAILURE TO YIELD RIGHT OF WAY,6TH & ROGERS ST,39.16768,-86.538592
2009,6,1,Weekend,1600,2-Car,No injury/unknown,FAILURE TO YIELD RIGHT OF WAY,N ROGERS ST & W 6TH,39.16768,-86.538592
2009,8,4,Weekday,1700,2-Car,Non-incapacitating,PRESCRIPTION DRUGS,LINCOLN & SIXTH ST,39.16768,-86.530992
2009,12,3,Weekday,1600,2-Car,No injury/unknown,FAILURE TO YIELD RIGHT OF WAY,6TH & ROGERS ST,39.16768,-86.538592
2009,12,1,Weekend,0,2-Car,No injury/unknown,FAILURE TO YIELD RIGHT OF WAY,6TH & N LINCOLN ST,39.16768,-86.530992
2009,10,3,Weekday,1600,2-Car,No injury/unknown,,E 6TH ST,39.16766727,-86.53211265
2009,5,4,Weekday,1600,2-Car,No injury/unknown,UNSAFE BACKING,6TH ST & MORTON,39.167664,-86.53614113
2009,7,5,Weekday,1100,2-Car,No injury/unknown,IMPROPER TURNING,6TH STREET ST & MADISON ST,39.167664,-86.537296
2009,8,4,Weekday,1700,2-Car,No injury/unknown,UNSAFE BACKING,N PETE ELLIS DR,39.167664,-86.494923
2009,11,6,Weekend,1900,2-Car,No injury/unknown,UNSAFE BACKING,6TH ST & MADISON,39.167664,-86.537296
2009,12,6,Weekday,1200,2-Car,No injury/unknown,OTHER (DRIVER) - EXPLAIN IN NARRATIVE,6TH & WASHINGTON ST,39.167664,-86.5324
2009,12,4,Weekday,1700,2-Car,Non-incapacitating,FAILURE TO YIELD RIGHT OF WAY,6TH & WASHINGTON ST,39.167664,-86.5324
2009,9,3,Weekday,1600,2-Car,No injury/unknown,OTHER (DRIVER) - EXPLAIN IN NARRATIVE,E 6TH ST,39.16764996,-86.53343902
2009,4,6,Weekday,1300,2-Car,No injury/unknown,UNSAFE BACKING,6TH ST & WALNUT,39.167648,-86.53411324
2009,2,7,Weekend,2200,2-Car,No injury/unknown,IMPROPER LANE USAGE,100 N WALNUT ST & 6TH,39.167648,-86.533584
2009,2,7,Weekend,2000,2-Car,No injury/unknown,IMPROPER LANE USAGE,6TH & N WALNUT ST,39.167648,-86.533584
2009,2,5,Weekday,300,1-Car,No injury/unknown,ALCOHOLIC BEVERAGES,6TH & WALNUT ST,39.167648,-86.533584
2009,3,4,Weekday,1600,2-Car,No injury/unknown,FAILURE TO YIELD RIGHT OF WAY,222 N COLLEGE AVE & 6TH,39.167648,-86.534784
2009,4,5,Weekday,0,1-Car,Non-incapacitating,ALCOHOLIC BEVERAGES,6TH & COLLEGE AVE,39.167648,-86.534784
2009,4,2,Weekday,1200,Moped/Motorcycle,No injury/unknown,FOLLOWING TOO CLOSELY,6TH & S COLLEGE AVE,39.167648,-86.534784
2009,9,5,Weekday,1900,1-Car,No injury/unknown,ALCOHOLIC BEVERAGES,6TH & COLLEGE AVE,39.167648,-86.534784
2009,9,1,Weekend,1600,2-Car,No injury/unknown,FAILURE TO YIELD RIGHT OF WAY,6TH & S COLLEGE AVE,39.167648,-86.534784
2009,10,4,Weekday,2100,2-Car,No injury/unknown,IMPROPER TURNING,6TH & N COLLEGE AVE,39.167648,-86.534784
2009,10,2,Weekday,1600,2-Car,No injury/unknown,ANIMAL/OBJECT IN ROADWAY,6TH & COLLEGE AVE,39.167648,-86.534784
2009,10,5,Weekday,1100,2-Car,No injury/unknown,IMPROPER TURNING,6TH STREET & WALNUT ST ST,39.167648,-86.533584
2009,12,4,Weekday,100,2-Car,No injury/unknown,IMPROPER LANE USAGE,6TH & WALNUT ST,39.167648,-86.533584
2009,12,3,Weekday,1000,2-Car,No injury/unknown,,6TH & N WALNUT ST,39.167648,-86.533584
2009,9,7,Weekend,1400,2-Car,No injury/unknown,IMPROPER LANE USAGE,6TH & INDIANA AVE,39.1676479,-86.52692521
2009,1,7,Weekend,1000,2-Car,No injury/unknown,UNSAFE BACKING,N JORDAN AVE,39.1676,-86.516168
2009,1,2,Weekday,1300,1-Car,No injury/unknown,DRIVER DISTRACTED - EXPLAIN IN NARRATIVE,N JORDAN AVE,39.1676,-86.516168
2009,12,4,Weekday,2200,2-Car,No injury/unknown,FAILURE TO YIELD RIGHT OF WAY,7TH & JORDAN AVE,39.16757602,-86.51617025
2009,4,4,Weekday,1300,2-Car,No injury/unknown,UNSAFE BACKING,6 TH ST & NORTH WALNUT ST ST,39.16755,-86.5336
2009,4,4,Weekday,1500,2-Car,No injury/unknown,FAILURE TO YIELD RIGHT OF WAY,6TH & WALNUT ST,39.16751068,-86.53358618
2009,1,3,Weekday,1700,1-Car,No injury/unknown,ROADWAY SURFACE CONDITION,3RD & SR37N,39.16747214,-86.57272682
2009,4,2,Weekday,1600,2-Car,No injury/unknown,OTHER (DRIVER) - EXPLAIN IN NARRATIVE,3RD & SR 37 HWY,39.16747214,-86.57272682
2009,4,4,Weekday,1200,2-Car,No injury/unknown,OTHER (DRIVER) - EXPLAIN IN NARRATIVE,125 SOUTH JORDAN  (WEST LOT) AVE & SOUTH JORDAN,39.167344,-86.515792
2009,3,5,Weekday,1500,1-Car,No injury/unknown,OTHER (DRIVER) - EXPLAIN IN NARRATIVE,E KIRKWOOD AVE,39.167283,-86.523439
2009,12,3,Weekday,1500,2-Car,No injury/unknown,UNSAFE BACKING,N ROSE AVE,39.167258,-86.510899
2009,5,5,Weekday,600,2-Car,No injury/unknown,UNSAFE BACKING,GLENWOOD & LONGVIEW AVE,39.16719,-86.48423
2009,3,1,Weekend,100,1-Car,No injury/unknown,OTHER (DRIVER) - EXPLAIN IN NARRATIVE,7TH AND UNION & UNION ST,39.16712264,-86.50929931
2009,10,6,Weekday,1500,2-Car,No injury/unknown,IMPROPER TURNING,INDIANA AVE & KIRKWOOD,39.16705188,-86.52690794
2009,3,3,Weekday,1400,2-Car,No injury/unknown,OTHER (VEHICLE) - EXPLAIN IN NARRATIVE,N JORDAN AVE,39.167006,-86.516145
2009,9,1,Weekday,2100,1-Car,No injury/unknown,OTHER (DRIVER) - EXPLAIN IN NARRATIVE,NORTH JORDAN AVE,39.166992,-86.51611837
2009,10,6,Weekday,900,1-Car,No injury/unknown,OTHER (VEHICLE) - EXPLAIN IN NARRATIVE,SOUTH JORDAN AVE,39.166978,-86.516149
2009,2,5,Weekday,1600,3+ Cars,Non-incapacitating,FAILURE TO YIELD RIGHT OF WAY,LONGVIEW & PETE ELLIS DR,39.166944,-86.495056
2009,6,4,Weekday,1700,3+ Cars,Non-incapacitating,FOLLOWING TOO CLOSELY,LONGVIEW ST & PETE ELLIS,39.166944,-86.495056
2009,8,4,Weekday,1700,2-Car,Non-incapacitating,DISREGARD SIGNAL/REG SIGN,LONGVIEW & PETE ELLIS DR,39.166944,-86.495056
2009,8,6,Weekday,1600,3+ Cars,No injury/unknown,FAILURE TO YIELD RIGHT OF WAY,LONGVIEW & PETE ELLIS DR,39.166944,-86.495056
2009,11,5,Weekday,1600,1-Car,No injury/unknown,OTHER (DRIVER) - EXPLAIN IN NARRATIVE,E MORNINGSIDE & N SHEFFIELD DR,39.166944,-86.4796
2009,9,3,Weekday,1000,2-Car,No injury/unknown,IMPROPER LANE USAGE,INDIANA AVE & KIRKWOOD,39.16694205,-86.52690476
2009,3,6,Weekday,1800,2-Car,No injury/unknown,DRIVER DISTRACTED - EXPLAIN IN NARRATIVE,COLLEGE AVE & KIRKWOOD,39.16691464,-86.53479564
2009,8,5,Weekday,900,2-Car,No injury/unknown,FAILURE TO YIELD RIGHT OF WAY,SO PETE ELLIS DR,39.166909,-86.494916
2009,7,6,Weekday,1000,2-Car,No injury/unknown,IMPROPER TURNING,KINGSTON & LONGVIEW DR,39.1669,-86.49280865
2009,9,3,Weekday,0,3+ Cars,No injury/unknown,UNSAFE SPEED,LONGVIEW DR,39.166848,-86.495088
2009,11,2,Weekday,100,2-Car,No injury/unknown,IMPROPER PASSING,5TH & UNION ST,39.166848,-86.509296
2009,5,4,Weekday,1200,2-Car,Non-incapacitating,FAILURE TO YIELD RIGHT OF WAY,EAST FIFTH & UNION ST,39.16682,-86.50944
2009,5,7,Weekend,1100,2-Car,No injury/unknown,FAILURE TO YIELD RIGHT OF WAY,5TH & ADAMS ST,39.166816,-86.549488
2009,6,7,Weekend,1000,2-Car,Non-incapacitating,FOLLOWING TOO CLOSELY,ADAMS ST & W KIRKWOOD,39.166816,-86.549488
2009,12,3,Weekday,1600,2-Car,No injury/unknown,UNSAFE BACKING,ADAMS & KIRKWOOD AVE,39.166816,-86.549488
2009,12,3,Weekday,1900,2-Car,No injury/unknown,OTHER (DRIVER) - EXPLAIN IN NARRATIVE,E KIRKWOOD ST,39.16677127,-86.54552653
2009,3,3,Weekday,1900,2-Car,No injury/unknown,CELL PHONE USAGE,ELM & KIRKWOOD AVE,39.166768,-86.5452
2009,5,4,Weekday,1300,3+ Cars,No injury/unknown,SPEED TOO FAST FOR WEATHER CONDITIONS,ELM & KIRKWOOD AVE,39.166768,-86.5452
2009,6,3,Weekday,2000,2-Car,No injury/unknown,FAILURE TO YIELD RIGHT OF WAY,ELM & KIRKWOOD AVE,39.166768,-86.5452
2009,10,2,Weekday,1900,2-Car,Incapacitating,DISREGARD SIGNAL/REG SIGN,ELM & KIRKWOOD AVE,39.166768,-86.5452
2009,3,2,Weekday,2000,2-Car,No injury/unknown,UNSAFE BACKING,KIRKWOOD AVE & MAPLE,39.16672188,-86.5422724
2009,10,6,Weekday,200,2-Car,Non-incapacitating,FAILURE TO YIELD RIGHT OF WAY,N MAPLE & W KIRKWOOD AVE,39.16672,-86.542096
2009,5,7,Weekend,1400,2-Car,No injury/unknown,FAILURE TO YIELD RIGHT OF WAY,SR46 & SR46E,39.16669734,-86.4614401
2009,10,6,Weekday,1600,2-Car,No injury/unknown,FAILURE TO YIELD RIGHT OF WAY,JACKSON & WEST KIRKWOOD AVE,39.166688,-86.539808
2009,2,3,Weekday,1100,2-Car,No injury/unknown,UNSAFE BACKING,N DANIELS WAY WAY,39.166678,-86.599144
2009,2,5,Weekday,1700,2-Car,No injury/unknown,DRIVER DISTRACTED - EXPLAIN IN NARRATIVE,DANIELS WAY,39.166678,-86.599144
2009,2,3,Weekday,1300,2-Car,No injury/unknown,UNSAFE BACKING,DANIELS WAY,39.166678,-86.599144
2009,8,2,Weekday,1600,3+ Cars,No injury/unknown,OTHER (VEHICLE) - EXPLAIN IN NARRATIVE,DANIELS WAY,39.166678,-86.599144
2009,10,5,Weekday,1600,2-Car,No injury/unknown,NONE (DRIVER),N DANIALS WAYS WAY,39.166678,-86.599144
2009,1,1,Weekend,1700,2-Car,Non-incapacitating,DISREGARD SIGNAL/REG SIGN,KIRKWOOD AVE & ROGERS,39.166672,-86.538608
2009,2,5,Weekday,1500,2-Car,No injury/unknown,FOLLOWING TOO CLOSELY,KIRKWOOD & ROGERS ST,39.166672,-86.538608
2009,3,1,Weekend,900,2-Car,No injury/unknown,DISREGARD SIGNAL/REG SIGN,KIRKWOOD AVE & ROGERS,39.166672,-86.538608
2009,5,5,Weekday,1600,2-Car,No injury/unknown,FAILURE TO YIELD RIGHT OF WAY,KIRKWOOD AVE & ROGERS,39.166672,-86.538608
2009,8,6,Weekday,1200,2-Car,No injury/unknown,LEFT OF CENTER,S ROGERS ST & W KIRKWOOD,39.166672,-86.538608
2009,9,7,Weekend,100,2-Car,No injury/unknown,UNSAFE BACKING,KIRKWOOD AVE & ROGERS,39.166672,-86.538608
2009,10,6,Weekday,1100,2-Car,Non-incapacitating,FAILURE TO YIELD RIGHT OF WAY,KIRKWOOD AVE & ROGERS,39.166672,-86.538608
2009,4,3,Weekday,2200,1-Car,No injury/unknown,DRIVER ILLNESS,KIRKWOOD AVE & MADISON,39.16666233,-86.53781459
2009,8,5,Weekday,1000,2-Car,No injury/unknown,UNSAFE BACKING,SOUTH JORDAN AVE,39.166659,-86.516367
2009,1,6,Weekday,900,2-Car,No injury/unknown,FAILURE TO YIELD RIGHT OF WAY,KIRKWOOD AVE & MADISON,39.166656,-86.537296
2009,2,6,Weekday,1600,2-Car,Non-incapacitating,FAILURE TO YIELD RIGHT OF WAY,KIRKWOOD AVE & MADISON,39.166656,-86.537296
2009,6,4,Weekday,1400,2-Car,No injury/unknown,FAILURE TO YIELD RIGHT OF WAY,KIRKWOOD AVE & MADISON,39.166656,-86.537296
2009,8,2,Weekday,2000,2-Car,No injury/unknown,FAILURE TO YIELD RIGHT OF WAY,KIRKWOOD AVE & MADISON,39.166656,-86.537296
2009,10,2,Weekday,1700,Moped/Motorcycle,No injury/unknown,FAILURE TO YIELD RIGHT OF WAY,KIRKWOOD AVE & MADISON,39.166656,-86.537296
2009,12,3,Weekday,1300,2-Car,No injury/unknown,FAILURE TO YIELD RIGHT OF WAY,KIRKWOOD AVE & MADISON,39.166656,-86.537296
2009,6,3,Weekday,2000,2-Car,No injury/unknown,,INDIANA & KIRKWOOD AVE,39.16664,-86.52760165
2009,12,2,Weekday,1400,2-Car,No injury/unknown,UNSAFE BACKING,DUNN & KIRKWOOD AVE,39.16664,-86.52766277
2009,5,2,Weekday,1200,2-Car,No injury/unknown,FAILURE TO YIELD RIGHT OF WAY,KIRKWOOD AVE & LINCOLN,39.16664,-86.53125662
2009,1,2,Weekday,700,2-Car,No injury/unknown,FAILURE TO YIELD RIGHT OF WAY,S WALNUT ST & WALNUT ST,39.16664,-86.5336
2009,1,4,Weekday,1700,Bus,No injury/unknown,FAILURE TO YIELD RIGHT OF WAY,DUNN & E KIRKWOOD AVE,39.16664,-86.528192
2009,1,1,Weekend,100,2-Car,No injury/unknown,FAILURE TO YIELD RIGHT OF WAY,KIRKWOOD & WALNUT ST,39.16664,-86.5336
2009,1,3,Weekday,1900,2-Car,No injury/unknown,DISREGARD SIGNAL/REG SIGN,COLLEGE AVE & KIRKWOOD,39.16664,-86.5348
2009,1,3,Weekday,1300,2-Car,No injury/unknown,ROADWAY SURFACE CONDITION,KIRKWOOD AVE & LINCOLN,39.16664,-86.530992
2009,1,3,Weekday,1500,2-Car,No injury/unknown,OTHER (DRIVER) - EXPLAIN IN NARRATIVE,COLLEGE AVE & KIRKWOOD,39.16664,-86.5348
2009,2,2,Weekday,1300,2-Car,No injury/unknown,OTHER (DRIVER) - EXPLAIN IN NARRATIVE,COLLEGE AVE & KIRKWOOD AVE AVE,39.16664,-86.5348
2009,2,5,Weekday,1000,2-Car,No injury/unknown,DISREGARD SIGNAL/REG SIGN,KIRKWOOD & WALNUT ST,39.16664,-86.5336
2009,2,5,Weekday,1300,2-Car,No injury/unknown,FAILURE TO YIELD RIGHT OF WAY,KIRKWOOD AVE & LINCOLN,39.16664,-86.530992
2009,2,1,Weekend,1700,2-Car,No injury/unknown,UNSAFE BACKING,KIRKWOOD AVE & WALNUT,39.16664,-86.5336
2009,2,2,Weekday,0,1-Car,No injury/unknown,OTHER (DRIVER) - EXPLAIN IN NARRATIVE,415 E KIRKWOOD AVE & N GRANT,39.16664,-86.529696
2009,2,3,Weekday,1900,1-Car,No injury/unknown,OTHER (VEHICLE) - EXPLAIN IN NARRATIVE,KIRKWOOD & WASHINGTON ST,39.16664,-86.5324
2009,2,4,Weekday,0,1-Car,No injury/unknown,RAN OFF ROAD RIGHT,KINGS & SR46E,39.16664,-86.454992
2009,3,7,Weekend,2000,2-Car,No injury/unknown,FOLLOWING TOO CLOSELY,SR46 & SR46W,39.16664,-86.462496
2009,3,4,Weekday,100,Pedestrian,Non-incapacitating,OTHER (DRIVER) - EXPLAIN IN NARRATIVE,DUNN ST & KIRKWOOD,39.16664,-86.528192
2009,3,2,Weekday,1500,2-Car,No injury/unknown,UNSAFE BACKING,KIRKWOOD AVE & WALNUT,39.16664,-86.5336
2009,3,3,Weekday,1900,2-Car,No injury/unknown,UNSAFE BACKING,KIRKWOOD AVE & WALNUT,39.16664,-86.5336
2009,4,3,Weekday,2200,1-Car,No injury/unknown,DRIVER ILLNESS,INDIANA AVE & KIRKWOOD,39.16664,-86.526896
2009,4,5,Weekday,1400,Moped/Motorcycle,Non-incapacitating,FAILURE TO YIELD RIGHT OF WAY,S COLLEGE & W KIRKWOOD AVE,39.16664,-86.5348
2009,4,4,Weekday,1300,2-Car,No injury/unknown,IMPROPER TURNING,316 E KIRKWOOD AVE & GRANT,39.16664,-86.529696
2009,5,7,Weekend,1200,2-Car,No injury/unknown,UNSAFE BACKING,E KIRKWOOD AVE,39.16664,-86.53096555
2009,5,2,Weekday,700,2-Car,Non-incapacitating,SPEED TOO FAST FOR WEATHER CONDITIONS,KIRKWOOD AVE & MAPLE,39.16664,-86.5422
2009,6,2,Weekday,1400,2-Car,No injury/unknown,IMPROPER TURNING,COLLEGE AVE & KIRKWOOD,39.16664,-86.5348
2009,6,3,Weekday,2200,2-Car,Non-incapacitating,DISREGARD SIGNAL/REG SIGN,KIRKWOOD AVE & WALNUT,39.16664,-86.5336
2009,6,1,Weekend,0,2-Car,Non-incapacitating,DISREGARD SIGNAL/REG SIGN,KIRKWOOD & WALNUT ST,39.16664,-86.5336
2009,6,4,Weekday,1400,2-Car,No injury/unknown,IMPROPER TURNING,DUNN & KIRKWOOD AVE,39.16664,-86.528192
2009,6,4,Weekday,1300,2-Car,No injury/unknown,FAILURE TO YIELD RIGHT OF WAY,INDIANA AVE & KIRKWOOD,39.16664,-86.526896
2009,7,4,Weekday,1400,2-Car,No injury/unknown,FAILURE TO YIELD RIGHT OF WAY,SR4546 & SR46W,39.16664,-86.462496
2009,7,4,Weekday,2200,2-Car,No injury/unknown,UNSAFE BACKING,N LINCOLN ST,39.16664,-86.530992
2009,8,2,Weekday,900,2-Car,Non-incapacitating,FAILURE TO YIELD RIGHT OF WAY,E KIRKWOOD AVE & WASHINGTON,39.16664,-86.5324
2009,8,2,Weekday,1800,2-Car,No injury/unknown,IMPROPER TURNING,COLLEGE AVE & KIRKWOOD,39.16664,-86.5348
2009,9,3,Weekday,1600,2-Car,No injury/unknown,FOLLOWING TOO CLOSELY,N COLLEGE AVE & W KIRKWOOD,39.16664,-86.5348
2009,9,6,Weekday,300,2-Car,No injury/unknown,ALCOHOLIC BEVERAGES,KIRKWOOD & WALNUT ST,39.16664,-86.5336
2009,9,1,Weekend,1400,2-Car,No injury/unknown,IMPROPER TURNING,INDIANA AVE & KIRKWOOD,39.16664,-86.526896
2009,9,7,Weekend,1700,Cyclist,Non-incapacitating,OTHER (DRIVER) - EXPLAIN IN NARRATIVE,GRANT & KIRKWOOD AVE,39.16664,-86.529696
2009,9,7,Weekend,200,Bus,No injury/unknown,RAN OFF ROAD RIGHT,INDIANA & KIRKWOOD AVE,39.16664,-86.526896
2009,10,6,Weekday,1700,2-Car,No injury/unknown,UNSAFE BACKING,KIRKWOOD AVE & WALNUT,39.16664,-86.5336
2009,10,3,Weekday,1400,2-Car,No injury/unknown,FAILURE TO YIELD RIGHT OF WAY,KIRKWOOD AVE & LINCOLN,39.16664,-86.530992
2009,10,4,Weekday,2100,2-Car,No injury/unknown,,DUNN & KIRKWOOD AVE,39.16664,-86.528192
2009,10,6,Weekend,2200,2-Car,No injury/unknown,UNSAFE BACKING,DUNN ST & KIRKWOOD,39.16664,-86.528192
2009,10,1,Weekend,200,2-Car,No injury/unknown,DISREGARD SIGNAL/REG SIGN,KIRKWOOD & WALNUT ST,39.16664,-86.5336
2009,10,7,Weekend,1700,2-Car,No injury/unknown,OTHER (DRIVER) - EXPLAIN IN NARRATIVE,COLLEGE AVE & KIRKWOOD,39.16664,-86.5348
2009,10,6,Weekday,1500,2-Car,No injury/unknown,SPEED TOO FAST FOR WEATHER CONDITIONS,KIRKWOOD & WALNUT ST,39.16664,-86.5336
2009,11,4,Weekday,1800,2-Car,No injury/unknown,UNSAFE BACKING,GRANT & KIRKWOOD AVE,39.16664,-86.529696
2009,11,7,Weekend,200,2-Car,No injury/unknown,DISREGARD SIGNAL/REG SIGN,E KIRKWOOD DR & S LINCOLN,39.16664,-86.530992
2009,11,7,Weekend,2200,3+ Cars,No injury/unknown,OTHER (DRIVER) - EXPLAIN IN NARRATIVE,E KIRKWOOD AVE & GRANT,39.16664,-86.529696
2009,11,7,Weekend,1900,3+ Cars,Non-incapacitating,RAN OFF ROAD RIGHT,GRANT & KIRKWOOD AVE,39.16664,-86.529696
2009,12,4,Weekday,1800,Pedestrian,Non-incapacitating,PEDESTRIAN ACTION,KIRKWOOD & WALNUT ST,39.16664,-86.5336
2009,12,7,Weekend,2000,2-Car,No injury/unknown,UNSAFE BACKING,S COLLEGE AVE,39.16664,-86.5348
2009,9,7,Weekend,1500,2-Car,No injury/unknown,IMPROPER TURNING,GENTRY & KIRKWOOD AVE,39.1666,-86.53561
2009,10,6,Weekday,1800,2-Car,No injury/unknown,FAILURE TO YIELD RIGHT OF WAY,GENTRY & KIRKWOOD AVE,39.1666,-86.53561
2009,11,6,Weekday,1800,2-Car,No injury/unknown,UNSAFE BACKING,COLLEGE & KIRKWOOD AVE,39.1666,-86.53489731
2009,11,2,Weekday,1100,2-Car,No injury/unknown,FOLLOWING TOO CLOSELY,E KIRKWOOD AVE & N WALNUT,39.16658,-86.53361
2009,7,1,Weekend,1300,2-Car,No injury/unknown,OTHER (DRIVER) - EXPLAIN IN NARRATIVE,KIRKWOOD AVE,39.16657,-86.532285
2009,8,6,Weekend,2000,2-Car,No injury/unknown,UNSAFE BACKING,KIRKWOOD AVE & WASHINGTON,39.16657,-86.53234524
2009,9,5,Weekday,1000,2-Car,No injury/unknown,OTHER (DRIVER) - EXPLAIN IN NARRATIVE,KIRKWOOD AVE & WASHINGTON,39.16657,-86.53234481
2009,1,1,Weekend,200,2-Car,Non-incapacitating,ALCOHOLIC BEVERAGES,KIRKWOOD AVE & WASHINTON,39.16656208,-86.53231546
2009,12,4,Weekday,800,2-Car,No injury/unknown,DISREGARD SIGNAL/REG SIGN,COLLEGE AVE & KIRKWOOD,39.16656208,-86.53489044
2009,5,3,Weekday,1000,Bus,No injury/unknown,UNSAFE BACKING,KIRKWOOD ALY,39.16656,-86.53104
2009,5,2,Weekday,1200,2-Car,No injury/unknown,IMPROPER TURNING,S KINGSTON AVE,39.16655822,-86.492816
2009,12,1,Weekend,1400,2-Car,No injury/unknown,UNSAFE BACKING,S KINGSTON DR,39.16655822,-86.492816
2009,1,3,Weekday,2200,1-Car,No injury/unknown,ANIMAL/OBJECT IN ROADWAY,KERR CREEK & SR46,39.16655525,-86.46255191
2009,5,4,Weekday,1600,2-Car,No injury/unknown,OTHER (DRIVER) - EXPLAIN IN NARRATIVE,KERR CREEK & SR46E,39.16655525,-86.46272484
2009,2,2,Weekday,900,Bus,No injury/unknown,OTHER (DRIVER) - EXPLAIN IN NARRATIVE,INDIANA AVE & KIRKWOOD,39.16654,-86.52692
2009,6,6,Weekday,1700,2-Car,No injury/unknown,OTHER (DRIVER) - EXPLAIN IN NARRATIVE,S GRANT ST,39.16649829,-86.52969829
2009,9,6,Weekend,2000,2-Car,No injury/unknown,UNSAFE BACKING,S INDIANA AVE,39.16649829,-86.52688914
2009,12,2,Weekday,1000,1-Car,No injury/unknown,OTHER (DRIVER) - EXPLAIN IN NARRATIVE,S FRANKLIN RD,39.166496,-86.571216
2009,11,5,Weekday,1500,2-Car,No injury/unknown,IMPROPER PASSING,LORI & SR46E,39.16648658,-86.4652961
2009,9,7,Weekend,2000,2-Car,No injury/unknown,BRAKE FAILURE OR DEFECTIVE,S INDIANA AVE,39.16647804,-86.52688816
2009,10,4,Weekday,1600,1-Car,No injury/unknown,OTHER (DRIVER) - EXPLAIN IN NARRATIVE,KINGS & SR46W,39.16647455,-86.46551555
2009,1,6,Weekday,1500,Bus,No injury/unknown,OTHER (DRIVER) - EXPLAIN IN NARRATIVE,INDIANA AVE & KIRKWOOD,39.16643415,-86.52688604
2009,10,1,Weekend,1100,2-Car,No injury/unknown,FAILURE TO YIELD RIGHT OF WAY,INDIANA AVE & KIRKWOOD,39.16643415,-86.52688604
2009,1,2,Weekday,1900,2-Car,No injury/unknown,OTHER (DRIVER) - EXPLAIN IN NARRATIVE,INDIANA AVE & KIRKWOOD,39.16636554,-86.52688272
2009,5,7,Weekend,1300,2-Car,No injury/unknown,UNSAFE BACKING,E MORNINGSIDE DR,39.166352,-86.487392
2009,8,4,Weekday,1100,2-Car,No injury/unknown,OTHER (DRIVER) - EXPLAIN IN NARRATIVE,10TH & SR46E,39.16626679,-86.50224214
2009,4,4,Weekday,1700,2-Car,No injury/unknown,FAILURE TO YIELD RIGHT OF WAY,S PETE ELLIS DR,39.16626253,-86.495088
2009,2,2,Weekday,1800,Pedestrian,Non-incapacitating,OTHER (DRIVER) - EXPLAIN IN NARRATIVE,MORNINGSIDE & SMITH RD,39.16625,-86.48129
2009,3,1,Weekday,2300,2-Car,No injury/unknown,OTHER (DRIVER) - EXPLAIN IN NARRATIVE,SOUTH ROSE AVE,39.1662177,-86.51097988
2009,4,3,Weekday,1400,2-Car,No injury/unknown,UNSAFE BACKING,S ROSE AVE,39.1662177,-86.51097988
2009,1,7,Weekend,100,2-Car,No injury/unknown,OTHER (DRIVER) - EXPLAIN IN NARRATIVE,PARK RIDGE RD,39.166132,-86.475481
2009,6,6,Weekday,1200,2-Car,No injury/unknown,UNSAFE BACKING,NORTH GATES DR,39.166131,-86.576004
2009,10,1,Weekend,1300,2-Car,No injury/unknown,UNSAFE BACKING,N GATES DR,39.166131,-86.576004
2009,6,4,Weekday,1500,2-Car,No injury/unknown,IMPROPER TURNING,3RD & SR37N,39.16612236,-86.57302593
2009,8,7,Weekend,1500,2-Car,No injury/unknown,DRIVER DISTRACTED - EXPLAIN IN NARRATIVE,3RD & SR45S,39.16612236,-86.57302593
2009,12,7,Weekend,300,2-Car,No injury/unknown,LEFT OF CENTER,4TH & DUNN ST,39.16592246,-86.52815728
2009,1,3,Weekday,1100,1-Car,No injury/unknown,RAN OFF ROAD RIGHT,W 4TH ST,39.1657329,-86.54414139
2009,2,1,Weekend,1600,2-Car,No injury/unknown,FOLLOWING TOO CLOSELY,3RD & SR46S,39.1657316,-86.46876888
2009,2,2,Weekday,1000,2-Car,No injury/unknown,UNSAFE BACKING,S ROGERS ST & W 4TH,39.165696,-86.538592
2009,4,2,Weekday,1200,2-Car,No injury/unknown,FAILURE TO YIELD RIGHT OF WAY,4TH STREET & ROGERS ST ST,39.165696,-86.538592
2009,12,6,Weekend,2100,2-Car,No injury/unknown,FAILURE TO YIELD RIGHT OF WAY,4TH & ROGERS ST,39.165696,-86.538592
2009,4,3,Weekday,1500,2-Car,No injury/unknown,OTHER (DRIVER) - EXPLAIN IN NARRATIVE,4TH ST & MADISON,39.16567565,-86.53694323
2009,5,2,Weekday,2000,1-Car,No injury/unknown,RAN OFF ROAD RIGHT,CURRY PIKE & SR48,39.16566804,-86.5829377
2009,4,1,Weekend,1000,2-Car,No injury/unknown,OTHER (DRIVER) - EXPLAIN IN NARRATIVE,100 W 4TH ST & COLLEGE,39.165664,-86.5348
2009,9,4,Weekday,1700,Pedestrian,Non-incapacitating,FAILURE TO YIELD RIGHT OF WAY,4TH & COLLEGE AVE,39.165664,-86.5348
2009,9,1,Weekend,1800,3+ Cars,No injury/unknown,SPEED TOO FAST FOR WEATHER CONDITIONS,4TH & COLLEGE AVE,39.165664,-86.5348
2009,9,7,Weekend,0,2-Car,No injury/unknown,IMPROPER LANE USAGE,4TH & COLLEGE AVE,39.165664,-86.5348