Year,Month,Day,Weekend?,Hour,Collision Type,Injury Type,Primary Factor,Reported_Location,Latitude,Longitude
2009,12,7,Weekend,1500,2-Car,No injury/unknown,IMPROPER LANE USAGE,E 3RD ST & JEFFERSON,39.164304,-86.506992
2009,12,5,Weekday,1700,2-Car,No injury/unknown,FAILURE TO YIELD RIGHT OF WAY,3RD & JEFFERSON ST,39.164304,-86.506992
2009,4,1,Weekend,1300,2-Car,No injury/unknown,OTHER (DRIVER) - EXPLAIN IN NARRATIVE,EAST 3RD ST,39.16430382,-86.50578085
2009,4,7,Weekend,1600,Cyclist,Non-incapacitating,FAILURE TO YIELD RIGHT OF WAY,3RD ST & ROOSEVELT,39.16430116,-86.50561563
2009,1,6,Weekday,1500,3+ Cars,No injury/unknown,FOLLOWING TOO CLOSELY,CLARK & THIRD ST,39.164288,-86.5048
2009,10,5,Weekday,1900,2-Car,Non-incapacitating,FAILURE TO YIELD RIGHT OF WAY,3RD ST & CLARK,39.164288,-86.5048
2009,11,6,Weekday,1800,2-Car,No injury/unknown,FAILURE TO YIELD RIGHT OF WAY,3RD ST & CLARK,39.164288,-86.5048
2009,9,1,Weekend,1800,2-Car,No injury/unknown,UNSAFE BACKING,S GRANT ST,39.16427429,-86.52973127
2009,1,5,Weekday,1900,2-Car,No injury/unknown,FAILURE TO YIELD RIGHT OF WAY,3RD ST & OVERHILL,39.164272,-86.501488
2009,2,1,Weekend,1500,2-Car,Non-incapacitating,FAILURE TO YIELD RIGHT OF WAY,3RD ST & OVERHILL,39.164272,-86.501488
2009,2,3,Weekday,1800,2-Car,No injury/unknown,OTHER (DRIVER) - EXPLAIN IN NARRATIVE,2520 E 3RD ST ST,39.164272,-86.50222661
2009,2,5,Weekday,1000,2-Car,No injury/unknown,FAILURE TO YIELD RIGHT OF WAY,3RD ST & OVERHILL,39.164272,-86.501488
2009,3,6,Weekday,1200,2-Car,No injury/unknown,FAILURE TO YIELD RIGHT OF WAY,400 SOUTH WOODSCREST DR & E 3RD,39.164272,-86.502416
2009,3,2,Weekday,1300,2-Car,No injury/unknown,IMPROPER TURNING,EAST 3RD & WOODSCREST DR,39.164272,-86.502416
2009,3,2,Weekday,800,2-Car,No injury/unknown,DRIVER DISTRACTED - EXPLAIN IN NARRATIVE,EAST THIRD ST & OVERHILL,39.164272,-86.501488
2009,4,5,Weekday,1600,1-Car,No injury/unknown,UNSAFE BACKING,E 3RD ST,39.164272,-86.502416
2009,4,4,Weekday,1500,2-Car,Non-incapacitating,FAILURE TO YIELD RIGHT OF WAY,3RD ST,39.164272,-86.50230237
2009,4,4,Weekday,1500,2-Car,No injury/unknown,UNSAFE BACKING,E 3RD ST,39.164272,-86.50222661
2009,5,6,Weekday,1300,2-Car,No injury/unknown,UNSAFE BACKING,328 S WOODSCREST DR & 3RD,39.164272,-86.502416
2009,5,6,Weekday,1600,2-Car,Non-incapacitating,FAILURE TO YIELD RIGHT OF WAY,E 3RD ST & WOODCREST,39.164272,-86.502416
2009,6,1,Weekend,1100,2-Car,Non-incapacitating,FAILURE TO YIELD RIGHT OF WAY,3RD & WOODSCREST DR,39.164272,-86.502416
2009,8,2,Weekday,1700,Moped/Motorcycle,Non-incapacitating,FAILURE TO YIELD RIGHT OF WAY,COLLEGE MALL & E 3RD ST,39.164272,-86.501488
2009,8,3,Weekday,1900,2-Car,No injury/unknown,FOLLOWING TOO CLOSELY,3RD ST & WOODCREST,39.164272,-86.502416
2009,9,6,Weekday,1800,Pedestrian,Non-incapacitating,OTHER (DRIVER) - EXPLAIN IN NARRATIVE,2518 E THIRD ST & HILLSDALE,39.164272,-86.502416
2009,9,6,Weekday,1000,2-Car,No injury/unknown,OTHER (DRIVER) - EXPLAIN IN NARRATIVE,E 3RD ST,39.164272,-86.50199935
2009,9,7,Weekend,1400,2-Car,Non-incapacitating,FAILURE TO YIELD RIGHT OF WAY,3RD ST,39.164272,-86.50230237
2009,1,4,Weekday,1600,2-Car,No injury/unknown,UNSAFE BACKING,3RD & BALLANTINE RD,39.16427,-86.51913
2009,2,3,Weekday,1800,Cyclist,Non-incapacitating,PEDESTRIAN ACTION,E 3RD ST & WOODSCREST,39.16427,-86.5024273
2009,3,3,Weekday,1100,2-Car,No injury/unknown,IMPROPER LANE USAGE,BALLANTINE & THIRD ST,39.16427,-86.51913
2009,3,6,Weekday,1100,2-Car,No injury/unknown,OTHER (DRIVER) - EXPLAIN IN NARRATIVE,EAST THIRD ST,39.16427,-86.519129
2009,4,6,Weekday,1800,2-Car,No injury/unknown,FAILURE TO YIELD RIGHT OF WAY,3RD & BALLANTINE DR,39.16427,-86.51913
2009,5,4,Weekday,1700,2-Car,No injury/unknown,FAILURE TO YIELD RIGHT OF WAY,EAST THIRD ST & WOODSCREST,39.16427,-86.5024446
2009,5,2,Weekday,1200,2-Car,No injury/unknown,UNSAFE BACKING,EAST THIRD ST,39.16427,-86.512946
2009,7,3,Weekday,1300,3+ Cars,No injury/unknown,OTHER (DRIVER) - EXPLAIN IN NARRATIVE,EAST 3RD ST & WOODSCREST,39.16427,-86.50241
2009,8,2,Weekday,1700,2-Car,No injury/unknown,DRIVER DISTRACTED - EXPLAIN IN NARRATIVE,3RD ST & BALLANTINE,39.16427,-86.51913
2009,9,4,Weekday,900,Cyclist,No injury/unknown,OTHER (VEHICLE) - EXPLAIN IN NARRATIVE,E 3RD ST & WOODSCREST,39.16427,-86.50241
2009,9,6,Weekday,1700,2-Car,No injury/unknown,IMPROPER LANE USAGE,3RD ST & WOODSCREST,39.16427,-86.50241
2009,10,6,Weekday,1600,2-Car,No injury/unknown,DRIVER DISTRACTED - EXPLAIN IN NARRATIVE,ARBUTUS & E 3RD ST,39.16427,-86.51217
2009,10,6,Weekend,2000,2-Car,No injury/unknown,FAILURE TO YIELD RIGHT OF WAY,3RD ST & BRYAN,39.16427,-86.50825
2009,10,2,Weekday,1800,2-Car,No injury/unknown,NONE (DRIVER),EAST THIRD ST,39.16427,-86.512946
2009,10,2,Weekday,1800,2-Car,No injury/unknown,,EAST 3RD ST,39.16427,-86.519115
2009,11,3,Weekday,1100,2-Car,No injury/unknown,OTHER (DRIVER) - EXPLAIN IN NARRATIVE,3RD ST & HILLSDALE,39.16427,-86.50265433
2009,11,4,Weekday,1200,2-Car,No injury/unknown,UNSAFE BACKING,EAST THIRD ST,39.16427,-86.519115
2009,11,7,Weekend,400,2-Car,Non-incapacitating,IMPROPER TURNING,BALLANTINE & EAST THIRD ST,39.16427,-86.51913
2009,12,3,Weekday,1700,3+ Cars,No injury/unknown,FOLLOWING TOO CLOSELY,E 3RD ST & WOODSCREST,39.16427,-86.5024619
2009,7,6,Weekday,1000,Moped/Motorcycle,Non-incapacitating,ANIMAL/OBJECT IN ROADWAY,3RD & CORY LN,39.16426969,-86.56008
2009,7,6,Weekday,1700,2-Car,No injury/unknown,OTHER (DRIVER) - EXPLAIN IN NARRATIVE,E 3RD ST,39.16426743,-86.50104686
2009,4,2,Weekday,1700,2-Car,No injury/unknown,IMPROPER TURNING,EAST THIRD ST,39.164266,-86.502071
2009,3,3,Weekday,1100,1-Car,No injury/unknown,UNSAFE BACKING,E 3RD ST,39.16426514,-86.51183739
2009,5,5,Weekday,900,1-Car,No injury/unknown,OTHER (DRIVER) - EXPLAIN IN NARRATIVE,E THIRD ST,39.164262,-86.520733
2009,1,7,Weekend,1700,2-Car,No injury/unknown,FOLLOWING TOO CLOSELY,3RD ST & JORDAN,39.16426,-86.51640433
2009,1,2,Weekday,1600,2-Car,No injury/unknown,FAILURE TO YIELD RIGHT OF WAY,3RD ST & JORDAN,39.16426,-86.5164
2009,2,1,Weekend,0,2-Car,No injury/unknown,IMPROPER TURNING,3RD ST & JORDAN,39.16426,-86.5164
2009,6,3,Weekday,1300,2-Car,No injury/unknown,IMPROPER LANE USAGE,JORDAN & THIRD ST,39.16426,-86.51640865
2009,7,5,Weekday,1900,2-Car,Non-incapacitating,FOLLOWING TOO CLOSELY,3RD ST & JORDAN,39.16426,-86.5164
2009,10,5,Weekday,1800,3+ Cars,No injury/unknown,FOLLOWING TOO CLOSELY,3RD ST & JORDAN,39.16426,-86.5164
2009,10,5,Weekday,1800,1-Car,No injury/unknown,OTHER (DRIVER) - EXPLAIN IN NARRATIVE,E 3RD ST & JORDAN,39.16426,-86.5164
2009,11,3,Weekday,1300,2-Car,No injury/unknown,UNSAFE SPEED,3RD ST & JORDAN,39.16426,-86.51639481
2009,11,5,Weekday,1700,2-Car,No injury/unknown,FOLLOWING TOO CLOSELY,3RD ST & JORDAN,39.16426,-86.5164
2009,11,3,Weekday,1200,2-Car,No injury/unknown,FOLLOWING TOO CLOSELY,JORDAN & THIRD ST,39.16426,-86.5164212
2009,12,7,Weekend,1400,2-Car,No injury/unknown,IMPROPER TURNING,E 3RD ST & JORDAN,39.16426,-86.5164
2009,3,2,Weekday,1300,2-Car,No injury/unknown,FAILURE TO YIELD RIGHT OF WAY,E 3RD ST,39.16425856,-86.50019104
2009,11,6,Weekday,1700,2-Car,Incapacitating,PASSENGER DISTRACTION,3RD ST & COLLEGE MALL,39.16425829,-86.50016389
2009,9,1,Weekend,1800,2-Car,No injury/unknown,,E 3RD ST,39.16425689,-86.49395712
2009,1,2,Weekday,1300,2-Car,No injury/unknown,OTHER (DRIVER) - EXPLAIN IN NARRATIVE,E 3RD ST,39.16425344,-86.49969696
2009,7,3,Weekday,1300,2-Car,Non-incapacitating,FAILURE TO YIELD RIGHT OF WAY,3RD ST & COLLEGE MALL,39.16425098,-86.49945834
2009,1,3,Weekday,700,2-Car,No injury/unknown,IMPROPER TURNING,1500 E 3RD ST & 300 S SWAIN,39.16425006,-86.5152195
2009,3,7,Weekend,1300,2-Car,No injury/unknown,FOLLOWING TOO CLOSELY,1700 E THIRD ST & 300 S ARBUTUS,39.16425006,-86.51221422
2009,8,7,Weekend,1500,2-Car,No injury/unknown,OTHER (DRIVER) - EXPLAIN IN NARRATIVE,EAST 3RD ST,39.16425006,-86.49440791
2009,9,1,Weekend,1400,2-Car,No injury/unknown,FOLLOWING TOO CLOSELY,E 3RD ST & WILLIAMS BURG,39.16425006,-86.49657741
2009,1,6,Weekday,1800,2-Car,No injury/unknown,FOLLOWING TOO CLOSELY,SWAIN & THIRD ST,39.16425,-86.51526865
2009,1,7,Weekend,1700,2-Car,No injury/unknown,FAILURE TO YIELD RIGHT OF WAY,3RD ST & SWAIN,39.16425,-86.51526
2009,4,5,Weekday,2000,3+ Cars,No injury/unknown,FAILURE TO YIELD RIGHT OF WAY,3RD ST & HAWTHORNE,39.16425,-86.52009
2009,4,1,Weekend,1400,2-Car,No injury/unknown,FOLLOWING TOO CLOSELY,E 3RD ST & SWAIN,39.16425,-86.51526
2009,6,3,Weekday,1300,2-Car,No injury/unknown,FOLLOWING TOO CLOSELY,EAST THIRD STREET ST & SWAIN,39.16425,-86.51525308
2009,7,5,Weekday,1200,2-Car,No injury/unknown,FAILURE TO YIELD RIGHT OF WAY,EAST THIRD ST & SWAIN,39.16425,-86.51526
2009,7,2,Weekday,1700,2-Car,No injury/unknown,OTHER (DRIVER) - EXPLAIN IN NARRATIVE,3RD ST & HAWTHORNE,39.16425,-86.52009865
2009,9,4,Weekday,1700,Pedestrian,Non-incapacitating,IMPROPER LANE USAGE,3RD ST & MITCHELL,39.16425,-86.51423
2009,10,5,Weekday,1900,3+ Cars,No injury/unknown,DRIVER DISTRACTED - EXPLAIN IN NARRATIVE,E 3RD ST & MITCHELL,39.16425,-86.51423865
2009,11,2,Weekday,900,2-Car,No injury/unknown,UNSAFE SPEED,3RD & HAWTHORNE DR,39.16425,-86.52009
2009,11,7,Weekend,1700,2-Car,No injury/unknown,FAILURE TO YIELD RIGHT OF WAY,SWAIN & THIRD ST,39.16425,-86.51526
2009,8,7,Weekend,1500,1-Car,Non-incapacitating,BRAKE FAILURE OR DEFECTIVE,E 3RD ST,39.16424711,-86.47368
2009,1,6,Weekday,100,2-Car,No injury/unknown,OTHER (DRIVER) - EXPLAIN IN NARRATIVE,HIGHLAND & THIRD ST,39.16424664,-86.51771252
2009,4,7,Weekend,1800,2-Car,No injury/unknown,IMPROPER LANE USAGE,3RD ST & HIGHLAND,39.16424664,-86.51771252
2009,4,4,Weekday,1600,3+ Cars,No injury/unknown,FOLLOWING TOO CLOSELY,E 3RD ST & HIGHLAND,39.16424664,-86.51770603
2009,9,3,Weekday,2000,2-Car,No injury/unknown,FAILURE TO YIELD RIGHT OF WAY,3RD ST & HIGHLAND,39.16424664,-86.51771252
2009,11,7,Weekend,1100,2-Car,No injury/unknown,OTHER (DRIVER) - EXPLAIN IN NARRATIVE,HIGHLAND & THIRD ST,39.16424664,-86.51771252
2009,7,1,Weekend,1500,3+ Cars,No injury/unknown,FOLLOWING TOO CLOSELY,3RD ST & KINGSTON,39.16424,-86.49364962
2009,11,1,Weekend,1600,2-Car,No injury/unknown,FAILURE TO YIELD RIGHT OF WAY,KINGSTON & SR46E,39.16424,-86.49364962
2009,8,2,Weekday,1800,2-Car,No injury/unknown,FOLLOWING TOO CLOSELY,PETE ELLIS & SR46E,39.16424,-86.49482339
2009,10,5,Weekday,1700,2-Car,No injury/unknown,FOLLOWING TOO CLOSELY,3RD ST & KINGSTON,39.16424,-86.49267939
2009,6,2,Weekday,1300,2-Car,No injury/unknown,FOLLOWING TOO CLOSELY,SMITH & SR46E,39.16424,-86.48047631
2009,8,4,Weekday,700,1-Car,No injury/unknown,ANIMAL/OBJECT IN ROADWAY,3RD ST & PLEASANT RIDGE,39.16424,-86.4890236
2009,10,7,Weekend,1600,Bus,No injury/unknown,FOLLOWING TOO CLOSELY,3RD ST & ARBUTUS,39.16424,-86.51262522
2009,11,7,Weekend,2300,Pedestrian,Non-incapacitating,PEDESTRIAN ACTION,3RD ST & SMITH,39.16424,-86.48015879
2009,1,4,Weekday,2000,2-Car,Non-incapacitating,OTHER (DRIVER) - EXPLAIN IN NARRATIVE,3RD ST & COLLEGE MALL,39.16424,-86.4984
2009,1,7,Weekend,1800,2-Car,No injury/unknown,FAILURE TO YIELD RIGHT OF WAY,3RD ST & KINGSTON,39.16424,-86.492944
2009,1,1,Weekend,1000,1-Car,No injury/unknown,OTHER (DRIVER) - EXPLAIN IN NARRATIVE,W 3RD ST,39.16424,-86.484384
2009,1,1,Weekday,1900,2-Car,Non-incapacitating,FOLLOWING TOO CLOSELY,COLLEGE MALL & SR46W,39.16424,-86.4984
2009,1,6,Weekday,1400,2-Car,No injury/unknown,DRIVER DISTRACTED - EXPLAIN IN NARRATIVE,3RD ST & CLARIZZ,39.16424,-86.4908
2009,1,6,Weekday,1800,2-Car,No injury/unknown,OTHER (DRIVER) - EXPLAIN IN NARRATIVE,3RD ST & CLARIZZ,39.16424,-86.4908
2009,1,7,Weekend,1200,2-Car,No injury/unknown,UNSAFE BACKING,E 3RD ST ST,39.16424,-86.49224392
2009,1,7,Weekend,1400,2-Car,No injury/unknown,FAILURE TO YIELD RIGHT OF WAY,3RD & COLLEGE MALL RD,39.16424,-86.4984
2009,2,1,Weekday,2000,2-Car,No injury/unknown,OTHER (DRIVER) - EXPLAIN IN NARRATIVE,E 3RD ST & KINGSTON,39.16424,-86.492944
2009,2,3,Weekday,1200,2-Car,No injury/unknown,DISREGARD SIGNAL/REG SIGN,E 3RD ST ST & PETE ELLIS DR,39.16424,-86.495088
2009,2,6,Weekend,2000,2-Car,No injury/unknown,OTHER (DRIVER) - EXPLAIN IN NARRATIVE,3RD ST,39.16424,-86.480688
2009,2,1,Weekend,1300,2-Car,No injury/unknown,UNSAFE BACKING,3RD ST & COLLEGE MALL,39.16424,-86.4984
2009,2,6,Weekday,1300,2-Car,No injury/unknown,FAILURE TO YIELD RIGHT OF WAY,COLLEGE MALL & E 3RD ST ST,39.16424,-86.4984
2009,2,1,Weekend,1100,2-Car,No injury/unknown,FAILURE TO YIELD RIGHT OF WAY,COLLEGE MALL & E 3RD ST,39.16424,-86.4984
2009,2,4,Weekday,800,2-Car,Non-incapacitating,FOLLOWING TOO CLOSELY,NORTH SMITH PIKE & SR46W,39.16424,-86.480688
2009,2,7,Weekend,1900,2-Car,No injury/unknown,FOLLOWING TOO CLOSELY,COLLEGE MALL & SR46W,39.16424,-86.4984
2009,2,7,Weekend,1100,2-Car,No injury/unknown,FAILURE TO YIELD RIGHT OF WAY,3RD & PETE ELLIS DR,39.16424,-86.495088
2009,3,3,Weekday,2000,3+ Cars,Non-incapacitating,ALCOHOLIC BEVERAGES,3RD ST & SMITH,39.16424,-86.480688
2009,3,6,Weekday,1200,2-Car,No injury/unknown,OTHER (DRIVER) - EXPLAIN IN NARRATIVE,E 3RD ST,39.16424,-86.49425989
2009,3,6,Weekday,1800,2-Car,No injury/unknown,FAILURE TO YIELD RIGHT OF WAY,COLLEGE MALL & EAST 3RD ST,39.16424,-86.4984
2009,3,4,Weekday,1500,1-Car,No injury/unknown,UNSAFE BACKING,E 3RD ST,39.16424,-86.4779455
2009,3,1,Weekend,300,2-Car,No injury/unknown,ALCOHOLIC BEVERAGES,E 3RD ST & PETE ELLIS,39.16424,-86.495088
2009,3,6,Weekday,1800,1-Car,No injury/unknown,ANIMAL/OBJECT IN ROADWAY,SMITHVILLE & SR37S,39.16424,-86.480688
2009,4,6,Weekday,1100,2-Car,No injury/unknown,IMPROPER TURNING,3RD ST ST & MORNINGSIDE DR,39.16424,-86.473696
2009,4,6,Weekday,800,3+ Cars,Non-incapacitating,PRESCRIPTION DRUGS,E 3RD & SO SMITH RD,39.16424,-86.480688
2009,4,2,Weekday,1700,2-Car,Non-incapacitating,FOLLOWING TOO CLOSELY,3RD ST & PARK RIDGE,39.16424,-86.476096
2009,4,5,Weekday,1800,2-Car,No injury/unknown,OTHER (DRIVER) - EXPLAIN IN NARRATIVE,S KINGSTON DR,39.16424,-86.492944
2009,4,7,Weekend,1500,2-Car,No injury/unknown,FAILURE TO YIELD RIGHT OF WAY,KINGSTON & THIRD ST,39.16424,-86.492944
2009,4,1,Weekend,1200,2-Car,No injury/unknown,FAILURE TO YIELD RIGHT OF WAY,E 3RD ST & HERITAGE,39.16424,-86.482592
2009,4,3,Weekday,1500,2-Car,No injury/unknown,DISREGARD SIGNAL/REG SIGN,E 3RD ST & S SMITH,39.16424,-86.480688
2009,4,4,Weekday,1400,2-Car,No injury/unknown,FAILURE TO YIELD RIGHT OF WAY,E 3RD ST & PETE ELLIS,39.16424,-86.495088
2009,4,7,Weekend,1700,2-Car,No injury/unknown,FAILURE TO YIELD RIGHT OF WAY,3RD ST & KINGSTON,39.16424,-86.492944
2009,4,3,Weekday,1400,2-Car,No injury/unknown,DRIVER DISTRACTED - EXPLAIN IN NARRATIVE,CLARIZZ & EAST 3RD ST,39.16424,-86.4908
2009,5,5,Weekday,1800,Pedestrian,Non-incapacitating,OTHER (DRIVER) - EXPLAIN IN NARRATIVE,E 3RD & S COLLEGE MALL RD,39.16424,-86.4984
2009,5,6,Weekend,2000,2-Car,No injury/unknown,FOLLOWING TOO CLOSELY,3RD ST & SMITH,39.16424,-86.480688
2009,5,2,Weekday,1500,2-Car,No injury/unknown,OTHER (VEHICLE) - EXPLAIN IN NARRATIVE,WEST 3RD ST,39.16424,-86.48968889
2009,5,5,Weekday,1400,2-Car,Non-incapacitating,FAILURE TO YIELD RIGHT OF WAY,E 3RD ST & KINGSTON,39.16424,-86.492944
2009,5,1,Weekend,1000,2-Car,No injury/unknown,OTHER (DRIVER) - EXPLAIN IN NARRATIVE,300 SOUTH COLLEGE MALL RD & 3RD,39.16424,-86.4984
2009,5,1,Weekend,1500,2-Car,No injury/unknown,OTHER (DRIVER) - EXPLAIN IN NARRATIVE,3RD & SMITH RD,39.16424,-86.480688
2009,5,6,Weekend,2200,1-Car,No injury/unknown,OTHER (DRIVER) - EXPLAIN IN NARRATIVE,EAST 3RD ST & HERITAGE,39.16424,-86.482592
2009,5,7,Weekend,2100,2-Car,No injury/unknown,UNSAFE BACKING,E 3RD ST,39.16424,-86.47599804
2009,6,1,Weekend,1500,2-Car,No injury/unknown,FAILURE TO YIELD RIGHT OF WAY,COLLEGE MALL & EAST 3RD ST,39.16424,-86.4984
2009,6,2,Weekday,1100,2-Car,Non-incapacitating,FOLLOWING TOO CLOSELY,3RD ST & PETE ELLIS,39.16424,-86.495088
2009,6,3,Weekday,900,2-Car,Non-incapacitating,FAILURE TO YIELD RIGHT OF WAY,E 3RD ST & PARK RIDGE,39.16424,-86.476096
2009,6,2,Weekday,2100,1-Car,No injury/unknown,ANIMAL/OBJECT IN ROADWAY,SMITHVILLE RD & SR37N,39.16424,-86.480688
2009,6,6,Weekday,1200,2-Car,Non-incapacitating,FAILURE TO YIELD RIGHT OF WAY,E 3RD ST & PARK RIDGE,39.16424,-86.476096
2009,6,7,Weekend,1000,2-Car,Non-incapacitating,FOLLOWING TOO CLOSELY,3RD & COLLEGE MALL RD,39.16424,-86.4984
2009,7,3,Weekday,900,Bus,No injury/unknown,IMPROPER TURNING,3RD & PARK RIDGE RD,39.16424,-86.476096
2009,7,3,Weekday,1700,2-Car,No injury/unknown,FOLLOWING TOO CLOSELY,KINGSTON & SR46E,39.16424,-86.492944
2009,7,6,Weekday,1200,2-Car,No injury/unknown,UNSAFE BACKING,3RD ST ST,39.16424,-86.49259396
2009,7,2,Weekday,1600,2-Car,No injury/unknown,DRIVER DISTRACTED - EXPLAIN IN NARRATIVE,EAST 3RD ST & MORNINGSIDE,39.16424,-86.473696
2009,7,5,Weekday,1200,2-Car,No injury/unknown,OTHER (DRIVER) - EXPLAIN IN NARRATIVE,MEADOWBROOK & SR46E,39.16424,-86.484384
2009,7,6,Weekday,1700,2-Car,No injury/unknown,OTHER (DRIVER) - EXPLAIN IN NARRATIVE,3RD & COLLEGE MALL RD,39.16424,-86.4984
2009,7,3,Weekday,1700,2-Car,Non-incapacitating,FAILURE TO YIELD RIGHT OF WAY,E 3RD ST & KINGSTON,39.16424,-86.492944
2009,8,1,Weekend,1700,3+ Cars,Non-incapacitating,DISREGARD SIGNAL/REG SIGN,COLLEGE MALL & EAST 3RD ST,39.16424,-86.4984
2009,8,5,Weekday,1600,2-Car,No injury/unknown,FOLLOWING TOO CLOSELY,3RD ST & COLLEGE MALL,39.16424,-86.4984
2009,8,1,Weekend,1100,2-Car,No injury/unknown,FAILURE TO YIELD RIGHT OF WAY,3RD ST & PETE ELLIS DRIVE DR,39.16424,-86.495088
2009,8,6,Weekday,1600,2-Car,No injury/unknown,FAILURE TO YIELD RIGHT OF WAY,3RD ST & COLLEGE MALL,39.16424,-86.4984
2009,8,3,Weekday,2100,2-Car,No injury/unknown,FAILURE TO YIELD RIGHT OF WAY,COLLEGE MALL & THIRD ST,39.16424,-86.4984
2009,8,3,Weekday,1600,2-Car,No injury/unknown,FAILURE TO YIELD RIGHT OF WAY,SMITH & SR46E,39.16424,-86.480688
2009,9,6,Weekday,1500,2-Car,Non-incapacitating,FAILURE TO YIELD RIGHT OF WAY,E 3RD ST & S SMITH,39.16424,-86.480688
2009,9,1,Weekend,800,2-Car,No injury/unknown,UNSAFE BACKING,S KINGSTON DR,39.16424,-86.492944
2009,9,6,Weekday,0,2-Car,No injury/unknown,UNSAFE BACKING,E 3RD ST,39.16424,-86.480688
2009,9,5,Weekday,2200,2-Car,No injury/unknown,FAILURE TO YIELD RIGHT OF WAY,E 3RD ST & PARK RIDGE,39.16424,-86.476096
2009,9,6,Weekday,1300,2-Car,No injury/unknown,FOLLOWING TOO CLOSELY,3RD ST & PETE ELLIS,39.16424,-86.495088
2009,10,6,Weekday,900,1-Car,No injury/unknown,,E 3RD ST,39.16424,-86.4856953
2009,10,4,Weekday,1100,3+ Cars,No injury/unknown,DRIVER DISTRACTED - EXPLAIN IN NARRATIVE,E 3RD ST & PETE ELLIS,39.16424,-86.495088
2009,10,7,Weekend,1700,2-Car,No injury/unknown,FAILURE TO YIELD RIGHT OF WAY,4405 E THIRD ST & PARK RIDGE EAST,39.16424,-86.476096
2009,10,4,Weekday,1800,2-Car,No injury/unknown,UNSAFE BACKING,E 3RD ST,39.16424,-86.49250645
2009,10,6,Weekday,1100,2-Car,Non-incapacitating,FOLLOWING TOO CLOSELY,E 3RD & S CLARIZZ BLVD,39.16424,-86.4908
2009,10,1,Weekend,1000,2-Car,No injury/unknown,DRIVER DISTRACTED - EXPLAIN IN NARRATIVE,E 3RD ST & PETE ELLIS,39.16424,-86.495088
2009,10,3,Weekday,1500,2-Car,No injury/unknown,FOLLOWING TOO CLOSELY,E 3RD ST & KINGSTON,39.16424,-86.492944
2009,10,6,Weekday,1800,2-Car,Non-incapacitating,FAILURE TO YIELD RIGHT OF WAY,3RD ST & SMITH,39.16424,-86.480688
2009,11,2,Weekday,1400,2-Car,No injury/unknown,FAILURE TO YIELD RIGHT OF WAY,W 3RD ST,39.16424,-86.48595093
2009,11,6,Weekend,1900,2-Car,No injury/unknown,FAILURE TO YIELD RIGHT OF WAY,3216 E 3RD & KINGSTON DR,39.16424,-86.492944
2009,11,7,Weekend,1100,2-Car,No injury/unknown,FAILURE TO YIELD RIGHT OF WAY,E 3RD ST,39.16424,-86.49425989
2009,11,3,Weekday,1900,2-Car,No injury/unknown,FOLLOWING TOO CLOSELY,COLLEGE MALL & E 3RD ST,39.16424,-86.4984
2009,11,7,Weekend,1700,2-Car,No injury/unknown,FAILURE TO YIELD RIGHT OF WAY,COLLEGE MALL & THIRD ST,39.16424,-86.4984
2009,11,6,Weekday,1500,2-Car,No injury/unknown,FAILURE TO YIELD RIGHT OF WAY,COLLEGE MALL & THIRD ST,39.16424,-86.4984
2009,11,6,Weekday,1800,Pedestrian,Non-incapacitating,UNSAFE BACKING,E 3RD ST,39.16424,-86.49425989
2009,11,3,Weekday,1800,2-Car,No injury/unknown,OTHER (DRIVER) - EXPLAIN IN NARRATIVE,E 3RD ST,39.16424,-86.49250645
2009,11,5,Weekday,800,2-Car,No injury/unknown,OTHER (DRIVER) - EXPLAIN IN NARRATIVE,E 3RD ST ST,39.16424,-86.49368135
2009,12,6,Weekend,2100,2-Car,No injury/unknown,FAILURE TO YIELD RIGHT OF WAY,3RD ST & KINGSTON,39.16424,-86.492944
2009,12,7,Weekend,900,2-Car,No injury/unknown,FAILURE TO YIELD RIGHT OF WAY,3RD ST ST & COLLEGE MALL,39.16424,-86.4984
2009,12,7,Weekend,2000,2-Car,No injury/unknown,FOLLOWING TOO CLOSELY,COLLEGE MALL & E 3RD ST,39.16424,-86.4984
2009,12,2,Weekday,500,2-Car,No injury/unknown,OTHER (ENVIRONMENTAL) - EXPLAIN IN NARR,3RD ST & SMITH,39.16424,-86.480688
2009,12,2,Weekday,1300,2-Car,No injury/unknown,ALCOHOLIC BEVERAGES,COLLEGE MALL & E 3RD ST,39.16424,-86.4984
2009,12,5,Weekday,2000,2-Car,No injury/unknown,FAILURE TO YIELD RIGHT OF WAY,3000 EAST 3RD ST & KINGSTON,39.16424,-86.492944
2009,12,2,Weekday,1700,2-Car,No injury/unknown,FAILURE TO YIELD RIGHT OF WAY,COLLEGE MALL RD & EAST 3RD,39.16424,-86.4984
2009,12,3,Weekday,1500,2-Car,No injury/unknown,FAILURE TO YIELD RIGHT OF WAY,EAST 3RD & PETE ELLIS DR,39.16424,-86.495088
2009,12,3,Weekday,1600,3+ Cars,No injury/unknown,BRAKE FAILURE OR DEFECTIVE,E 3RD ST & KINGSTON,39.16424,-86.492944
2009,12,3,Weekday,1100,3+ Cars,No injury/unknown,FAILURE TO YIELD RIGHT OF WAY,W 3RD ST,39.16424,-86.49285649
2009,12,3,Weekday,1400,1-Car,No injury/unknown,FOLLOWING TOO CLOSELY,COLLEGE MALL RD & EAST 3RD,39.16424,-86.4984
2009,4,5,Weekday,2200,2-Car,No injury/unknown,UNSAFE BACKING,E 3RD ST,39.16423933,-86.49832933