Year,Month,Day,Weekend?,Hour,Collision Type,Injury Type,Primary Factor,Reported_Location,Latitude,Longitude
2009,10,5,Weekday,1600,2-Car,No injury/unknown,IMPROPER PASSING,W STATE ROAD 45 RD,39.142381,-86.581967
2009,11,6,Weekday,1600,Moped/Motorcycle,Non-incapacitating,IMPROPER LANE USAGE,WEST STATE ROAD 45 RD,39.142381,-86.581967
2009,12,7,Weekend,1300,2-Car,No injury/unknown,UNSAFE BACKING,W STATE ROAD 45 RD,39.142381,-86.581967
2009,12,7,Weekend,1300,2-Car,No injury/unknown,UNSAFE BACKING,WEST STATE ROAD 45 RD,39.142381,-86.581967
2009,6,4,Weekday,1900,2-Car,No injury/unknown,DISREGARD SIGNAL/REG SIGN,HENDERSON ST & SOUTH,39.142144,-86.5268
2009,9,3,Weekday,1500,2-Car,Non-incapacitating,BRAKE FAILURE OR DEFECTIVE,SOUTH & SOUTH HENDERSON ST,39.142144,-86.5268
2009,3,3,Weekday,1200,2-Car,No injury/unknown,FOLLOWING TOO CLOSELY,CURRY & SR45W,39.14214183,-86.58246323
2009,11,5,Weekday,1400,1-Car,No injury/unknown,,AZALEA LN & WYLIE FARM,39.14211,-86.52413
2009,2,5,Weekday,0,2-Car,No injury/unknown,FAILURE TO YIELD RIGHT OF WAY,LEONARD SPRINGS & SR45W,39.142048,-86.582592
2009,2,3,Weekday,900,2-Car,No injury/unknown,OTHER (DRIVER) - EXPLAIN IN NARRATIVE,LEONARD SPRINGS & SR45W,39.142048,-86.582592
2009,3,3,Weekday,2000,2-Car,Non-incapacitating,FAILURE TO YIELD RIGHT OF WAY,LEONARD SPRINGS & SR45W,39.142048,-86.582592
2009,5,4,Weekday,600,2-Car,No injury/unknown,FAILURE TO YIELD RIGHT OF WAY,LEONARD SPRINGS & SR45W,39.142048,-86.582592
2009,7,3,Weekday,1900,2-Car,No injury/unknown,FAILURE TO YIELD RIGHT OF WAY,LEONARD SPRINGS RD & SR45W,39.142048,-86.582592
2009,10,3,Weekday,1500,2-Car,No injury/unknown,FAILURE TO YIELD RIGHT OF WAY,CURRY & SR45W,39.142048,-86.582592
2009,11,4,Weekday,1700,2-Car,Non-incapacitating,FAILURE TO YIELD RIGHT OF WAY,LEONARD SPRINGS & SR45,39.142048,-86.582592
2009,11,3,Weekday,1100,2-Car,Non-incapacitating,DISREGARD SIGNAL/REG SIGN,LEONARD SPRINGS & SR45W,39.142048,-86.582592
2009,12,6,Weekend,2000,2-Car,No injury/unknown,DISREGARD SIGNAL/REG SIGN,CURRY & SR45,39.142048,-86.582592
2009,7,6,Weekday,1600,2-Car,No injury/unknown,OTHER (DRIVER) - EXPLAIN IN NARRATIVE,CURRY & STATE ROAD 45 HWY,39.14195,-86.58260732
2009,12,6,Weekday,1500,2-Car,No injury/unknown,FAILURE TO YIELD RIGHT OF WAY,CURRY & SR 45 RD,39.14195,-86.58259
2009,12,4,Weekday,700,Pedestrian,Non-incapacitating,FAILURE TO YIELD RIGHT OF WAY,BHSS EAST SIDE NS DRIVE DR & BHSS SOUTH DRIVE,39.14192716,-86.52769268
2009,5,6,Weekday,1800,2-Car,No injury/unknown,ALCOHOLIC BEVERAGES,CURRY & SR45E,39.14191534,-86.582572
2009,12,3,Weekday,900,3+ Cars,No injury/unknown,DRIVER DISTRACTED - EXPLAIN IN NARRATIVE,LEONARD SPRINGS RD & SR45W,39.14191534,-86.582572
2009,10,7,Weekend,1700,2-Car,No injury/unknown,FAILURE TO YIELD RIGHT OF WAY,HENDERSON ST & WYLIE FARM,39.14191,-86.52694
2009,11,6,Weekday,700,2-Car,No injury/unknown,DRIVER DISTRACTED - EXPLAIN IN NARRATIVE,E WYLIE FARM RD & S HENDERSON,39.14191,-86.52696328
2009,5,4,Weekday,800,2-Car,No injury/unknown,FAILURE TO YIELD RIGHT OF WAY,LEONARD SPRINGS & SR45W,39.14190066,-86.5828886
2009,10,3,Weekday,1100,2-Car,Non-incapacitating,FAILURE TO YIELD RIGHT OF WAY,BLOOMFIELD RD & CURRY,39.1418814,-86.58258677
2009,1,5,Weekday,200,1-Car,No injury/unknown,BRAKE FAILURE OR DEFECTIVE,S LEONARD SPRINGS RD,39.14187494,-86.58259037
2009,6,7,Weekend,1400,2-Car,No injury/unknown,FAILURE TO YIELD RIGHT OF WAY,LEONARD SPRINGS RD & SR45,39.14184201,-86.58259006
2009,12,2,Weekday,100,1-Car,Non-incapacitating,RAN OFF ROAD RIGHT,HAGAN & SMITH RD,39.14180201,-86.4808
2009,7,6,Weekday,1800,2-Car,No injury/unknown,UNSAFE BACKING,W SR 45 HWY,39.141748,-86.582953
2009,2,7,Weekend,1500,2-Car,No injury/unknown,FAILURE TO YIELD RIGHT OF WAY,3585 W SR 45 HWY & LEONARD SPRINGS,39.14167998,-86.58353457
2009,9,7,Weekend,1100,2-Car,No injury/unknown,DRIVER DISTRACTED - EXPLAIN IN NARRATIVE,LEONARD SPRINGS & SR45W,39.1416248,-86.58369607
2009,8,5,Weekday,1500,2-Car,Non-incapacitating,FOLLOWING TOO CLOSELY,LEONARD SPRINGS RD & SR45S,39.1414987,-86.58258682
2009,12,3,Weekday,700,2-Car,No injury/unknown,ANIMAL/OBJECT IN ROADWAY,AIRPORT & KIRBY RD,39.1414857,-86.61032617
2009,9,6,Weekday,1000,2-Car,No injury/unknown,FAILURE TO YIELD RIGHT OF WAY,LEONARD SPRINGS & SR45N,39.14145928,-86.58418054
2009,1,5,Weekday,100,Moped/Motorcycle,Non-incapacitating,ROADWAY SURFACE CONDITION,S ROCKPORT RD,39.14144,-86.543632
2009,3,3,Weekday,700,2-Car,No injury/unknown,FAILURE TO YIELD RIGHT OF WAY,COOLIDGE & ROCKPORT RD,39.14144,-86.543632
2009,6,7,Weekend,2000,2-Car,No injury/unknown,OTHER (DRIVER) - EXPLAIN IN NARRATIVE,S ROCKPORT RD,39.14144,-86.543632
2009,6,7,Weekend,1500,2-Car,No injury/unknown,UNSAFE BACKING,COOLIDGE ST & ROCKPORT,39.14144,-86.543632
2009,12,2,Weekday,800,Pedestrian,Non-incapacitating,OTHER (ENVIRONMENTAL) - EXPLAIN IN NARR,COOLIDGE & ROCKPORT RD,39.14137,-86.54383
2009,4,5,Weekday,900,2-Car,Non-incapacitating,FOLLOWING TOO CLOSELY,COOLIDGE  AVE & SOUTH ROGERS ST ST,39.141328,-86.538528
2009,5,1,Weekday,1900,2-Car,No injury/unknown,FAILURE TO YIELD RIGHT OF WAY,COOLIDGE & S ROGERS ST,39.141328,-86.538528
2009,5,2,Weekday,800,2-Car,No injury/unknown,FAILURE TO YIELD RIGHT OF WAY,S ROGERS ST & W COOLIDGE,39.141328,-86.538528
2009,5,5,Weekday,1200,2-Car,Non-incapacitating,FAILURE TO YIELD RIGHT OF WAY,HENDERSON ST & WINSLOW,39.14132337,-86.52688
2009,10,3,Weekday,2300,2-Car,No injury/unknown,OTHER (DRIVER) - EXPLAIN IN NARRATIVE,S WOOLERY MILL DR,39.141264,-86.550313
2009,12,2,Weekday,700,2-Car,No injury/unknown,OTHER (ENVIRONMENTAL) - EXPLAIN IN NARR,COLLIDGE & ROGERS ST,39.14124,-86.53881
2009,11,6,Weekday,1200,2-Car,No injury/unknown,UNSAFE BACKING,S ROCPORT RD,39.140957,-86.544215
2009,12,5,Weekday,700,2-Car,No injury/unknown,FAILURE TO YIELD RIGHT OF WAY,SARE RD & SPICEWOOD,39.14093,-86.49658
2009,12,3,Weekday,1200,1-Car,Non-incapacitating,RAN OFF ROAD RIGHT,ELWREN & SR45N,39.14076615,-86.64366121
2009,8,4,Weekday,1600,3+ Cars,No injury/unknown,FOLLOWING TOO CLOSELY,LEONARD SPRINGS RD & WALNUT LEAF,39.140352,-86.582576
2009,3,2,Weekday,1300,2-Car,No injury/unknown,UNSAFE BACKING,KIRKWOOD & WOODLAWN AVE,39.14033243,-86.52265
2009,7,4,Weekday,1800,1-Car,No injury/unknown,RAN OFF ROAD RIGHT,GARRISON CHAPEL RDS & SPICER,39.14027472,-86.64280954
2009,12,2,Weekday,700,2-Car,No injury/unknown,OTHER (DRIVER) - EXPLAIN IN NARRATIVE,2610 SOUTH ROCKPORT RD & GRAHAM,39.140144,-86.54496
2009,11,4,Weekday,1000,2-Car,No injury/unknown,FAILURE TO YIELD RIGHT OF WAY,LEONARD SPRINGS RD & WALNUT LEAF,39.14007739,-86.58256946
2009,10,3,Weekday,1700,2-Car,Non-incapacitating,BRAKE FAILURE OR DEFECTIVE,GRAHAM & ROCKPORT RD,39.13998,-86.54513
2009,12,2,Weekday,1900,1-Car,No injury/unknown,ANIMAL/OBJECT IN ROADWAY,SR37S & TAPP,39.13978646,-86.57292991
2009,9,3,Weekday,1500,2-Car,No injury/unknown,DRIVER DISTRACTED - EXPLAIN IN NARRATIVE,AIRPORT & KIRBY RD,39.13959357,-86.61028809
2009,2,7,Weekend,2100,2-Car,No injury/unknown,DISREGARD SIGNAL/REG SIGN,GRAHAM & HENDERSON ST,39.139584,-86.526768
2009,8,2,Weekday,800,2-Car,No injury/unknown,UNSAFE BACKING,GRAHAM DR & HENDERSON,39.139584,-86.526768
2009,5,1,Weekday,1900,1-Car,No injury/unknown,DRIVER DISTRACTED - EXPLAIN IN NARRATIVE,CAMDEN & SOUTH BRYAN ST,39.139552,-86.536192
2009,7,6,Weekend,2300,1-Car,Non-incapacitating,DRIVER ILLNESS,FRIENDSHIP RD & GROSS,39.139344,-86.401088
2009,9,7,Weekend,400,1-Car,No injury/unknown,ANIMAL/OBJECT IN ROADWAY,CURRY & SR45S,39.13889249,-86.59036704
2009,11,6,Weekday,1800,1-Car,No injury/unknown,ANIMAL/OBJECT IN ROADWAY,AIRPORT & SR45W,39.13885308,-86.59043307
2009,2,6,Weekday,1600,1-Car,No injury/unknown,OTHER (DRIVER) - EXPLAIN IN NARRATIVE,SOUTH OLD STATE ROAD 37,39.138688,-86.465968
2009,5,5,Weekday,1900,2-Car,No injury/unknown,OTHER (DRIVER) - EXPLAIN IN NARRATIVE,SOUTH OLD S R 37 RD,39.138688,-86.465968
2009,6,2,Weekday,900,2-Car,No injury/unknown,UNSAFE BACKING,SOUTH OLD SR 37 RD,39.138688,-86.465968
2009,7,5,Weekday,1600,2-Car,No injury/unknown,UNSAFE BACKING,SOUTH OLD STATE ROAD 37 RD,39.138688,-86.465968
2009,2,3,Weekday,0,1-Car,Non-incapacitating,ALCOHOLIC BEVERAGES,RALSTON ST & ROCKPORT,39.13863815,-86.5464095
2009,12,3,Weekday,1900,1-Car,No injury/unknown,,BANTA & W RALSTON DR,39.138592,-86.544656
2009,6,4,Weekday,1700,2-Car,No injury/unknown,DRIVER DISTRACTED - EXPLAIN IN NARRATIVE,DAVID & SARE RD,39.13857,-86.49653
2009,12,7,Weekend,1600,2-Car,No injury/unknown,FOLLOWING TOO CLOSELY,DAVID & SARE RD,39.13857,-86.49653
2009,12,4,Weekday,1900,1-Car,Non-incapacitating,OVERCORRECTING/OVERSTEERING,GIFFORD RD & PARK SQARE,39.13848249,-86.59173
2009,1,4,Weekday,700,2-Car,No injury/unknown,DISREGARD SIGNAL/REG SIGN,RALSTON & ROGERS ST,39.138448,-86.538288
2009,9,1,Weekend,100,Moped/Motorcycle,Non-incapacitating,ALCOHOLIC BEVERAGES,AIRPORT & ENDWRIGHT RD,39.13822117,-86.59637602
2009,4,4,Weekday,600,1-Car,No injury/unknown,ANIMAL/OBJECT IN ROADWAY,AIRPORT & KIRBY RD,39.13822079,-86.61024005
2009,8,6,Weekday,1400,3+ Cars,No injury/unknown,FOLLOWING TOO CLOSELY,BRANDON & HENDERSON ST,39.13821679,-86.52689912
2009,11,2,Weekday,400,1-Car,No injury/unknown,ANIMAL/OBJECT IN ROADWAY,SR37N & TAPP,39.13813858,-86.57290956
2009,11,2,Weekday,400,1-Car,No injury/unknown,ANIMAL/OBJECT IN ROADWAY,SR37N & TAPP,39.13813858,-86.57290956
2009,1,7,Weekend,300,2-Car,No injury/unknown,OTHER (DRIVER) - EXPLAIN IN NARRATIVE,S BANTA AVE,39.13798498,-86.54463902
2009,9,2,Weekday,1700,2-Car,No injury/unknown,DRIVER DISTRACTED - EXPLAIN IN NARRATIVE,SR37S & TAPP,39.13786394,-86.57290617
2009,1,3,Weekday,0,1-Car,No injury/unknown,OTHER (DRIVER) - EXPLAIN IN NARRATIVE,AIRPORT & SR45,39.13785055,-86.59211256
2009,2,2,Weekday,1500,2-Car,No injury/unknown,UNSAFE BACKING,S HENDERSON ST,39.13782881,-86.52677815
2009,6,4,Weekday,1600,2-Car,No injury/unknown,OTHER (DRIVER) - EXPLAIN IN NARRATIVE,S HENDERSON ST,39.13782881,-86.52677815
2009,6,1,Weekend,0,2-Car,No injury/unknown,UNSAFE BACKING,S WALNUT ST,39.137744,-86.530288
2009,6,5,Weekday,2100,1-Car,Non-incapacitating,UNSAFE SPEED,SR446,39.13766588,-86.46323066
2009,8,1,Weekend,1200,2-Car,No injury/unknown,IMPROPER PASSING,DANIEL ST & FORESTER,39.13762257,-86.49472667
2009,8,2,Weekday,1600,2-Car,No injury/unknown,ALCOHOLIC BEVERAGES,SOUTH WALNUT ST,39.137446,-86.530482
2009,6,5,Weekday,1300,3+ Cars,Non-incapacitating,DRIVER DISTRACTED - EXPLAIN IN NARRATIVE,GRIMES LANE & S  HENDERSON ST ST,39.13744291,-86.526969
2009,7,4,Weekday,1300,1-Car,No injury/unknown,DRIVER ILLNESS,S WALNUT ST,39.137424,-86.529968
2009,3,2,Weekday,1400,2-Car,No injury/unknown,UNSAFE BACKING,HENDERSON ST,39.137371,-86.526891
2009,7,5,Weekday,2000,Pedestrian,Incapacitating,OTHER (DRIVER) - EXPLAIN IN NARRATIVE,S WALNUT ST,39.13736,-86.529904
2009,9,6,Weekend,2300,1-Car,No injury/unknown,ANIMAL/OBJECT IN ROADWAY,SR37S & TAPP,39.13731465,-86.57289939
2009,12,3,Weekday,1700,2-Car,No injury/unknown,DRIVER DISTRACTED - EXPLAIN IN NARRATIVE,GORDON & WALNUT ST,39.13726418,-86.53135
2009,11,4,Weekday,2200,2-Car,No injury/unknown,,S WINSLOW CT,39.13726277,-86.52401169
2009,5,2,Weekday,900,2-Car,No injury/unknown,LEFT OF CENTER,ROGERS ST & WATSON,39.137248,-86.538192
2009,4,3,Weekday,1100,1-Car,No injury/unknown,RAN OFF ROAD RIGHT,S SOMERSET PL,39.137198,-86.497957
2009,4,1,Weekend,1200,2-Car,No injury/unknown,UNSAFE BACKING,S OLD SR 37 HWY,39.137088,-86.53056
2009,9,2,Weekday,1500,2-Car,No injury/unknown,UNSAFE BACKING,S OLD STATE ROAD 37 RD,39.137088,-86.53056
2009,10,1,Weekend,1000,2-Car,No injury/unknown,OTHER (DRIVER) - EXPLAIN IN NARRATIVE,S OLD SR 37 RD,39.137088,-86.53056
2009,6,3,Weekday,1600,2-Car,Non-incapacitating,OTHER (DRIVER) - EXPLAIN IN NARRATIVE,SR37S & TAPP RD,39.13704,-86.57324868
2009,3,3,Weekday,2000,2-Car,No injury/unknown,FOLLOWING TOO CLOSELY,SR37S & TAPP,39.13704,-86.572896
2009,3,5,Weekday,600,2-Car,Non-incapacitating,DISREGARD SIGNAL/REG SIGN,SR37N & TAPP,39.13704,-86.572896
2009,3,2,Weekday,2000,2-Car,No injury/unknown,ALCOHOLIC BEVERAGES,SR37S & TAPP,39.13704,-86.572896
2009,4,2,Weekday,900,2-Car,No injury/unknown,FAILURE TO YIELD RIGHT OF WAY,LEONARD SPRINGS & TAPP RD,39.13704,-86.582512
2009,4,3,Weekday,800,2-Car,No injury/unknown,FAILURE TO YIELD RIGHT OF WAY,LEONARD SPRINGS RD & TAPP,39.13704,-86.582512
2009,5,2,Weekday,2100,3+ Cars,No injury/unknown,FAILURE TO YIELD RIGHT OF WAY,SR37S & TAPP,39.13704,-86.572896
2009,7,3,Weekday,1900,2-Car,No injury/unknown,FAILURE TO YIELD RIGHT OF WAY,S LEONARD SPRINGS RD & TAPP,39.13704,-86.582512
2009,7,1,Weekend,1800,2-Car,No injury/unknown,FAILURE TO YIELD RIGHT OF WAY,AIRPORT RD & GARRISON CHAPEL RD,39.13704,-86.642832
2009,9,2,Weekday,1100,2-Car,No injury/unknown,DRIVER DISTRACTED - EXPLAIN IN NARRATIVE,SR37N & TAPP RD,39.13704,-86.572896
2009,10,5,Weekday,1600,3+ Cars,No injury/unknown,FAILURE TO YIELD RIGHT OF WAY,WEST TAPP RD & YONKERS,39.13704,-86.575296
2009,11,3,Weekday,1600,3+ Cars,No injury/unknown,UNSAFE SPEED,SR37S & TAPP,39.13704,-86.572896
2009,11,6,Weekday,1800,2-Car,No injury/unknown,FAILURE TO YIELD RIGHT OF WAY,SR37S & TAPP,39.13704,-86.572896
2009,12,2,Weekday,1500,2-Car,No injury/unknown,DRIVER DISTRACTED - EXPLAIN IN NARRATIVE,SR37S & TAPP,39.13704,-86.572896
2009,1,4,Weekday,1500,Bus,No injury/unknown,ROADWAY SURFACE CONDITION,3120 HOFF LN & GARRISON CHAPEL,39.13702146,-86.64459523
2009,5,7,Weekend,2300,1-Car,No injury/unknown,RAN OFF ROAD RIGHT,AIRPORT & KIRBY RD,39.13693037,-86.61019488
2009,9,2,Weekday,900,2-Car,No injury/unknown,UNSAFE BACKING,PINE MEADOWS DR & PINEHURST,39.13693,-86.54995866
2009,6,4,Weekday,0,1-Car,No injury/unknown,ANIMAL/OBJECT IN ROADWAY,AIRPORT RD & KIRBY,39.13692687,-86.61723603
2009,1,7,Weekend,100,1-Car,No injury/unknown,OTHER (DRIVER) - EXPLAIN IN NARRATIVE,AIRPORT RD & CAVE,39.13688893,-86.62912049
2009,8,4,Weekday,1800,1-Car,No injury/unknown,RAN OFF ROAD RIGHT,AIRPORT RD & CAVE,39.13688604,-86.62665195
2009,1,7,Weekend,2300,1-Car,Non-incapacitating,LEFT OF CENTER,AIRPORT RD & CAVE,39.13688403,-86.6273573
2009,1,6,Weekday,800,1-Car,Fatal,RAN OFF ROAD RIGHT,AIRPORT RD & KIRBY,39.13685493,-86.61307517
2009,9,2,Weekday,1600,2-Car,No injury/unknown,DRIVER DISTRACTED - EXPLAIN IN NARRATIVE,S WINSLOW CT,39.13685333,-86.52398933
2009,7,7,Weekend,2300,2-Car,No injury/unknown,FAILURE TO YIELD RIGHT OF WAY,AIRPORT RD & BUNGER,39.136848,-86.606
2009,7,2,Weekday,1400,2-Car,No injury/unknown,FAILURE TO YIELD RIGHT OF WAY,AIRPORT RD & BUNGER,39.136848,-86.606
2009,4,5,Weekday,500,2-Car,No injury/unknown,LEFT OF CENTER,KIRBY RD & W AIRPORT,39.13682,-86.61026
2009,7,4,Weekday,2300,2-Car,No injury/unknown,UNSAFE BACKING,AIRPORT RD,39.13682,-86.605949
2009,10,3,Weekday,2100,2-Car,No injury/unknown,UNSAFE BACKING,AIRPORT RD,39.136774,-86.600409
2009,3,6,Weekday,900,2-Car,No injury/unknown,DRIVER DISTRACTED - EXPLAIN IN NARRATIVE,SR37S & TAPP,39.13676196,-86.57320781
2009,1,5,Weekday,500,1-Car,No injury/unknown,ANIMAL/OBJECT IN ROADWAY,AIRPORT & SR45S,39.13675488,-86.59392636
2009,6,4,Weekday,900,2-Car,No injury/unknown,UNSAFE BACKING,REX GROSSMAN BLVD,39.136739,-86.57087
2009,2,3,Weekday,300,1-Car,Non-incapacitating,UNSAFE SPEED,HIGH & ROGERS RD,39.13664,-86.508096
2009,4,3,Weekday,1600,2-Car,No injury/unknown,ALCOHOLIC BEVERAGES,SOUTH ROGERS LOT 77,39.13662933,-86.50634729
2009,3,7,Weekend,1200,2-Car,No injury/unknown,FAILURE TO YIELD RIGHT OF WAY,ADAMS & TAPP RD,39.13662,-86.55431
2009,4,4,Weekday,1000,2-Car,Non-incapacitating,FOLLOWING TOO CLOSELY,S ADAMS & TAPP RD,39.13662,-86.55428403
2009,4,3,Weekday,2000,1-Car,Non-incapacitating,ALCOHOLIC BEVERAGES,ADAMS & WEST TAPP RD,39.13662,-86.55431
2009,8,4,Weekday,1800,2-Car,Non-incapacitating,LEFT OF CENTER,ADAMS & TAPP RD,39.13662,-86.55436193
2009,1,4,Weekday,1800,1-Car,No injury/unknown,ROADWAY SURFACE CONDITION,TAPP RD & WIEMER,39.13653,-86.56202463
2009,4,4,Weekday,1800,2-Car,No injury/unknown,DRIVER DISTRACTED - EXPLAIN IN NARRATIVE,W TAPP RD & WIEMER,39.13653,-86.56199
2009,2,3,Weekday,800,2-Car,No injury/unknown,FOLLOWING TOO CLOSELY,TAPP RD & WEIMER,39.13652947,-86.56236796
2009,1,3,Weekday,900,2-Car,No injury/unknown,FAILURE TO YIELD RIGHT OF WAY,ROCKPORT RD & TAPP,39.136448,-86.548704
2009,2,4,Weekday,1700,2-Car,No injury/unknown,FAILURE TO YIELD RIGHT OF WAY,COUNTRY CLUB DR & ROCKPORT,39.136448,-86.548704
2009,11,1,Weekday,2000,2-Car,No injury/unknown,OTHER (ENVIRONMENTAL) - EXPLAIN IN NARR,S ROCKPORT & W TAPP RD,39.136448,-86.548704
2009,10,6,Weekday,1500,2-Car,No injury/unknown,FOLLOWING TOO CLOSELY,COUNTRY CLUB DR & ROCKPORT,39.13642333,-86.54799937
2009,5,2,Weekday,1600,3+ Cars,No injury/unknown,FOLLOWING TOO CLOSELY,PINEHURST & TAPP RD,39.13638,-86.54994
2009,9,2,Weekday,700,3+ Cars,Non-incapacitating,FOLLOWING TOO CLOSELY,PINEHURST & TAPP RD,39.13638,-86.54994
2009,3,5,Weekday,1100,1-Car,No injury/unknown,RAN OFF ROAD RIGHT,BANTA & COUNTRY CLUB DR,39.13634103,-86.54564895
2009,7,4,Weekday,1700,2-Car,No injury/unknown,FAILURE TO YIELD RIGHT OF WAY,HENDERSON ST & WINSLOW,39.13628131,-86.52679673
2009,12,7,Weekend,1300,2-Car,No injury/unknown,LEFT OF CENTER,BANTA & COUNTRY CLUB RD,39.13628108,-86.54388727
2009,7,4,Weekday,2000,2-Car,No injury/unknown,OTHER (DRIVER) - EXPLAIN IN NARRATIVE,LEONARD SPRINGS RD,39.1362349,-86.582589
2009,3,6,Weekday,1000,2-Car,Non-incapacitating,FOLLOWING TOO CLOSELY,COUNTRY CLUB DR & MILTON,39.13616242,-86.54024109
2009,3,2,Weekday,1400,2-Car,No injury/unknown,FOLLOWING TOO CLOSELY,COUNTRY CLUB DR & ROGERS,39.13614992,-86.53985702
2009,1,7,Weekend,1800,2-Car,Non-incapacitating,FAILURE TO YIELD RIGHT OF WAY,E WINSLOW RD & S WALNUT STREET,39.136144,-86.528688
2009,4,5,Weekday,1700,2-Car,Non-incapacitating,DRIVER DISTRACTED - EXPLAIN IN NARRATIVE,HENDERSON ST & WINSLOW,39.136144,-86.5268
2009,4,6,Weekday,1600,2-Car,No injury/unknown,FOLLOWING TOO CLOSELY,WALNUT & WINSLOW RD,39.136144,-86.52851167
2009,4,1,Weekend,100,1-Car,No injury/unknown,ALCOHOLIC BEVERAGES,HIGH & WINSLOW RD,39.136144,-86.508096
2009,4,1,Weekend,1200,2-Car,No injury/unknown,ALCOHOLIC BEVERAGES,S WALNUT ST & WINSLOW,39.136144,-86.528688
2009,4,7,Weekend,1100,2-Car,Non-incapacitating,FAILURE TO YIELD RIGHT OF WAY,ABBY & WINSLOW RD,39.136144,-86.511296
2009,4,2,Weekday,1700,2-Car,No injury/unknown,FOLLOWING TOO CLOSELY,ABBY & WINSLOW RD,39.136144,-86.511296
2009,4,5,Weekday,1400,Bus,Non-incapacitating,FOLLOWING TOO CLOSELY,WALNUT ST & WINSLOW,39.136144,-86.528688
2009,5,5,Weekday,1600,2-Car,No injury/unknown,FAILURE TO YIELD RIGHT OF WAY,HENDERSON ST & WINSLOW,39.136144,-86.5268
2009,5,7,Weekend,2200,1-Car,No injury/unknown,ANIMAL/OBJECT IN ROADWAY,HIGH & WINSLOW RD,39.136144,-86.508096
2009,6,7,Weekend,1500,2-Car,No injury/unknown,FAILURE TO YIELD RIGHT OF WAY,FAIRINGTON & LEONARD SPRINGS RD,39.136144,-86.582496
2009,8,6,Weekend,2100,2-Car,No injury/unknown,FAILURE TO YIELD RIGHT OF WAY,HENDERSON & WINSLOW ST,39.136144,-86.5268
2009,8,2,Weekday,1700,3+ Cars,No injury/unknown,UNSAFE SPEED,WALNUT & WINSLOW RD,39.136144,-86.528688
2009,8,3,Weekday,1700,Moped/Motorcycle,Non-incapacitating,ALCOHOLIC BEVERAGES,HENDERSON & WINSLOW RD,39.136144,-86.5268
2009,10,5,Weekday,1400,2-Car,No injury/unknown,FAILURE TO YIELD RIGHT OF WAY,HENDERSON ST & WINSLOW,39.136144,-86.5268
2009,10,5,Weekday,1400,2-Car,No injury/unknown,DISREGARD SIGNAL/REG SIGN,WALNUT STREET & WINSLOW RD,39.136144,-86.528688
2009,10,7,Weekend,1400,2-Car,No injury/unknown,DISREGARD SIGNAL/REG SIGN,HENDERSON & WINSLOW RD,39.136144,-86.5268
2009,10,4,Weekday,1300,2-Car,No injury/unknown,FOLLOWING TOO CLOSELY,WALNUT ST & WINSLOW,39.136144,-86.528688
2009,10,6,Weekend,2100,2-Car,No injury/unknown,FAILURE TO YIELD RIGHT OF WAY,WALNUT STREET PIKE & WINSLOW,39.136144,-86.528688
2009,12,3,Weekday,1900,2-Car,No injury/unknown,DRIVER DISTRACTED - EXPLAIN IN NARRATIVE,WALNUT ST & WINSLOW,39.136144,-86.528688
2009,11,4,Weekday,2100,2-Car,No injury/unknown,DRIVER DISTRACTED - EXPLAIN IN NARRATIVE,WALNUT & WINSLOW RD,39.13613786,-86.5281591
2009,4,5,Weekday,1200,2-Car,Non-incapacitating,OTHER (DRIVER) - EXPLAIN IN NARRATIVE,S MILTON & W COUNTRY CLUB RD,39.136128,-86.539184
2009,9,4,Weekday,800,1-Car,No injury/unknown,,WINSLOW ROAD RD,39.136128,-86.5288
2009,10,6,Weekday,1600,2-Car,No injury/unknown,FOLLOWING TOO CLOSELY,COUNTRY CLUB DR & MILTON,39.136128,-86.539184
2009,10,7,Weekend,300,1-Car,Non-incapacitating,ALCOHOLIC BEVERAGES,ROGERS RD & SPICEWOOD,39.13612624,-86.50191884
2009,7,3,Weekday,1700,2-Car,No injury/unknown,FAILURE TO YIELD RIGHT OF WAY,WALNUT & WINSLOW RD,39.13609944,-86.52939033
2009,1,1,Weekday,2000,Pedestrian,Non-incapacitating,PEDESTRIAN ACTION,ROGERS & W COUNTRY CLUB DR,39.13608,-86.538096
2009,12,3,Weekday,800,2-Car,No injury/unknown,FAILURE TO YIELD RIGHT OF WAY,COUNTRY CLUB & ROGERS ST,39.13608,-86.538096
2009,11,3,Weekday,1700,1-Car,No injury/unknown,RAN OFF ROAD RIGHT,HIGHLAND & WINSLOW RD,39.13606505,-86.51902455
2009,4,7,Weekend,1200,2-Car,Non-incapacitating,OTHER (DRIVER) - EXPLAIN IN NARRATIVE,HIGHLAND & WINSLOW RD,39.13606157,-86.51779088
2009,4,3,Weekday,700,2-Car,Non-incapacitating,DRIVER DISTRACTED - EXPLAIN IN NARRATIVE,COUNTRY CLUB DR & MADISON,39.136048,-86.536992
2009,5,2,Weekday,2100,2-Car,Non-incapacitating,FAILURE TO YIELD RIGHT OF WAY,COUNTRY CLUB DR & MADISON,39.136048,-86.536992
2009,11,5,Weekday,1500,3+ Cars,No injury/unknown,VIEW OBSTRUCTED,HIGHLAND & WINSLOW RD,39.136048,-86.518496
2009,8,6,Weekday,800,2-Car,No injury/unknown,FAILURE TO YIELD RIGHT OF WAY,COUNTRY CULB & ROGERS ST,39.13604,-86.53827