Year,Month,Day,Weekend?,Hour,Collision Type,Injury Type,Primary Factor,Reported_Location,Latitude,Longitude
2009,8,6,Weekday,1800,2-Car,No injury/unknown,FOLLOWING TOO CLOSELY,COUNTRY CLUB & COUNTRY CLUB DR,39.136032,-86.531953
2009,1,7,Weekend,1300,2-Car,Non-incapacitating,FAILURE TO YIELD RIGHT OF WAY,WALNUT ST & WINSLOW,39.13602505,-86.52859989
2009,8,2,Weekday,1900,2-Car,No injury/unknown,FOLLOWING TOO CLOSELY,COUNTRY CLUB DR & MADISON,39.13601383,-86.53628803
2009,5,4,Weekday,1200,2-Car,No injury/unknown,FOLLOWING TOO CLOSELY,ALLENDALE & WINSLOW RD,39.136,-86.51592
2009,1,6,Weekend,1900,2-Car,No injury/unknown,FAILURE TO YIELD RIGHT OF WAY,WALNUT STREET & WINSLOW RD,39.13599,-86.5288
2009,3,5,Weekday,100,1-Car,No injury/unknown,ALCOHOLIC BEVERAGES,ROGERS RD & SPICEWOOD,39.13599,-86.50087703
2009,6,1,Weekend,1300,2-Car,No injury/unknown,FAILURE TO YIELD RIGHT OF WAY,E WINSLOW RD & S WALNUT ST,39.13599,-86.5288
2009,7,6,Weekday,1300,2-Car,No injury/unknown,FAILURE TO YIELD RIGHT OF WAY,WALNUT ST & WINSLOW RD,39.13599,-86.5288
2009,10,2,Weekday,1500,2-Car,Non-incapacitating,FAILURE TO YIELD RIGHT OF WAY,WINSLOW & WINSLOW RD,39.13599,-86.52393
2009,11,3,Weekday,1600,3+ Cars,No injury/unknown,DRIVER DISTRACTED - EXPLAIN IN NARRATIVE,WINLOW ST & WINSLOW,39.13599,-86.52393
2009,1,2,Weekday,1000,2-Car,No injury/unknown,OTHER (DRIVER) - EXPLAIN IN NARRATIVE,COUNTRY CLUB & WALNUT ST,39.13597,-86.53111
2009,1,2,Weekday,2200,1-Car,No injury/unknown,RAN OFF ROAD RIGHT,COUNTRY CLUB RD & WALNUT,39.13597,-86.53093694
2009,3,6,Weekday,1700,2-Car,Non-incapacitating,PRESCRIPTION DRUGS,COUNTRY CLUB & WALNUT ST,39.13597,-86.53111
2009,3,1,Weekend,1700,2-Car,No injury/unknown,DRIVER DISTRACTED - EXPLAIN IN NARRATIVE,WALNUT & WINSLOW RD,39.13597,-86.53111
2009,4,4,Weekday,1400,2-Car,No injury/unknown,FOLLOWING TOO CLOSELY,COUNTRY CLUB & WALNUT ST,39.13597,-86.53111
2009,5,4,Weekday,1700,2-Car,No injury/unknown,SPEED TOO FAST FOR WEATHER CONDITIONS,COUNTRY CLUB DR & WALNUT,39.13597,-86.53111
2009,6,2,Weekday,1400,2-Car,No injury/unknown,OTHER (DRIVER) - EXPLAIN IN NARRATIVE,COUNTRY CLUB RD & WALNUT,39.13597,-86.53111
2009,6,6,Weekday,1700,2-Car,No injury/unknown,OTHER (DRIVER) - EXPLAIN IN NARRATIVE,E WINSLOW RD & S WALNUT,39.13597,-86.53111433
2009,8,5,Weekday,800,Bus,No injury/unknown,UNSAFE SPEED,COUNTRY CLUB & WALNUT ST,39.13597,-86.53111
2009,9,6,Weekday,1100,3+ Cars,Non-incapacitating,LEFT OF CENTER,COUNTRY CLUB & WALNUT ST,39.13597,-86.53111
2009,10,1,Weekend,1500,2-Car,No injury/unknown,IMPROPER LANE USAGE,COUNTRY CLUB & WALNUT ST,39.13597,-86.53111
2009,12,5,Weekday,2200,2-Car,No injury/unknown,FOLLOWING TOO CLOSELY,WALNUT & WINSLOW RD,39.13597,-86.53113163
2009,6,6,Weekday,800,Moped/Motorcycle,Non-incapacitating,OTHER (DRIVER) - EXPLAIN IN NARRATIVE,ROGERS RD & SARE RD,39.13596,-86.49653519
2009,11,5,Weekday,1700,2-Car,No injury/unknown,FOLLOWING TOO CLOSELY,ROGERS & SARE RD,39.13596,-86.49653
2009,12,4,Weekday,1800,2-Car,No injury/unknown,FAILURE TO YIELD RIGHT OF WAY,ROGERS & SARE RD,39.13596,-86.49653
2009,8,5,Weekday,1400,2-Car,No injury/unknown,UNSAFE BACKING,ROGERS ST,39.13586997,-86.49740259
2009,8,6,Weekend,1900,2-Car,No injury/unknown,OTHER (DRIVER) - EXPLAIN IN NARRATIVE,S ROGERS ST,39.13586997,-86.49740259
2009,3,4,Weekday,1400,2-Car,No injury/unknown,FOLLOWING TOO CLOSELY,ROGERS & S SARE RD,39.13584,-86.496288
2009,12,2,Weekday,1300,2-Car,Non-incapacitating,FOLLOWING TOO CLOSELY,E ROGERS & S SARE RD,39.13584,-86.496288
2009,1,1,Weekend,900,2-Car,No injury/unknown,ROADWAY SURFACE CONDITION,EAST ROGERS RD & SNODDY,39.13576,-86.489488
2009,2,5,Weekday,600,2-Car,No injury/unknown,ROADWAY SURFACE CONDITION,ROGERS RD & SNODDY,39.13575878,-86.48966433
2009,9,4,Weekday,100,Moped/Motorcycle,Non-incapacitating,RAN OFF ROAD RIGHT,GRAHAM & ROCKPORT RD,39.13575288,-86.54513
2009,2,5,Weekday,1500,2-Car,No injury/unknown,FOLLOWING TOO CLOSELY,AIRPORT & SR45W,39.13575245,-86.59537273
2009,5,7,Weekend,1700,Cyclist,Non-incapacitating,DRIVER DISTRACTED - EXPLAIN IN NARRATIVE,446 & KNIGHTRIDGE RD,39.135648,-86.462
2009,12,1,Weekend,1700,1-Car,No injury/unknown,ROADWAY SURFACE CONDITION,SR446S,39.135648,-86.462248
2009,10,5,Weekday,700,2-Car,No injury/unknown,FAILURE TO YIELD RIGHT OF WAY,ALLENDALE DR & BRADSHIRE,39.135552,-86.515952
2009,7,4,Weekday,700,3+ Cars,Non-incapacitating,DRIVER DISTRACTED - EXPLAIN IN NARRATIVE,DUNCAN & SR45W,39.13504,-86.596192
2009,8,4,Weekday,1700,2-Car,No injury/unknown,FAILURE TO YIELD RIGHT OF WAY,S WALNUT ST,39.13493114,-86.52778394
2009,10,6,Weekend,2200,1-Car,Non-incapacitating,ALCOHOLIC BEVERAGES,COUNTRY CLUB & ROGERS ST,39.13470896,-86.53815234
2009,12,6,Weekday,900,1-Car,No injury/unknown,RAN OFF ROAD RIGHT,PICADILLY & WATERLOO CT,39.13463797,-86.52446431
2009,10,6,Weekday,900,2-Car,Non-incapacitating,LEFT OF CENTER,GARDNER RD & GARRISON CHAPEL,39.13437426,-86.64637823
2009,12,2,Weekday,800,3+ Cars,No injury/unknown,ROADWAY SURFACE CONDITION,GARDNER RD & GARRISON CHAPEL,39.13437426,-86.64637823
2009,4,7,Weekend,1400,2-Car,No injury/unknown,UNSAFE BACKING,WALNUT ST,39.13432546,-86.52733091
2009,7,5,Weekday,1900,1-Car,Non-incapacitating,ALCOHOLIC BEVERAGES,ROCKPORT RD & TAPP,39.13426528,-86.55084379
2009,10,3,Weekday,700,2-Car,No injury/unknown,FOLLOWING TOO CLOSELY,HENDERSON & WALNUT ST PIKE ST,39.13413,-86.52687
2009,5,7,Weekend,1900,2-Car,No injury/unknown,FAILURE TO YIELD RIGHT OF WAY,3290 S DUNCAN RD & SR45,39.13394145,-86.59620952
2009,4,3,Weekday,1000,2-Car,No injury/unknown,DISREGARD SIGNAL/REG SIGN,SOUTH HENDERSON & WALNUT STREET PIKE,39.133744,-86.526896
2009,7,1,Weekday,2200,2-Car,No injury/unknown,ALCOHOLIC BEVERAGES,S ROLLING RIDGE WAY,39.133744,-86.50592
2009,9,6,Weekday,800,Moped/Motorcycle,Non-incapacitating,DRIVER DISTRACTED - EXPLAIN IN NARRATIVE,SOUTH HENDERSON ST & WALNUT STREET PIKE,39.133744,-86.526896
2009,9,7,Weekend,800,2-Car,No injury/unknown,UNSAFE BACKING,1165 EAST REGENCY DR & WESTMINSTER,39.13366447,-86.52196318
2009,3,5,Weekday,1000,2-Car,No injury/unknown,FOLLOWING TOO CLOSELY,SR37N & TAPP,39.13360677,-86.572896
2009,2,7,Weekend,1900,2-Car,No injury/unknown,FOLLOWING TOO CLOSELY,LIBERTY DR & W THIRD,39.13288667,-86.57913
2009,3,3,Weekday,1600,2-Car,No injury/unknown,FAILURE TO YIELD RIGHT OF WAY,COLLEGE AVE & THIRD,39.13287667,-86.5349
2009,9,1,Weekend,400,1-Car,No injury/unknown,RAN OFF ROAD RIGHT,ROGERS ST & W TERRACE,39.13283222,-86.53877
2009,4,1,Weekend,1800,1-Car,No injury/unknown,OVERCORRECTING/OVERSTEERING,RHORER & SARE RD,39.13200279,-86.51158
2009,4,3,Weekday,1900,2-Car,No injury/unknown,FAILURE TO YIELD RIGHT OF WAY,HOOSIER & WALNUT ST,39.13197,-86.53144
2009,3,6,Weekday,800,2-Car,No injury/unknown,UNSAFE BACKING,QUARRY CT & W COUNTRYSIDE,39.13196152,-86.54835
2009,11,1,Weekday,1900,2-Car,No injury/unknown,DISREGARD SIGNAL/REG SIGN,CEDAR CHASE & S LEONARD SPRINGS RD,39.131648,-86.582496
2009,1,5,Weekday,1400,2-Car,No injury/unknown,IMPROPER TURNING,PINEWOOD DR & WALNUT,39.13152,-86.53140404
2009,2,7,Weekend,1300,2-Car,No injury/unknown,OTHER (DRIVER) - EXPLAIN IN NARRATIVE,MAYBURY MALL,39.13151,-86.58115
2009,8,7,Weekend,1800,Moped/Motorcycle,Non-incapacitating,RAN OFF ROAD RIGHT,ALLENDALE DR & DUNSTAN,39.13134,-86.51675
2009,7,2,Weekday,1600,2-Car,No injury/unknown,INSECURE/LEAKY LOAD,KNIGHTRIDGE RD & LECO,39.13113,-86.4474
2009,11,4,Weekday,200,1-Car,No injury/unknown,ANIMAL/OBJECT IN ROADWAY,SR446S & SWARTZ RIDGE,39.13073858,-86.44481028
2009,8,3,Weekday,900,2-Car,Non-incapacitating,DRIVER DISTRACTED - EXPLAIN IN NARRATIVE,PINE & S WALNUT ST,39.13058456,-86.5314424
2009,5,5,Weekday,1600,2-Car,No injury/unknown,DRIVER DISTRACTED - EXPLAIN IN NARRATIVE,BUNGER & SR45W,39.12988859,-86.60352445
2009,8,5,Weekday,100,1-Car,No injury/unknown,ALCOHOLIC BEVERAGES,EDDINGTON & EDDINGTON DR,39.12979,-86.52607
2009,6,7,Weekend,1300,2-Car,No injury/unknown,DRIVER DISTRACTED - EXPLAIN IN NARRATIVE,SOUTH WALNUT ST,39.129691,-86.531405
2009,3,6,Weekday,1000,1-Car,No injury/unknown,OTHER (VEHICLE) - EXPLAIN IN NARRATIVE,W IRIS LN,39.12952,-86.58936
2009,12,5,Weekday,1600,2-Car,Non-incapacitating,FOLLOWING TOO CLOSELY,BUNGER & SR45W,39.1294481,-86.60420074
2009,6,7,Weekend,1500,2-Car,Non-incapacitating,FOLLOWING TOO CLOSELY,BUNGER & SR45W,39.12936,-86.604336
2009,7,1,Weekday,2100,2-Car,No injury/unknown,DRIVER DISTRACTED - EXPLAIN IN NARRATIVE,S BUNGER & SR45W,39.12936,-86.604336
2009,7,6,Weekday,1600,2-Car,Incapacitating,UNSAFE SPEED,BUNGER & SR45E,39.12936,-86.604336
2009,8,3,Weekday,2000,2-Car,Non-incapacitating,DRIVER DISTRACTED - EXPLAIN IN NARRATIVE,BUNGER ST & SR45W,39.12936,-86.604336
2009,9,4,Weekday,1600,2-Car,Non-incapacitating,FOLLOWING TOO CLOSELY,BUNGER & SR45W,39.12936,-86.604336
2009,12,4,Weekday,300,2-Car,No injury/unknown,ALCOHOLIC BEVERAGES,WOODMERE & WOODMERE WAY,39.12884054,-86.57883497
2009,4,3,Weekday,700,2-Car,No injury/unknown,ROADWAY SURFACE CONDITION,HENNESSEY ST & ROCKPORT,39.12819,-86.55672
2009,9,4,Weekday,1800,2-Car,No injury/unknown,DISREGARD SIGNAL/REG SIGN,S ROCKPORT RD & W HENNESSEY,39.12819,-86.55672
2009,5,4,Weekday,600,1-Car,No injury/unknown,RAN OFF ROAD RIGHT,S ISON & SR45W,39.12790321,-86.60651132
2009,6,7,Weekend,1700,2-Car,No injury/unknown,UNSAFE BACKING,HENNESSEY & MCDOUGAL ST,39.12788955,-86.55620063
2009,9,3,Weekday,1200,2-Car,No injury/unknown,LEFT OF CENTER,MCDOUGAL ST & W HENNESSEY,39.12788955,-86.55620063
2009,11,3,Weekday,1400,1-Car,Non-incapacitating,ROADWAY SURFACE CONDITION,SOUTH LEONARD SPRINGS ROAD & WEST LEONARD SPRINGS ROAD RD,39.126976,-86.582464
2009,3,2,Weekday,900,2-Car,No injury/unknown,ENGINE FAILURE OR DEFECTIVE,BOTTOM & SR37N,39.12695784,-86.54219875
2009,4,3,Weekday,2000,2-Car,No injury/unknown,DRIVER ASLEEP OR FATIGUED,BOTTOM RD & SR37N,39.12695784,-86.54219875
2009,2,7,Weekend,1100,2-Car,No injury/unknown,UNSAFE BACKING,S WALNUT ST,39.12689639,-86.52676434
2009,5,3,Weekday,1700,2-Car,No injury/unknown,DRIVER DISTRACTED - EXPLAIN IN NARRATIVE,3115 S WALNUT ST & BURKS,39.12669768,-86.5313729
2009,3,7,Weekend,800,1-Car,Non-incapacitating,ANIMAL/OBJECT IN ROADWAY,BURKS DR & WALNUT,39.12667,-86.53138731
2009,7,4,Weekday,1600,2-Car,No injury/unknown,UNSAFE BACKING,SR37S,39.12660505,-86.5726527
2009,2,2,Weekday,1800,2-Car,No injury/unknown,UNSAFE BACKING,S POPPY LN,39.126592,-86.590544
2009,6,3,Weekday,1700,2-Car,No injury/unknown,OTHER (DRIVER) - EXPLAIN IN NARRATIVE,CANADA & SARE RD,39.12659,-86.5043
2009,1,1,Weekend,1500,2-Car,No injury/unknown,FAILURE TO YIELD RIGHT OF WAY,BURKS DR & ODELL,39.12654,-86.52873
2009,4,6,Weekend,2200,2-Car,No injury/unknown,UNSAFE BACKING,VALMORE AVE & WALTER,39.12645982,-86.61540146
2009,8,4,Weekday,1500,2-Car,No injury/unknown,OTHER (DRIVER) - EXPLAIN IN NARRATIVE,S WALNUT ST,39.12633358,-86.52674532
2009,1,4,Weekday,1400,2-Car,No injury/unknown,UNSAFE BACKING,HEATHERWOOD & VIOLET LN,39.12608,-86.589328
2009,2,1,Weekend,100,1-Car,Incapacitating,ALCOHOLIC BEVERAGES,JAMIE LN & WOODS EDGE,39.1255,-86.51764351
2009,12,7,Weekend,500,1-Car,No injury/unknown,DRIVER ASLEEP OR FATIGUED,MONROE DAM & SR37S,39.12534703,-86.53635211
2009,1,4,Weekday,800,Bus,Non-incapacitating,ROADWAY SURFACE CONDITION,EAST STATE ROAD 45 RD,39.125312,-86.610496
2009,1,7,Weekend,1600,2-Car,No injury/unknown,UNSAFE BACKING,W SR 45 HWY,39.125312,-86.610496
2009,1,6,Weekday,1500,2-Car,No injury/unknown,UNSAFE BACKING,W ST RD 45 HWY,39.125312,-86.610496
2009,2,1,Weekend,1800,2-Car,No injury/unknown,UNSAFE BACKING,W STATE ROAD 45 RD,39.125312,-86.610496
2009,2,1,Weekend,1400,2-Car,No injury/unknown,UNSAFE BACKING,W STATE ROAD 45 RD,39.125312,-86.610496
2009,3,2,Weekday,1300,3+ Cars,No injury/unknown,FAILURE TO YIELD RIGHT OF WAY,W SR45 RD,39.125312,-86.610496
2009,3,1,Weekend,1600,2-Car,No injury/unknown,OTHER (DRIVER) - EXPLAIN IN NARRATIVE,W SR 45 HWY,39.125312,-86.610496
2009,3,6,Weekday,1600,2-Car,No injury/unknown,OTHER (DRIVER) - EXPLAIN IN NARRATIVE,W SR 45 HWY,39.125312,-86.610496
2009,4,6,Weekday,1600,2-Car,No injury/unknown,IMPROPER PASSING,SR45W,39.125312,-86.610496
2009,4,6,Weekday,1400,1-Car,No injury/unknown,DRIVER DISTRACTED - EXPLAIN IN NARRATIVE,W STATE ROAD 45 RD,39.125312,-86.610496
2009,5,3,Weekday,1700,Moped/Motorcycle,No injury/unknown,FAILURE TO YIELD RIGHT OF WAY,SR 45 WEST ALY,39.125312,-86.610496
2009,7,4,Weekday,1800,2-Car,No injury/unknown,FAILURE TO YIELD RIGHT OF WAY,SR45W,39.125312,-86.610496
2009,9,3,Weekday,1500,2-Car,No injury/unknown,UNSAFE BACKING,SR45W,39.125312,-86.610496
2009,10,6,Weekday,0,2-Car,No injury/unknown,SPEED TOO FAST FOR WEATHER CONDITIONS,SR45W,39.125312,-86.610496
2009,11,6,Weekday,1300,Pedestrian,Non-incapacitating,FAILURE TO YIELD RIGHT OF WAY,SR45W,39.125312,-86.610496
2009,11,4,Weekday,1800,1-Car,No injury/unknown,ANIMAL/OBJECT IN ROADWAY,HARRODSBURG EXIT & SR37S,39.12508678,-86.5364409
2009,12,3,Weekday,400,2-Car,No injury/unknown,IMPROPER PASSING,GILLHAM & SR45W,39.12497442,-86.61092405
2009,7,7,Weekend,1400,2-Car,Non-incapacitating,OTHER (DRIVER) - EXPLAIN IN NARRATIVE,SR37N & VERNAL,39.12448822,-86.5609886
2009,2,7,Weekend,2100,1-Car,No injury/unknown,OTHER (DRIVER) - EXPLAIN IN NARRATIVE,BAYTREE LN,39.124121,-86.522492
2009,5,2,Weekday,800,2-Car,Non-incapacitating,FOLLOWING TOO CLOSELY,ALLEN & PATTERSON DR,39.12391394,-86.54331
2009,3,3,Weekday,1700,2-Car,Non-incapacitating,OTHER (DRIVER) - EXPLAIN IN NARRATIVE,GUY & ROCKPORT RD,39.12378174,-86.54024
2009,8,3,Weekday,1600,1-Car,No injury/unknown,OTHER (DRIVER) - EXPLAIN IN NARRATIVE,SO MILL STONE WAY ST & SO SARE,39.12377,-86.50864135
2009,3,2,Weekday,1300,2-Car,No injury/unknown,FOLLOWING TOO CLOSELY,SR37S & TAPP,39.12355331,-86.57320781
2009,6,6,Weekday,1000,1-Car,No injury/unknown,RAN OFF ROAD RIGHT,LEONARD SPRINGS & W FULLERTON PK PIKE,39.1234,-86.58254
2009,7,4,Weekday,1000,2-Car,No injury/unknown,FOLLOWING TOO CLOSELY,S WALNUT ST ST & WINSLOW RD,39.12328995,-86.53111
2009,10,2,Weekday,1900,1-Car,No injury/unknown,OTHER (DRIVER) - EXPLAIN IN NARRATIVE,FULLERTON & LEONARD SPRINGS RD,39.12324803,-86.58265598
2009,2,6,Weekend,1900,1-Car,No injury/unknown,ANIMAL/OBJECT IN ROADWAY,KNIGHTRIDGE & SR446N,39.12307582,-86.4668481
2009,1,1,Weekend,1400,2-Car,Non-incapacitating,FAILURE TO YIELD RIGHT OF WAY,ELLER ROAD & GARRISON CHAPEL RD,39.122416,-86.64296
2009,10,7,Weekend,1600,Moped/Motorcycle,Fatal,UNSAFE SPEED,S GARRISON CHAPEL RD & W ELLER,39.122416,-86.64296
2009,5,5,Weekday,1600,2-Car,No injury/unknown,IMPROPER TURNING,LEONARD SPRINGS & SR45W,39.12240491,-86.61427773
2009,6,6,Weekday,1700,2-Car,No injury/unknown,FAILURE TO YIELD RIGHT OF WAY,LEONARD SPRINGS & SR45E,39.12240491,-86.61427773
2009,7,5,Weekday,1700,3+ Cars,Non-incapacitating,FAILURE TO YIELD RIGHT OF WAY,FULLERTON & SR 37 HWY,39.122352,-86.5712
2009,9,4,Weekday,1200,2-Car,No injury/unknown,FAILURE TO YIELD RIGHT OF WAY,FULLERTON & SR37S,39.122352,-86.5712
2009,10,4,Weekday,700,2-Car,Non-incapacitating,FAILURE TO YIELD RIGHT OF WAY,FULLERTON & SR37S,39.122352,-86.5712
2009,10,5,Weekday,1500,Bus,No injury/unknown,OTHER (DRIVER) - EXPLAIN IN NARRATIVE,ISON & W LEONARD SPRINGS RD,39.12232294,-86.60590406
2009,2,1,Weekend,800,1-Car,No injury/unknown,ROADWAY SURFACE CONDITION,FULLERTON PIKE & SR37,39.12229906,-86.56767463
2009,12,2,Weekday,800,2-Car,No injury/unknown,ROADWAY SURFACE CONDITION,FULLERTON PIKE & SR37S,39.12228846,-86.56696955
2009,7,5,Weekday,1800,1-Car,No injury/unknown,VIEW OBSTRUCTED,FULLERTON PIKE & ROCKPORT,39.12227709,-86.56621336
2009,2,4,Weekday,1500,2-Car,No injury/unknown,FAILURE TO YIELD RIGHT OF WAY,ELLER & SR45W,39.12224,-86.6144
2009,2,2,Weekday,700,2-Car,No injury/unknown,FAILURE TO YIELD RIGHT OF WAY,SR45N & W LEONARD SPRINGS,39.12224,-86.6144
2009,3,4,Weekday,700,2-Car,Non-incapacitating,LEFT OF CENTER,FULLERTON & S MONROE MEDICAL  PARK BLVD,39.12224,-86.57333
2009,5,4,Weekday,2300,1-Car,Non-incapacitating,TIRE FAILURE OR DEFECTIVE,FULLERTON PIKE & S MONROE MEDICAL PARK,39.12224,-86.57333
2009,10,5,Weekday,700,2-Car,No injury/unknown,FAILURE TO YIELD RIGHT OF WAY,SR45N & WEST LEONARD SPRINGS,39.12224,-86.6144
2009,12,6,Weekday,1100,2-Car,No injury/unknown,UNSAFE BACKING,FULLERTON PIKE,39.122231,-86.573393
2009,2,5,Weekday,1900,1-Car,No injury/unknown,ANIMAL/OBJECT IN ROADWAY,FULLERTON & S ROCKPORT RD,39.122224,-86.562688
2009,1,1,Weekend,200,1-Car,No injury/unknown,ROADWAY SURFACE CONDITION,ELLER RD & RENDY,39.122208,-86.615792
2009,1,2,Weekday,1200,2-Car,Non-incapacitating,FAILURE TO YIELD RIGHT OF WAY,FULLERTON & SR37N,39.12220683,-86.57140464
2009,9,5,Weekday,2100,3+ Cars,Non-incapacitating,FAILURE TO YIELD RIGHT OF WAY,FULLERTON & SR37S,39.12220683,-86.57140464
2009,12,2,Weekday,500,2-Car,No injury/unknown,OTHER (DRIVER) - EXPLAIN IN NARRATIVE,FULLERTON & SR 37 RD,39.12220683,-86.57140464
2009,12,4,Weekday,1700,2-Car,Non-incapacitating,FAILURE TO YIELD RIGHT OF WAY,FULLERTON & SR37S,39.12220683,-86.57140464
2009,2,4,Weekday,2000,2-Car,Incapacitating,ROADWAY SURFACE CONDITION,ROCKPORT & W FULLERTON PIKE,39.12218,-86.56264328
2009,2,5,Weekday,1700,1-Car,No injury/unknown,RAN OFF ROAD RIGHT,FULLERTON PIKE PIKE & JEDD,39.1221,-86.57404732
2009,12,2,Weekday,1200,1-Car,No injury/unknown,RAN OFF ROAD RIGHT,BARGER & TAPP RD,0.0,0.0
2009,3,3,Weekday,1100,2-Car,No injury/unknown,FAILURE TO YIELD RIGHT OF WAY,FULLERTON PIKE & JUDD,39.1221,-86.57403
2009,12,2,Weekday,2100,1-Car,Non-incapacitating,ALCOHOLIC BEVERAGES,JUDD & W FULLERTON PIKE,39.1221,-86.57402134
2009,11,6,Weekend,1900,2-Car,No injury/unknown,UNSAFE BACKING,SOUTH MONROE MEDICAL PARK BLVD,39.122049,-86.573333
2009,3,7,Weekend,1800,1-Car,No injury/unknown,ROADWAY SURFACE CONDITION,HARRELL RD & RHORER,39.121808,-86.498784
2009,3,7,Weekend,1100,2-Car,No injury/unknown,ROADWAY SURFACE CONDITION,W GORDON PIKE & WICKENS,39.1218,-86.54793
2009,12,6,Weekday,700,Pedestrian,Non-incapacitating,FAILURE TO YIELD RIGHT OF WAY,GORDON PIKE & UKNOWN,39.12168729,-86.54046536
2009,1,2,Weekday,1800,2-Car,No injury/unknown,OTHER (DRIVER) - EXPLAIN IN NARRATIVE,GORDON & ROGERS ST,39.121648,-86.539088
2009,6,2,Weekday,1400,2-Car,No injury/unknown,FOLLOWING TOO CLOSELY,GORDON & OLD STATE ROAD 37 RD,39.121552,-86.531296
2009,10,3,Weekday,1300,1-Car,No injury/unknown,OTHER (DRIVER) - EXPLAIN IN NARRATIVE,W GORDON PIKE,39.12154418,-86.53386009
2009,3,5,Weekday,2100,2-Car,No injury/unknown,FAILURE TO YIELD RIGHT OF WAY,JAMIE & RHORER RD,39.12152262,-86.51756742
2009,11,3,Weekday,1700,3+ Cars,Non-incapacitating,SPEED TOO FAST FOR WEATHER CONDITIONS,1500 E RHORER RD & JAMIE,39.12152,-86.51792
2009,1,4,Weekday,1700,1-Car,No injury/unknown,OTHER (DRIVER) - EXPLAIN IN NARRATIVE,GORDON PIKE,39.12148,-86.535479
2009,1,3,Weekday,1800,1-Car,No injury/unknown,ANIMAL/OBJECT IN ROADWAY,FOX CHASE & RHORER RD,39.12147,-86.4965062
2009,11,3,Weekday,2100,1-Car,No injury/unknown,ANIMAL/OBJECT IN ROADWAY,DERBY & RHORER RD,39.12146,-86.52073
2009,2,4,Weekday,1300,2-Car,No injury/unknown,OTHER (DRIVER) - EXPLAIN IN NARRATIVE,NIMIT & RHORER RD,39.12145,-86.52384
2009,4,3,Weekday,1500,2-Car,No injury/unknown,FAILURE TO YIELD RIGHT OF WAY,RHORER RD & WALNUT,39.12144282,-86.52614342
2009,1,4,Weekday,1600,2-Car,No injury/unknown,FAILURE TO YIELD RIGHT OF WAY,RHORER RD & SARE,39.12144,-86.51158
2009,5,7,Weekend,2100,2-Car,No injury/unknown,DISREGARD SIGNAL/REG SIGN,RHORER & WALNUT ST,39.12144,-86.52663
2009,6,3,Weekday,1300,1-Car,No injury/unknown,IMPROPER TURNING,RHORER & WALNUT STREET PIKE,39.12144,-86.526496
2009,7,4,Weekday,1100,2-Car,No injury/unknown,UNSAFE BACKING,RHORER & S WALNUT ST,39.12144,-86.526496
2009,8,5,Weekday,1400,2-Car,No injury/unknown,OVERCORRECTING/OVERSTEERING,RHOER & WALNUT STREET PIKE,39.12144,-86.52663
2009,9,4,Weekday,1700,2-Car,No injury/unknown,FAILURE TO YIELD RIGHT OF WAY,RHORER RD & SARA,39.12144,-86.51149349
2009,9,1,Weekend,1700,2-Car,Non-incapacitating,DISREGARD SIGNAL/REG SIGN,RHORER RD & SARE,39.12144,-86.51158
2009,10,6,Weekday,1200,2-Car,Non-incapacitating,ROADWAY SURFACE CONDITION,RHORER & SO WALNUT STREET PIKE PIKE,39.12144,-86.526496
2009,11,3,Weekday,1700,2-Car,No injury/unknown,IMPROPER PASSING,EAST RHORER & SOUTH WALNUT ST,39.12144,-86.526496
2009,12,4,Weekday,1600,2-Car,Non-incapacitating,FAILURE TO YIELD RIGHT OF WAY,RHORER RD & SARE,39.12144,-86.51158
2009,12,6,Weekday,1400,2-Car,No injury/unknown,FAILURE TO YIELD RIGHT OF WAY,RHORER RD & WALNUT STREET,39.12144,-86.526496
2009,12,5,Weekday,2000,2-Car,No injury/unknown,UNSAFE BACKING,RHORER RD & WALNUT,39.12144,-86.526496
2009,3,5,Weekday,1700,2-Car,No injury/unknown,PRESCRIPTION DRUGS,GORDON PIKE & S WALNUT,39.12142,-86.53135
2009,3,6,Weekday,1300,3+ Cars,No injury/unknown,FOLLOWING TOO CLOSELY,GORDON & S WALNUT ST,39.12142,-86.53135
2009,4,1,Weekend,1700,2-Car,No injury/unknown,DRIVER DISTRACTED - EXPLAIN IN NARRATIVE,N WALNUT & W GORDON PIKE,39.12142,-86.53135
2009,7,4,Weekday,1900,2-Car,No injury/unknown,FAILURE TO YIELD RIGHT OF WAY,GORDON PIKE & S WALNUT,39.12142,-86.53135
2009,10,1,Weekend,200,2-Car,No injury/unknown,OTHER (DRIVER) - EXPLAIN IN NARRATIVE,GORDAN PIKE & S WALNUT,39.12142,-86.53135
2009,7,5,Weekday,2200,1-Car,Incapacitating,UNSAFE SPEED,BERNICE & FAIRFAX RD,39.12112231,-86.50314
2009,1,6,Weekday,700,3+ Cars,No injury/unknown,SPEED TOO FAST FOR WEATHER CONDITIONS,DUNLAP & SR45W,39.119344,-86.618896
2009,8,3,Weekday,1300,2-Car,Non-incapacitating,FOLLOWING TOO CLOSELY,DUNLAP & SR45S,39.119344,-86.618896
2009,7,3,Weekday,2200,1-Car,No injury/unknown,OTHER (DRIVER) - EXPLAIN IN NARRATIVE,PINE GROVE & SR446S,39.11908958,-86.4293384