Year,Month,Day,Weekend?,Hour,Collision Type,Injury Type,Primary Factor,Reported_Location,Latitude,Longitude
2009,1,2,Weekday,700,1-Car,Non-incapacitating,ROADWAY SURFACE CONDITION,ESTATE & S ROGERS ST,39.118992,-86.539312
2009,10,5,Weekday,700,3+ Cars,Non-incapacitating,DRIVER DISTRACTED - EXPLAIN IN NARRATIVE,DUNLAP & SR45W,39.11884748,-86.61978393
2009,7,5,Weekday,1500,Pedestrian,Non-incapacitating,PEDESTRIAN ACTION,ANDREWS CIR & MOORES,39.11866819,-86.49337
2009,9,2,Weekday,600,2-Car,No injury/unknown,OTHER (ENVIRONMENTAL) - EXPLAIN IN NARR,FAIRFAX & SOUTH OLD STATE ROAD 37 ST,39.11781896,-86.53149
2009,11,7,Weekend,1600,3+ Cars,Non-incapacitating,FAILURE TO YIELD RIGHT OF WAY,FAIRFAX & OLD STATE ROAD 37 HWY,39.11781896,-86.53149
2009,4,7,Weekend,800,1-Car,Non-incapacitating,RAN OFF ROAD RIGHT,DUNLAP & SR45W,39.11774229,-86.62176025
2009,1,4,Weekday,700,1-Car,No injury/unknown,SPEED TOO FAST FOR WEATHER CONDITIONS,ROCKPORT & SR37N,39.117648,-86.567104
2009,5,6,Weekday,1100,2-Car,Non-incapacitating,FAILURE TO YIELD RIGHT OF WAY,ROCKPORT & SR37S,39.117648,-86.567104
2009,11,5,Weekday,800,2-Car,Non-incapacitating,FAILURE TO YIELD RIGHT OF WAY,ROCKPORT ROAD & SR37S,39.117648,-86.567104
2009,5,4,Weekday,1300,2-Car,Non-incapacitating,FOLLOWING TOO CLOSELY,DARRELL & SR45S,39.116379,-86.62419793
2009,11,6,Weekday,500,1-Car,No injury/unknown,OTHER (DRIVER) - EXPLAIN IN NARRATIVE,SR37S & THAT,39.11595373,-86.56507293
2009,9,7,Weekend,1500,Pedestrian,Non-incapacitating,PEDESTRIAN ACTION,ORCHARD & S OLD STATE ROAD 37 RD,39.11584,-86.5312
2009,4,3,Weekday,1100,2-Car,No injury/unknown,LEFT OF CENTER,OLD STATE ROAD 37 & ORCHARD LN,39.11581467,-86.53172785
2009,12,2,Weekday,1600,3+ Cars,Non-incapacitating,ALCOHOLIC BEVERAGES,ORCHARD & SR37S,39.11563583,-86.53122783
2009,3,6,Weekday,700,2-Car,Non-incapacitating,ANIMAL/OBJECT IN ROADWAY,SR37S & THAT,39.115552,-86.564592
2009,10,2,Weekday,700,2-Car,No injury/unknown,FAILURE TO YIELD RIGHT OF WAY,SR37N & THAT,39.115552,-86.564592
2009,11,2,Weekday,2100,1-Car,No injury/unknown,ANIMAL/OBJECT IN ROADWAY,SR37 & THAT,39.115552,-86.564592
2009,12,2,Weekday,800,1-Car,Non-incapacitating,ROADWAY SURFACE CONDITION,PHYLLIS & ROGERS ST,39.11531829,-86.54029
2009,2,5,Weekday,700,1-Car,No injury/unknown,SPEED TOO FAST FOR WEATHER CONDITIONS,PINE GROVE & SR446S,39.115183,-86.42914221
2009,2,5,Weekday,700,2-Car,No injury/unknown,SPEED TOO FAST FOR WEATHER CONDITIONS,PINE GROVE & SR446S,39.115183,-86.42914221
2009,8,6,Weekend,2100,Moped/Motorcycle,Incapacitating,ANIMAL/OBJECT IN ROADWAY,DINSMORE & SR45W,39.11504,-86.630992
2009,11,1,Weekday,1900,1-Car,No injury/unknown,ANIMAL/OBJECT IN ROADWAY,DARRELL & SR45W,39.11502306,-86.62697599
2009,6,2,Weekday,1000,1-Car,Non-incapacitating,OTHER (VEHICLE) - EXPLAIN IN NARRATIVE,PATRICIA LN & THAT,39.11498578,-86.57360889
2009,7,7,Weekend,2300,1-Car,No injury/unknown,DRIVER DISTRACTED - EXPLAIN IN NARRATIVE,DINSMORE & SR45E,39.11489515,-86.63129155
2009,9,4,Weekday,2000,Moped/Motorcycle,Non-incapacitating,FAILURE TO YIELD RIGHT OF WAY,4450 S ROCKPORT RDS & HWY 37,39.114839,-86.57045626
2009,1,1,Weekend,1400,2-Car,No injury/unknown,ROADWAY SURFACE CONDITION,ROGERS ST & THAT,39.1148048,-86.539392
2009,5,7,Weekend,1300,Moped/Motorcycle,Incapacitating,ANIMAL/OBJECT IN ROADWAY,SOUTH RODGERS ST & THAT,39.11465357,-86.53984308
2009,4,7,Weekend,2100,2-Car,No injury/unknown,DRIVER DISTRACTED - EXPLAIN IN NARRATIVE,EAGLEVIEW & W THAT RD,39.11461,-86.54628866
2009,12,7,Weekend,200,1-Car,Non-incapacitating,OTHER (ENVIRONMENTAL) - EXPLAIN IN NARR,DINSMORE & SR45W,39.11431572,-86.63248973
2009,4,6,Weekday,800,3+ Cars,No injury/unknown,BRAKE FAILURE OR DEFECTIVE,GARRISON CHAPEL & SR45W,39.1142546,-86.63261611
2009,5,7,Weekend,300,1-Car,No injury/unknown,RAN OFF ROAD RIGHT,LEONARD SPRINGS ROAD RD & LIZZY,39.11425,-86.59514
2009,11,3,Weekday,1300,2-Car,Non-incapacitating,FAILURE TO YIELD RIGHT OF WAY,FAIRFAX & OLD STATE ROAD 37 RD,39.11359538,-86.53149
2009,7,7,Weekend,600,1-Car,Non-incapacitating,ALCOHOLIC BEVERAGES,MOORES & S SARE RD,39.11347281,-86.498715
2009,1,7,Weekend,0,2-Car,No injury/unknown,ROADWAY SURFACE CONDITION,ELWREN RD & ELWREN RUN AROUND,39.113232,-86.668544
2009,2,6,Weekend,2200,2-Car,No injury/unknown,FAILURE TO YIELD RIGHT OF WAY,OLD STATE ROAD 45 & SR45W,39.11225524,-86.63627094
2009,1,6,Weekday,1800,2-Car,No injury/unknown,OTHER (DRIVER) - EXPLAIN IN NARRATIVE,HARMONY & SR45W,39.11188918,-86.63693506
2009,12,2,Weekday,2100,1-Car,No injury/unknown,SPEED TOO FAST FOR WEATHER CONDITIONS,CLEAR CREEK & ROGERS ST,39.11177143,-86.53979657
2009,3,3,Weekday,1100,2-Car,No injury/unknown,IMPROPER LANE USAGE,S LIBERTY DR & W 3RD,39.11173778,-86.57913
2009,9,3,Weekday,2000,2-Car,No injury/unknown,DRIVER DISTRACTED - EXPLAIN IN NARRATIVE,3RD & LIBERTY DR,39.11172619,-86.57913641
2009,12,4,Weekday,1700,2-Car,No injury/unknown,FAILURE TO YIELD RIGHT OF WAY,LIBERTY DR & W 3RD,39.11172619,-86.57913641
2009,12,4,Weekday,1500,2-Car,Incapacitating,FOLLOWING TOO CLOSELY,FULLERTON & SR 37 HWY,39.11164383,-86.57140464
2009,10,7,Weekend,1600,2-Car,No injury/unknown,IMPROPER PASSING,COLLEGE MALL RD & EAST THIRD,39.11136828,-86.49827
2009,6,5,Weekday,1600,1-Car,No injury/unknown,DRIVER DISTRACTED - EXPLAIN IN NARRATIVE,4910 S ROGERS ST & CLEAR CREEK,39.11136,-86.539824
2009,2,1,Weekend,1300,3+ Cars,Incapacitating,DRIVER DISTRACTED - EXPLAIN IN NARRATIVE,GARRISON CHAPEL & SR45S,39.111024,-86.638304
2009,4,6,Weekend,1900,2-Car,Non-incapacitating,FAILURE TO YIELD RIGHT OF WAY,HARMONY & SR45W,39.111024,-86.638304
2009,6,4,Weekday,2100,Moped/Motorcycle,Non-incapacitating,ANIMAL/OBJECT IN ROADWAY,4625 S GARRISON RD & SR45,39.111024,-86.638304
2009,7,6,Weekday,1700,2-Car,Non-incapacitating,DRIVER DISTRACTED - EXPLAIN IN NARRATIVE,HARMONY & SR45W,39.111024,-86.638304
2009,8,2,Weekday,1000,1-Car,No injury/unknown,RAN OFF ROAD RIGHT,GARRISON CHAPEL & SR45W,39.111024,-86.638304
2009,12,6,Weekday,500,1-Car,No injury/unknown,ALCOHOLIC BEVERAGES,GARRISON CHAPEL & SR45E,39.111024,-86.638304
2009,1,6,Weekday,900,2-Car,No injury/unknown,FAILURE TO YIELD RIGHT OF WAY,GARRISON CHAPEL & SR45N,39.11096385,-86.63840025
2009,6,5,Weekday,1600,2-Car,No injury/unknown,FOLLOWING TOO CLOSELY,SOUTH WALNUT ST & WEST GORDON,39.11085722,-86.53135
2009,10,5,Weekday,800,2-Car,No injury/unknown,FAILURE TO YIELD RIGHT OF WAY,GARRISON CHAPEL & SR45N,39.11072323,-86.63878525
2009,7,6,Weekend,2100,1-Car,No injury/unknown,OTHER (DRIVER) - EXPLAIN IN NARRATIVE,HARMONY & SR45S,39.11046543,-86.63919774
2009,2,1,Weekend,100,2-Car,Non-incapacitating,ALCOHOLIC BEVERAGES,FAIRFAX ROAD & WALNUT STREET PIKE PIKE,39.10961716,-86.53115273
2009,11,6,Weekend,2000,2-Car,No injury/unknown,ANIMAL/OBJECT IN ROADWAY,HARMONY & SR45W,39.1093053,-86.64105392
2009,6,2,Weekday,1500,2-Car,Non-incapacitating,FOLLOWING TOO CLOSELY,W STATE ROAD 45 RD & WOODBINE,39.109264,-86.64112
2009,10,4,Weekday,1500,1-Car,No injury/unknown,SPEED TOO FAST FOR WEATHER CONDITIONS,PINE GROVE & SR446S,39.10910105,-86.43057773
2009,7,5,Weekday,500,1-Car,No injury/unknown,ANIMAL/OBJECT IN ROADWAY,9670 ELWREN RD & GREEN COUNTY LINE,39.10875136,-86.68231958
2009,12,4,Weekday,1300,2-Car,No injury/unknown,FOLLOWING TOO CLOSELY,ELWRIN RD & HARMONY,39.108496,-86.6384
2009,4,3,Weekday,800,2-Car,No injury/unknown,LEFT OF CENTER,SR45 & WEST ELWREN ROAD RDS,39.10824992,-86.64703317
2009,10,7,Weekend,2200,1-Car,Non-incapacitating,OTHER (DRIVER) - EXPLAIN IN NARRATIVE,W TOWER RD,39.10794,-86.607901
2009,4,6,Weekday,1000,2-Car,Non-incapacitating,FAILURE TO YIELD RIGHT OF WAY,WALNUT ST & WALNUT STREET,39.10789332,-86.52640202
2009,1,6,Weekend,1900,2-Car,No injury/unknown,ALCOHOLIC BEVERAGES,ELWREN & SR45W,39.107648,-86.643696
2009,7,3,Weekday,1500,2-Car,No injury/unknown,IMPROPER PASSING,ELWREN & SR45S,39.107648,-86.643696
2009,8,5,Weekday,900,1-Car,Non-incapacitating,OVERCORRECTING/OVERSTEERING,CHURCH LN & VICTOR,39.10754188,-86.54935153
2009,1,7,Weekend,1700,2-Car,No injury/unknown,OTHER (DRIVER) - EXPLAIN IN NARRATIVE,WALNUT ST & WALNUT STREET,39.107344,-86.5264
2009,7,7,Weekend,1600,2-Car,No injury/unknown,FOLLOWING TOO CLOSELY,CHURCH & WALNUT ST,39.107344,-86.5264
2009,7,2,Weekday,1700,2-Car,No injury/unknown,OTHER (DRIVER) - EXPLAIN IN NARRATIVE,WALNUT & WALNUT STREET PIKE,39.107344,-86.5264
2009,9,3,Weekday,700,2-Car,Non-incapacitating,FAILURE TO YIELD RIGHT OF WAY,S WALNUT & WALNUT ST PIKE,39.107344,-86.5264
2009,10,3,Weekday,700,2-Car,No injury/unknown,OTHER (DRIVER) - EXPLAIN IN NARRATIVE,WALNUT & WALNUT ST PIKE,39.107344,-86.5264
2009,11,3,Weekday,800,2-Car,Non-incapacitating,FOLLOWING TOO CLOSELY,WALNUT & WALNUT STREET PIKE PIKE,39.107344,-86.5264
2009,11,4,Weekday,1500,2-Car,Non-incapacitating,FAILURE TO YIELD RIGHT OF WAY,S WALNUT ST & WALNUT STREET,39.107344,-86.5264
2009,10,1,Weekend,1500,2-Car,No injury/unknown,FAILURE TO YIELD RIGHT OF WAY,FAIRFAXT & OLD SR 37 STA,39.10726,-86.53149
2009,7,7,Weekend,2100,2-Car,Non-incapacitating,DISREGARD SIGNAL/REG SIGN,FAIRFAX & WALNUT ST,39.10716,-86.52651
2009,8,6,Weekday,1000,2-Car,No injury/unknown,TIRE FAILURE OR DEFECTIVE,FAIRFAX RD & WALNUT,39.10716,-86.52646674
2009,10,6,Weekday,1200,2-Car,Incapacitating,LEFT OF CENTER,SCHACHT & SO FAIRFAX RD RD,39.10704,-86.523488
2009,7,4,Weekday,1400,2-Car,Non-incapacitating,DRIVER DISTRACTED - EXPLAIN IN NARRATIVE,FAIRFAX RD & SCHACHT,39.10689,-86.52378
2009,8,6,Weekday,1700,2-Car,No injury/unknown,FOLLOWING TOO CLOSELY,FAIRFAX RD & SCHACT,39.10689,-86.52378
2009,6,4,Weekday,1600,2-Car,Non-incapacitating,UNSAFE SPEED,SR37S & VICTOR,39.10686923,-86.55290151
2009,6,3,Weekday,1700,2-Car,No injury/unknown,IMPROPER TURNING,OLD STATE ROAD 37 RD,39.106848,-86.531568
2009,12,5,Weekday,1600,2-Car,No injury/unknown,UNSAFE BACKING,OLD SR 37 S RD,39.106848,-86.531568
2009,8,6,Weekday,1600,3+ Cars,No injury/unknown,FOLLOWING TOO CLOSELY,SR37S & VICTOR,39.10668106,-86.55264471
2009,3,5,Weekday,600,1-Car,No injury/unknown,OTHER (DRIVER) - EXPLAIN IN NARRATIVE,VICTOR PIKE,39.106659,-86.550268
2009,3,3,Weekday,600,2-Car,No injury/unknown,OTHER (DRIVER) - EXPLAIN IN NARRATIVE,VICTOR PIKE,39.106659,-86.550268
2009,3,3,Weekday,600,1-Car,No injury/unknown,ANIMAL/OBJECT IN ROADWAY,ELWREN & SR45W,39.10655621,-86.64476522
2009,1,4,Weekday,2100,1-Car,No injury/unknown,ROADWAY SURFACE CONDITION,SR37N & VICTOR,39.10649288,-86.55238793
2009,6,5,Weekday,1600,2-Car,No injury/unknown,FOLLOWING TOO CLOSELY,SR37S & VICTOR,39.10611653,-86.55187435
2009,6,7,Weekend,1200,2-Car,No injury/unknown,LEFT OF CENTER,COCKRELL ROAD & DOGWOOD LANE RD,39.105936,-86.584784
2009,8,7,Weekend,2300,1-Car,Non-incapacitating,SPEED TOO FAST FOR WEATHER CONDITIONS,FAIRFAX RD & MARIE,39.10568,-86.52248
2009,7,4,Weekday,500,2-Car,Non-incapacitating,DISREGARD SIGNAL/REG SIGN,SR37S & VICTOR,39.10555824,-86.55147414
2009,1,6,Weekday,900,2-Car,No injury/unknown,DISREGARD SIGNAL/REG SIGN,SR37S & VICTOR,39.105552,-86.551104
2009,2,5,Weekday,1200,2-Car,Non-incapacitating,FAILURE TO YIELD RIGHT OF WAY,SR37N & VICTOR,39.105552,-86.551104
2009,2,6,Weekday,800,2-Car,Non-incapacitating,DISREGARD SIGNAL/REG SIGN,SR37N & VICTOR PIKE,39.105552,-86.551104
2009,4,3,Weekday,1200,2-Car,Non-incapacitating,DISREGARD SIGNAL/REG SIGN,SR37N & VICTOR,39.105552,-86.551104
2009,6,7,Weekend,1600,2-Car,No injury/unknown,FAILURE TO YIELD RIGHT OF WAY,SR37S & VICTOR,39.105552,-86.551104
2009,7,3,Weekday,1400,2-Car,No injury/unknown,DISREGARD SIGNAL/REG SIGN,SR37N & VICTOR,39.105552,-86.551104
2009,12,3,Weekday,600,2-Car,No injury/unknown,FAILURE TO YIELD RIGHT OF WAY,SR37N & VICTOR,39.105552,-86.551104
2009,2,3,Weekday,800,2-Car,No injury/unknown,SPEED TOO FAST FOR WEATHER CONDITIONS,SR37N & VICTOR,39.10509883,-86.55070554
2009,12,2,Weekday,700,2-Car,Non-incapacitating,ROADWAY SURFACE CONDITION,PHYLLIS & SOUTH ROGERS ST,39.10476,-86.54029
2009,8,4,Weekday,0,1-Car,No injury/unknown,CELL PHONE USAGE,SR37S & VICTOR,39.10464565,-86.55030708
2009,9,7,Weekend,1600,1-Car,Incapacitating,OVERCORRECTING/OVERSTEERING,HINDS & SR45W,39.10461625,-86.64666322
2009,2,4,Weekday,1800,1-Car,No injury/unknown,ANIMAL/OBJECT IN ROADWAY,SR37S & VICTOR,39.10441906,-86.55010785
2009,1,3,Weekday,800,1-Car,No injury/unknown,SPEED TOO FAST FOR WEATHER CONDITIONS,SR37N & VICTOR,39.10328611,-86.54911173
2009,10,3,Weekday,900,2-Car,Non-incapacitating,SPEED TOO FAST FOR WEATHER CONDITIONS,OLD STATE ROAD 37 RD & STATE ROAD 37,39.10252091,-86.5409898
2009,9,4,Weekday,1200,1-Car,Non-incapacitating,RAN OFF ROAD RIGHT,MOORES CREEK RD & STIPP,39.10252,-86.46196297
2009,4,2,Weekday,1700,2-Car,No injury/unknown,DRIVER ASLEEP OR FATIGUED,S FAIRFAX & S OLD STATE ROAD 37 RD,39.10198052,-86.53149
2009,9,6,Weekend,2100,1-Car,Non-incapacitating,UNSAFE SPEED,CHARLIE & ROGERS ST,39.10193,-86.5394
2009,10,1,Weekday,2000,1-Car,No injury/unknown,ANIMAL/OBJECT IN ROADWAY,COCKRELL & S ROCKPORT RD RD,39.101776,-86.576864
2009,3,7,Weekend,1600,2-Car,No injury/unknown,ALCOHOLIC BEVERAGES,COCKERAL & ROCKPORT RD,39.10163,-86.57698134
2009,11,4,Weekday,0,1-Car,No injury/unknown,RAN OFF ROAD RIGHT,MESA & STIPP RD,39.10105214,-86.4893277
2009,7,1,Weekend,1500,2-Car,No injury/unknown,IMPROPER TURNING,EAST MOFFET LN & FAIRFAX RD,39.09984,-86.5176
2009,9,7,Weekend,1200,1-Car,No injury/unknown,DRIVER ASLEEP OR FATIGUED,FAIRFAX & MOFFETT LN,39.09984,-86.5176
2009,2,7,Weekend,1300,2-Car,Non-incapacitating,ROADWAY SURFACE CONDITION,HARRELL ROAD RDS & MOFFETT LANE,39.099792,-86.498448
2009,11,6,Weekend,2200,1-Car,Non-incapacitating,UNSAFE SPEED,MOFFETT & STIPP RD,39.09974,-86.49385
2009,3,3,Weekday,1800,1-Car,Non-incapacitating,RAN OFF ROAD RIGHT,MOFFET LN & ORNAMENTAL,39.09973,-86.5034327
2009,4,7,Weekend,1400,1-Car,No injury/unknown,DRIVER ASLEEP OR FATIGUED,OLD STATE ROAD 37 RD & ROGERS,39.099408,-86.537904
2009,6,3,Weekday,1200,1-Car,Non-incapacitating,RAN OFF ROAD RIGHT,ROGERS & SOUTH OLD STATE RD 37 RD,39.099408,-86.537904
2009,6,2,Weekday,900,1-Car,No injury/unknown,RAN OFF ROAD RIGHT,HINDS & SR45N,39.099152,-86.652
2009,11,6,Weekend,1900,1-Car,No injury/unknown,ANIMAL/OBJECT IN ROADWAY,HINDS & SR45E,39.099152,-86.652
2009,5,7,Weekend,2200,1-Car,Incapacitating,ANIMAL/OBJECT IN ROADWAY,HINDS & SR45W,39.09859974,-86.6527848
2009,9,5,Weekday,1300,1-Car,Non-incapacitating,PRESCRIPTION DRUGS,HINDS & SR45W,39.09817365,-86.65365467
2009,9,5,Weekday,1500,2-Car,No injury/unknown,DRIVER DISTRACTED - EXPLAIN IN NARRATIVE,N ELWREN & SR45W,39.09784889,-86.65541017
2009,1,3,Weekday,200,1-Car,No injury/unknown,ALCOHOLIC BEVERAGES,FAIRFAX RD & VERA,39.0969306,-86.51682458
2009,7,5,Weekday,1100,2-Car,Non-incapacitating,FAILURE TO YIELD RIGHT OF WAY,FAIRFAX RD & LINDA,39.09682,-86.51704
2009,5,5,Weekday,1300,1-Car,Non-incapacitating,RAN OFF ROAD RIGHT,ROCKPORT RD & VICTOR,39.09602816,-86.60649
2009,4,2,Weekday,600,1-Car,No injury/unknown,SPEED TOO FAST FOR WEATHER CONDITIONS,AIRLINE & HANDY RD,39.09586621,-86.49388789
2009,6,2,Weekday,2200,2-Car,No injury/unknown,LEFT OF CENTER,OLD STATE ROAD 37 & SR37N,39.09583927,-86.54271101
2009,7,4,Weekday,1700,2-Car,No injury/unknown,ANIMAL/OBJECT IN ROADWAY,DILLMAN & SR37S,39.09434418,-86.54580002
2009,1,6,Weekend,2200,1-Car,No injury/unknown,ALCOHOLIC BEVERAGES,HANDY RD,39.09404596,-86.49170999
2009,5,3,Weekday,1000,1-Car,Non-incapacitating,OVERCORRECTING/OVERSTEERING,HARMONY RD & MAY,39.093744,-86.638304
2009,8,4,Weekday,900,1-Car,Non-incapacitating,DRIVER DISTRACTED - EXPLAIN IN NARRATIVE,SOUTH HARMONY RD & WEST MAY,39.093744,-86.638304
2009,10,7,Weekend,2300,1-Car,No injury/unknown,CELL PHONE USAGE,MAY ROAD & S HARMONY ROAD RD,39.093744,-86.638304
2009,10,7,Weekend,2000,2-Car,No injury/unknown,FAILURE TO YIELD RIGHT OF WAY,HARMONY RD & MAY,39.093744,-86.638304
2009,2,3,Weekday,1700,2-Car,Non-incapacitating,FOLLOWING TOO CLOSELY,WALNUT ST & WINSLOW,39.09370315,-86.53111
2009,2,4,Weekday,1900,1-Car,No injury/unknown,ROADWAY SURFACE CONDITION,MAY & S ROCKPORT RD,39.093344,-86.5868
2009,2,5,Weekday,700,3+ Cars,Non-incapacitating,FAILURE TO YIELD RIGHT OF WAY,DILLMAN & SR37S,39.092976,-86.545648
2009,3,7,Weekend,1100,2-Car,Non-incapacitating,DRIVER ASLEEP OR FATIGUED,DILLMAN & SR37S,39.092976,-86.545648
2009,5,6,Weekday,1500,2-Car,No injury/unknown,FAILURE TO YIELD RIGHT OF WAY,DILLMAN & SR37W,39.092976,-86.545648
2009,11,4,Weekday,700,3+ Cars,Non-incapacitating,FAILURE TO YIELD RIGHT OF WAY,CR37S & DILLMAN,39.092976,-86.545648
2009,3,1,Weekend,1700,3+ Cars,No injury/unknown,FAILURE TO YIELD RIGHT OF WAY,DILLMAN & S OLD STATE ROAD 37 HWY,39.092944,-86.544
2009,11,1,Weekend,200,1-Car,Non-incapacitating,ALCOHOLIC BEVERAGES,DILLMAN RD & OLD STATE ROAD 37,39.092944,-86.544
2009,12,2,Weekday,900,2-Car,No injury/unknown,FAILURE TO YIELD RIGHT OF WAY,DILLMAN RD & SOUTH OLD STATE RD 37,39.092944,-86.544
2009,1,5,Weekday,1600,2-Car,No injury/unknown,OTHER (DRIVER) - EXPLAIN IN NARRATIVE,485 E DILLMAN RD & EMPIRE,39.092928,-86.54176
2009,7,6,Weekend,1900,1-Car,No injury/unknown,DRIVER DISTRACTED - EXPLAIN IN NARRATIVE,DILLMAN RD & SOUTH OLD STATE ROAD 37,39.09291262,-86.54047569
2009,11,6,Weekday,1400,3+ Cars,Non-incapacitating,FOLLOWING TOO CLOSELY,FAIRFAX RD & SANDERS 2ND AVE,39.09275119,-86.51582056
2009,7,5,Weekday,600,2-Car,No injury/unknown,FAILURE TO YIELD RIGHT OF WAY,DILLMAN & FIARFAX RD,39.09264,-86.51672
2009,2,3,Weekday,800,Bus,No injury/unknown,ROADWAY SURFACE CONDITION,FAIRFAX RD RD & RAYLETOWN RD,39.09261,-86.51702
2009,3,3,Weekday,1600,3+ Cars,No injury/unknown,FOLLOWING TOO CLOSELY,LIBERTY & SR45W,39.09216365,-86.57776354
2009,10,1,Weekday,2000,1-Car,No injury/unknown,ANIMAL/OBJECT IN ROADWAY,SR45W & STANFORD,39.09171295,-86.66372607
2009,6,5,Weekday,2300,1-Car,No injury/unknown,RAN OFF ROAD RIGHT,AZALEA & HIGHLAND AVE,39.09164526,-86.51736418
2009,10,5,Weekday,500,1-Car,No injury/unknown,ANIMAL/OBJECT IN ROADWAY,FULLERTON & SR37N,39.09051784,-86.57140464
2009,10,4,Weekday,300,1-Car,Non-incapacitating,RAN OFF ROAD RIGHT,ACORN & ROCKPORT RD,39.09037979,-86.57288
2009,8,5,Weekday,1400,2-Car,Non-incapacitating,FOLLOWING TOO CLOSELY,SR45W & STANFORD,39.0900273,-86.66604621
2009,5,7,Weekend,2000,1-Car,No injury/unknown,ANIMAL/OBJECT IN ROADWAY,PAYNETOWN & SR446S,39.08846451,-86.42293321
2009,1,1,Weekend,700,1-Car,Non-incapacitating,SPEED TOO FAST FOR WEATHER CONDITIONS,BREEDEN & SR45S,39.08781484,-86.66956325
2009,5,4,Weekday,1200,1-Car,No injury/unknown,SPEED TOO FAST FOR WEATHER CONDITIONS,HARMONY RD & KIRKSVILLE,39.08709195,-86.63844981
2009,8,4,Weekday,1300,2-Car,Incapacitating,LEFT OF CENTER,GREEN COUNTY LINE & SR45S,39.08688225,-86.6782558
2009,11,5,Weekday,2000,1-Car,No injury/unknown,SPEED TOO FAST FOR WEATHER CONDITIONS,SPARKS & SR45E,39.086848,-86.671296
2009,12,2,Weekday,2100,2-Car,No injury/unknown,FAILURE TO YIELD RIGHT OF WAY,BREEDEN & SR45W,39.08684019,-86.67163173
2009,7,5,Weekday,1000,1-Car,No injury/unknown,FOLLOWING TOO CLOSELY,BREEDEN & SR45S,39.086832,-86.671984
2009,7,6,Weekday,1300,2-Car,Non-incapacitating,FOLLOWING TOO CLOSELY,BREEDEN & SR45W,39.086832,-86.671984
2009,12,5,Weekday,1200,Moped/Motorcycle,Non-incapacitating,OTHER (DRIVER) - EXPLAIN IN NARRATIVE,BREEDEN & SR45W,39.08681512,-86.67392224
2009,5,3,Weekday,1700,1-Car,Non-incapacitating,OVERCORRECTING/OVERSTEERING,GREENE COUNTY LINE & SR45W,39.08679481,-86.68184996
2009,1,6,Weekday,300,1-Car,Non-incapacitating,DRIVER ASLEEP OR FATIGUED,GREEN COUNTY LINE & SR45W,39.08678648,-86.68186069
2009,11,3,Weekday,1700,1-Car,No injury/unknown,ANIMAL/OBJECT IN ROADWAY,BREEDEN & SR45W,39.08678588,-86.6772701
2009,11,3,Weekday,600,1-Car,No injury/unknown,ANIMAL/OBJECT IN ROADWAY,SR45W & STATE ROAD 45,39.08675815,-86.67201332
2009,11,3,Weekday,1900,2-Car,No injury/unknown,ANIMAL/OBJECT IN ROADWAY,COUNTY LINE & SR45W,39.08666936,-86.68232875
2009,7,4,Weekday,1700,3+ Cars,No injury/unknown,FAILURE TO YIELD RIGHT OF WAY,DILLMAN & SR37S,39.08653677,-86.54345779
2009,12,2,Weekday,800,2-Car,No injury/unknown,FAILURE TO YIELD RIGHT OF WAY,ALEXIS WAY & S FAIRFAX RD,39.08636,-86.51703
2009,10,6,Weekday,100,1-Car,No injury/unknown,ROADWAY SURFACE CONDITION,EMPIRE MILL & OLD HWY 37 SOUTH HWY,39.08624,-86.542
2009,2,3,Weekday,800,2-Car,No injury/unknown,FAILURE TO YIELD RIGHT OF WAY,OLD SR 37 & SR37S,39.085632,-86.542304
2009,3,7,Weekend,1400,Pedestrian,No injury/unknown,FAILURE TO YIELD RIGHT OF WAY,OLD STATE ROAD 37 & SR37S,39.085632,-86.542304
2009,5,5,Weekday,600,2-Car,Non-incapacitating,DISREGARD SIGNAL/REG SIGN,OLD HIGHWAY 37 & SR37S,39.085632,-86.542304
2009,5,3,Weekday,2100,1-Car,No injury/unknown,ANIMAL/OBJECT IN ROADWAY,OLD STATE ROAD 37 & SR37S,39.085632,-86.542304
2009,6,6,Weekday,1800,2-Car,No injury/unknown,FOLLOWING TOO CLOSELY,SOUTH OLD STATE ROAD 37 & SR37S,39.085632,-86.542304
2009,8,7,Weekend,2300,2-Car,Non-incapacitating,SPEED TOO FAST FOR WEATHER CONDITIONS,OLD STATE ROAD 37 & SR37S,39.085632,-86.542304
2009,12,3,Weekday,800,2-Car,No injury/unknown,LEFT OF CENTER,OLD SR 37 RD & SR 37,39.08527,-86.54272806
2009,6,3,Weekday,1700,3+ Cars,Non-incapacitating,LEFT OF CENTER,SR37S & WALNUT,39.08524585,-86.54233754
2009,9,3,Weekday,1500,Moped/Motorcycle,Non-incapacitating,UNSAFE SPEED,RUSH RIDGE & SR446S,39.08506724,-86.42097248
2009,9,4,Weekday,1800,1-Car,No injury/unknown,OTHER (DRIVER) - EXPLAIN IN NARRATIVE,TRAMWAY & VICTOR PIKE,39.08464432,-86.5666342
2009,10,5,Weekday,1600,3+ Cars,Non-incapacitating,DRIVER ILLNESS,SOUTH OLD STATE ROAD 37 RD,39.084373,-86.542775
2009,11,5,Weekday,1600,3+ Cars,Non-incapacitating,BRAKE FAILURE OR DEFECTIVE,EMPIRE & SR37S,39.08384,-86.540768