Year,Month,Day,Weekend?,Hour,Collision Type,Injury Type,Primary Factor,Reported_Location,Latitude,Longitude
2009,10,5,Weekday,2200,1-Car,No injury/unknown,SPEED TOO FAST FOR WEATHER CONDITIONS,SR 37 & SR37S,39.08372473,-86.54067222
2009,3,5,Weekday,600,1-Car,No injury/unknown,DRIVER DISTRACTED - EXPLAIN IN NARRATIVE,SR37 & SR37S,39.08367862,-86.54063391
2009,1,6,Weekday,100,1-Car,Non-incapacitating,RAN OFF ROAD RIGHT,EMPIRE & OLD STATE ROAD 37 HWY,39.083248,-86.5408
2009,12,1,Weekend,1700,1-Car,No injury/unknown,SPEED TOO FAST FOR WEATHER CONDITIONS,HARMONY RD & KIRKSVILLE,39.08241701,-86.63394974
2009,3,4,Weekday,1500,2-Car,Non-incapacitating,FOLLOWING TOO CLOSELY,RUSH RIDGE & SR446N,39.08215554,-86.4196101
2009,3,7,Weekend,1300,1-Car,No injury/unknown,ROADWAY SURFACE CONDITION,BOLIN & ROCKPORT RD,39.08204429,-86.57509
2009,2,1,Weekend,800,1-Car,No injury/unknown,RAN OFF ROAD RIGHT,EAST 1ST & FAIRFAX RD,39.08057936,-86.51456118
2009,10,3,Weekday,1400,1-Car,Non-incapacitating,ROADWAY SURFACE CONDITION,3RD & S FAIRFAX RD,39.080448,-86.514416
2009,7,6,Weekday,0,1-Car,No injury/unknown,ALCOHOLIC BEVERAGES,FAIRFAX RD & SR37S,39.08003782,-86.51394722
2009,11,1,Weekend,1700,2-Car,No injury/unknown,OTHER (DRIVER) - EXPLAIN IN NARRATIVE,1ST AVENUE SANDERS & FAIRFAX RD,39.07939608,-86.51321928
2009,7,4,Weekday,1100,2-Car,No injury/unknown,FAILURE TO YIELD RIGHT OF WAY,1ST AVE SANDERS & FAIRFAX RD,39.07934411,-86.51316171
2009,11,7,Weekend,1500,1-Car,No injury/unknown,DRIVER DISTRACTED - EXPLAIN IN NARRATIVE,S HARMONY RD & W KOONTZ,39.079248,-86.6304
2009,12,1,Weekend,1200,2-Car,No injury/unknown,IMPROPER PASSING,HARMONY RD & KOONTZ,39.07902332,-86.63019731
2009,9,3,Weekday,500,1-Car,Non-incapacitating,OTHER (ENVIRONMENTAL) - EXPLAIN IN NARR,S ROCKPORT & W KOOTZ RD,39.0789081,-86.60342217
2009,6,3,Weekday,1600,1-Car,No injury/unknown,SPEED TOO FAST FOR WEATHER CONDITIONS,FLUCKMILL & VICTOR PIKE,39.07584444,-86.57108808
2009,6,2,Weekday,1900,1-Car,No injury/unknown,ALCOHOLIC BEVERAGES,EVANS RD & HARMONY,39.07573299,-86.63640863
2009,7,7,Weekend,400,1-Car,No injury/unknown,ANIMAL/OBJECT IN ROADWAY,EVANS RD & HARMONY,39.07572079,-86.63514019
2009,2,1,Weekday,1900,1-Car,No injury/unknown,ANIMAL/OBJECT IN ROADWAY,HARMONY & W EVANS RD,39.075648,-86.6276
2009,3,7,Weekend,2200,1-Car,No injury/unknown,UNSAFE SPEED,HENNESSEY & ROCKPORT RD,39.07536694,-86.55672
2009,11,5,Weekday,2000,1-Car,No injury/unknown,ALCOHOLIC BEVERAGES,AIRLINE & HANDY RD,39.07475444,-86.49382735
2009,4,2,Weekday,1800,2-Car,No injury/unknown,FAILURE TO YIELD RIGHT OF WAY,FAIRFAX RD & STRAIN RIDGE,39.07439,-86.50583
2009,2,6,Weekend,2100,1-Car,No injury/unknown,RAN OFF ROAD RIGHT,FLUCK MILL RD & VICTOR,39.07378,-86.57107
2009,9,5,Weekday,1000,1-Car,No injury/unknown,RAN OFF ROAD RIGHT,FLUCKMILL & VICTORY PIKE,39.07378,-86.57107
2009,12,6,Weekday,900,2-Car,Non-incapacitating,FAILURE TO YIELD RIGHT OF WAY,FLUCK MILL ROAD & VICTOR PIKE RD,39.07378,-86.57107
2009,6,7,Weekend,700,1-Car,No injury/unknown,RAN OFF ROAD RIGHT,SHADY SIDE DRIVE & SOUTH SHIELDS RIDGE ROAD RD,39.073088,-86.461184
2009,12,4,Weekday,1600,1-Car,No injury/unknown,DRIVER DISTRACTED - EXPLAIN IN NARRATIVE,FLUCKMILL & VICTOR PIKE,39.07244843,-86.57381062
2009,4,3,Weekday,1400,2-Car,Incapacitating,DISREGARD SIGNAL/REG SIGN,FAIRFAX RD & SMITHVILLE,39.071152,-86.503088
2009,6,5,Weekday,1000,2-Car,Non-incapacitating,FAILURE TO YIELD RIGHT OF WAY,SMITHVILLE  ROAD & SOUTH FAIRFAX ROAD RDS,39.071152,-86.503088
2009,5,3,Weekday,1600,Moped/Motorcycle,Non-incapacitating,ALCOHOLIC BEVERAGES,FAIRFAX & RAMP CREEK RD,39.07115,-86.50336301
2009,11,2,Weekday,1800,1-Car,No injury/unknown,ALCOHOLIC BEVERAGES,SMITHVILLE RD & ZIKES,39.07114,-86.52541038
2009,2,3,Weekday,1700,2-Car,No injury/unknown,ROADWAY SURFACE CONDITION,SMITHVILLE & STRAINRIDGE RD,39.07112,-86.507008
2009,10,6,Weekend,2000,2-Car,No injury/unknown,FAILURE TO YIELD RIGHT OF WAY,SMITHVILLE RD & STRAIN RIDGE,39.07112,-86.507008
2009,1,1,Weekend,1000,1-Car,No injury/unknown,ROADWAY SURFACE CONDITION,SMITHVILLE RD & SOCIETY,39.071056,-86.517488
2009,3,5,Weekday,1200,2-Car,Non-incapacitating,OTHER (DRIVER) - EXPLAIN IN NARRATIVE,SMITHVILLE & SR37S,39.071056,-86.5356
2009,12,6,Weekday,800,2-Car,No injury/unknown,OTHER (DRIVER) - EXPLAIN IN NARRATIVE,37 & SR37S,39.071056,-86.5356
2009,11,6,Weekday,800,2-Car,No injury/unknown,FAILURE TO YIELD RIGHT OF WAY,SMITHVILLE RD & SOCIETY,39.07100819,-86.51767924
2009,6,6,Weekday,900,Bus,No injury/unknown,OTHER (DRIVER) - EXPLAIN IN NARRATIVE,ZIKES & ZIKES RD,39.07052002,-86.5252
2009,11,5,Weekday,300,1-Car,No injury/unknown,OTHER (DRIVER) - EXPLAIN IN NARRATIVE,SR37S & ZIKES,39.07045977,-86.53635211
2009,10,7,Weekend,1900,1-Car,No injury/unknown,ANIMAL/OBJECT IN ROADWAY,5500 SOUTH STATE ROAD 446 & SR446S,39.07008907,-86.41590172
2009,8,7,Weekend,2200,2-Car,Incapacitating,ALCOHOLIC BEVERAGES,5573 S FAIRFAX RD & MOFFETT,39.06823193,-86.51788327
2009,11,3,Weekday,1000,2-Car,Non-incapacitating,OTHER (DRIVER) - EXPLAIN IN NARRATIVE,DOC MITCHELL & STRAIN RIDGE RD,39.06756,-86.50784
2009,1,4,Weekday,800,3+ Cars,Non-incapacitating,ROADWAY SURFACE CONDITION,SR374 & SR37S,39.06705988,-86.53565108
2009,9,3,Weekday,1000,1-Car,Incapacitating,RAN OFF ROAD RIGHT,SMITHVILLE & SR37S,39.06693629,-86.53565265
2009,5,6,Weekday,1200,2-Car,Non-incapacitating,VIEW OBSTRUCTED,CURRY PIKE & SR 46,39.06678913,-86.57123388
2009,2,1,Weekend,1000,1-Car,No injury/unknown,ILLEGAL DRUGS,HOBART & OLD 37 HWY,39.06635848,-86.54098
2009,12,2,Weekday,1800,1-Car,No injury/unknown,RAN OFF ROAD RIGHT,HARMONY RD & KIRKSVILLE,39.06544326,-86.63852
2009,1,5,Weekday,0,1-Car,No injury/unknown,ROADWAY SURFACE CONDITION,CAROWINDS & FAIRFAX RD,39.06227595,-86.49845689
2009,7,5,Weekday,2300,1-Car,No injury/unknown,OVERCORRECTING/OVERSTEERING,CARDNAL GLEN & WALNUT STREET PIKE,39.06059691,-86.52654
2009,5,3,Weekday,1500,2-Car,No injury/unknown,UNSAFE BACKING,8255 S FAIRFAX RD & EAST CLEVE BUTCHER,39.059984,-86.498432
2009,6,1,Weekday,2300,1-Car,No injury/unknown,OVERCORRECTING/OVERSTEERING,BREEDEN RD & GRAVES,39.0593298,-86.6744454
2009,5,4,Weekday,1500,2-Car,No injury/unknown,OTHER (DRIVER) - EXPLAIN IN NARRATIVE,3RD & LIBERTY DR,39.05886555,-86.57913
2009,12,2,Weekday,600,1-Car,No injury/unknown,ROADWAY SURFACE CONDITION,PATTON & WILL SOWDERS RD,39.05744,-86.48778
2009,3,4,Weekday,1500,Bus,No injury/unknown,DRIVER DISTRACTED - EXPLAIN IN NARRATIVE,MERRITT & SR446S,39.05741569,-86.42517712
2009,11,3,Weekday,1900,1-Car,No injury/unknown,ANIMAL/OBJECT IN ROADWAY,SR37S & ZIKES,39.0560475,-86.53579713
2009,11,4,Weekday,2100,1-Car,No injury/unknown,ALCOHOLIC BEVERAGES,HARMONY RD & ROCKPORT,39.05518482,-86.61510293
2009,2,7,Weekend,1400,1-Car,No injury/unknown,SPEED TOO FAST FOR WEATHER CONDITIONS,BURGOON CHURCH & SR446N,39.05508937,-86.40844554
2009,9,6,Weekday,1400,1-Car,Non-incapacitating,UNSAFE SPEED,FAIRFAX RD & WISLEY,39.054608,-86.498432
2009,10,1,Weekend,400,2-Car,No injury/unknown,RAN OFF ROAD RIGHT,CLEVE BUTCHER & FAIRFAX RD,39.05452987,-86.49831994
2009,6,1,Weekend,500,2-Car,Non-incapacitating,LEFT OF CENTER,HARMONY RD & ROCKPORT,39.05440297,-86.61370058
2009,7,7,Weekend,1200,1-Car,Non-incapacitating,RAN OFF ROAD RIGHT,SCOTT & STRAIN RIDGE RD,39.05410161,-86.50782061
2009,12,2,Weekday,700,2-Car,No injury/unknown,ROADWAY SURFACE CONDITION,ROCKPORT & VICTOR PIKE,39.053744,-86.606304
2009,5,7,Weekend,200,1-Car,No injury/unknown,DRIVER DISTRACTED - EXPLAIN IN NARRATIVE,7465 OLD STATE ROAD 37 RD & WEST ROGERS,39.05334342,-86.5409898
2009,4,4,Weekday,1500,2-Car,No injury/unknown,UNSAFE BACKING,STONE RIDGE DR,39.051871,-86.509237
2009,4,3,Weekday,1600,Bus,No injury/unknown,LEFT OF CENTER,HARMONY RD & ROCKPORT,39.05024,-86.609104
2009,1,2,Weekday,700,2-Car,No injury/unknown,FOLLOWING TOO CLOSELY,SR37N & ZIKES RD,39.049456,-86.535888
2009,3,5,Weekday,1200,1-Car,Non-incapacitating,RAN OFF ROAD RIGHT,SR37N & ZIKES,39.049456,-86.535888
2009,11,7,Weekend,1600,1-Car,No injury/unknown,DRIVER ASLEEP OR FATIGUED,MERRITT & SR446S,39.04685878,-86.42517712
2009,12,2,Weekday,700,2-Car,No injury/unknown,SPEED TOO FAST FOR WEATHER CONDITIONS,SR37N & STRAIN RIDGE,39.04633154,-86.53635211
2009,3,7,Weekend,1800,Moped/Motorcycle,Incapacitating,ROADWAY SURFACE CONDITION,CLEVE BUTCHER & S FAIRFAX RD,39.04583,-86.49055
2009,1,7,Weekend,1200,1-Car,No injury/unknown,RAN OFF ROAD RIGHT,CEDAR BLUFF & OLD STATE ROAD 37 RD,39.042144,-86.5412
2009,6,2,Weekday,1700,2-Car,No injury/unknown,OTHER (DRIVER) - EXPLAIN IN NARRATIVE,EAST ALLENS CREEK & SR446,39.04166989,-86.40681968
2009,5,5,Weekday,800,1-Car,No injury/unknown,RAN OFF ROAD RIGHT,CHAPEL HILL & SR446S,39.036914,-86.40805717
2009,2,1,Weekday,2300,1-Car,No injury/unknown,ANIMAL/OBJECT IN ROADWAY,8301 S OLD STATE ROAD 37 HWY & W CEDAR BLUFF,39.03688291,-86.54116739
2009,5,3,Weekday,2100,1-Car,No injury/unknown,UNSAFE SPEED,MT ZION & ROCK EAST RD,39.03595,-86.63793668
2009,8,4,Weekday,2000,1-Car,No injury/unknown,RAN OFF ROAD RIGHT,FAIRFAX & POINT RDS,39.03248,-86.49011595
2009,4,1,Weekday,2100,1-Car,No injury/unknown,ANIMAL/OBJECT IN ROADWAY,BREEDEN & ROCKEAST RD,39.03069,-86.66084001
2009,10,6,Weekday,900,1-Car,Non-incapacitating,ROADWAY SURFACE CONDITION,S CHAPEL HILL & SR446S,39.02611858,-86.40583992
2009,12,3,Weekday,0,1-Car,No injury/unknown,OTHER (DRIVER) - EXPLAIN IN NARRATIVE,CHAPEL HILL & SR446S,39.02429598,-86.405296
2009,5,6,Weekday,100,1-Car,No injury/unknown,ALCOHOLIC BEVERAGES,FAIRFAX RD & POINTE,39.02194123,-86.49009
2009,4,3,Weekday,300,1-Car,No injury/unknown,ANIMAL/OBJECT IN ROADWAY,BOTTOM & SR37N,39.02102904,-86.54219875
2009,5,3,Weekday,1500,2-Car,No injury/unknown,FAILURE TO YIELD RIGHT OF WAY,MONROE DAM RD & SR37,39.020048,-86.536096
2009,3,2,Weekday,1700,Pedestrian,No injury/unknown,PEDESTRIAN ACTION,HARRODSBURG & SR37S,39.01990426,-86.53635211
2009,11,1,Weekend,1600,1-Car,No injury/unknown,DISREGARD SIGNAL/REG SIGN,MONROE DAM & STRAIN RIDGE RD,39.018656,-86.522896
2009,8,1,Weekend,1700,Moped/Motorcycle,Non-incapacitating,OTHER (DRIVER) - EXPLAIN IN NARRATIVE,SOUTH DUTCH RIDGE & US446S,39.01599389,-86.4014079
2009,9,2,Weekday,1300,1-Car,Non-incapacitating,RAN OFF ROAD RIGHT,CHAPEL HILL RD,39.01466981,-86.42079055
2009,1,2,Weekday,400,1-Car,No injury/unknown,RAN OFF ROAD RIGHT,GORE RD & HARRODSBURG,39.01263932,-86.545056
2009,4,6,Weekday,700,2-Car,Non-incapacitating,FAILURE TO YIELD RIGHT OF WAY,KETCHAM & POPCORN RD,39.011744,-86.562
2009,5,7,Weekend,2200,1-Car,No injury/unknown,ANIMAL/OBJECT IN ROADWAY,KETCHUM RD & POPCORN,39.011744,-86.562
2009,8,5,Weekday,2000,1-Car,No injury/unknown,RAN OFF ROAD RIGHT,MONROE DAM & S VALLEY MISSION RD,39.009344,-86.510096
2009,11,6,Weekend,2100,1-Car,No injury/unknown,ANIMAL/OBJECT IN ROADWAY,HARRODSBURG & SR37N,39.00919817,-86.5364409
2009,2,7,Weekend,0,1-Car,Non-incapacitating,RAN OFF ROAD RIGHT,POPCORN & ROCKPORT RD,39.00823887,-86.58965934
2009,3,7,Weekend,100,Pedestrian,Incapacitating,IMPROPER PASSING,POPCORN & ROCKPORT RD,39.00823887,-86.58965934
2009,3,3,Weekday,1100,2-Car,No injury/unknown,OTHER (DRIVER) - EXPLAIN IN NARRATIVE,MONROE DAM RD,39.00675,-86.51284
2009,3,2,Weekday,300,1-Car,No injury/unknown,UNSAFE SPEED,POPCORN & ROCKPORT RD,39.002752,-86.59
2009,9,6,Weekday,1600,2-Car,No injury/unknown,RAN OFF ROAD RIGHT,9301 SOUTH ROCKPORT ROAD RD & POPCORN,39.002752,-86.59
2009,10,7,Weekend,1300,2-Car,No injury/unknown,IMPROPER PASSING,KINSER & SR37N,38.99898236,-86.55001248
2009,4,4,Weekday,2200,1-Car,Non-incapacitating,ANIMAL/OBJECT IN ROADWAY,CHAPEL HILL & GUTHRIE RD,38.998496,-86.449344
2009,9,2,Weekday,700,1-Car,Non-incapacitating,RAN OFF ROAD RIGHT,STEWART & VALLEY MISSION RD,38.99584013,-86.50840759
2009,3,2,Weekday,400,1-Car,No injury/unknown,RAN OFF ROAD RIGHT,POPCORN & SPRINGVILLE RD,38.99298716,-86.59403481
2009,6,4,Weekday,1700,1-Car,No injury/unknown,UNSAFE BACKING,SOUTH OLD STATE RD 37 HWY,38.992032,-86.548272
2009,7,6,Weekday,1300,1-Car,Non-incapacitating,ANIMAL/OBJECT IN ROADWAY,SR37N & THIRD,38.97408513,-86.5732966
2009,2,6,Weekend,1900,1-Car,Non-incapacitating,UNSAFE SPEED,LENTZ RD & NERT,38.97117687,-86.46277
2009,4,3,Weekday,700,1-Car,No injury/unknown,ANIMAL/OBJECT IN ROADWAY,HARRODSBURD & SR37S,38.96722739,-86.53635211
2009,1,6,Weekday,800,1-Car,No injury/unknown,RAN OFF ROAD RIGHT,OLD SR37 S HWY & W HOBART,38.96102152,-86.54098
2009,1,7,Weekend,700,1-Car,No injury/unknown,ROADWAY SURFACE CONDITION,PINEGROVE & SR446S,38.95814301,-86.42870149
2009,2,4,Weekday,700,2-Car,No injury/unknown,LEFT OF CENTER,LONGHILL DR & STERLING,38.90334138,-86.48447
2009,11,1,Weekend,1700,1-Car,No injury/unknown,ROADWAY SURFACE CONDITION,FRIENDSHIP RD & STATE ROAD 46,38.88966084,-86.40682
2009,12,7,Weekend,1200,2-Car,No injury/unknown,FOLLOWING TOO CLOSELY,LIBERTY DR & W 3RD,38.84736515,-86.57913641
2009,1,4,Weekday,600,2-Car,No injury/unknown,ROADWAY SURFACE CONDITION,FAIRFAX & OLD 37 HWY,38.84550338,-86.53149
2009,1,6,Weekday,1300,1-Car,Non-incapacitating,RAN OFF ROAD RIGHT,FAIRFAX RD & SCOTT,38.83542749,-86.49856
2009,8,2,Weekday,1000,3+ Cars,Non-incapacitating,RAN OFF ROAD RIGHT,MOORMAN & S OLD ST RD 37 RD,38.77509938,-86.54114
2009,4,4,Weekday,1500,Moped/Motorcycle,Non-incapacitating,FAILURE TO YIELD RIGHT OF WAY,LIBERTY DR & WEST THIRD,38.74163221,-86.57913
2009,9,7,Weekend,2000,2-Car,Non-incapacitating,LEFT OF CENTER,LIBERTY DR & WEST THIRD,38.74162074,-86.57913641
2009,6,2,Weekday,1300,1-Car,No injury/unknown,ANIMAL/OBJECT IN ROADWAY,446 & PINEGROVE RD,38.69408137,-86.42868
2009,1,6,Weekend,1900,2-Car,No injury/unknown,FAILURE TO YIELD RIGHT OF WAY,CEDARWOOD & STANDS DR,0.0,0.0
2009,1,6,Weekday,1100,2-Car,No injury/unknown,OTHER (DRIVER) - EXPLAIN IN NARRATIVE,E 1ST SANDERS & FAIRFAX RD,0.0,0.0
2009,1,4,Weekday,1500,2-Car,No injury/unknown,BRAKE FAILURE OR DEFECTIVE,N KINSER PIKE & RILEY,0.0,0.0
2009,1,4,Weekday,2300,1-Car,No injury/unknown,RAN OFF ROAD RIGHT,45 46 BYP & KINSER,0.0,0.0
2009,1,4,Weekday,900,1-Car,No injury/unknown,ROADWAY SURFACE CONDITION,BOONES WAY & KIRBY ROAD RD,0.0,0.0
2009,1,5,Weekday,1700,2-Car,No injury/unknown,DRIVER DISTRACTED - EXPLAIN IN NARRATIVE,45 46 & EAST 10TH ST,0.0,0.0
2009,1,3,Weekday,1300,2-Car,No injury/unknown,UNSAFE BACKING,GIFFORD & PARKING LOT GARDEN VILLA DRS,0.0,0.0
2009,1,2,Weekday,1500,2-Car,No injury/unknown,DRIVER DISTRACTED - EXPLAIN IN NARRATIVE,SR 37 HWY,0.0,0.0
2009,1,2,Weekday,1800,2-Car,No injury/unknown,OTHER (DRIVER) - EXPLAIN IN NARRATIVE,COLLEGE MALL RD RD,0.0,0.0
2009,1,1,Weekend,100,1-Car,No injury/unknown,ANIMAL/OBJECT IN ROADWAY,OLD 37 NORTH HWY & OLD MYERS,0.0,0.0
2009,1,3,Weekday,2000,2-Car,No injury/unknown,FOLLOWING TOO CLOSELY,DANIELS WAY WAY & SR48,0.0,0.0
2009,1,4,Weekday,1600,2-Car,No injury/unknown,ROADWAY SURFACE CONDITION,CURRY PIKE & STATE ROAD 46,0.0,0.0
2009,1,5,Weekday,1300,2-Car,No injury/unknown,SPEED TOO FAST FOR WEATHER CONDITIONS,N MT TABOR & WOODLAND RD,0.0,0.0
2009,1,3,Weekday,1800,2-Car,No injury/unknown,VIEW OBSTRUCTED,THIRD ST ST,0.0,0.0
2009,1,3,Weekday,2300,2-Car,No injury/unknown,UNSAFE BACKING,GENTRY ST & W KIRKWOOD,0.0,0.0
2009,1,6,Weekday,100,1-Car,No injury/unknown,DRIVER DISTRACTED - EXPLAIN IN NARRATIVE,ROGER & SR37S,0.0,0.0
2009,1,5,Weekday,2100,1-Car,No injury/unknown,ALCOHOLIC BEVERAGES,EAST POINTE RD,0.0,0.0
2009,1,3,Weekday,500,2-Car,No injury/unknown,FAILURE TO YIELD RIGHT OF WAY,HOBART & S OLD ST RD 37 RD,0.0,0.0
2009,1,4,Weekday,1900,3+ Cars,No injury/unknown,ALCOHOLIC BEVERAGES,S MULLER & W 3RD ST,0.0,0.0
2009,1,5,Weekday,400,1-Car,No injury/unknown,SPEED TOO FAST FOR WEATHER CONDITIONS,COLLEGE AVE & OLD 37 NORTH,0.0,0.0
2009,1,5,Weekday,2300,2-Car,No injury/unknown,FAILURE TO YIELD RIGHT OF WAY,500 S LANDMARK AVE & IMA EAST DRIVE,0.0,0.0
2009,1,5,Weekday,1700,2-Car,No injury/unknown,FOLLOWING TOO CLOSELY,SR37N,0.0,0.0
2009,1,5,Weekday,700,Bus,No injury/unknown,UNSAFE BACKING,WMUSTANG DR DR,0.0,0.0
2009,1,5,Weekday,900,2-Car,No injury/unknown,FAILURE TO YIELD RIGHT OF WAY,EAST SEVENTEENTH & SR45N,0.0,0.0
2009,1,2,Weekday,2300,1-Car,No injury/unknown,SPEED TOO FAST FOR WEATHER CONDITIONS,HEDRICK & SR46W,0.0,0.0
2009,1,3,Weekday,500,1-Car,No injury/unknown,SPEED TOO FAST FOR WEATHER CONDITIONS,45 46 BYP & KINSER,0.0,0.0
2009,1,2,Weekday,1700,2-Car,No injury/unknown,FAILURE TO YIELD RIGHT OF WAY,ELWREN & GREENE COUNTY LINE RD,0.0,0.0
2009,1,4,Weekday,1000,1-Car,No injury/unknown,RAN OFF ROAD RIGHT,LIZZY LANE & SOUTH LEONARD SPRINGS RD,0.0,0.0
2009,1,2,Weekday,1400,Bus,No injury/unknown,ROADWAY SURFACE CONDITION,ELWREN RD & ELWREN RUN AROUND,0.0,0.0
2009,1,5,Weekday,1000,1-Car,No injury/unknown,SPEED TOO FAST FOR WEATHER CONDITIONS,HOWE ST & ROGERS ST ST,0.0,0.0
2009,1,6,Weekday,1600,2-Car,No injury/unknown,FOLLOWING TOO CLOSELY,BALFOUR & SR4546E,0.0,0.0
2009,1,6,Weekday,1500,1-Car,No injury/unknown,ROADWAY SURFACE CONDITION,GILMORE & W REEVES RD,0.0,0.0
2009,1,7,Weekend,1900,1-Car,No injury/unknown,OVERCORRECTING/OVERSTEERING,46 HWY & FLATWOODS,0.0,0.0
2009,2,2,Weekday,1000,2-Car,No injury/unknown,ROADWAY SURFACE CONDITION,4111 WEST VERNAL PIKE & ENTRANCE TO GARDEN HILL TRL CR,0.0,0.0
2009,2,2,Weekday,1000,1-Car,No injury/unknown,SPEED TOO FAST FOR WEATHER CONDITIONS,BENNETT & OLD 37 RD,0.0,0.0
2009,2,3,Weekday,1000,2-Car,No injury/unknown,ROADWAY SURFACE CONDITION,CASTLE & MCDOUGAL ST,0.0,0.0
2009,2,3,Weekday,1400,2-Car,No injury/unknown,FOLLOWING TOO CLOSELY,MULLER & W THIRD ST,0.0,0.0
2009,2,3,Weekday,600,1-Car,No injury/unknown,SPEED TOO FAST FOR WEATHER CONDITIONS,COLLEGE & SR37S,0.0,0.0
2009,1,7,Weekend,1500,2-Car,No injury/unknown,FAILURE TO YIELD RIGHT OF WAY,300 KINGSTON DR & KMART ACCESS,0.0,0.0
2009,1,5,Weekday,1100,1-Car,No injury/unknown,OTHER (ENVIRONMENTAL) - EXPLAIN IN NARR,LEAF DUMP & RANGE RD,0.0,0.0
2009,2,6,Weekday,1100,2-Car,No injury/unknown,FOLLOWING TOO CLOSELY,3RD ST & MULLER,0.0,0.0
2009,2,7,Weekend,1200,2-Car,No injury/unknown,FOLLOWING TOO CLOSELY,S HENDERSON ST ST & WINSLOW ROAD,0.0,0.0
2009,2,5,Weekday,1600,2-Car,No injury/unknown,FOLLOWING TOO CLOSELY,BRENNICK & SR45S,0.0,0.0
2009,2,6,Weekday,1000,2-Car,No injury/unknown,UNSAFE BACKING,PRESIDENTS LOT & S BALLANTINE ST,0.0,0.0
2009,2,3,Weekday,1300,2-Car,No injury/unknown,ROADWAY SURFACE CONDITION,DANIELS WAY & ZENITH DRIVE DR,0.0,0.0
2009,2,1,Weekend,300,1-Car,No injury/unknown,OTHER (ENVIRONMENTAL) - EXPLAIN IN NARR,DEER RUN & ECHESTER DR DR,0.0,0.0
2009,2,2,Weekday,1800,2-Car,No injury/unknown,FOLLOWING TOO CLOSELY,MORNINGSIDE & SMITH R RD,0.0,0.0
2009,2,5,Weekday,600,1-Car,No injury/unknown,RAN OFF ROAD RIGHT,MOORES PIKE & SARE ROAD RD,0.0,0.0
2009,2,5,Weekday,700,1-Car,No injury/unknown,SPEED TOO FAST FOR WEATHER CONDITIONS,HARTSTRAIT RD & WALCOT,0.0,0.0
2009,2,7,Weekend,1200,2-Car,No injury/unknown,SPEED TOO FAST FOR WEATHER CONDITIONS,JACOB DR & OCHARLEYS ACCESS,0.0,0.0
2009,2,7,Weekend,1800,1-Car,No injury/unknown,RAN OFF ROAD RIGHT,KING & SR46E,0.0,0.0
2009,2,1,Weekend,1200,2-Car,No injury/unknown,UNSAFE BACKING,S MULLER PKWY,0.0,0.0
2009,2,1,Weekend,1200,2-Car,No injury/unknown,IMPROPER TURNING,GORDON PIKE & SR37S,0.0,0.0
2009,2,5,Weekday,800,1-Car,No injury/unknown,ROADWAY SURFACE CONDITION,FENCELINE & GILMORE RD,0.0,0.0
2009,2,5,Weekday,500,2-Car,No injury/unknown,RAN OFF ROAD RIGHT,PARKING LOT RD & W  ST RD 48,0.0,0.0
2009,2,5,Weekday,1300,2-Car,No injury/unknown,FOLLOWING TOO CLOSELY,LANDMARK AVE & WEST 3 ST ST,0.0,0.0
2009,2,4,Weekday,800,2-Car,No injury/unknown,FOLLOWING TOO CLOSELY,CHAFINCHAPEL RD & SR46,0.0,0.0
2009,2,6,Weekday,1700,2-Car,No injury/unknown,FAILURE TO YIELD RIGHT OF WAY,ALLEY BW 3RD ST AND SMITH ALY & ALLEY BW LINCOLN AND GRANT,0.0,0.0
2009,2,7,Weekend,2300,1-Car,No injury/unknown,RAN OFF ROAD RIGHT,S OLD 37 HWY,0.0,0.0
2009,3,1,Weekend,1600,2-Car,No injury/unknown,FAILURE TO YIELD RIGHT OF WAY,6 & WALNUT ST,0.0,0.0
2009,2,7,Weekend,2200,2-Car,No injury/unknown,DRIVER DISTRACTED - EXPLAIN IN NARRATIVE,SISCOE & SR46W,0.0,0.0
2009,3,2,Weekday,1100,2-Car,No injury/unknown,DRIVER DISTRACTED - EXPLAIN IN NARRATIVE,45 46 BYP & E 3RD,0.0,0.0
2009,3,4,Weekday,800,2-Car,No injury/unknown,OTHER (DRIVER) - EXPLAIN IN NARRATIVE,45 46 BYPASS & SR4546W,0.0,0.0
2009,3,3,Weekday,2200,1-Car,No injury/unknown,UNSAFE SPEED,9100  BLK  S OLD SR 37 & SOUTH OLD STATE ROAD 37 HWY,0.0,0.0
2009,3,5,Weekday,1300,2-Car,No injury/unknown,FAILURE TO YIELD RIGHT OF WAY,ALLEY BW DUNN AND INDIANA ST & N DUNN ST,0.0,0.0
2009,3,7,Weekend,1200,2-Car,No injury/unknown,FAILURE TO YIELD RIGHT OF WAY,GATES DR DR & W 3RD ST,0.0,0.0
2009,3,7,Weekend,1400,2-Car,No injury/unknown,DISREGARD SIGNAL/REG SIGN,COLLEGE MALL RD & ENTRANCE TO COLLEGE MALL,0.0,0.0
2009,3,2,Weekday,1300,2-Car,No injury/unknown,FOLLOWING TOO CLOSELY,BLOOMFIELD RD RD & CURRY    LEONARD SPRINGS RD,0.0,0.0
2009,3,3,Weekday,200,1-Car,No injury/unknown,OTHER (DRIVER) - EXPLAIN IN NARRATIVE,CLOSED PORTION OF THAT RD & FULLERTON PIKE,0.0,0.0
2009,3,5,Weekday,1400,2-Car,Non-incapacitating,IMPROPER TURNING,BASSWOOD DR & MULLER,0.0,0.0
2009,3,4,Weekday,700,1-Car,No injury/unknown,ANIMAL/OBJECT IN ROADWAY,SR46E & TWIN LEAF,0.0,0.0
2009,3,4,Weekday,1300,2-Car,No injury/unknown,OTHER (DRIVER) - EXPLAIN IN NARRATIVE,1790 E TENTH PARKING LOT SQS & TENTH,0.0,0.0
2009,3,6,Weekday,1700,1-Car,No injury/unknown,BRAKE FAILURE OR DEFECTIVE,COLLEGE AVE,0.0,0.0
2009,3,7,Weekend,1100,2-Car,No injury/unknown,FAILURE TO YIELD RIGHT OF WAY,PARKING LOTOF SUPER WALMART MALL & WALMART PARKING LOT,0.0,0.0
2009,3,5,Weekday,600,1-Car,No injury/unknown,ANIMAL/OBJECT IN ROADWAY,ROCKEAST ROAD & ROCKPORT ROAD RD,0.0,0.0