Year,Month,Day,Weekend?,Hour,Collision Type,Injury Type,Primary Factor,Reported_Location,Latitude,Longitude
2009,3,4,Weekday,2200,1-Car,No injury/unknown,OTHER (ENVIRONMENTAL) - EXPLAIN IN NARR,FOX HOLLOW & OLD 37 NORTH RD,0.0,0.0
2009,3,7,Weekend,1100,1-Car,No injury/unknown,OTHER (VEHICLE) - EXPLAIN IN NARRATIVE,SR46W,0.0,0.0
2009,3,5,Weekday,1200,2-Car,No injury/unknown,FAILURE TO YIELD RIGHT OF WAY,NORTH & NORTH RANGE RD,0.0,0.0
2009,3,6,Weekday,300,2-Car,No injury/unknown,ALCOHOLIC BEVERAGES,1400 BLK UNIVERSITY & 613 S JORDAN AVE,0.0,0.0
2009,4,5,Weekday,1600,2-Car,No injury/unknown,FOLLOWING TOO CLOSELY,STATE ROAD 37 SOUTH RAMP,0.0,0.0
2009,4,6,Weekday,300,1-Car,No injury/unknown,RAN OFF ROAD RIGHT,DAVIS & RODGERS ST,0.0,0.0
2009,4,2,Weekday,1300,2-Car,No injury/unknown,FOLLOWING TOO CLOSELY,3RD ST & MULLER,0.0,0.0
2009,4,3,Weekday,900,2-Car,No injury/unknown,OTHER (DRIVER) - EXPLAIN IN NARRATIVE,3RD ST & MULLER,0.0,0.0
2009,4,1,Weekend,1400,Pedestrian,Non-incapacitating,OTHER (DRIVER) - EXPLAIN IN NARRATIVE,BALLANTINE PARKING GARAGE,0.0,0.0
2009,4,2,Weekday,1000,2-Car,No injury/unknown,UNSAFE BACKING,JORDAN AVE,0.0,0.0
2009,4,4,Weekday,900,1-Car,No injury/unknown,OTHER (DRIVER) - EXPLAIN IN NARRATIVE,11TH & FEE LANE PARKING GARAGE DR,0.0,0.0
2009,4,6,Weekday,1100,2-Car,No injury/unknown,OTHER (DRIVER) - EXPLAIN IN NARRATIVE,EAST TRIRD ST,0.0,0.0
2009,4,1,Weekend,1600,2-Car,No injury/unknown,FOLLOWING TOO CLOSELY,SR 37 HWY,0.0,0.0
2009,4,1,Weekday,2000,2-Car,No injury/unknown,UNSAFE BACKING,JACOB DR,0.0,0.0
2009,4,4,Weekday,1900,2-Car,No injury/unknown,FAILURE TO YIELD RIGHT OF WAY,INDIANA STATE ROAD 46 & SALE ST,0.0,0.0
2009,4,4,Weekday,1000,2-Car,No injury/unknown,OTHER (DRIVER) - EXPLAIN IN NARRATIVE,LOUDEN RD & VERNAL,0.0,0.0
2009,4,2,Weekday,700,2-Car,No injury/unknown,UNSAFE BACKING,CARDINAL & OLD WALNUT STREET PIKE,0.0,0.0
2009,4,3,Weekday,900,2-Car,No injury/unknown,FAILURE TO YIELD RIGHT OF WAY,E 3RD ST & NE ENT EASTLAND,0.0,0.0
2009,4,4,Weekday,500,1-Car,No injury/unknown,ANIMAL/OBJECT IN ROADWAY,DEER & RATLIFF RD,0.0,0.0
2009,4,4,Weekday,1000,2-Car,No injury/unknown,DRIVER DISTRACTED - EXPLAIN IN NARRATIVE,900 EAST 7TH & IMU CIR,0.0,0.0
2009,4,5,Weekday,700,2-Car,Non-incapacitating,UNSAFE SPEED,FOSTER FISCUS & SR46E,0.0,0.0
2009,4,7,Weekend,1300,2-Car,No injury/unknown,FAILURE TO YIELD RIGHT OF WAY,ENDWRIGHT RD & KARST PARK,0.0,0.0
2009,4,3,Weekday,700,2-Car,No injury/unknown,ANIMAL/OBJECT IN ROADWAY,WALNUT STREET PIKE & WINSLOW RD RD,0.0,0.0
2009,4,5,Weekday,200,2-Car,No injury/unknown,NONE (VEHICLE),DEER RUN RUN & RATLIFF,0.0,0.0
2009,4,1,Weekend,1300,2-Car,No injury/unknown,FOLLOWING TOO CLOSELY,NORTH JORDAN AVE & WELLS LIBRARY,0.0,0.0
2009,4,2,Weekday,1400,2-Car,No injury/unknown,UNSAFE BACKING,MUSICAL ARTS CENTER DR,0.0,0.0
2009,4,6,Weekday,700,2-Car,No injury/unknown,DRIVER DISTRACTED - EXPLAIN IN NARRATIVE,OFF RAMP TO HWY 37 & SR46W,0.0,0.0
2009,4,6,Weekday,1600,2-Car,No injury/unknown,FAILURE TO YIELD RIGHT OF WAY,COLLEGE MALL ENTRANCE & COLLEGE MALL RD,0.0,0.0
2009,4,6,Weekday,800,2-Car,No injury/unknown,GLARE,OVERPASS TO SR37 SOUTH 4LANE & SR46E,0.0,0.0
2009,4,5,Weekday,1700,2-Car,No injury/unknown,FAILURE TO YIELD RIGHT OF WAY,MILO B SAMPSON & SR4546E,0.0,0.0
2009,4,3,Weekday,1100,2-Car,No injury/unknown,FOLLOWING TOO CLOSELY,1400 E EAST THIRD ST & 200 SOUTH JORDAN,0.0,0.0
2009,4,3,Weekday,1500,2-Car,No injury/unknown,UNSAFE BACKING,7TH & STADIUM DR,0.0,0.0
2009,5,2,Weekday,1900,2-Car,No injury/unknown,UNSAFE BACKING,PINE LN LN & SALE,0.0,0.0
2009,4,5,Weekday,1700,1-Car,No injury/unknown,DRIVER ASLEEP OR FATIGUED,BUSINESS ST RD 37 N & SR37N,0.0,0.0
2009,5,4,Weekday,700,2-Car,Non-incapacitating,FOLLOWING TOO CLOSELY,SR45,0.0,0.0
2009,5,7,Weekend,1300,3+ Cars,No injury/unknown,FOLLOWING TOO CLOSELY,BLOOMFIELD RD RDS & WAL MART PARK WAY,0.0,0.0
2009,5,4,Weekday,1600,3+ Cars,Non-incapacitating,DRIVER DISTRACTED - EXPLAIN IN NARRATIVE,N BARGER & W TAPP RD,0.0,0.0
2009,5,6,Weekday,1800,3+ Cars,No injury/unknown,ROADWAY SURFACE CONDITION,N SMITH PIKE & W FORREST PARK,0.0,0.0
2008,8,3,Weekday,800,2-Car,No injury/unknown,IMPROPER LANE USAGE,10TH & SR46S,39.23501287,-86.50224214
2009,4,5,Weekday,800,2-Car,No injury/unknown,FOLLOWING TOO CLOSELY,DRIVEWAY TO 4851 SR45 SOUTH & SR45S,0.0,0.0
2009,5,3,Weekday,1800,2-Car,No injury/unknown,UNSAFE BACKING,WAL MART PARKING LOT PLZ,0.0,0.0
2009,5,6,Weekday,1300,2-Car,No injury/unknown,CELL PHONE USAGE,JORDAN AVE & WELLS LIBRARY PARKING LOT,0.0,0.0
2009,5,6,Weekday,1600,3+ Cars,No injury/unknown,FOLLOWING TOO CLOSELY,3RD ST & MULLER,0.0,0.0
2009,5,2,Weekday,1300,1-Car,No injury/unknown,DRIVER ILLNESS,W 3RD ST ST,0.0,0.0
2009,5,7,Weekend,1700,1-Car,No injury/unknown,UNSAFE SPEED,MONROE DAM RD,0.0,0.0
2009,5,4,Weekday,1800,1-Car,No injury/unknown,UNSAFE BACKING,E 1OTH ST,0.0,0.0
2009,5,5,Weekday,1700,2-Car,No injury/unknown,FAILURE TO YIELD RIGHT OF WAY,1OTH ST & PETE ELLIS,0.0,0.0
2009,5,6,Weekday,1700,2-Car,No injury/unknown,OTHER (DRIVER) - EXPLAIN IN NARRATIVE,45 W & CURRY PIKE,0.0,0.0
2009,5,6,Weekend,2200,2-Car,No injury/unknown,OTHER (DRIVER) - EXPLAIN IN NARRATIVE,BEECHWOOD & LAKEVIEW DR,0.0,0.0
2009,5,4,Weekday,700,2-Car,No injury/unknown,DRIVER ASLEEP OR FATIGUED,S WALNUT ST & SOUTH,0.0,0.0
2009,5,6,Weekend,2100,2-Car,No injury/unknown,VIEW OBSTRUCTED,NORTH SOUTH ALY & SMITH,0.0,0.0
2009,6,3,Weekday,1200,1-Car,No injury/unknown,ANIMAL/OBJECT IN ROADWAY,SR37N,0.0,0.0
2009,5,3,Weekday,1700,2-Car,No injury/unknown,UNSAFE BACKING,TRUESDEL DR,0.0,0.0
2009,5,5,Weekday,1800,2-Car,No injury/unknown,FAILURE TO YIELD RIGHT OF WAY,RHORER RD & SR37N,0.0,0.0
2009,5,4,Weekday,1700,2-Car,No injury/unknown,FAILURE TO YIELD RIGHT OF WAY,48 & LIBERTY DR,0.0,0.0
2009,5,6,Weekday,1600,2-Car,No injury/unknown,LEFT OF CENTER,DOWNEY & LOW GAP RD,0.0,0.0
2009,5,6,Weekday,1000,2-Car,No injury/unknown,DISREGARD SIGNAL/REG SIGN,11TH & FEE LN,0.0,0.0
2009,6,3,Weekday,1800,2-Car,No injury/unknown,OTHER (DRIVER) - EXPLAIN IN NARRATIVE,,0.0,0.0
2009,6,1,Weekday,1900,2-Car,No injury/unknown,LEFT OF CENTER,BLOOMFIELD & LEONARD SPRINGS RD,0.0,0.0
2009,6,4,Weekday,1700,3+ Cars,No injury/unknown,ROADWAY SURFACE CONDITION,E FORREST PARK & N SMITH PIKE,0.0,0.0
2009,6,2,Weekday,1300,2-Car,Non-incapacitating,VIEW OBSTRUCTED,COVENANTER DR & STRATUM,0.0,0.0
2009,6,5,Weekday,1000,2-Car,No injury/unknown,OTHER (DRIVER) - EXPLAIN IN NARRATIVE,ALLEN & ALLEY AT 220 W ALLEN ALY,0.0,0.0
2009,6,3,Weekday,100,2-Car,No injury/unknown,OVERCORRECTING/OVERSTEERING,MCNEELEY & RIDGEWAY DR,0.0,0.0
2009,6,6,Weekday,1300,2-Car,No injury/unknown,FOLLOWING TOO CLOSELY,COLLEGE MALL ENTRANCE & COLLEGE MALL RD,0.0,0.0
2009,6,1,Weekend,1600,2-Car,No injury/unknown,UNSAFE SPEED,STATE 46 RD,0.0,0.0
2009,6,6,Weekday,800,2-Car,No injury/unknown,OTHER (DRIVER) - EXPLAIN IN NARRATIVE,PATTERSON ST & STRONG,0.0,0.0
2009,6,2,Weekday,1500,2-Car,No injury/unknown,FAILURE TO YIELD RIGHT OF WAY,SR48W & WHITEHALL,0.0,0.0
2009,6,1,Weekday,2100,1-Car,No injury/unknown,ANIMAL/OBJECT IN ROADWAY,MORMAN & SR37N,0.0,0.0
2009,5,3,Weekday,1000,2-Car,No injury/unknown,IMPROPER TURNING,RAILS TO TRAILS PARKING LOT TRL,0.0,0.0
2009,6,3,Weekday,1200,2-Car,No injury/unknown,BRAKE FAILURE OR DEFECTIVE,SR46W & UNIONVALLEY,0.0,0.0
2009,6,4,Weekday,700,2-Car,No injury/unknown,BRAKE FAILURE OR DEFECTIVE,NORTH CURRY PIKE PIKE & SR46W,0.0,0.0
2009,6,7,Weekend,1000,2-Car,No injury/unknown,FAILURE TO YIELD RIGHT OF WAY,MONROE DAMN RD & TAIL WATER,0.0,0.0
2009,6,4,Weekday,1500,2-Car,No injury/unknown,FAILURE TO YIELD RIGHT OF WAY,PARK RIDGE RD,0.0,0.0
2009,6,4,Weekday,1900,2-Car,No injury/unknown,FAILURE TO YIELD RIGHT OF WAY,1600 MONROE DAM RD RD & TAIL WATER RUN,0.0,0.0
2009,6,3,Weekday,600,1-Car,No injury/unknown,OTHER (DRIVER) - EXPLAIN IN NARRATIVE,N BUSKIRK RD & W FRY,0.0,0.0
2009,6,4,Weekday,1400,2-Car,No injury/unknown,UNSAFE BACKING,TECH PARK & WEST SCHMALTZ BLVD,0.0,0.0
2009,6,5,Weekday,1800,2-Car,No injury/unknown,OTHER (DRIVER) - EXPLAIN IN NARRATIVE,BLOOMFIELD RD & OFF RAMP SB SR 37,0.0,0.0
2009,6,6,Weekday,1700,3+ Cars,No injury/unknown,DRIVER DISTRACTED - EXPLAIN IN NARRATIVE,BRIARGATE & SR46W,0.0,0.0
2009,6,4,Weekday,2200,2-Car,No injury/unknown,FAILURE TO YIELD RIGHT OF WAY,BROOKWOOD & SR46W,0.0,0.0
2009,6,7,Weekend,2300,2-Car,No injury/unknown,DRIVER DISTRACTED - EXPLAIN IN NARRATIVE,OLD 37 STATE & SR37N,0.0,0.0
2009,6,1,Weekday,2300,1-Car,No injury/unknown,ANIMAL/OBJECT IN ROADWAY,ROGERS & SR37S,0.0,0.0
2009,6,7,Weekend,2100,1-Car,No injury/unknown,ILLEGAL DRUGS,BAYLES & OLD 37 NORTH BUSINESS HWY,0.0,0.0
2009,6,3,Weekday,1100,2-Car,No injury/unknown,LEFT OF CENTER,BREEDEN RD & GRIMES,0.0,0.0
2009,6,7,Weekend,900,1-Car,No injury/unknown,UNSAFE BACKING,ENWRIGHT ROAD RDS,0.0,0.0
2009,6,1,Weekend,800,2-Car,Non-incapacitating,LEFT OF CENTER,SCISCOE & SR46W,0.0,0.0
2009,6,3,Weekday,1600,2-Car,No injury/unknown,OTHER (DRIVER) - EXPLAIN IN NARRATIVE,BLOOMFIELD & OFFRAMP SOUTHBOUND SR 37 RP,0.0,0.0
2009,6,2,Weekday,2100,2-Car,No injury/unknown,OTHER (DRIVER) - EXPLAIN IN NARRATIVE,,0.0,0.0
2009,6,3,Weekday,2200,2-Car,No injury/unknown,BRAKE FAILURE OR DEFECTIVE,PAYNETOWN CAMPGROUND RD & SITE P62,0.0,0.0
2009,7,4,Weekday,1100,2-Car,No injury/unknown,FOLLOWING TOO CLOSELY,MULLER PKWY & W 3RD,0.0,0.0
2009,7,4,Weekday,2200,1-Car,No injury/unknown,RAN OFF ROAD RIGHT,3900 BLOCK EAST STIPP ROAD RD & HANDY ROAD,0.0,0.0
2009,7,6,Weekday,1200,2-Car,No injury/unknown,FAILURE TO YIELD RIGHT OF WAY,HIGHLAND AVE AVE & SHERDIAN DR,0.0,0.0
2009,7,2,Weekday,600,1-Car,No injury/unknown,DRIVER ASLEEP OR FATIGUED,OLD STATE ROAD 37 RDS & ROGERS ROAD,0.0,0.0
2009,7,7,Weekend,1000,1-Car,No injury/unknown,ROADWAY SURFACE CONDITION,OLD MEYERS ROAD RD,0.0,0.0
2009,7,3,Weekday,1400,2-Car,No injury/unknown,FAILURE TO YIELD RIGHT OF WAY,COLLEGE MALL RD & KINGSTON,0.0,0.0
2009,7,3,Weekday,1600,2-Car,No injury/unknown,FOLLOWING TOO CLOSELY,4000 BLK E 3RD ST & CURRY,0.0,0.0
2009,7,6,Weekday,1500,2-Car,No injury/unknown,FAILURE TO YIELD RIGHT OF WAY,45 46 BYP & WALNUT,0.0,0.0
2009,7,6,Weekday,1000,2-Car,No injury/unknown,CELL PHONE USAGE,BASSWOOD & SR45W,0.0,0.0
2009,7,7,Weekend,1300,1-Car,No injury/unknown,ANIMAL/OBJECT IN ROADWAY,ANDERSON RD & JACK WEDDLE,0.0,0.0
2009,7,1,Weekend,0,1-Car,No injury/unknown,SPEED TOO FAST FOR WEATHER CONDITIONS,46 & HARTSTRAIT RD,0.0,0.0
2009,7,1,Weekend,1600,1-Car,No injury/unknown,OTHER (DRIVER) - EXPLAIN IN NARRATIVE,5168 E STATE ROAD 46 RD & 5168 STATE ROAD 46,0.0,0.0
2009,7,4,Weekday,2200,1-Car,No injury/unknown,ANIMAL/OBJECT IN ROADWAY,CAPITAL & SR46W,0.0,0.0
2009,7,7,Weekend,1200,1-Car,No injury/unknown,OTHER (DRIVER) - EXPLAIN IN NARRATIVE,1400 GARRISON CHAPEL RD RD & GIFFORD ROAD,0.0,0.0
2009,7,2,Weekday,700,2-Car,No injury/unknown,FOLLOWING TOO CLOSELY,CURRY PIKE & STATE ROAD 46,0.0,0.0
2009,7,2,Weekday,1000,2-Car,No injury/unknown,OTHER (DRIVER) - EXPLAIN IN NARRATIVE,3RD & SWAIN WEST DRS,0.0,0.0
2009,7,5,Weekday,1700,2-Car,No injury/unknown,LEFT OF CENTER,BRIGHTON & MOUNT TABOR RD,0.0,0.0
2009,7,7,Weekend,1300,2-Car,No injury/unknown,OTHER (DRIVER) - EXPLAIN IN NARRATIVE,S MULLER PKWY,0.0,0.0
2009,7,7,Weekend,1500,2-Car,No injury/unknown,FAILURE TO YIELD RIGHT OF WAY,COLLEGE MALL RD & PRIVATE DRIVE TO COLLEGE MALL,0.0,0.0
2009,7,4,Weekday,1400,1-Car,No injury/unknown,NONE (DRIVER),PAYNETOWN SERVICE AREA RD,0.0,0.0
2009,7,7,Weekend,1000,2-Car,No injury/unknown,FAILURE TO YIELD RIGHT OF WAY,WALMART PARKING LOT MALL,0.0,0.0
2009,7,5,Weekday,1700,2-Car,No injury/unknown,UNSAFE BACKING,5440 OLD SR 37 S RD & CHURCH,0.0,0.0
2009,7,6,Weekday,0,1-Car,No injury/unknown,UNSAFE SPEED,1909 W RHORER RD & SARE,0.0,0.0
2009,7,6,Weekday,1600,2-Car,No injury/unknown,FOLLOWING TOO CLOSELY,BLOOMFIELD RD & OFF RAMP SB SR 37,0.0,0.0
2009,7,7,Weekend,1200,2-Car,No injury/unknown,FAILURE TO YIELD RIGHT OF WAY,3RD & MULLER PKWY,0.0,0.0
2009,7,1,Weekend,1300,2-Car,Non-incapacitating,FAILURE TO YIELD RIGHT OF WAY,COLLEGE MALL RD & KERASOTES,0.0,0.0
2009,7,5,Weekday,1100,2-Car,Non-incapacitating,FOLLOWING TOO CLOSELY,3RD ST & MULLER,0.0,0.0
2009,7,5,Weekday,2100,2-Car,No injury/unknown,FAILURE TO YIELD RIGHT OF WAY,SOUTH MULLER PKWY,0.0,0.0
2009,7,6,Weekday,300,2-Car,No injury/unknown,OTHER (DRIVER) - EXPLAIN IN NARRATIVE,BASSWOOD CIR & MULLER,0.0,0.0
2009,8,7,Weekend,1400,2-Car,No injury/unknown,LEFT OF CENTER,E COVENANTER DR & EAST STRATUM,0.0,0.0
2009,7,5,Weekday,1600,3+ Cars,No injury/unknown,FAILURE TO YIELD RIGHT OF WAY,PARKING LOT OF RICHLAND PLAZA & UNION VALLEY RD,0.0,0.0
2009,8,4,Weekday,1400,2-Car,No injury/unknown,UNSAFE BACKING,37 & W 2ND ST,0.0,0.0
2009,7,5,Weekday,1700,1-Car,No injury/unknown,ROADWAY SURFACE CONDITION,FOREST PARK & SMITH PIKE RD,0.0,0.0
2009,7,2,Weekday,2100,1-Car,No injury/unknown,OVERCORRECTING/OVERSTEERING,CAMPBELLS PARK & PARK ST,0.0,0.0
2009,8,1,Weekday,2100,2-Car,No injury/unknown,FAILURE TO YIELD RIGHT OF WAY,10TH & 45 46 BYP,0.0,0.0
2009,8,2,Weekday,1500,2-Car,Non-incapacitating,OTHER (DRIVER) - EXPLAIN IN NARRATIVE,EAST WEST & NORTH SOUTH ALY,0.0,0.0
2009,8,4,Weekday,600,1-Car,No injury/unknown,ANIMAL/OBJECT IN ROADWAY,ACUFF RD & STATE ROAD 37,0.0,0.0
2009,8,1,Weekend,1600,2-Car,No injury/unknown,FOLLOWING TOO CLOSELY,DUXBURY & SR37N,0.0,0.0
2009,8,5,Weekday,1400,2-Car,No injury/unknown,FAILURE TO YIELD RIGHT OF WAY,OUTBACK & SR46W,0.0,0.0
2009,8,5,Weekday,1400,2-Car,No injury/unknown,FAILURE TO YIELD RIGHT OF WAY,1332 RUSSLE RD RD & DEVONSHIRE,0.0,0.0
2009,8,6,Weekday,1000,2-Car,No injury/unknown,FOLLOWING TOO CLOSELY,SR37S,0.0,0.0
2009,8,1,Weekday,1900,2-Car,Non-incapacitating,IMPROPER TURNING,BALFOUR & SR4546,0.0,0.0
2009,8,6,Weekday,1500,2-Car,No injury/unknown,OTHER (DRIVER) - EXPLAIN IN NARRATIVE,BLOOMFIELD & OFF RAMP STATE ROAD 37 S RAMP,0.0,0.0
2009,8,3,Weekday,1900,2-Car,No injury/unknown,TIRE FAILURE OR DEFECTIVE,SR37N,0.0,0.0
2009,8,6,Weekday,1600,2-Car,No injury/unknown,FOLLOWING TOO CLOSELY,SMITHVILLE RD & STATE ROAD 37,0.0,0.0
2009,8,6,Weekday,1800,3+ Cars,No injury/unknown,ROADWAY SURFACE CONDITION,SMITH PIKE RD & STATE ROAD 46,0.0,0.0
2009,8,6,Weekday,1800,2-Car,No injury/unknown,ROADWAY SURFACE CONDITION,SMITH PIKE RD & STATE ROAD 46,0.0,0.0
2009,8,4,Weekday,1600,1-Car,No injury/unknown,ANIMAL/OBJECT IN ROADWAY,BEACH & FAIRAFX RD,0.0,0.0
2009,8,2,Weekday,1300,2-Car,No injury/unknown,UNSAFE BACKING,7TH & IMU CIR,0.0,0.0
2009,8,3,Weekday,700,2-Car,No injury/unknown,OTHER (DRIVER) - EXPLAIN IN NARRATIVE,HARTSTRAIT RD & RATLIFF,0.0,0.0
2009,8,4,Weekday,1800,2-Car,No injury/unknown,FOLLOWING TOO CLOSELY,CHURCH LANE & FAIRFAX RD,0.0,0.0
2009,8,2,Weekday,1200,2-Car,No injury/unknown,FAILURE TO YIELD RIGHT OF WAY,SMITHPIKE & WOODYARD RDS,0.0,0.0
2009,8,2,Weekday,1100,2-Car,No injury/unknown,FAILURE TO YIELD RIGHT OF WAY,SR46W,0.0,0.0
2009,8,1,Weekend,400,2-Car,No injury/unknown,OTHER (DRIVER) - EXPLAIN IN NARRATIVE,SOUTH MULLER PKWY,0.0,0.0
2009,8,2,Weekday,1200,2-Car,No injury/unknown,FOLLOWING TOO CLOSELY,THIRD ST,0.0,0.0
2009,9,3,Weekday,1900,2-Car,No injury/unknown,OTHER (DRIVER) - EXPLAIN IN NARRATIVE,N THOMAS RD & RATLIFF,0.0,0.0
2009,8,6,Weekday,1800,2-Car,No injury/unknown,FAILURE TO YIELD RIGHT OF WAY,45 WEST & LEONARD SPRINGS RD,0.0,0.0
2009,9,5,Weekday,1500,2-Car,No injury/unknown,OTHER (DRIVER) - EXPLAIN IN NARRATIVE,SR37S,0.0,0.0
2009,8,2,Weekday,1500,2-Car,No injury/unknown,IMPROPER PASSING,11TH & FEE LN,0.0,0.0
2009,9,7,Weekend,1900,2-Car,Non-incapacitating,FAILURE TO YIELD RIGHT OF WAY,COLLEGE MALL RD RD & PRIVATE DRIVE AT COLLEGE MALL,0.0,0.0
2009,9,6,Weekday,1700,2-Car,No injury/unknown,UNSAFE BACKING,W RATLIFF RD,0.0,0.0
2009,9,7,Weekend,1700,1-Car,No injury/unknown,RAN OFF ROAD RIGHT,BRIGHTON RD RDS & MT TABOR,0.0,0.0
2008,11,4,Weekday,1000,1-Car,No injury/unknown,RAN OFF ROAD RIGHT,DUNN ST & GLENDORA,39.191248,-86.528432
2009,9,3,Weekday,1300,2-Car,Non-incapacitating,OTHER (DRIVER) - EXPLAIN IN NARRATIVE,COLLEGE MALL ACCESS & COLLEGE MALL RD,0.0,0.0
2009,9,4,Weekday,1200,2-Car,No injury/unknown,DISREGARD SIGNAL/REG SIGN,3RD ST & ON RAMP FOR NB SR 37,0.0,0.0
2009,9,2,Weekday,1200,2-Car,No injury/unknown,FAILURE TO YIELD RIGHT OF WAY,S LIBERTY DR & WEST 3 ST ST,0.0,0.0
2009,9,3,Weekday,1600,1-Car,No injury/unknown,ANIMAL/OBJECT IN ROADWAY,5000 NORTH HWY 37 HWY & WHISNAND,0.0,0.0
2009,9,5,Weekday,700,2-Car,No injury/unknown,OTHER (DRIVER) - EXPLAIN IN NARRATIVE,45 WEST RD,0.0,0.0
2009,9,2,Weekday,1700,2-Car,No injury/unknown,OTHER (DRIVER) - EXPLAIN IN NARRATIVE,CHATHAM & MUIRFIELD DR,0.0,0.0
2009,9,5,Weekday,1600,2-Car,No injury/unknown,FAILURE TO YIELD RIGHT OF WAY,BALFOUR & N JORDAN EXT,0.0,0.0
2009,9,1,Weekend,0,2-Car,No injury/unknown,ALCOHOLIC BEVERAGES,4100 BLK HARTSTRAIT RD & SR 46 W,0.0,0.0
2009,9,1,Weekend,1700,1-Car,No injury/unknown,SPEED TOO FAST FOR WEATHER CONDITIONS,OLD SR 37 S RD & SR37 S,0.0,0.0
2009,9,3,Weekday,200,2-Car,No injury/unknown,OTHER (ENVIRONMENTAL) - EXPLAIN IN NARR,CHAPEL HILL RD & STATE ROAD 446,0.0,0.0
2009,9,3,Weekday,1700,1-Car,No injury/unknown,TIRE FAILURE OR DEFECTIVE,DUNN & SR37N,0.0,0.0
2009,9,2,Weekday,900,2-Car,No injury/unknown,FOLLOWING TOO CLOSELY,WALNUT ST & WINSLOW RD RD,0.0,0.0
2009,9,6,Weekday,1300,Moped/Motorcycle,Non-incapacitating,FAILURE TO YIELD RIGHT OF WAY,BRYAN HOUSE & JORDAN AVE,0.0,0.0
2009,9,4,Weekday,1500,Bus,No injury/unknown,FAILURE TO YIELD RIGHT OF WAY,PRIVATE DRIVE AT 1528 OAKDALE & S OAKDALE DR,0.0,0.0
2009,9,6,Weekday,1200,1-Car,No injury/unknown,SPEED TOO FAST FOR WEATHER CONDITIONS,2400 BLK N OLD SR 37 RD & SAFETY,0.0,0.0
2009,9,5,Weekday,700,1-Car,No injury/unknown,SPEED TOO FAST FOR WEATHER CONDITIONS,BUSSINESS 37 NORTH ST & OLD STATE ROAD 37 NORTH,0.0,0.0
2009,9,5,Weekday,800,1-Car,Non-incapacitating,RAN OFF ROAD RIGHT,OLDSR37 & SR37N,0.0,0.0
2009,9,2,Weekday,1800,1-Car,No injury/unknown,PRESCRIPTION DRUGS,FAIRFAX & S OLD ST RD 37 RD,0.0,0.0
2009,9,2,Weekday,1100,3+ Cars,Non-incapacitating,OTHER (DRIVER) - EXPLAIN IN NARRATIVE,3RD ST & MULLER,0.0,0.0
2009,9,2,Weekday,1400,2-Car,No injury/unknown,FAILURE TO YIELD RIGHT OF WAY,SB ON RAMP FROM STATE ROAD 46 & SR37S,0.0,0.0
2009,9,2,Weekday,1600,2-Car,No injury/unknown,FOLLOWING TOO CLOSELY,MULLER & W 3RD ST,0.0,0.0
2009,8,4,Weekday,700,3+ Cars,No injury/unknown,FOLLOWING TOO CLOSELY,BLOOMFIELD RD & SR 37 NORTH RAMP,0.0,0.0
2009,9,2,Weekday,0,1-Car,No injury/unknown,RAN OFF ROAD RIGHT,BREEDON RD,0.0,0.0
2009,9,4,Weekday,1100,2-Car,No injury/unknown,FAILURE TO YIELD RIGHT OF WAY,JOANN FABRICS PARKING & S LIBERTY DR,0.0,0.0
2009,9,4,Weekday,1300,2-Car,No injury/unknown,FOLLOWING TOO CLOSELY,LIBERTY  DR & WEST 3 ST ST,0.0,0.0
2009,9,2,Weekday,1400,1-Car,No injury/unknown,DRIVER DISTRACTED - EXPLAIN IN NARRATIVE,CAMPGROUND RD & MAIN PROPERTY,0.0,0.0
2009,10,7,Weekend,1500,2-Car,No injury/unknown,,RILEY DR,0.0,0.0
2009,10,1,Weekday,2000,2-Car,No injury/unknown,FOLLOWING TOO CLOSELY,OFF RAMP SB STATE ROAD 37 RAMP & W 3RD,0.0,0.0
2009,10,6,Weekday,1500,1-Car,No injury/unknown,DRIVER DISTRACTED - EXPLAIN IN NARRATIVE,FORREST PARK DR & STATE ROAD 46,0.0,0.0
2009,9,5,Weekday,1800,2-Car,No injury/unknown,UNSAFE BACKING,300 BLOCK E 6TH ST & N GRANT,0.0,0.0
2009,10,3,Weekday,1600,1-Car,No injury/unknown,ROADWAY SURFACE CONDITION,RAILROAD & STINESVILLE RD,0.0,0.0
2009,10,3,Weekday,1500,2-Car,No injury/unknown,FOLLOWING TOO CLOSELY,BENTON & SR45E,0.0,0.0
2009,10,3,Weekday,1300,1-Car,No injury/unknown,SPEED TOO FAST FOR WEATHER CONDITIONS,ANNE & STRAIN RIDGE RD,0.0,0.0
2009,10,7,Weekend,1600,2-Car,No injury/unknown,FOLLOWING TOO CLOSELY,46  45 BYP & WALNUT,0.0,0.0
2009,10,6,Weekday,1600,2-Car,No injury/unknown,FAILURE TO YIELD RIGHT OF WAY,300 BLK E 3RD N S ALLEY ALY & 3RD,0.0,0.0
2009,10,2,Weekday,1100,2-Car,No injury/unknown,FAILURE TO YIELD RIGHT OF WAY,S MULLER PKWY,0.0,0.0
2009,10,5,Weekday,1700,2-Car,No injury/unknown,DISREGARD SIGNAL/REG SIGN,11 & WOODLAWN AVE,0.0,0.0
2009,10,4,Weekday,1900,2-Car,No injury/unknown,OTHER (DRIVER) - EXPLAIN IN NARRATIVE,S MULLER PKWY & W 3RD,0.0,0.0
2009,10,4,Weekday,1300,2-Car,No injury/unknown,OTHER (DRIVER) - EXPLAIN IN NARRATIVE,SR46W,0.0,0.0
2009,10,5,Weekday,900,3+ Cars,No injury/unknown,OTHER (DRIVER) - EXPLAIN IN NARRATIVE,200 N SMITH RD & EAST THIRD,0.0,0.0
2009,10,1,Weekend,1100,2-Car,No injury/unknown,FAILURE TO YIELD RIGHT OF WAY,PETE ELLIS DR & U,0.0,0.0
2009,10,6,Weekday,1100,2-Car,No injury/unknown,UNSAFE BACKING,PARKING LOT 212 S INDIANA AVE,0.0,0.0
2009,10,2,Weekday,2200,2-Car,No injury/unknown,OTHER (VEHICLE) - EXPLAIN IN NARRATIVE,EAST MCCRICKENWAY PL,0.0,0.0
2009,10,1,Weekend,1300,2-Car,No injury/unknown,FAILURE TO YIELD RIGHT OF WAY,NORTH SMITH PIKE & W ST RD 46,0.0,0.0
2009,10,4,Weekday,1300,Moped/Motorcycle,No injury/unknown,FAILURE TO YIELD RIGHT OF WAY,S WALNUT ST SR & SOUTH DRIVE,0.0,0.0
2009,10,3,Weekday,1200,2-Car,No injury/unknown,FAILURE TO YIELD RIGHT OF WAY,400 S PARK & 700 E ATWATEER AVE,0.0,0.0
2009,10,5,Weekday,1900,2-Car,No injury/unknown,FOLLOWING TOO CLOSELY,9TH & WOODBURN AVE,0.0,0.0
2009,10,7,Weekend,2100,2-Car,No injury/unknown,FAILURE TO YIELD RIGHT OF WAY,N SR 37 & W 3RD ST,0.0,0.0
2009,10,7,Weekend,2100,3+ Cars,No injury/unknown,OTHER (VEHICLE) - EXPLAIN IN NARRATIVE,NORTH CURRY PIKE PIKE,0.0,0.0
2009,10,7,Weekend,1400,2-Car,No injury/unknown,UNSAFE BACKING,GARDEN & ROCKWELL PATH,0.0,0.0
2009,10,7,Weekend,500,1-Car,No injury/unknown,OTHER (DRIVER) - EXPLAIN IN NARRATIVE,CAPITOL & SR46W,0.0,0.0
2009,10,2,Weekday,2200,2-Car,No injury/unknown,DISREGARD SIGNAL/REG SIGN,400 S COLLEGE MALL RD & EASTLAND,0.0,0.0