Year,Month,Day,Weekend?,Hour,Collision Type,Injury Type,Primary Factor,Reported_Location,Latitude,Longitude
2009,10,6,Weekday,1300,2-Car,No injury/unknown,LEFT OF CENTER,BOLIN & ROCKPORT RD,0.0,0.0
2009,10,3,Weekday,1700,2-Car,No injury/unknown,DRIVER DISTRACTED - EXPLAIN IN NARRATIVE,CURRY & SR46W,0.0,0.0
2009,10,3,Weekday,1000,2-Car,No injury/unknown,FAILURE TO YIELD RIGHT OF WAY,MT CARMEL & STINESVILLE RD,0.0,0.0
2009,10,5,Weekday,1400,2-Car,No injury/unknown,FAILURE TO YIELD RIGHT OF WAY,ON RAMP SB SR 37 FROM W 3RD ST & SR37S,0.0,0.0
2009,10,5,Weekday,1700,Cyclist,Incapacitating,OTHER (DRIVER) - EXPLAIN IN NARRATIVE,HILLVIEW & OLD STATE RD 37 N RD,0.0,0.0
2009,10,5,Weekday,1700,2-Car,No injury/unknown,UNSAFE SPEED,3RD ST,0.0,0.0
2009,10,5,Weekday,1700,2-Car,No injury/unknown,UNSAFE BACKING,N WOODBRIDGE DR,0.0,0.0
2009,10,3,Weekday,1500,2-Car,Non-incapacitating,SPEED TOO FAST FOR WEATHER CONDITIONS,MILO B SAMPSON & SR4546E,0.0,0.0
2009,10,6,Weekday,600,2-Car,No injury/unknown,FAILURE TO YIELD RIGHT OF WAY,ON RAMP TO NORTHBOUND 37 & SR 45 RD,0.0,0.0
2009,10,6,Weekday,800,Bus,No injury/unknown,ILLEGAL DRUGS,S MULLER PKWY,0.0,0.0
2009,10,6,Weekday,1200,2-Car,No injury/unknown,SPEED TOO FAST FOR WEATHER CONDITIONS,2ND ST & PATTERSON,0.0,0.0
2009,10,6,Weekday,1500,2-Car,No injury/unknown,OTHER (DRIVER) - EXPLAIN IN NARRATIVE,DUNN ST & KIRKWOOD,0.0,0.0
2009,10,6,Weekday,1500,2-Car,No injury/unknown,FAILURE TO YIELD RIGHT OF WAY,S AUTO MALL RD,0.0,0.0
2009,10,6,Weekday,1600,2-Car,No injury/unknown,FAILURE TO YIELD RIGHT OF WAY,HILLSIDE DR & WOODLAWN,0.0,0.0
2009,10,6,Weekday,1600,2-Car,No injury/unknown,FAILURE TO YIELD RIGHT OF WAY,RHORER & WALNUT STREET PIKE,0.0,0.0
2009,10,6,Weekday,700,2-Car,No injury/unknown,UNSAFE BACKING,VERNAL PIKE,0.0,0.0
2009,10,7,Weekend,1400,Bus,No injury/unknown,OTHER (DRIVER) - EXPLAIN IN NARRATIVE,3RD ST & GATES,0.0,0.0
2009,10,7,Weekend,1200,2-Car,No injury/unknown,OTHER (VEHICLE) - EXPLAIN IN NARRATIVE,SOUTH CLARIZZ BLVD,0.0,0.0
2009,10,6,Weekday,1700,2-Car,No injury/unknown,OTHER (VEHICLE) - EXPLAIN IN NARRATIVE,CAPITAL & SR46W,0.0,0.0
2009,10,7,Weekend,1300,2-Car,No injury/unknown,IMPROPER TURNING,DUNN & INDIANA AVE,0.0,0.0
2009,10,6,Weekday,300,1-Car,No injury/unknown,ANIMAL/OBJECT IN ROADWAY,SR5700E,0.0,0.0
2009,10,7,Weekend,2300,Bus,No injury/unknown,ANIMAL/OBJECT IN ROADWAY,LEE PAUL RD & SIMPSON CHAP,0.0,0.0
2009,11,6,Weekday,700,2-Car,No injury/unknown,FAILURE TO YIELD RIGHT OF WAY,SR37S,0.0,0.0
2009,11,7,Weekend,900,2-Car,No injury/unknown,FAILURE TO YIELD RIGHT OF WAY,10 TH ST & SR45  46,0.0,0.0
2009,11,7,Weekend,800,2-Car,No injury/unknown,IMPROPER LANE USAGE,SOUTH OLD HWY 37 HWY,0.0,0.0
2009,11,7,Weekend,1700,1-Car,No injury/unknown,RAN OFF ROAD RIGHT,MT TABOR & TABOR HILL RD,0.0,0.0
2009,11,1,Weekend,1500,Moped/Motorcycle,Non-incapacitating,ANIMAL/OBJECT IN ROADWAY,NEW FULFORD & SR37,0.0,0.0
2009,11,5,Weekday,1300,2-Car,No injury/unknown,UNSAFE BACKING,7TH & WEST DRIVE 1025 EAST 7TH ST,0.0,0.0
2009,11,1,Weekend,100,1-Car,No injury/unknown,RAN OFF ROAD RIGHT,EAST FIFTH ST & JORDAN,0.0,0.0
2009,11,3,Weekday,1800,2-Car,No injury/unknown,FOLLOWING TOO CLOSELY,STATE ROAD 37 NORTH BOUND & WEST BLOOMFIELD RD,0.0,0.0
2009,11,5,Weekday,300,1-Car,No injury/unknown,ANIMAL/OBJECT IN ROADWAY,FLATWOODS & STARNES RD,0.0,0.0
2009,11,5,Weekday,1600,2-Car,No injury/unknown,FOLLOWING TOO CLOSELY,SR45W & WALMART,0.0,0.0
2009,11,6,Weekday,400,1-Car,No injury/unknown,RAN OFF ROAD RIGHT,3000 BLOCK & N DUNN ST,0.0,0.0
2009,11,7,Weekend,1200,2-Car,No injury/unknown,FOLLOWING TOO CLOSELY,SR37S,0.0,0.0
2009,11,6,Weekday,300,1-Car,No injury/unknown,RAN OFF ROAD RIGHT,BUNINESS 37 RD & WHISAND ROAD,0.0,0.0
2009,11,6,Weekday,600,1-Car,No injury/unknown,RAN OFF ROAD RIGHT,NEHRT ROAD & ROBINSONE ROAD RD,0.0,0.0
2009,11,3,Weekday,2000,1-Car,No injury/unknown,RAN OFF ROAD RIGHT,SR37N,0.0,0.0
2009,11,4,Weekday,1300,2-Car,No injury/unknown,OTHER (DRIVER) - EXPLAIN IN NARRATIVE,STATE ROAD 45 & TENTH STRA,0.0,0.0
2009,11,7,Weekend,1400,2-Car,No injury/unknown,FOLLOWING TOO CLOSELY,ACCESS ROAD FOR WALMART RD & SR45,0.0,0.0
2009,11,3,Weekday,1800,1-Car,No injury/unknown,OVERCORRECTING/OVERSTEERING,COLLEGE MALL & SR37S,0.0,0.0
2009,11,1,Weekend,1700,2-Car,No injury/unknown,FAILURE TO YIELD RIGHT OF WAY,ON RAMP FROM 3RD ST & SR37S,0.0,0.0
2009,12,4,Weekday,1200,2-Car,No injury/unknown,UNSAFE BACKING,S OLD 37 HWY,0.0,0.0
2009,12,4,Weekday,2100,1-Car,No injury/unknown,OVERCORRECTING/OVERSTEERING,MT GETTYS CREEK RD & MT GILEAD,0.0,0.0
2009,12,4,Weekday,700,2-Car,No injury/unknown,OTHER (DRIVER) - EXPLAIN IN NARRATIVE,SR46W,0.0,0.0
2009,12,6,Weekday,500,2-Car,No injury/unknown,LEFT OF CENTER,LIVERPOL & SHELBURNE DR,0.0,0.0
2009,11,6,Weekday,1000,2-Car,No injury/unknown,OVERCORRECTING/OVERSTEERING,SR46W & ST ROAD 46,0.0,0.0
2009,12,2,Weekday,800,1-Car,No injury/unknown,ROADWAY SURFACE CONDITION,300 N PETE ELLIS DR & NORTH DRIVE TO CAMBRIDGE SQ AP,0.0,0.0
2009,12,2,Weekday,800,1-Car,No injury/unknown,OTHER (ENVIRONMENTAL) - EXPLAIN IN NARR,COUNTRYSIDE LN & THOMPSON PARK,0.0,0.0
2009,12,2,Weekday,1100,2-Car,No injury/unknown,FOLLOWING TOO CLOSELY,E RAMP 12 & W 3RD ST,0.0,0.0
2009,12,4,Weekday,600,1-Car,No injury/unknown,RAN OFF ROAD RIGHT,I,0.0,0.0
2009,12,6,Weekday,1100,2-Car,No injury/unknown,OTHER (DRIVER) - EXPLAIN IN NARRATIVE,EAST WEST ALLEY & N LINCOLN,0.0,0.0
2009,12,6,Weekday,1200,1-Car,No injury/unknown,DRIVER DISTRACTED - EXPLAIN IN NARRATIVE,11TH & 709 NORTH FEE LN,0.0,0.0
2009,12,2,Weekday,1600,2-Car,No injury/unknown,IMPROPER PASSING,45 46 & EAST 10TH ST,0.0,0.0
2009,12,3,Weekday,1200,2-Car,No injury/unknown,FAILURE TO YIELD RIGHT OF WAY,ELEVENTH & FEE LN,0.0,0.0
2009,12,5,Weekday,1400,1-Car,No injury/unknown,OVERCORRECTING/OVERSTEERING,EAST SAMPLE RD & OLD 37 NORTH,0.0,0.0
2009,12,3,Weekday,1700,2-Car,No injury/unknown,FAILURE TO YIELD RIGHT OF WAY,BLOOMFIELD RD & OFF RAMP FROM SB SR 37,0.0,0.0
2009,12,4,Weekday,1900,1-Car,No injury/unknown,ANIMAL/OBJECT IN ROADWAY,BLOOMFIELD RDG & LAKE CREST,0.0,0.0
2009,12,4,Weekday,1500,2-Car,No injury/unknown,IMPROPER LANE USAGE,COLLEGE AVE & VAUGHN CLIPP,0.0,0.0
2009,12,3,Weekday,1200,2-Car,No injury/unknown,DRIVER DISTRACTED - EXPLAIN IN NARRATIVE,BLOOMFIELD & LIBERTY DR,0.0,0.0
2009,12,3,Weekday,1500,3+ Cars,No injury/unknown,FAILURE TO YIELD RIGHT OF WAY,SR45W & STATE ROAD 37 SOUTH BOUND,0.0,0.0
2009,12,4,Weekday,1200,2-Car,No injury/unknown,FAILURE TO YIELD RIGHT OF WAY,RHORER & SR37S,0.0,0.0
2009,12,5,Weekday,200,3+ Cars,No injury/unknown,IMPROPER LANE USAGE,ALPINE TRL & HENDERSON,0.0,0.0
2009,12,6,Weekday,200,1-Car,No injury/unknown,OTHER (DRIVER) - EXPLAIN IN NARRATIVE,UNKNOWN,0.0,0.0
2009,12,1,Weekend,1700,2-Car,No injury/unknown,UNSAFE BACKING,BLOCK OF E 10TH ST,0.0,0.0
2009,12,3,Weekday,1300,2-Car,No injury/unknown,FAILURE TO YIELD RIGHT OF WAY,LIBERTY DR & W ST RD 45,0.0,0.0
2009,12,1,Weekend,1400,1-Car,Non-incapacitating,OVERCORRECTING/OVERSTEERING,DARRETT & NORTHSHORE DR,0.0,0.0
2009,12,1,Weekend,1800,1-Car,No injury/unknown,ROADWAY SURFACE CONDITION,6611 ROCKPORT ROAD RD & TRAMWAY,0.0,0.0
2009,12,3,Weekday,1000,1-Car,Non-incapacitating,ANIMAL/OBJECT IN ROADWAY,DUTCH RIDGE RD & HILLENBURG CEMETERY,0.0,0.0
2009,12,5,Weekday,2100,1-Car,No injury/unknown,ANIMAL/OBJECT IN ROADWAY,SR37N & WALNUT,0.0,0.0
2009,12,5,Weekday,2100,1-Car,No injury/unknown,ANIMAL/OBJECT IN ROADWAY,W HOWARD RD & W ST RD 43,0.0,0.0
2008,3,5,Weekday,800,1-Car,No injury/unknown,RAN OFF ROAD RIGHT,SR 45 W & TUNNEL RD,39.335921,-86.43165
2008,3,5,Weekday,900,1-Car,No injury/unknown,RAN OFF ROAD RIGHT,SR 45 E & TUNNEL RD,39.335921,-86.43165
2008,8,5,Weekday,900,1-Car,No injury/unknown,OTHER (VEHICLE) - EXPLAIN IN NARRATIVE,BRYANTS CREEK & SR37N,39.334368,-86.5124
2008,5,6,Weekend,2100,1-Car,No injury/unknown,ANIMAL/OBJECT IN ROADWAY,BRYANTS CREEK & SR37,39.33299786,-86.51357896
2008,8,1,Weekend,1500,1-Car,Incapacitating,UNSAFE SPEED,BRIGHTON RD & WAMPLER,39.33242025,-86.61439743
2008,12,7,Weekend,1000,1-Car,No injury/unknown,SPEED TOO FAST FOR WEATHER CONDITIONS,BRYANTS CREEK ROAD & SR37N,39.33230161,-86.5141415
2008,2,3,Weekday,1200,1-Car,No injury/unknown,SPEED TOO FAST FOR WEATHER CONDITIONS,BRYANTS CREEK & SR37N,39.33204816,-86.51427777
2008,1,4,Weekday,1000,2-Car,Non-incapacitating,IMPROPER PASSING,BUSINESS 37 HWY & WHISNAND,39.33056658,-86.53977
2008,7,3,Weekday,700,1-Car,Non-incapacitating,ANIMAL/OBJECT IN ROADWAY,BRUMMET CREEK RD & SR 46 EAST,39.33054054,-86.38976
2008,6,3,Weekday,600,1-Car,No injury/unknown,ANIMAL/OBJECT IN ROADWAY,BURMA & SR37S,39.32828874,-86.51388174
2008,1,4,Weekday,1500,1-Car,No injury/unknown,UNSAFE SPEED,37 & BURMA RD,39.32417623,-86.51926279
2008,9,6,Weekday,1500,2-Car,Non-incapacitating,DRIVER DISTRACTED - EXPLAIN IN NARRATIVE,OLD ST ROAD 37 S RD & ST RD 37 N,39.32106,-86.48081
2008,9,6,Weekday,900,Moped/Motorcycle,Non-incapacitating,ANIMAL/OBJECT IN ROADWAY,BURMA & SR37S,39.32100204,-86.51111253
2008,12,1,Weekend,1700,1-Car,No injury/unknown,ROADWAY SURFACE CONDITION,BROWN RD & LIBERTY HOLLOW,39.3189421,-86.59389021
2008,3,6,Weekday,1300,3+ Cars,No injury/unknown,ROADWAY SURFACE CONDITION,BAUGH & BETHEL LN,39.31890518,-86.48685
2008,2,6,Weekday,1300,1-Car,No injury/unknown,ROADWAY SURFACE CONDITION,BURMA & SR37N,39.31695399,-86.51079025
2008,2,6,Weekday,1300,1-Car,No injury/unknown,ROADWAY SURFACE CONDITION,BURMA & SR37N,39.31695399,-86.51079025
2008,2,5,Weekday,1800,1-Car,Non-incapacitating,ROADWAY SURFACE CONDITION,BURMA & SR37N,39.31695399,-86.51079025
2008,8,7,Weekend,0,1-Car,No injury/unknown,DRIVER ASLEEP OR FATIGUED,BURMA & SR37N,39.31695399,-86.51079025
2008,3,6,Weekday,1300,1-Car,No injury/unknown,RAN OFF ROAD RIGHT,E FARR ROAD & MAIN FOREST ROAD RD,39.316592,-86.453168
2008,12,7,Weekend,1000,1-Car,No injury/unknown,SPEED TOO FAST FOR WEATHER CONDITIONS,BURMA & SR37S,39.31574709,-86.51113305
2008,11,7,Weekend,2300,1-Car,No injury/unknown,ROADWAY SURFACE CONDITION,BURMA & SR37N,39.3150766,-86.51132348
2008,5,3,Weekday,2100,1-Car,No injury/unknown,RAN OFF ROAD RIGHT,LITTLE WOLF MOUNTAIN & TEXAS RIDGE RD,39.31472093,-86.65783176
2008,2,5,Weekday,1700,1-Car,No injury/unknown,SPEED TOO FAST FOR WEATHER CONDITIONS,BURMA & SR37S,39.3145402,-86.51147583
2008,2,1,Weekend,1700,1-Car,No injury/unknown,OTHER (ENVIRONMENTAL) - EXPLAIN IN NARR,BURMA & SR37S,39.31173574,-86.51283861
2008,4,2,Weekday,1800,1-Car,No injury/unknown,ANIMAL/OBJECT IN ROADWAY,SR37S & W BURMA,39.31173574,-86.51283861
2008,12,7,Weekend,900,1-Car,No injury/unknown,ROADWAY SURFACE CONDITION,BURMA & SR37S,39.31173574,-86.51283861
2008,2,1,Weekend,1800,1-Car,No injury/unknown,ALCOHOLIC BEVERAGES,COUNTY LINE RD,39.310928,-86.685424
2008,4,3,Weekday,2000,2-Car,No injury/unknown,DRIVER DISTRACTED - EXPLAIN IN NARRATIVE,MOORSE & SARE RD,39.3090294,-86.498715
2008,8,1,Weekend,1400,1-Car,Incapacitating,PRESCRIPTION DRUGS,FARR & SR37S,39.30778337,-86.48389757
2008,2,7,Weekend,1000,2-Car,No injury/unknown,UNSAFE BACKING,MOON & TEXAS RIDGE RD,39.30740963,-86.65573782
2008,8,4,Weekday,400,1-Car,No injury/unknown,ALCOHOLIC BEVERAGES,MT TABOR RD & TABOR HILL,39.30584,-86.631008
2008,4,2,Weekday,600,1-Car,No injury/unknown,ANIMAL/OBJECT IN ROADWAY,CHAMBERS PIKE & OLD 37,39.30564,-86.48677703
2008,7,7,Weekend,2000,1-Car,No injury/unknown,SPEED TOO FAST FOR WEATHER CONDITIONS,CHAMBERS PIKE & SR 37,39.30404,-86.51693629
2008,2,4,Weekday,1100,2-Car,No injury/unknown,UNSAFE BACKING,LIBERTY DR & SR45,39.30354671,-86.57776354
2008,2,6,Weekday,1500,2-Car,No injury/unknown,IMPROPER LANE USAGE,MAIN ST & RAILROAD,39.302656,-86.652448
2008,12,6,Weekday,1500,1-Car,Non-incapacitating,OVERCORRECTING/OVERSTEERING,COLLIER CEMITARY & DITTIMORE RD,39.30031,-86.53692433
2008,2,3,Weekday,1600,1-Car,No injury/unknown,SPEED TOO FAST FOR WEATHER CONDITIONS,ELLIS & SR37N,39.29961876,-86.53291652
2008,12,3,Weekday,1600,2-Car,No injury/unknown,ROADWAY SURFACE CONDITION,FOX HOLLOW & OLD STATE RD 37 N RD,39.29857608,-86.50158
2008,11,6,Weekday,1000,3+ Cars,No injury/unknown,OTHER (DRIVER) - EXPLAIN IN NARRATIVE,SMITH PIKE & WOODYARD,39.29645473,-86.58311
2008,2,7,Weekend,1700,2-Car,No injury/unknown,ROADWAY SURFACE CONDITION,BOTTOM & MT PLEASANT RD,39.295232,-86.57744
2008,11,5,Weekday,1300,2-Car,No injury/unknown,UNSAFE BACKING,BOTTOM & MT TABOR RD,39.295232,-86.57744
2008,8,3,Weekday,100,1-Car,No injury/unknown,OTHER (DRIVER) - EXPLAIN IN NARRATIVE,E 3RD AVENUE & FAIRFAX ROAD RD,39.29138389,-86.51451
2008,10,2,Weekday,2200,1-Car,No injury/unknown,ROADWAY SURFACE CONDITION,MAIN & MATTHEWS DR,39.29026435,-86.624218
2008,12,3,Weekday,1400,2-Car,No injury/unknown,ROADWAY SURFACE CONDITION,FOX HOLLOW & SR37S,39.29015381,-86.51803474
2008,5,3,Weekday,1400,2-Car,No injury/unknown,FOLLOWING TOO CLOSELY,FOX HOLLOW & SR37N,39.287808,-86.519024
2008,6,4,Weekday,800,2-Car,No injury/unknown,FAILURE TO YIELD RIGHT OF WAY,FOX HOLLOW & SR37N,39.287808,-86.519024
2008,1,5,Weekday,900,2-Car,No injury/unknown,SPEED TOO FAST FOR WEATHER CONDITIONS,MT GILEAD RD & SR45N,39.28667614,-86.42414576
2008,11,7,Weekend,400,1-Car,No injury/unknown,ANIMAL/OBJECT IN ROADWAY,FOX HOLLOW ROAD & SR37S,39.2865848,-86.51982721
2008,12,3,Weekday,1300,2-Car,Incapacitating,SPEED TOO FAST FOR WEATHER CONDITIONS,SIMPSON CHAPEL & SR37N,39.2831387,-86.52178265
2008,1,6,Weekday,1200,2-Car,No injury/unknown,LEFT OF CENTER,ANDERSON AND NORTHSHORE RD & LOW GAP,39.282576,-86.411808
2008,7,7,Weekend,1600,1-Car,No injury/unknown,ALCOHOLIC BEVERAGES,ANDERSON RD & SHILO,39.28255704,-86.45840252
2008,9,4,Weekday,1200,1-Car,No injury/unknown,UNSAFE SPEED,LYDY & STREACHER RD,39.28235,-86.48307028
2008,5,1,Weekend,1200,2-Car,Non-incapacitating,VIEW OBSTRUCTED,COUNTY LINE & SR46W,39.281744,-86.6848
2008,10,7,Weekend,1200,2-Car,No injury/unknown,LEFT OF CENTER,S COUNTY LINE & SR46W,39.28170169,-86.68463934
2008,5,5,Weekday,1500,Bus,No injury/unknown,IMPROPER TURNING,HASH RD,39.28149645,-86.404749
2008,2,3,Weekday,1200,1-Car,Non-incapacitating,RAN OFF ROAD RIGHT,SR46E & WEST COUNTY LINE,39.28147519,-86.68385625
2008,8,5,Weekday,1500,1-Car,Non-incapacitating,OTHER (ENVIRONMENTAL) - EXPLAIN IN NARR,BARR & WOODLAND RD,39.28104738,-86.60186753
2008,1,4,Weekday,1700,2-Car,No injury/unknown,FAILURE TO YIELD RIGHT OF WAY,SIMPSON CHAPEL & SR37S,39.280496,-86.522864
2008,7,1,Weekend,1600,2-Car,No injury/unknown,IMPROPER TURNING,SR37N & WINERY,39.28040426,-86.52269173
2008,12,2,Weekday,1800,1-Car,Non-incapacitating,ANIMAL/OBJECT IN ROADWAY,HEDRICK & SR46E,39.27850207,-86.67809486
2008,8,7,Weekend,1200,3+ Cars,Non-incapacitating,UNSAFE SPEED,HEDRICK & SR46E,39.27782343,-86.6775707
2008,12,3,Weekday,1600,2-Car,No injury/unknown,ROADWAY SURFACE CONDITION,FOX HOLLOW & OLD STATE ROAD 37 NORTH RD,39.27737203,-86.50158
2008,8,7,Weekend,1600,1-Car,No injury/unknown,ANIMAL/OBJECT IN ROADWAY,ANDERSON RD & FISH,39.27736121,-86.47045793
2008,12,1,Weekend,1100,1-Car,No injury/unknown,ROADWAY SURFACE CONDITION,BARR RD & WOODLAND,39.27609478,-86.61126686
2008,1,3,Weekday,1700,1-Car,No injury/unknown,RAN OFF ROAD RIGHT,BARR & MT TABOR RD,39.273888,-86.621456
2008,4,2,Weekday,2100,1-Car,No injury/unknown,RAN OFF ROAD RIGHT,46 & STINESVILLE RD,39.27327108,-86.66309829
2008,8,7,Weekend,0,1-Car,Non-incapacitating,SPEED TOO FAST FOR WEATHER CONDITIONS,MILLER & SHILO RD,39.27266636,-86.46007791
2008,8,1,Weekend,0,Moped/Motorcycle,Fatal,UNSAFE SPEED,ANDERSON RD & LYDY,39.26961279,-86.4827001
2008,1,3,Weekday,1600,2-Car,No injury/unknown,FAILURE TO YIELD RIGHT OF WAY,WOODSCREST DR,39.26931665,-86.502414
2008,11,3,Weekday,1400,3+ Cars,No injury/unknown,SPEED TOO FAST FOR WEATHER CONDITIONS,SR37S,39.26891991,-86.52287428
2008,4,5,Weekday,1800,2-Car,Non-incapacitating,FAILURE TO YIELD RIGHT OF WAY,SAMPLE & SR37N,39.26890488,-86.52287361
2008,11,2,Weekday,200,1-Car,No injury/unknown,ANIMAL/OBJECT IN ROADWAY,SAMPLE & SR37N,39.26835591,-86.52284928
2008,11,5,Weekday,500,2-Car,Non-incapacitating,DRIVER ASLEEP OR FATIGUED,SAMPLE & SR37N,39.26758734,-86.52281523
2008,2,6,Weekday,1800,1-Car,No injury/unknown,ROADWAY SURFACE CONDITION,7544 N MT TABOR RD & COWDEN,39.266864,-86.620704
2008,12,5,Weekday,1000,1-Car,No injury/unknown,DRIVER DISTRACTED - EXPLAIN IN NARRATIVE,COWDEN & MT TABOR RD,39.266864,-86.620704
2008,2,3,Weekday,1300,1-Car,Non-incapacitating,SPEED TOO FAST FOR WEATHER CONDITIONS,SAMPLE & SR37N,39.26643449,-86.52276416
2008,2,6,Weekday,1500,Bus,No injury/unknown,ROADWAY SURFACE CONDITION,DUNLAP RD & ISON,39.26625687,-86.61967
2008,8,7,Weekend,0,1-Car,No injury/unknown,RAN OFF ROAD RIGHT,SAMPLE & SR37,39.26616,-86.522752
2008,9,2,Weekday,1500,2-Car,No injury/unknown,LEFT OF CENTER,SAMPLE RD & STATE ROAD 37,39.26597207,-86.52290574
2008,6,6,Weekday,1800,2-Car,No injury/unknown,DRIVER DISTRACTED - EXPLAIN IN NARRATIVE,SR46W & STINESVILLE,39.26565376,-86.66453938
2008,4,5,Weekday,2000,2-Car,No injury/unknown,VIEW OBSTRUCTED,SAMPLE & SR37N,39.26533636,-86.52272258
2008,4,2,Weekday,0,1-Car,No injury/unknown,RAN OFF ROAD RIGHT,SR46E & STINESVILLE,39.26455551,-86.66347879
2008,9,4,Weekday,700,2-Car,No injury/unknown,FOLLOWING TOO CLOSELY,KINSER PIKE & W CLUBHOUSE,39.26432533,-86.54286
2008,10,7,Weekend,800,2-Car,No injury/unknown,FOLLOWING TOO CLOSELY,SR37 & SR37N,39.263024,-86.52264
2008,12,5,Weekday,2000,1-Car,No injury/unknown,SPEED TOO FAST FOR WEATHER CONDITIONS,SR37S & WAYPORT,39.263024,-86.52264
2008,8,1,Weekend,1700,1-Car,No injury/unknown,ANIMAL/OBJECT IN ROADWAY,BOTTOM RD & LAWSON,39.26257605,-86.54620135
2008,3,1,Weekend,300,1-Car,Non-incapacitating,ALCOHOLIC BEVERAGES,TUNNEL ROAD,39.262089,-86.415173
2008,7,2,Weekday,1700,1-Car,No injury/unknown,RAN OFF ROAD RIGHT,SR46W & STINESVILLE,39.26206124,-86.659315
2008,6,3,Weekday,1100,2-Car,No injury/unknown,IMPROPER LANE USAGE,CROSSOVER & SR37N,39.26158153,-86.51702267
2008,4,5,Weekday,1400,2-Car,No injury/unknown,OTHER (DRIVER) - EXPLAIN IN NARRATIVE,N WAYPORT RD,39.26128885,-86.52247292
2008,8,7,Weekend,1300,2-Car,No injury/unknown,OTHER (DRIVER) - EXPLAIN IN NARRATIVE,N WAYPORT RD,39.26128885,-86.52247292
2008,1,1,Weekend,100,1-Car,Non-incapacitating,DRIVER ASLEEP OR FATIGUED,SR37N & WAYPORT,39.26041222,-86.52349167
2008,10,7,Weekend,1500,3+ Cars,No injury/unknown,FOLLOWING TOO CLOSELY,CHAFIN CHAPEL & SR46E,39.25958926,-86.65758113
2008,12,6,Weekday,1000,2-Car,No injury/unknown,FAILURE TO YIELD RIGHT OF WAY,CHAFIN CHAPEL & SR46W,39.25958926,-86.6575638
2008,9,6,Weekday,600,2-Car,No injury/unknown,OTHER (DRIVER) - EXPLAIN IN NARRATIVE,WAYPORT RD,39.258336,-86.523037
2008,12,7,Weekend,1000,1-Car,No injury/unknown,ROADWAY SURFACE CONDITION,SAMPLE & SR37S,39.2582942,-86.52481843
2008,3,4,Weekday,900,2-Car,No injury/unknown,FOLLOWING TOO CLOSELY,RED HILL & SR46,39.25820961,-86.65674683
2008,2,5,Weekday,1700,3+ Cars,Incapacitating,LEFT OF CENTER,CHAFFIN CHAPEL & SR46W,39.25807719,-86.65668149
2008,7,5,Weekday,2200,Moped/Motorcycle,Fatal,UNSAFE SPEED,CLEVE BUTCHER & FAIRFAX RD,39.25667748,-86.49055
2008,7,4,Weekday,2200,1-Car,No injury/unknown,OTHER (DRIVER) - EXPLAIN IN NARRATIVE,SOUTH SHORE & TUNNEL RD,39.25662215,-86.41390904
2008,10,2,Weekday,700,1-Car,No injury/unknown,OTHER (DRIVER) - EXPLAIN IN NARRATIVE,SR37N & WAYPORT,39.25549182,-86.52663118
2008,5,5,Weekday,2100,1-Car,No injury/unknown,ANIMAL/OBJECT IN ROADWAY,3909 DELAP RD & COWDEN,39.25473997,-86.58904465
2008,6,6,Weekday,1600,1-Car,No injury/unknown,DRIVER ASLEEP OR FATIGUED,SR37N & WYLIE,39.25471584,-86.52948093
2008,6,6,Weekday,1300,2-Car,No injury/unknown,IMPROPER LANE USAGE,NORTH WALNUT & SR37N,39.25437115,-86.52737437
2008,3,6,Weekday,1600,1-Car,No injury/unknown,ROADWAY SURFACE CONDITION,FLATWOODS & SR46W,39.25347374,-86.65441007
2008,4,2,Weekday,1700,2-Car,No injury/unknown,OTHER (DRIVER) - EXPLAIN IN NARRATIVE,W 46 HWY,39.252448,-86.653904
2008,3,5,Weekday,1700,1-Car,No injury/unknown,OTHER (DRIVER) - EXPLAIN IN NARRATIVE,DELAP & MT TABOR RD,39.252336,-86.620512
2008,7,4,Weekday,0,1-Car,No injury/unknown,TIRE FAILURE OR DEFECTIVE,SR37N & WYLE,39.25174681,-86.52899424
2008,4,7,Weekend,400,2-Car,No injury/unknown,OTHER (DRIVER) - EXPLAIN IN NARRATIVE,E WYLIE ST,39.251616,-86.524208
2008,1,1,Weekend,900,2-Car,No injury/unknown,IMPROPER PASSING,4800 BLOCK OF ROBINSON ROAD RDS & HILLSAMER,39.25152957,-86.46394305
2008,10,5,Weekday,1700,2-Car,No injury/unknown,FOLLOWING TOO CLOSELY,SR37N & WALNUT,39.2514082,-86.52922919
2008,12,7,Weekend,1100,1-Car,No injury/unknown,SPEED TOO FAST FOR WEATHER CONDITIONS,HILLSAMER & ROBINSON RD,39.251344,-86.464608
2008,2,3,Weekday,2200,1-Car,No injury/unknown,OTHER (DRIVER) - EXPLAIN IN NARRATIVE,OLD STATE ROAD 37 ST,39.251296,-86.500832
2008,4,2,Weekday,1700,2-Car,Non-incapacitating,ACCELERATOR FAILURE OR DEFECTIVE,N OLD STATE ROAD 37 RD,39.251296,-86.500832
2008,12,3,Weekday,1800,1-Car,No injury/unknown,OTHER (ENVIRONMENTAL) - EXPLAIN IN NARR,SR46W,39.2512,-86.652504
2008,10,3,Weekday,1900,2-Car,No injury/unknown,FOLLOWING TOO CLOSELY,10TH & SR46S,39.25087735,-86.50224214
2008,9,1,Weekend,1800,2-Car,No injury/unknown,FOLLOWING TOO CLOSELY,SR37N & WALNUT,39.250688,-86.529744
2008,9,1,Weekend,1800,2-Car,No injury/unknown,FOLLOWING TOO CLOSELY,SR37N & WALNUT,39.250688,-86.529744
2008,9,1,Weekend,1800,Bus,No injury/unknown,FOLLOWING TOO CLOSELY,SR37N & WALNUT,39.250688,-86.529744
2008,12,3,Weekday,1400,2-Car,No injury/unknown,ROADWAY SURFACE CONDITION,FLATWOODS & SR46W,39.25037815,-86.65158204