Year,Month,Day,Weekend?,Hour,Collision Type,Injury Type,Primary Factor,Reported_Location,Latitude,Longitude
2008,11,7,Weekend,1000,1-Car,Non-incapacitating,DRIVER ASLEEP OR FATIGUED,STATE ROAD 37 HWY & W GRIFFITH CEMETERY ROAD,39.2487839,-86.53145486
2008,1,4,Weekday,1700,1-Car,Incapacitating,ALCOHOLIC BEVERAGES,6363 SHUFFLE CREEK RD & SOUTH SHORE,39.24807442,-86.4028573
2008,1,5,Weekday,2000,1-Car,No injury/unknown,RAN OFF ROAD RIGHT,BOTTOM & WEST MAPLE GROVE RD,39.24744,-86.547792
2008,2,6,Weekend,2300,1-Car,No injury/unknown,ROADWAY SURFACE CONDITION,BOTTOM & W MAPLE GROVE RD,39.24744,-86.547792
2008,4,2,Weekday,1800,1-Car,No injury/unknown,RAN OFF ROAD RIGHT,BOTTOM & WEST MAPLE GROVE RD,39.24728,-86.54791982
2008,6,2,Weekday,1300,2-Car,Non-incapacitating,FAILURE TO YIELD RIGHT OF WAY,MAPLE GROVE & SR46W,39.245744,-86.636896
2008,2,4,Weekday,900,Bus,Non-incapacitating,OTHER (DRIVER) - EXPLAIN IN NARRATIVE,SR46 & W MAPLE GROVE,39.245744,-86.636896
2008,8,5,Weekday,1700,1-Car,No injury/unknown,OTHER (DRIVER) - EXPLAIN IN NARRATIVE,WEST STATE ROAD 46 RD,39.24571714,-86.6367354
2008,1,4,Weekday,1100,2-Car,Non-incapacitating,IMPROPER LANE USAGE,REDHILL & SR46,39.24568299,-86.63670124
2008,2,4,Weekday,600,2-Car,No injury/unknown,FAILURE TO YIELD RIGHT OF WAY,BOTTOM & SR37N,39.24559809,-86.54219875
2008,9,4,Weekday,1200,Moped/Motorcycle,Fatal,LEFT OF CENTER,DUNN & OLD STATE ROAD 37 NORTH RD,39.24507158,-86.52872
2008,6,1,Weekend,1700,1-Car,No injury/unknown,DRIVER ASLEEP OR FATIGUED,MAPLE GROVE RD,39.244603,-86.56843
2008,11,2,Weekday,2000,,No injury/unknown,DRIVER DISTRACTED - EXPLAIN IN NARRATIVE,RIDGEWAY & VALLEYVIEW RD,39.24409,-86.61489662
2008,7,2,Weekday,700,1-Car,No injury/unknown,UNSAFE SPEED,N OLD SR 37 & ROBINSON RD,39.2423388,-86.49587315
2008,7,5,Weekday,1100,1-Car,Non-incapacitating,DRIVER DISTRACTED - EXPLAIN IN NARRATIVE,S WEIMER RD & TAPP,39.24219863,-86.56199
2008,1,3,Weekday,1200,1-Car,Non-incapacitating,OVERCORRECTING/OVERSTEERING,SHUFFLE CREEK RD & SR45,39.24154266,-86.40646483
2008,12,2,Weekday,900,2-Car,Non-incapacitating,BRAKE FAILURE OR DEFECTIVE,COLLEGE AVE EXIT & SR37S,39.24084976,-86.53651714
2008,6,6,Weekday,1600,2-Car,No injury/unknown,FOLLOWING TOO CLOSELY,SR37N & VERNAL,39.24084504,-86.5609886
2008,1,5,Weekday,1500,1-Car,No injury/unknown,OVERCORRECTING/OVERSTEERING,NERHT & ROBINSON RD,39.24065,-86.44318678
2008,7,1,Weekend,1000,1-Car,No injury/unknown,ANIMAL/OBJECT IN ROADWAY,4291 E ROBBINSON RD & S OLD SR 37,39.24032,-86.49928
2008,10,1,Weekend,100,1-Car,No injury/unknown,RAN OFF ROAD RIGHT,NORTH OLD 37 & ROBINSON RD,39.24028,-86.49928298
2008,12,5,Weekday,1300,1-Car,No injury/unknown,DRIVER DISTRACTED - EXPLAIN IN NARRATIVE,SR 46 & SR37N,39.23990387,-86.55525124
2008,3,5,Weekday,1800,1-Car,No injury/unknown,CELL PHONE USAGE,BOLTINGHOUSE RD & OLD SR 37,39.23974,-86.49944325
2008,10,7,Weekend,2200,1-Car,No injury/unknown,OTHER (DRIVER) - EXPLAIN IN NARRATIVE,RICHARDSON & SR45,39.23946549,-86.38675223
2008,1,5,Weekday,500,1-Car,Non-incapacitating,ILLEGAL DRUGS,MAINE ST & TEMPERANCE,39.238848,-86.630096
2008,5,5,Weekday,1400,2-Car,Non-incapacitating,DRIVER DISTRACTED - EXPLAIN IN NARRATIVE,MATTHEWS & MCNEELY ST,39.23821418,-86.62403141
2008,8,6,Weekend,1900,1-Car,No injury/unknown,SPEED TOO FAST FOR WEATHER CONDITIONS,CHANDLER & MCNEELY ST,39.23779071,-86.61384743
2008,3,6,Weekday,1000,2-Car,No injury/unknown,LEFT OF CENTER,ALIKI & NERHRT RD,39.2375,-86.44823513
2008,6,2,Weekday,900,1-Car,Non-incapacitating,RAN OFF ROAD RIGHT,POPLAR & POPLAR DR,39.237248,-86.629296
2008,7,2,Weekday,1000,1-Car,Non-incapacitating,RAN OFF ROAD RIGHT,MCNEELY & UNION VALLEY RD,39.23720183,-86.5927738
2008,7,6,Weekend,2100,Moped/Motorcycle,Non-incapacitating,FAILURE TO YIELD RIGHT OF WAY,POPLAR & TEMPERANCE,39.23713261,-86.62920025
2008,5,7,Weekend,1300,2-Car,No injury/unknown,IMPROPER LANE USAGE,CONSTABLE & MAIN ST,39.23707456,-86.62740615
2008,2,7,Weekend,800,1-Car,No injury/unknown,RAN OFF ROAD RIGHT,ALLEN & SR46,39.23675252,-86.62690026
2008,11,3,Weekday,1700,1-Car,No injury/unknown,RAN OFF ROAD RIGHT,EDGEWOOD & EDGEWOOD DR,39.236288,-86.628336
2008,7,7,Weekend,2200,2-Car,No injury/unknown,UNSAFE BACKING,EDGEWOOD DR,39.236224,-86.630976
2008,4,2,Weekday,700,2-Car,Non-incapacitating,OTHER (DRIVER) - EXPLAIN IN NARRATIVE,MAIN ST & MATTHEWS,39.236096,-86.625168
2008,10,5,Weekday,1700,2-Car,No injury/unknown,FAILURE TO YIELD RIGHT OF WAY,MAIN ST & SALE,39.23547129,-86.62420614
2008,1,2,Weekday,700,2-Car,No injury/unknown,,MATTHEWS & VINE ST,39.23535783,-86.62550005
2008,1,1,Weekday,1900,2-Car,No injury/unknown,DRIVER DISTRACTED - EXPLAIN IN NARRATIVE,EAST MAIN ST & SALE,39.234944,-86.623392
2008,8,4,Weekday,1600,2-Car,No injury/unknown,FAILURE TO YIELD RIGHT OF WAY,MATTHEWS & SR46W,39.234768,-86.626384
2008,1,4,Weekday,1800,2-Car,No injury/unknown,FAILURE TO YIELD RIGHT OF WAY,MATTHEWS & SR46,39.234768,-86.626384
2008,9,6,Weekday,1500,2-Car,Non-incapacitating,FAILURE TO YIELD RIGHT OF WAY,COLT & SYCAMORE DR,39.23451,-86.64004
2008,4,3,Weekday,1400,2-Car,Non-incapacitating,FAILURE TO YIELD RIGHT OF WAY,COLT & SYCAMORE DR,39.23451,-86.64004
2008,4,6,Weekday,1500,2-Car,No injury/unknown,IMPROPER TURNING,SALE & SR46,39.23421196,-86.62564939
2008,9,4,Weekday,1500,2-Car,No injury/unknown,OTHER (DRIVER) - EXPLAIN IN NARRATIVE,SALE & TEMPERANCE,39.23408797,-86.62533426
2008,12,5,Weekday,2300,2-Car,No injury/unknown,FAILURE TO YIELD RIGHT OF WAY,SALE & SR46W,39.23402598,-86.62517669
2008,1,5,Weekday,1500,2-Car,No injury/unknown,DISREGARD SIGNAL/REG SIGN,CHANDLER & SR46,39.2339214,-86.62200951
2008,2,3,Weekday,1800,2-Car,No injury/unknown,SPEED TOO FAST FOR WEATHER CONDITIONS,CHANDLER DR & SR46,39.2339214,-86.62200951
2008,7,2,Weekday,1800,2-Car,Non-incapacitating,FAILURE TO YIELD RIGHT OF WAY,SALE & TEMPERANCE,39.23384,-86.624704
2008,9,4,Weekday,1100,2-Car,Non-incapacitating,FOLLOWING TOO CLOSELY,SALE & SR46,39.23384,-86.624704
2008,6,3,Weekday,1400,2-Car,No injury/unknown,FAILURE TO YIELD RIGHT OF WAY,SALE & W TEMPERANCE,39.23384,-86.624704
2008,6,7,Weekend,1200,2-Car,No injury/unknown,IMPROPER LANE USAGE,SALE & TEMPERANCE ST,39.23379444,-86.62463794
2008,5,1,Weekend,900,2-Car,No injury/unknown,IMPROPER LANE USAGE,SALE & TEMPERANCE ST,39.23374889,-86.62457188
2008,6,4,Weekday,1800,2-Car,No injury/unknown,FAILURE TO YIELD RIGHT OF WAY,SALE & SR46W,39.23365777,-86.62443977
2008,2,3,Weekday,1600,2-Car,No injury/unknown,OTHER (DRIVER) - EXPLAIN IN NARRATIVE,PAUL & SR46,39.23361137,-86.62437249
2008,3,5,Weekday,700,1-Car,Non-incapacitating,ROADWAY SURFACE CONDITION,DECKARD & MT GILEAD RD,39.23358095,-86.46191
2008,5,6,Weekday,700,2-Car,No injury/unknown,FAILURE TO YIELD RIGHT OF WAY,FIFTH & SR46W,39.23352,-86.62424
2008,6,7,Weekend,1700,2-Car,Non-incapacitating,FAILURE TO YIELD RIGHT OF WAY,SR46W & THIRD,39.232688,-86.623056
2008,7,7,Weekend,2200,2-Car,No injury/unknown,SPEED TOO FAST FOR WEATHER CONDITIONS,SR37S & SR45W,39.232688,-86.623056
2008,9,2,Weekday,1700,2-Car,No injury/unknown,FAILURE TO YIELD RIGHT OF WAY,SR37S & SR46W,39.232688,-86.623056
2008,1,4,Weekday,2000,2-Car,No injury/unknown,OTHER (VEHICLE) - EXPLAIN IN NARRATIVE,N WALNUT ST,39.232544,-86.540704
2008,3,5,Weekday,700,1-Car,No injury/unknown,ROADWAY SURFACE CONDITION,N WALNUT ST,39.232544,-86.540704
2008,5,5,Weekday,800,2-Car,No injury/unknown,FAILURE TO YIELD RIGHT OF WAY,N WALNUT ST,39.232544,-86.540704
2008,7,7,Weekend,2200,1-Car,Non-incapacitating,SPEED TOO FAST FOR WEATHER CONDITIONS,N WALNUT ST,39.232544,-86.540704
2008,7,7,Weekend,1900,2-Car,No injury/unknown,OTHER (DRIVER) - EXPLAIN IN NARRATIVE,N WALNUT ST,39.232544,-86.540704
2008,7,3,Weekday,2100,1-Car,No injury/unknown,OTHER (DRIVER) - EXPLAIN IN NARRATIVE,NORTH WALNUT ST,39.232544,-86.540704
2008,10,6,Weekday,200,2-Car,No injury/unknown,UNSAFE BACKING,N WALNUT ST,39.232544,-86.540704
2008,12,3,Weekday,1200,2-Car,No injury/unknown,OTHER (DRIVER) - EXPLAIN IN NARRATIVE,N WALNUT ST,39.232544,-86.540704
2008,12,3,Weekday,2200,1-Car,No injury/unknown,RAN OFF ROAD RIGHT,N WALNUT ST,39.232544,-86.540704
2008,7,5,Weekday,700,2-Car,No injury/unknown,FOLLOWING TOO CLOSELY,2ND & SR46W,39.232064,-86.622176
2008,11,5,Weekday,2000,1-Car,No injury/unknown,ROADWAY SURFACE CONDITION,MAPLE GROVE & NORTH MAPLE GROVE RD,39.231952,-86.573696
2008,1,4,Weekday,1100,2-Car,No injury/unknown,FAILURE TO YIELD RIGHT OF WAY,17TH & N COLLEGE AVE,39.23191168,-86.53471
2008,7,5,Weekday,700,1-Car,Non-incapacitating,OTHER (DRIVER) - EXPLAIN IN NARRATIVE,N OLD ST RD 37 & OLD MEYERS RD,39.23184,-86.50648976
2008,12,7,Weekend,1300,2-Car,No injury/unknown,SPEED TOO FAST FOR WEATHER CONDITIONS,OLD 37 & OLD MEYERS RD,39.23184,-86.50642055
2008,10,6,Weekday,1800,1-Car,Non-incapacitating,UNSAFE SPEED,GILMORE & REEVES RD,39.23164485,-86.67094287
2008,7,3,Weekday,1700,1-Car,Non-incapacitating,DRIVER DISTRACTED - EXPLAIN IN NARRATIVE,FIRST & TEMPERANCE ST,39.23144,-86.621296
2008,4,2,Weekday,800,2-Car,No injury/unknown,OTHER (DRIVER) - EXPLAIN IN NARRATIVE,FIRST & SR46W,39.23144,-86.621296
2008,4,6,Weekday,700,2-Car,Non-incapacitating,OTHER (DRIVER) - EXPLAIN IN NARRATIVE,2ND ST & ASSOCIATION,39.231424,-86.622944
2008,1,5,Weekday,1300,2-Car,Non-incapacitating,DISREGARD SIGNAL/REG SIGN,2ND ST & ASSOCIATION,39.231424,-86.622944
2008,1,1,Weekend,1100,3+ Cars,Non-incapacitating,LEFT OF CENTER,EDGEWOOD & REEVES RD,39.231312,-86.63816
2008,8,4,Weekday,300,1-Car,No injury/unknown,ALCOHOLIC BEVERAGES,OAK & THIRD,39.23129,-86.62452866
2008,5,3,Weekday,1600,1-Car,No injury/unknown,UNSAFE BACKING,RAUBS LN & REEVES,39.23128,-86.635728
2008,3,7,Weekend,1500,1-Car,No injury/unknown,UNSAFE SPEED,DEPOT & SR46,39.23125422,-86.61865588
2008,7,2,Weekday,1300,1-Car,No injury/unknown,CELL PHONE USAGE,TANGLEWOOD RD & UNIONVALLEY,39.2312,-86.59268341
2008,10,4,Weekday,700,1-Car,No injury/unknown,ANIMAL/OBJECT IN ROADWAY,TANGLEWOOD DR & UNIONVALLY,39.2312,-86.59270939
2008,12,1,Weekend,1000,2-Car,No injury/unknown,FAILURE TO YIELD RIGHT OF WAY,OAK & SECOND ST,39.230784,-86.623728
2008,2,5,Weekday,900,1-Car,No injury/unknown,OVERCORRECTING/OVERSTEERING,45 & MT GILHEAD RD,39.230752,-86.424096
2008,10,6,Weekday,100,1-Car,No injury/unknown,OTHER (ENVIRONMENTAL) - EXPLAIN IN NARR,MT GILIED & SR45E,39.23074878,-86.42411983
2008,3,7,Weekend,800,1-Car,No injury/unknown,RAN OFF ROAD RIGHT,FIRST & TEMPERANCE ST,39.23069867,-86.62025349
2008,1,3,Weekday,1300,2-Car,No injury/unknown,BRAKE FAILURE OR DEFECTIVE,BRUMMETTS CREEK RD & SR46E,39.230544,-86.42
2008,10,1,Weekend,1500,2-Car,No injury/unknown,IMPROPER TURNING,BRUMMETTS CREEK & SR45E,39.230544,-86.42
2008,9,7,Weekend,2100,1-Car,No injury/unknown,UNSAFE SPEED,BRUMMETS CREEK & SR45E,39.23049265,-86.42017769
2008,6,4,Weekday,400,1-Car,Non-incapacitating,ANIMAL/OBJECT IN ROADWAY,BOLTINGHOUSE RD & EARL YOUNG,39.23031,-86.4733813
2008,9,5,Weekday,1100,2-Car,Non-incapacitating,FAILURE TO YIELD RIGHT OF WAY,PAUL & SR46W,39.23027467,-86.61965724
2008,10,1,Weekend,1300,2-Car,Non-incapacitating,FAILURE TO YIELD RIGHT OF WAY,PAUL & SR46W,39.23027467,-86.61965724
2008,8,7,Weekend,1300,2-Car,No injury/unknown,FAILURE TO YIELD RIGHT OF WAY,SR45E & TUNNEL,39.230048,-86.4316
2008,9,4,Weekday,1200,3+ Cars,Non-incapacitating,OTHER (DRIVER) - EXPLAIN IN NARRATIVE,E TEMPERANCE ST & S PAUL,39.229904,-86.619136
2008,11,6,Weekday,1400,1-Car,No injury/unknown,OVERCORRECTING/OVERSTEERING,LITTLE HORSE & OLD MYERS RD,39.22984002,-86.49493724
2008,3,6,Weekday,1700,2-Car,No injury/unknown,FOLLOWING TOO CLOSELY,PAUL & TEMPERANCE ST,39.22972139,-86.61887222
2008,1,7,Weekend,2100,1-Car,Non-incapacitating,ALCOHOLIC BEVERAGES,OLD MEYERS & SR37N,39.22967686,-86.50832176
2008,3,5,Weekday,100,1-Car,Non-incapacitating,ALCOHOLIC BEVERAGES,PARK & TEMPERANCE,39.22935,-86.61849732
2008,6,1,Weekend,1700,2-Car,Non-incapacitating,DRIVER DISTRACTED - EXPLAIN IN NARRATIVE,HARTSTRAIGHT & TEMPERANCE ST,39.22764788,-86.61591015
2008,11,2,Weekday,1800,2-Car,No injury/unknown,FOLLOWING TOO CLOSELY,HARTSTRAIGHT & SR46,39.22764788,-86.61591015
2008,10,5,Weekday,1800,2-Car,No injury/unknown,BRAKE FAILURE OR DEFECTIVE,HARTSTRAIGHT & SR46,39.22764788,-86.61591015
2008,3,3,Weekday,1800,2-Car,No injury/unknown,OTHER (DRIVER) - EXPLAIN IN NARRATIVE,HARTSTRAIGHT & SR46W,39.22764788,-86.61593613
2008,5,4,Weekday,1100,2-Car,Non-incapacitating,DRIVER DISTRACTED - EXPLAIN IN NARRATIVE,HART STRAIGHT & SR46W,39.22764788,-86.61591015
2008,5,4,Weekday,1400,2-Car,Non-incapacitating,FAILURE TO YIELD RIGHT OF WAY,HARTSTRAIT & SR46,39.22764788,-86.61591015
2008,1,6,Weekday,1700,2-Car,No injury/unknown,OTHER (DRIVER) - EXPLAIN IN NARRATIVE,HARTSTRAIGHT & SR46,39.22764788,-86.61591015
2008,1,4,Weekday,1100,3+ Cars,Non-incapacitating,FOLLOWING TOO CLOSELY,HARTSTRAIT & SR46,39.22764788,-86.61591448
2008,7,3,Weekday,1700,2-Car,No injury/unknown,DISREGARD SIGNAL/REG SIGN,HARTSTRAIGHT & SR46W,39.22764788,-86.61591015
2008,11,6,Weekend,2100,2-Car,Non-incapacitating,FAILURE TO YIELD RIGHT OF WAY,HARTSTRAIT & SR46E,39.22764788,-86.61591015
2008,7,5,Weekday,2100,1-Car,No injury/unknown,ANIMAL/OBJECT IN ROADWAY,BAYLES & BUIS 37 HWY,39.22605818,-86.53701
2008,12,3,Weekday,1700,1-Car,No injury/unknown,ROADWAY SURFACE CONDITION,SKIRVIN & SR45E,39.22555741,-86.43851898
2008,7,7,Weekend,200,1-Car,No injury/unknown,RAN OFF ROAD RIGHT,STONEMILL & WHISNAND RD,39.22464,-86.53903298
2008,10,3,Weekday,1500,1-Car,Non-incapacitating,RAN OFF ROAD RIGHT,LOST MANS & UNION VALLEY RD,39.22365547,-86.59272015
2008,5,3,Weekday,2200,Moped/Motorcycle,Non-incapacitating,DRIVER DISTRACTED - EXPLAIN IN NARRATIVE,FRITZ & WALNUT ST,39.22312502,-86.53309
2008,7,7,Weekend,900,1-Car,Non-incapacitating,UNSAFE SPEED,LOST MANS LANE & NORTH MAPLE GROVE RD,39.22304,-86.569696
2008,10,3,Weekday,1500,1-Car,No injury/unknown,OTHER (DRIVER) - EXPLAIN IN NARRATIVE,LOST MAN LN & MAPLE GROVE,39.22304,-86.569696
2008,8,5,Weekday,1600,2-Car,Non-incapacitating,FAILURE TO YIELD RIGHT OF WAY,N KINSER PIKE,39.222752,-86.550096
2008,11,6,Weekend,2200,2-Car,No injury/unknown,OTHER (DRIVER) - EXPLAIN IN NARRATIVE,N KINSER PIKE,39.222752,-86.550096
2008,8,5,Weekday,400,2-Car,No injury/unknown,OTHER (DRIVER) - EXPLAIN IN NARRATIVE,LAKEVIEW DR,39.222544,-86.605328
2008,6,5,Weekday,2100,1-Car,No injury/unknown,ANIMAL/OBJECT IN ROADWAY,PINEGROVE & SR446S,39.22217982,-86.42870149
2008,10,3,Weekday,1500,Bus,No injury/unknown,LEFT OF CENTER,CLUB HOUSE & N KINSER PIKE,39.22198844,-86.54286
2008,12,2,Weekday,100,1-Car,No injury/unknown,ALCOHOLIC BEVERAGES,CONTI CT,39.221884,-86.590936
2008,12,3,Weekday,800,Bus,No injury/unknown,OTHER (DRIVER) - EXPLAIN IN NARRATIVE,LAKEVIEW & SR46W,39.22164072,-86.60643081
2008,2,1,Weekday,2100,2-Car,No injury/unknown,OTHER (DRIVER) - EXPLAIN IN NARRATIVE,343 CUSTER SQ & SIOUX,39.22150335,-86.62630559
2008,6,4,Weekday,1400,1-Car,Non-incapacitating,RAN OFF ROAD RIGHT,KINSER & SR37S,39.22148693,-86.54982587
2008,3,5,Weekday,1000,2-Car,No injury/unknown,UNSAFE BACKING,7TH & SUNRISE AVE,39.22140752,-86.51242
2008,11,4,Weekday,1800,2-Car,No injury/unknown,FAILURE TO YIELD RIGHT OF WAY,LAKEVIEW & SR46,39.2212514,-86.60576898
2008,6,3,Weekday,1400,3+ Cars,No injury/unknown,OTHER (DRIVER) - EXPLAIN IN NARRATIVE,LAKEVIEW & SR46,39.2212017,-86.60568449
2008,9,7,Weekend,1400,2-Car,Non-incapacitating,DISREGARD SIGNAL/REG SIGN,LAKEVIEW & SR46,39.221152,-86.6056
2008,3,3,Weekday,1700,3+ Cars,No injury/unknown,FOLLOWING TOO CLOSELY,LAKEVIEW & SR46W,39.221152,-86.6056
2008,2,4,Weekday,1000,1-Car,No injury/unknown,RAN OFF ROAD RIGHT,EARL YOUNG RD & SR45,39.22110101,-86.45435055
2008,4,6,Weekday,1100,2-Car,Non-incapacitating,OTHER (DRIVER) - EXPLAIN IN NARRATIVE,LAKEVIEW & SR46W,39.22105821,-86.60547104
2008,2,6,Weekday,600,1-Car,No injury/unknown,ROADWAY SURFACE CONDITION,HARBISON ROAD & HARTSTRAIT ROAD RD,39.220944,-86.612192
2008,8,3,Weekday,1200,1-Car,No injury/unknown,SPEED TOO FAST FOR WEATHER CONDITIONS,KINSER & SR37N,39.22076113,-86.550327
2008,4,3,Weekday,1200,1-Car,No injury/unknown,RAN OFF ROAD RIGHT,COX & SR45E,39.22012454,-86.44274395
2008,3,3,Weekday,800,2-Car,No injury/unknown,FOLLOWING TOO CLOSELY,KINSER & SR37N,39.22003082,-86.55081748
2008,11,1,Weekday,1900,1-Car,No injury/unknown,ANIMAL/OBJECT IN ROADWAY,KINSER & SR37N,39.22003082,-86.55081748
2008,4,1,Weekend,100,1-Car,Non-incapacitating,ALCOHOLIC BEVERAGES,PRAIRIE & SR37N,39.21978638,-86.51832104
2008,3,1,Weekend,1400,2-Car,No injury/unknown,FAILURE TO YIELD RIGHT OF WAY,SR45E & VIKING,39.21940042,-86.4445566
2008,8,3,Weekday,1000,1-Car,Non-incapacitating,OTHER (DRIVER) - EXPLAIN IN NARRATIVE,EARL YOUNG & SR45E,39.2188716,-86.4529053
2008,12,4,Weekday,1500,1-Car,No injury/unknown,ANIMAL/OBJECT IN ROADWAY,LOVE & SR46W,39.21832059,-86.60089889
2008,1,3,Weekday,1000,2-Car,Non-incapacitating,FAILURE TO YIELD RIGHT OF WAY,RIDGEWOOD & SR46,39.21771174,-86.59986995
2008,12,2,Weekday,900,2-Car,No injury/unknown,FAILURE TO YIELD RIGHT OF WAY,RIDGEWOOD & SR46W,39.21771006,-86.59986712
2008,11,6,Weekday,700,2-Car,No injury/unknown,FAILURE TO YIELD RIGHT OF WAY,CRESTWOOD & UNION VALLEY RD,39.21766,-86.59268
2008,6,3,Weekday,1400,2-Car,No injury/unknown,FOLLOWING TOO CLOSELY,SR37N & THIRD,39.2172962,-86.5732966
2008,8,6,Weekend,2100,2-Car,Non-incapacitating,FAILURE TO YIELD RIGHT OF WAY,RIDGEWOOD & SR46W,39.21702546,-86.59835007
2008,4,6,Weekday,700,2-Car,No injury/unknown,FAILURE TO YIELD RIGHT OF WAY,RATLIFF RD & STARNES,39.21687,-86.65872
2008,12,6,Weekday,1500,2-Car,Non-incapacitating,FAILURE TO YIELD RIGHT OF WAY,STATE ROAD 46 & UNIONVALLEY RD,39.21679403,-86.59269333
2008,3,4,Weekday,400,1-Car,Non-incapacitating,RAN OFF ROAD RIGHT,LOUDEN & RATLIFF RD,39.21657,-86.63978336
2008,1,3,Weekday,900,1-Car,No injury/unknown,RAN OFF ROAD RIGHT,RATLIFF RD & THOMAS,39.21647369,-86.63057927
2008,3,3,Weekday,300,1-Car,No injury/unknown,DRIVER ASLEEP OR FATIGUED,BAYLES RD & KINSER,39.21544002,-86.54679787
2008,6,2,Weekday,100,1-Car,No injury/unknown,ANIMAL/OBJECT IN ROADWAY,BETHEL LANE & OLD STATE ROAD 37 RD,39.215344,-86.521392
2008,1,6,Weekday,1500,2-Car,No injury/unknown,LEFT OF CENTER,BROOKWOOD DR & DUNLEIGH,39.21532,-86.6013
2008,12,3,Weekday,1900,2-Car,No injury/unknown,ROADWAY SURFACE CONDITION,E BETHEL LN,39.215312,-86.517776
2008,4,5,Weekday,1800,2-Car,No injury/unknown,DRIVER DISTRACTED - EXPLAIN IN NARRATIVE,SR46 & UNION VALLEY,39.21526189,-86.59312357
2008,7,2,Weekday,1200,2-Car,Non-incapacitating,OTHER (DRIVER) - EXPLAIN IN NARRATIVE,SR46W & UNION VALLEY,39.21517398,-86.59286472
2008,11,6,Weekday,700,2-Car,Non-incapacitating,FAILURE TO YIELD RIGHT OF WAY,SR46 & UNION VALLEY,39.215152,-86.5928
2008,1,4,Weekday,1300,2-Car,Non-incapacitating,FOLLOWING TOO CLOSELY,SR46W & UNION VALLEY,39.215152,-86.5928
2008,1,4,Weekday,1700,2-Car,Non-incapacitating,FOLLOWING TOO CLOSELY,SR46W & UNION VALLEY,39.215152,-86.5928
2008,8,2,Weekday,1300,2-Car,No injury/unknown,OTHER (DRIVER) - EXPLAIN IN NARRATIVE,SR46W & UNION VALLEY,39.215152,-86.5928
2008,8,6,Weekday,800,2-Car,Non-incapacitating,FAILURE TO YIELD RIGHT OF WAY,SR46W & UNION VALLEY,39.215152,-86.5928
2008,12,7,Weekend,1100,3+ Cars,No injury/unknown,SPEED TOO FAST FOR WEATHER CONDITIONS,SR46W & UNION VALLEY,39.215152,-86.5928
2008,6,7,Weekend,1900,2-Car,Incapacitating,OTHER (ENVIRONMENTAL) - EXPLAIN IN NARR,SR46 & UNION VALLEY RD,39.21513987,-86.59268796
2008,5,6,Weekday,700,1-Car,No injury/unknown,ANIMAL/OBJECT IN ROADWAY,KINSER & SR37N,39.21496269,-86.55331485
2008,2,4,Weekday,900,1-Car,Non-incapacitating,SPEED TOO FAST FOR WEATHER CONDITIONS,BETHEL LN & OLD SR 37 NORTH,39.2149501,-86.50985892
2008,5,6,Weekday,1400,1-Car,Non-incapacitating,DRIVER ILLNESS,BETHEL LN & BOLTINGHOUSE,39.214752,-86.47282539
2008,2,3,Weekday,400,1-Car,Non-incapacitating,DRIVER ASLEEP OR FATIGUED,BETHEL LN & STIDD,39.214752,-86.477504
2008,6,1,Weekend,1000,Moped/Motorcycle,Non-incapacitating,ROADWAY SURFACE CONDITION,BRUMMETTS CK ROAD & MCCOY ROAD RD,39.21458709,-86.39936775
2008,12,7,Weekend,1500,1-Car,No injury/unknown,ROADWAY SURFACE CONDITION,RATLIFF RD,39.214581,-86.629106
2008,6,2,Weekday,1700,1-Car,Non-incapacitating,DRIVER ASLEEP OR FATIGUED,BETHEL LN & HINKLE,39.21426961,-86.50841283
2008,12,3,Weekday,1600,1-Car,No injury/unknown,ROADWAY SURFACE CONDITION,BAUGH & BETHEL LN,39.214144,-86.48378748
2008,11,3,Weekday,1600,1-Car,No injury/unknown,OVERCORRECTING/OVERSTEERING,EAST BETHAL LANE ST,39.214084,-86.479105
2008,10,3,Weekday,1500,1-Car,No injury/unknown,FAILURE TO YIELD RIGHT OF WAY,10TH & SR46N,39.21386023,-86.50224214
2008,12,3,Weekday,1500,2-Car,No injury/unknown,FAILURE TO YIELD RIGHT OF WAY,45 46 & WALNUT ST,39.21278077,-86.53454
2008,2,3,Weekday,1800,2-Car,No injury/unknown,ROADWAY SURFACE CONDITION,BAUGH & BETHEL LN,39.21275323,-86.49217108
2008,1,5,Weekday,900,1-Car,No injury/unknown,ANIMAL/OBJECT IN ROADWAY,BETHEL LANE RD,39.212752,-86.463488
2008,5,1,Weekend,1500,2-Car,Non-incapacitating,LEFT OF CENTER,N BUSINESS 37 RD & OLD STATE RD 37,39.21242296,-86.53484
2008,11,1,Weekend,200,2-Car,Non-incapacitating,RAN OFF ROAD RIGHT,SR37N & W  ACUFF RD,39.2123076,-86.55386352
2008,4,1,Weekend,800,2-Car,No injury/unknown,OTHER (DRIVER) - EXPLAIN IN NARRATIVE,EAST LOOKOUT LN,39.21227,-86.532416
2008,8,4,Weekday,1600,2-Car,Non-incapacitating,FAILURE TO YIELD RIGHT OF WAY,FORREST PARK & SR46W,39.212048,-86.5872
2008,4,5,Weekday,2100,1-Car,Non-incapacitating,ALCOHOLIC BEVERAGES,BETHEL LN & FORBES,39.21193751,-86.50167711
2008,9,3,Weekday,500,1-Car,No injury/unknown,OVERCORRECTING/OVERSTEERING,BETHEL LN & WESLEY,39.21193,-86.49621299