Year,Month,Day,Weekend?,Hour,Collision Type,Injury Type,Primary Factor,Reported_Location,Latitude,Longitude
2008,10,3,Weekday,1600,1-Car,Non-incapacitating,ROADWAY SURFACE CONDITION,BETHEL LN & WESLEY,39.21193,-86.4961265
2008,12,7,Weekend,1600,1-Car,No injury/unknown,RAN OFF ROAD RIGHT,BETHEL LN & WESLEY,39.21193,-86.4959535
2008,9,2,Weekday,1200,1-Car,No injury/unknown,RAN OFF ROAD RIGHT,BETHEL LANE & SR45E,39.21186338,-86.46085676
2008,2,4,Weekday,1600,2-Car,No injury/unknown,DRIVER DISTRACTED - EXPLAIN IN NARRATIVE,BAUGH & BETHEL LN,39.21182648,-86.49729328
2008,9,2,Weekday,1700,2-Car,No injury/unknown,UNSAFE BACKING,WALKER ST,39.21168,-86.559184
2008,9,7,Weekend,0,1-Car,No injury/unknown,ALCOHOLIC BEVERAGES,BETHEL RD & FORBES,39.21168,-86.4990681
2008,6,4,Weekday,1200,2-Car,No injury/unknown,OTHER (DRIVER) - EXPLAIN IN NARRATIVE,SMITH & SR46W,39.21055646,-86.58390563
2008,12,2,Weekday,1600,2-Car,No injury/unknown,FAILURE TO YIELD RIGHT OF WAY,HWY 46 HWY & SMITH PIKE,39.21021382,-86.5830023
2008,6,7,Weekend,1000,2-Car,No injury/unknown,SPEED TOO FAST FOR WEATHER CONDITIONS,SMITH PIKE & SR46W,39.210144,-86.5832
2008,6,7,Weekend,0,2-Car,No injury/unknown,IMPROPER LANE USAGE,SMITH & SR46W,39.210144,-86.5832
2008,12,2,Weekday,1700,2-Car,Non-incapacitating,OTHER (DRIVER) - EXPLAIN IN NARRATIVE,SMITH & SR46W,39.210144,-86.5832
2008,12,3,Weekday,1600,2-Car,No injury/unknown,SPEED TOO FAST FOR WEATHER CONDITIONS,SMITH & SR46W,39.210144,-86.5832
2008,11,7,Weekend,300,1-Car,No injury/unknown,RAN OFF ROAD RIGHT,N SMITH & SR46W,39.21010245,-86.58313422
2008,5,6,Weekday,1800,2-Car,No injury/unknown,FOLLOWING TOO CLOSELY,SMITH PIKE & SR46,39.20993801,-86.5832
2008,8,4,Weekday,600,2-Car,Non-incapacitating,FAILURE TO YIELD RIGHT OF WAY,SMITH & SR46W,39.20979593,-86.58265377
2008,7,3,Weekday,1100,2-Car,No injury/unknown,UNSAFE BACKING,W SR 46 RD,39.209658,-86.582275
2008,3,6,Weekend,1900,1-Car,No injury/unknown,SPEED TOO FAST FOR WEATHER CONDITIONS,ACUFF & SR37S,39.20959587,-86.55442385
2008,8,2,Weekday,1800,2-Car,No injury/unknown,UNSAFE BACKING,HARSTRAIGHT & RATLIFF RD,39.20911516,-86.61138564
2008,11,2,Weekday,800,1-Car,No injury/unknown,ROADWAY SURFACE CONDITION,BABY CREEK RD & BRUMMETTS CREEK,39.20900668,-86.39529576
2008,9,2,Weekday,700,1-Car,Non-incapacitating,RAN OFF ROAD RIGHT,SOUTH KNIGHTRIDGE & SR446S,39.20868422,-86.4668481
2008,4,6,Weekday,1500,2-Car,No injury/unknown,OTHER (DRIVER) - EXPLAIN IN NARRATIVE,HARTSTRAIGHT & WOODYARD RD,39.208544,-86.611504
2008,8,2,Weekday,2100,1-Car,No injury/unknown,RAN OFF ROAD RIGHT,ACUFF RD & SR 37,39.20839016,-86.55359286
2008,2,6,Weekday,1300,1-Car,No injury/unknown,OVERCORRECTING/OVERSTEERING,ACUFF & PROW RD,39.20824,-86.552192
2008,4,3,Weekday,2000,2-Car,No injury/unknown,DRIVER DISTRACTED - EXPLAIN IN NARRATIVE,ACUFF & SR37S,39.20824,-86.554704
2008,5,6,Weekday,1500,1-Car,No injury/unknown,OTHER (ENVIRONMENTAL) - EXPLAIN IN NARR,BEECH LN & FORREST PARK,39.20824,-86.58842
2008,5,3,Weekday,2000,2-Car,No injury/unknown,FAILURE TO YIELD RIGHT OF WAY,ACUFF & SR37N,39.20824,-86.554704
2008,6,6,Weekday,1600,2-Car,No injury/unknown,DRIVER DISTRACTED - EXPLAIN IN NARRATIVE,ACUFF & SR37N,39.20824,-86.554704
2008,10,2,Weekday,700,2-Car,No injury/unknown,FAILURE TO YIELD RIGHT OF WAY,ACUFF & SR37S,39.20824,-86.554704
2008,10,7,Weekend,1800,1-Car,No injury/unknown,ANIMAL/OBJECT IN ROADWAY,ARLINGTON & SR46W,39.20818535,-86.57915124
2008,5,7,Weekend,1000,2-Car,Non-incapacitating,DRIVER DISTRACTED - EXPLAIN IN NARRATIVE,4000 OLD ST RD 37 RD & 4400 HILLVIEW,39.20816953,-86.52941734
2008,10,5,Weekday,1000,2-Car,Non-incapacitating,OTHER (DRIVER) - EXPLAIN IN NARRATIVE,FORREST PARK & SMITH PIKE,39.208144,-86.5832
2008,2,6,Weekday,1700,1-Car,No injury/unknown,RAN OFF ROAD RIGHT,FOREST PARK & SMITH PIKE,39.208144,-86.5832
2008,2,5,Weekday,1700,2-Car,No injury/unknown,DRIVER DISTRACTED - EXPLAIN IN NARRATIVE,ARLINGTON & SR46W,39.2080578,-86.57668546
2008,2,5,Weekday,1900,1-Car,No injury/unknown,OTHER (ENVIRONMENTAL) - EXPLAIN IN NARR,N DUNN & OLD STATE ROUTE 37 RD,39.208048,-86.528704
2008,2,4,Weekday,0,1-Car,No injury/unknown,RAN OFF ROAD RIGHT,DUNN & OLD STATE ROAD 37 RD,39.208048,-86.528704
2008,4,3,Weekday,0,1-Car,Non-incapacitating,ALCOHOLIC BEVERAGES,N DUNN & OLD STATE RD 37 RD,39.208048,-86.528704
2008,9,5,Weekday,2000,2-Car,Non-incapacitating,ROADWAY SURFACE CONDITION,DUNN & OLD STATE ROAD 37 RD,39.208048,-86.528704
2008,10,3,Weekday,1700,1-Car,No injury/unknown,ROADWAY SURFACE CONDITION,NORTH DUNN & OLD STATE ROAD 37 RD,39.208048,-86.528704
2008,10,3,Weekday,1300,1-Car,Non-incapacitating,RAN OFF ROAD RIGHT,N DUNN & NORTH OLD SR 37 RD,39.208048,-86.528704
2008,11,7,Weekend,1200,2-Car,Non-incapacitating,SPEED TOO FAST FOR WEATHER CONDITIONS,DUNN & OLD STATE RD 37 RD,39.208048,-86.528704
2008,11,4,Weekday,1700,2-Car,No injury/unknown,OTHER (DRIVER) - EXPLAIN IN NARRATIVE,ARLINGTON RD & PYRAMID,39.20803,-86.57891
2008,2,6,Weekday,1500,1-Car,No injury/unknown,ALCOHOLIC BEVERAGES,N DUNN & OLD ST RD 37 RD,39.20802,-86.52872
2008,7,4,Weekday,1500,2-Car,No injury/unknown,LEFT OF CENTER,N DUNN & N OLD 37 RTE,39.20802,-86.52872865
2008,10,3,Weekday,1300,2-Car,Non-incapacitating,LEFT OF CENTER,DUNN & OLD ST RD 37 N RD,39.20802,-86.52869404
2008,8,4,Weekday,1700,2-Car,No injury/unknown,FAILURE TO YIELD RIGHT OF WAY,FORREST PARK & SMITH PIKE,39.20781621,-86.58316076
2008,11,6,Weekday,500,3+ Cars,No injury/unknown,RAN OFF ROAD RIGHT,BEACH & W WOODLAND DR,39.20775613,-86.59221194
2008,1,6,Weekend,2000,1-Car,No injury/unknown,ROADWAY SURFACE CONDITION,NORTH MT GILEAD RD & UPPER BIRDIE GALYAN,39.20766,-86.42372
2008,5,3,Weekday,1700,2-Car,Non-incapacitating,LEFT OF CENTER,N DUNN & SR37N,39.20762085,-86.52663589
2008,8,5,Weekday,100,Moped/Motorcycle,Non-incapacitating,ALCOHOLIC BEVERAGES,SR46,39.20756967,-86.57364702
2008,6,3,Weekday,1400,2-Car,Non-incapacitating,FAILURE TO YIELD RIGHT OF WAY,BLOOMFIELD & LANDMARK AVE,39.20751954,-86.55379641
2008,9,7,Weekend,900,2-Car,Non-incapacitating,FAILURE TO YIELD RIGHT OF WAY,NORWAY & SMITH PIKE,39.20717225,-86.58312
2008,2,6,Weekday,1000,1-Car,No injury/unknown,OTHER (ENVIRONMENTAL) - EXPLAIN IN NARR,3900 N OLD ST RD 37 RD & N WALNUT,39.20704,-86.534704
2008,7,7,Weekend,1600,2-Car,No injury/unknown,FAILURE TO YIELD RIGHT OF WAY,N WALNUT ST & OLD SR 37,39.20704,-86.534704
2008,7,4,Weekday,1400,3+ Cars,No injury/unknown,PRESCRIPTION DRUGS,OLD STATE ROAD 37 RD & WALNUT,39.20704,-86.534704
2008,8,4,Weekday,2300,2-Car,No injury/unknown,FOLLOWING TOO CLOSELY,N WALNUT ST & OLD SR 37,39.20704,-86.534704
2008,9,1,Weekend,1300,2-Car,No injury/unknown,FAILURE TO YIELD RIGHT OF WAY,NORTH WALNUT ST & OLD STATE ROAD 37 TURNAROUND,39.20704,-86.534704
2008,10,4,Weekday,1600,2-Car,No injury/unknown,FAILURE TO YIELD RIGHT OF WAY,N WALNUT & OLD STATE ROAD 37 RD,39.20704,-86.534704
2008,12,3,Weekday,1700,2-Car,No injury/unknown,FAILURE TO YIELD RIGHT OF WAY,OLD SR 37 & WALNUT ST,39.20704,-86.534704
2008,12,3,Weekday,1800,2-Car,No injury/unknown,DISREGARD SIGNAL/REG SIGN,N OLD SR 37 & WALNUT ST,39.20704,-86.534704
2008,2,3,Weekday,200,1-Car,No injury/unknown,ROADWAY SURFACE CONDITION,ACUFF & MAPLE GROVE RD,39.2067377,-86.5578821
2008,5,5,Weekday,2000,2-Car,No injury/unknown,DRIVER DISTRACTED - EXPLAIN IN NARRATIVE,STATE ROAD 46 RD,39.206658,-86.571585
2008,5,6,Weekday,1300,2-Car,No injury/unknown,UNSAFE BACKING,SR 46 BYP,39.206312,-86.571312
2008,6,6,Weekday,1700,2-Car,No injury/unknown,UNSAFE BACKING,SR46E,39.206312,-86.571312
2008,11,6,Weekday,1400,1-Car,No injury/unknown,DRIVER DISTRACTED - EXPLAIN IN NARRATIVE,SR46E,39.206312,-86.571312
2008,12,1,Weekend,0,2-Car,No injury/unknown,OTHER (DRIVER) - EXPLAIN IN NARRATIVE,N DUNN ST,39.206144,-86.528592
2008,3,4,Weekday,2300,2-Car,Non-incapacitating,IMPROPER PASSING,MEADOWVALE & UNION VALLEY RD,39.20595734,-86.59272
2008,9,5,Weekday,1500,Bus,No injury/unknown,OTHER (ENVIRONMENTAL) - EXPLAIN IN NARR,BABY CRK & BRUMETTS,39.20577,-86.4019028
2008,11,7,Weekend,1100,1-Car,No injury/unknown,UNSAFE SPEED,BABY CREEK RD & BRUMMETS CREEK,39.20577,-86.40178184
2008,12,3,Weekday,1400,1-Car,No injury/unknown,ROADWAY SURFACE CONDITION,OLD STATE ROAD 37 RD & ROGERS,39.20487814,-86.5379
2008,12,3,Weekday,1400,2-Car,No injury/unknown,ROADWAY SURFACE CONDITION,OLD STATE ROAD 37 RD & ROGERS,39.20487814,-86.5379
2008,1,1,Weekend,700,1-Car,Non-incapacitating,RAN OFF ROAD RIGHT,MARTIN & SR45N,39.20472862,-86.46350162
2008,7,4,Weekday,1000,2-Car,No injury/unknown,SPEED TOO FAST FOR WEATHER CONDITIONS,MARTIN & SR45E,39.20459324,-86.46353123
2008,5,5,Weekday,1100,2-Car,No injury/unknown,ROADWAY SURFACE CONDITION,CARMOLA & SMITH PIKE,39.20428321,-86.58316685
2008,3,6,Weekday,1400,2-Car,No injury/unknown,PEDESTRIAN ACTION,N KINSER PIKE,39.20304,-86.547392
2008,8,6,Weekend,2200,2-Car,No injury/unknown,UNSAFE BACKING,N KINSER PIKE,39.20304,-86.547392
2008,11,4,Weekday,1400,2-Car,No injury/unknown,UNSAFE BACKING,N KINSER PIKE,39.20304,-86.547392
2008,11,4,Weekday,1200,1-Car,No injury/unknown,DRIVER DISTRACTED - EXPLAIN IN NARRATIVE,45 46 & MILO B SAMPSON RD,39.20212043,-86.52215
2008,12,5,Weekday,1400,1-Car,Non-incapacitating,OVERCORRECTING/OVERSTEERING,LAKEWOOD & N DUNN AVE,39.201952,-86.5288
2008,9,5,Weekday,900,1-Car,Non-incapacitating,RAN OFF ROAD RIGHT,ARLINGTON RD & STONEYBROOK,39.20194246,-86.56169418
2008,12,7,Weekend,100,1-Car,No injury/unknown,RAN OFF ROAD RIGHT,AIRLINE & HANDY RD,39.20142504,-86.49382735
2008,8,6,Weekend,2200,2-Car,No injury/unknown,OTHER (VEHICLE) - EXPLAIN IN NARRATIVE,KINSER PIKE,39.201135,-86.547265
2008,9,2,Weekday,2000,2-Car,No injury/unknown,OTHER (DRIVER) - EXPLAIN IN NARRATIVE,KINSER PIKE,39.201135,-86.547265
2008,2,6,Weekday,100,1-Car,No injury/unknown,SPEED TOO FAST FOR WEATHER CONDITIONS,LAKEWOOD CT,39.200887,-86.529963
2008,11,4,Weekday,900,1-Car,No injury/unknown,SPEED TOO FAST FOR WEATHER CONDITIONS,3600 N KINSER PIKE & CLUBHOUSE,39.2008428,-86.54287311
2008,5,4,Weekday,1900,1-Car,No injury/unknown,OTHER (DRIVER) - EXPLAIN IN NARRATIVE,N KINSER PIKE & W CLUB HOUSE,39.20082,-86.54286
2008,2,6,Weekday,1700,1-Car,No injury/unknown,SPEED TOO FAST FOR WEATHER CONDITIONS,DUNN ST & LAKEWOOD,39.20057983,-86.52872947
2008,2,6,Weekend,2300,1-Car,No injury/unknown,ROADWAY SURFACE CONDITION,DUNN ST & LAKEWOOD,39.20057983,-86.52872947
2008,6,5,Weekday,1600,2-Car,No injury/unknown,OTHER (ENVIRONMENTAL) - EXPLAIN IN NARR,WEST STATE ROAD 46 HWY,39.200547,-86.560152
2008,6,1,Weekend,1800,2-Car,No injury/unknown,UNSAFE BACKING,NORTH HINKLE RD,39.20044,-86.514369
2008,3,7,Weekend,400,2-Car,No injury/unknown,ROADWAY SURFACE CONDITION,RUSSELL RD & SERENDIPITY,39.20033,-86.48219378
2008,3,6,Weekday,1700,1-Car,Non-incapacitating,DRIVER ILLNESS,SR37S & SR46E,39.20003762,-86.55991841
2008,10,7,Weekend,2200,1-Car,No injury/unknown,ANIMAL/OBJECT IN ROADWAY,RUSSELL & SR45N,39.19980298,-86.46797717
2008,4,7,Weekend,2200,3+ Cars,No injury/unknown,DRIVER ASLEEP OR FATIGUED,11 TH & COLLEGE AVE,39.19972196,-86.5348
2008,4,5,Weekday,300,1-Car,No injury/unknown,ANIMAL/OBJECT IN ROADWAY,NELSON & SMITH PIKE,39.199072,-86.583152
2008,12,3,Weekday,1800,2-Car,No injury/unknown,ROADWAY SURFACE CONDITION,NELSON & SMITH PIKE,39.199072,-86.583152
2008,5,3,Weekday,1700,3+ Cars,No injury/unknown,ROADWAY SURFACE CONDITION,SR37N & VERNAL,39.19853347,-86.5609886
2008,6,5,Weekday,1400,1-Car,Non-incapacitating,ROAD UNDER CONSTRUCTION,SR37N & VERNAL,39.19853347,-86.5609886
2008,2,6,Weekday,1300,1-Car,No injury/unknown,RAN OFF ROAD RIGHT,KENWOOD & NORTH DUNN ST,39.198528,-86.528624
2008,8,3,Weekday,1800,Moped/Motorcycle,Non-incapacitating,OTHER (DRIVER) - EXPLAIN IN NARRATIVE,6640 N OLD STATE ROAD 37 RD & WYLIE,39.19838318,-86.50104003
2008,4,3,Weekday,1400,2-Car,No injury/unknown,FOLLOWING TOO CLOSELY,N KINSER PIKE & WINDING,39.198144,-86.542096
2008,5,2,Weekday,800,2-Car,No injury/unknown,FOLLOWING TOO CLOSELY,KINSER PIKE & WINDING,39.198144,-86.542096
2008,12,3,Weekday,1900,1-Car,No injury/unknown,ANIMAL/OBJECT IN ROADWAY,SR37S & SR46E,39.19689046,-86.55462122
2008,3,5,Weekday,600,1-Car,No injury/unknown,ROADWAY SURFACE CONDITION,BLUE RIDGE & NORTH WALNUT ST,39.196848,-86.5344
2008,7,7,Weekend,900,2-Car,No injury/unknown,BRAKE FAILURE OR DEFECTIVE,2700 N WALNUT ST & BLUE RIDGE,39.196848,-86.5344
2008,8,2,Weekday,800,1-Car,Non-incapacitating,RAN OFF ROAD RIGHT,BLUE RIDGE DR & NORTH WALNUT ST ST,39.196848,-86.5344
2008,10,6,Weekend,2300,1-Car,No injury/unknown,ANIMAL/OBJECT IN ROADWAY,2800 N WALNUT ST ST & BLUE RIDGE DR,39.196848,-86.5344
2008,1,1,Weekday,2300,2-Car,No injury/unknown,,1603 EAST 3RD ST & SWAIN,39.1959731,-86.5152195
2008,10,7,Weekend,1000,2-Car,No injury/unknown,UNSAFE SPEED,BLUE RIDGE DR,39.195923,-86.531726
2008,3,7,Weekend,300,1-Car,No injury/unknown,ROADWAY SURFACE CONDITION,HOWARD & LOUDEN RD,39.19558362,-86.63965242
2008,7,7,Weekend,1500,2-Car,No injury/unknown,OTHER (DRIVER) - EXPLAIN IN NARRATIVE,BLUE RIDGE & CLOVER LN,39.195152,-86.5316
2008,4,6,Weekday,1400,2-Car,No injury/unknown,UNSAFE BACKING,FORREST AVE & TENTH,39.19489795,-86.52238
2008,7,1,Weekend,1600,1-Car,Non-incapacitating,OVERCORRECTING/OVERSTEERING,CURRY PIKE & WOODYARD,39.19479139,-86.58307046
2008,12,3,Weekday,1300,2-Car,No injury/unknown,ROADWAY SURFACE CONDITION,SR37S & SR46W,39.19473989,-86.55532332
2008,12,3,Weekday,1300,2-Car,No injury/unknown,ROADWAY SURFACE CONDITION,SR37S & SR46W,39.19473989,-86.55532332
2008,5,4,Weekday,900,2-Car,No injury/unknown,OTHER (DRIVER) - EXPLAIN IN NARRATIVE,1601 LAW LN & LAW,39.19459715,-86.51547905
2008,1,3,Weekday,1400,2-Car,No injury/unknown,IMPROPER LANE USAGE,SR37N & SR46,39.194144,-86.554592
2008,1,3,Weekday,1300,1-Car,No injury/unknown,RAN OFF ROAD RIGHT,SR3745 & SR46W,39.194144,-86.554592
2008,2,5,Weekday,1400,2-Car,No injury/unknown,SPEED TOO FAST FOR WEATHER CONDITIONS,SR37N & SR46W,39.194144,-86.554592
2008,10,5,Weekday,1600,3+ Cars,No injury/unknown,OTHER (DRIVER) - EXPLAIN IN NARRATIVE,SR 37 & SR46E,39.194144,-86.554592
2008,10,3,Weekday,1100,1-Car,No injury/unknown,SPEED TOO FAST FOR WEATHER CONDITIONS,SR37N & SR46W,39.194144,-86.554592
2008,12,2,Weekday,1400,2-Car,No injury/unknown,LEFT OF CENTER,N KINSER PIKE & W BRIARCLIFF,39.194144,-86.540992
2008,11,5,Weekday,700,2-Car,No injury/unknown,UNSAFE BACKING,NORTH WALNUT ST,39.193933,-86.533397
2008,6,3,Weekday,1300,1-Car,No injury/unknown,OBSTRUCTION NOT MARKED,LOESCH & WEST WOODYARD RD,39.193872,-86.590784
2008,2,3,Weekday,700,2-Car,No injury/unknown,FOLLOWING TOO CLOSELY,CURRY & SR46W,39.19377697,-86.57123388
2008,2,5,Weekday,1700,1-Car,No injury/unknown,SPEED TOO FAST FOR WEATHER CONDITIONS,CURRY & SR46E,39.19377697,-86.57115891
2008,6,2,Weekday,1700,2-Car,No injury/unknown,FAILURE TO YIELD RIGHT OF WAY,CURRY & SR46W,39.19377697,-86.5711906
2008,6,6,Weekday,1200,2-Car,No injury/unknown,DISREGARD SIGNAL/REG SIGN,N CURRY & SR46W,39.19377697,-86.57123388
2008,10,5,Weekday,2200,1-Car,No injury/unknown,ANIMAL/OBJECT IN ROADWAY,CURRY & SR46W,39.19377697,-86.57130314
2008,11,3,Weekday,900,2-Car,No injury/unknown,DRIVER ILLNESS,CURRY & SR46W,39.19377697,-86.57123388
2008,1,4,Weekday,1800,1-Car,No injury/unknown,RAN OFF ROAD RIGHT,SR37 & SR46,39.19359469,-86.554592
2008,5,5,Weekday,1400,1-Car,No injury/unknown,OTHER (DRIVER) - EXPLAIN IN NARRATIVE,GETTYS CREEK & MT GILEAD RD,39.19344,-86.436288
2008,5,5,Weekday,700,1-Car,No injury/unknown,UNSAFE SPEED,2700 N KINSER PIKE & N SKYLINE,39.193248,-86.539696
2008,11,6,Weekday,500,1-Car,Non-incapacitating,OVERCORRECTING/OVERSTEERING,SR37N & SR46W,39.1930454,-86.55459471
2008,8,5,Weekday,1800,2-Car,No injury/unknown,DRIVER DISTRACTED - EXPLAIN IN NARRATIVE,SR37N & SR46E,39.1927708,-86.5546017
2008,5,1,Weekend,600,1-Car,No injury/unknown,OTHER (DRIVER) - EXPLAIN IN NARRATIVE,SKYLINE DR,39.192553,-86.540107
2008,3,4,Weekday,800,2-Car,No injury/unknown,BRAKE FAILURE OR DEFECTIVE,DUNN & TAMARACK TRL,39.19207,-86.52856461
2008,3,5,Weekday,600,1-Car,No injury/unknown,OTHER (ENVIRONMENTAL) - EXPLAIN IN NARR,FRITZ & N WALNUT ST,39.191248,-86.532896
2008,7,7,Weekend,2000,2-Car,No injury/unknown,OTHER (DRIVER) - EXPLAIN IN NARRATIVE,FRITZ & WALNUT ST,39.191248,-86.532896
2008,10,3,Weekday,1100,1-Car,No injury/unknown,ANIMAL/OBJECT IN ROADWAY,BALFOUR & SR46N,39.19117259,-86.51178391
2008,9,7,Weekend,1700,2-Car,No injury/unknown,UNSAFE BACKING,LINDEN & TAMARACK TRL,39.1911,-86.52027
2008,1,4,Weekday,700,2-Car,Non-incapacitating,FAILURE TO YIELD RIGHT OF WAY,N CURRY PIKE PIKE & W WOODYARD RD,39.190672,-86.582992
2008,8,2,Weekday,1800,2-Car,No injury/unknown,DRIVER DISTRACTED - EXPLAIN IN NARRATIVE,CURRY PIKE & WOODYARD,39.190672,-86.582992
2008,8,4,Weekday,1600,2-Car,No injury/unknown,DRIVER DISTRACTED - EXPLAIN IN NARRATIVE,CURRY PIKE & WOODYARD,39.190672,-86.582992
2008,11,1,Weekend,1600,3+ Cars,No injury/unknown,DISREGARD SIGNAL/REG SIGN,CURRY PIKE & WOODYARD,39.190672,-86.582992
2008,3,5,Weekday,700,1-Car,No injury/unknown,OVERCORRECTING/OVERSTEERING,SMITH & WOODYARD RD,39.19064,-86.58309268
2008,3,5,Weekday,800,1-Car,No injury/unknown,ROADWAY SURFACE CONDITION,SMITH & WOODYARD RD,39.19064,-86.58309268
2008,6,6,Weekday,900,2-Car,No injury/unknown,OTHER (DRIVER) - EXPLAIN IN NARRATIVE,SMITH & WOODYARD RD,39.19064,-86.58311
2008,5,1,Weekend,1200,2-Car,No injury/unknown,FOLLOWING TOO CLOSELY,N KINSER PIKE & SKYLINE,39.190544,-86.537712
2008,9,4,Weekday,1700,2-Car,Non-incapacitating,OTHER (DRIVER) - EXPLAIN IN NARRATIVE,N KINSER PIKE & W SKYLINE,39.190544,-86.537712
2008,4,6,Weekday,1700,3+ Cars,No injury/unknown,FAILURE TO YIELD RIGHT OF WAY,CURRY PIKE & WOODYARD,39.19028,-86.58253
2008,4,1,Weekend,1200,2-Car,No injury/unknown,FOLLOWING TOO CLOSELY,E GLENDORA DRIVE & N WALNUT STREET ST,39.189968,-86.533232
2008,6,1,Weekend,1300,1-Car,No injury/unknown,DRIVER ILLNESS,S WALNUT ST,39.189968,-86.533232
2008,2,5,Weekday,100,1-Car,No injury/unknown,ALCOHOLIC BEVERAGES,2600 N HEADLEY RD & TREADWELL,39.18976765,-86.51452965
2008,7,5,Weekday,200,1-Car,Fatal,RAN OFF ROAD RIGHT,PIONEER & WOODYARD RD,39.18965,-86.58071316
2008,1,7,Weekend,500,1-Car,No injury/unknown,ANIMAL/OBJECT IN ROADWAY,COLLINS & MT GILEAD RD,39.189552,-86.441296
2008,3,2,Weekday,1900,2-Car,Non-incapacitating,ALCOHOLIC BEVERAGES,GILBERT & WALNUT ST,39.18944898,-86.53338194
2008,3,5,Weekday,1500,2-Car,No injury/unknown,UNSAFE BACKING,S LIBERTY DR,39.189248,-86.531472
2008,4,3,Weekday,1400,2-Car,No injury/unknown,FAILURE TO YIELD RIGHT OF WAY,S LIBERTY DR,39.189248,-86.531472
2008,12,4,Weekday,600,1-Car,Non-incapacitating,ILLEGAL DRUGS,HOWARD & STARNS RD,39.189248,-86.660704
2008,12,4,Weekday,800,2-Car,No injury/unknown,ROADWAY SURFACE CONDITION,S LIBERTY DR,39.189248,-86.531472
2008,2,4,Weekday,1200,1-Car,No injury/unknown,ANIMAL/OBJECT IN ROADWAY,HOWARD RD & STARNES,39.18918995,-86.6560458
2008,5,4,Weekday,1500,1-Car,No injury/unknown,UNSAFE SPEED,THOMAS RD & VERNAL,39.18904,-86.630096
2008,9,1,Weekend,1600,1-Car,No injury/unknown,OTHER (ENVIRONMENTAL) - EXPLAIN IN NARR,4121 N THOMAS & N THOMAS RD,39.18904,-86.630096
2008,11,5,Weekday,2300,1-Car,No injury/unknown,ROADWAY SURFACE CONDITION,THOMAS RD & VERNAL,39.18904,-86.630096
2008,12,3,Weekday,1600,2-Car,No injury/unknown,ROADWAY SURFACE CONDITION,THOMAS & W VERNAL PIKE PIKE,39.18904,-86.630096
2008,10,6,Weekday,1200,1-Car,Non-incapacitating,RAN OFF ROAD RIGHT,2490 S WALNUT ST & W COUNTRY CLUD,39.18881348,-86.53111335
2008,3,5,Weekday,600,2-Car,No injury/unknown,LEFT OF CENTER,2700 BLOCK NORTH WALNUT ST & BLUE RIDGE,39.18880455,-86.5335567
2008,8,3,Weekday,2000,Moped/Motorcycle,Non-incapacitating,OTHER (DRIVER) - EXPLAIN IN NARRATIVE,GOURLEY & SR37N,39.18820649,-86.53469324
2008,8,7,Weekend,1100,2-Car,No injury/unknown,FOLLOWING TOO CLOSELY,N KINSER & PARRISH RD,39.188144,-86.5376
2008,11,3,Weekday,1400,2-Car,No injury/unknown,OTHER (DRIVER) - EXPLAIN IN NARRATIVE,KINSER & KINSER PIKE,39.188144,-86.5376
2008,3,3,Weekday,1500,2-Car,Non-incapacitating,OTHER (DRIVER) - EXPLAIN IN NARRATIVE,SR37N & VERNAL,39.18795558,-86.5609886
2008,4,1,Weekend,500,1-Car,No injury/unknown,OTHER (DRIVER) - EXPLAIN IN NARRATIVE,NORTH WALNUT ST,39.18785519,-86.53409131
2008,7,4,Weekday,1600,Moped/Motorcycle,Non-incapacitating,UNSAFE SPEED,GOURLEY & SR37N,39.18779695,-86.53489709
2008,11,5,Weekday,1100,2-Car,No injury/unknown,IMPROPER TURNING,10TH & 2811 EAST 10TH (PARKING LOT) ST,39.18749801,-86.53231546
2008,5,6,Weekday,1300,2-Car,Non-incapacitating,FAILURE TO YIELD RIGHT OF WAY,45 46 & WALNUT ST,39.1874955,-86.53419972
2008,7,5,Weekday,1300,2-Car,No injury/unknown,OTHER (DRIVER) - EXPLAIN IN NARRATIVE,10TH ST & SUNRISE,39.18744449,-86.51248
2008,11,1,Weekend,100,1-Car,No injury/unknown,ANIMAL/OBJECT IN ROADWAY,HOWARD RD,39.187398,-86.645588
2008,4,6,Weekday,1200,2-Car,Non-incapacitating,FOLLOWING TOO CLOSELY,SR45,39.18737908,-86.55880094
2008,1,5,Weekday,800,2-Car,No injury/unknown,FOLLOWING TOO CLOSELY,HWY 45 BLOOMFIELD RD & SR37,39.187344,-86.5552
2008,2,3,Weekday,1200,2-Car,Non-incapacitating,FAILURE TO YIELD RIGHT OF WAY,SR37 & SR45,39.187344,-86.5552
2008,3,2,Weekday,1100,2-Car,No injury/unknown,FAILURE TO YIELD RIGHT OF WAY,SR37N & SR45W,39.187344,-86.5552
2008,7,7,Weekend,2300,2-Car,No injury/unknown,FOLLOWING TOO CLOSELY,37 & 45 46 BYP,39.187344,-86.5552
2008,10,5,Weekday,1500,2-Car,No injury/unknown,FOLLOWING TOO CLOSELY,SR45W & STATE RD 37,39.187344,-86.5552
2008,12,6,Weekday,1700,2-Car,No injury/unknown,OTHER (DRIVER) - EXPLAIN IN NARRATIVE,3205 WEST STATE ROAD 45 & STATE ROAD 37,39.187344,-86.5552