Year,Month,Day,Weekend?,Hour,Collision Type,Injury Type,Primary Factor,Reported_Location,Latitude,Longitude
2008,5,6,Weekend,2100,2-Car,No injury/unknown,ANIMAL/OBJECT IN ROADWAY,HWY 37 & SR46E,39.18717217,-86.55482317
2008,11,7,Weekend,1800,1-Car,No injury/unknown,ANIMAL/OBJECT IN ROADWAY,SR46E & ST RD 37,39.18717217,-86.5549357
2008,12,3,Weekday,1200,2-Car,No injury/unknown,ROADWAY SURFACE CONDITION,SR 37 & SR46W,39.18717217,-86.55490973
2008,12,3,Weekday,1300,2-Car,No injury/unknown,SPEED TOO FAST FOR WEATHER CONDITIONS,KINSER PIKE & SR46W,39.18709037,-86.53786741
2008,3,6,Weekday,1600,1-Car,Non-incapacitating,SPEED TOO FAST FOR WEATHER CONDITIONS,MONROE & SR46W,39.18705407,-86.54891282
2008,1,5,Weekday,2100,1-Car,Non-incapacitating,SPEED TOO FAST FOR WEATHER CONDITIONS,HWY 37 RAMP NB & SR46E,39.18702566,-86.55514777
2008,2,4,Weekday,700,2-Car,No injury/unknown,SPEED TOO FAST FOR WEATHER CONDITIONS,MONROE & SR46E,39.18696235,-86.54715214
2008,9,2,Weekday,700,Pedestrian,Incapacitating,PEDESTRIAN ACTION,KINSER PIKE & STATE ROAD 45 46,39.18695557,-86.53790111
2008,6,1,Weekday,2100,2-Car,No injury/unknown,DISREGARD SIGNAL/REG SIGN,KINSER PIKE,39.186952,-86.537719
2008,1,3,Weekday,1300,3+ Cars,Incapacitating,FAILURE TO YIELD RIGHT OF WAY,MONROE & SR45N,39.186944,-86.5468
2008,2,3,Weekday,1400,1-Car,No injury/unknown,RAN OFF ROAD RIGHT,MONROE & SR46,39.186944,-86.5468
2008,2,4,Weekday,700,2-Car,No injury/unknown,SPEED TOO FAST FOR WEATHER CONDITIONS,MONROE & SR 45 46 BYP,39.186944,-86.5468
2008,10,4,Weekday,600,1-Car,No injury/unknown,ANIMAL/OBJECT IN ROADWAY,MONROE & SR46W,39.186944,-86.5468
2008,10,4,Weekday,1500,2-Car,No injury/unknown,FAILURE TO YIELD RIGHT OF WAY,MONROE & SR46E,39.186944,-86.5468
2008,11,7,Weekend,1500,2-Car,No injury/unknown,FOLLOWING TOO CLOSELY,MONROE & SR4546W,39.186944,-86.5468
2008,11,6,Weekday,1600,3+ Cars,Non-incapacitating,OTHER (DRIVER) - EXPLAIN IN NARRATIVE,SR45E & STATE ROUTE 37,39.18694213,-86.55531655
2008,2,4,Weekday,1600,2-Car,No injury/unknown,DRIVER DISTRACTED - EXPLAIN IN NARRATIVE,ARLINGTON RD & SR46 W,39.18691263,-86.55130339
2008,6,3,Weekday,900,1-Car,No injury/unknown,OVERSIZE/OVERWEIGHT LOAD,MONROE & SR46E,39.18691229,-86.54609567
2008,11,5,Weekday,900,2-Car,No injury/unknown,UNSAFE BACKING,HEADLEY RD,39.186868,-86.51446
2008,3,5,Weekday,700,1-Car,No injury/unknown,RAN OFF ROAD RIGHT,HARTSTRAIT & VERNAL PIKE RD,39.18677,-86.61114641
2008,12,2,Weekday,1400,2-Car,No injury/unknown,SPEED TOO FAST FOR WEATHER CONDITIONS,DUNN ST & SR4546E,39.18676396,-86.52849091
2008,9,4,Weekday,1400,2-Car,Non-incapacitating,UNSAFE SPEED,HARTSTRAIT RD & VERNAL,39.186752,-86.611504
2008,11,2,Weekday,2000,2-Car,No injury/unknown,UNSAFE BACKING,N HEADLEY RD,39.18665306,-86.51449502
2008,3,6,Weekend,2000,1-Car,No injury/unknown,RAN OFF ROAD RIGHT,KINSER & SR46W,39.18662255,-86.53964972
2008,1,3,Weekday,1600,3+ Cars,No injury/unknown,FAILURE TO YIELD RIGHT OF WAY,KINSER & SR46W,39.186544,-86.537888
2008,1,7,Weekend,1900,2-Car,Non-incapacitating,DISREGARD SIGNAL/REG SIGN,KINSER & SR4546E,39.186544,-86.537888
2008,4,7,Weekend,1100,3+ Cars,Non-incapacitating,OTHER (DRIVER) - EXPLAIN IN NARRATIVE,KINSER & SR45E,39.186544,-86.537888
2008,4,6,Weekend,2300,2-Car,No injury/unknown,SPEED TOO FAST FOR WEATHER CONDITIONS,KINSER PIKE & STATE ROUTE 45 AND 46,39.186544,-86.537888
2008,5,6,Weekday,1500,2-Car,No injury/unknown,DRIVER DISTRACTED - EXPLAIN IN NARRATIVE,KINSER & SR 45 46 RD,39.186544,-86.537888
2008,5,4,Weekday,700,2-Car,No injury/unknown,OTHER (DRIVER) - EXPLAIN IN NARRATIVE,KINSER & SR46E,39.186544,-86.537888
2008,6,3,Weekday,1700,2-Car,Non-incapacitating,BRAKE FAILURE OR DEFECTIVE,KINSER & SR46E,39.186544,-86.537888
2008,7,3,Weekday,1400,Moped/Motorcycle,Incapacitating,FAILURE TO YIELD RIGHT OF WAY,KINSER & SR46W,39.186544,-86.537888
2008,7,5,Weekday,1900,2-Car,No injury/unknown,DISREGARD SIGNAL/REG SIGN,KINSER & SR45W,39.186544,-86.537888
2008,8,5,Weekday,1100,2-Car,No injury/unknown,DISREGARD SIGNAL/REG SIGN,KINSER & SR46W,39.186544,-86.537888
2008,8,4,Weekday,1400,3+ Cars,Non-incapacitating,FOLLOWING TOO CLOSELY,N KINSER & SR46E,39.186544,-86.537888
2008,11,7,Weekend,1600,2-Car,No injury/unknown,DRIVER DISTRACTED - EXPLAIN IN NARRATIVE,100 W STATE RD 45 46 BYP & KINSER,39.186544,-86.537888
2008,11,4,Weekday,1000,2-Car,Non-incapacitating,DISREGARD SIGNAL/REG SIGN,KINSER & SR46W,39.186544,-86.537888
2008,12,7,Weekend,1200,2-Car,Non-incapacitating,SPEED TOO FAST FOR WEATHER CONDITIONS,KINSER & SR45E,39.186544,-86.537888
2008,12,4,Weekday,900,2-Car,No injury/unknown,IMPROPER TURNING,ARLINGTON & GOURLEY PIKE,39.186544,-86.551168
2008,12,4,Weekday,1500,2-Car,No injury/unknown,OTHER (DRIVER) - EXPLAIN IN NARRATIVE,N KINSER & SR46W,39.186544,-86.537888
2008,4,7,Weekend,1500,2-Car,No injury/unknown,FOLLOWING TOO CLOSELY,KINSER & SR46E,39.18653339,-86.53771207
2008,2,6,Weekday,1000,1-Car,No injury/unknown,ROADWAY SURFACE CONDITION,N MONROE & W GOURLEY PIKE,39.186448,-86.546816
2008,6,7,Weekend,1200,2-Car,No injury/unknown,FAILURE TO YIELD RIGHT OF WAY,SOUTH WALNUT & SR46W,39.18639756,-86.53545934
2008,1,3,Weekday,700,2-Car,No injury/unknown,DRIVER DISTRACTED - EXPLAIN IN NARRATIVE,NORTH WALNUT & SR45N,39.18639734,-86.53545582
2008,2,3,Weekday,1500,2-Car,Non-incapacitating,OTHER (DRIVER) - EXPLAIN IN NARRATIVE,COLLEGE & SR46E,39.18639444,-86.53540773
2008,2,2,Weekday,1300,2-Car,Non-incapacitating,OTHER (DRIVER) - EXPLAIN IN NARRATIVE,COLLEGE AVE & SR46E,39.18639444,-86.53540773
2008,7,4,Weekday,1200,2-Car,No injury/unknown,FOLLOWING TOO CLOSELY,COLLEGE & SR46,39.18639444,-86.53540773
2008,1,1,Weekend,1500,3+ Cars,Non-incapacitating,ROADWAY SURFACE CONDITION,SR4546E & WALNUT,39.186368,-86.5344
2008,1,1,Weekday,1900,2-Car,No injury/unknown,FAILURE TO YIELD RIGHT OF WAY,N WALNUT & SR46E,39.186368,-86.5344
2008,1,2,Weekday,700,2-Car,Non-incapacitating,FAILURE TO YIELD RIGHT OF WAY,NORTH WALNUT & SR45E,39.186368,-86.5344
2008,1,3,Weekday,2100,2-Car,No injury/unknown,SPEED TOO FAST FOR WEATHER CONDITIONS,SR46E & WALNUT,39.186368,-86.5344
2008,2,1,Weekend,1600,2-Car,No injury/unknown,FOLLOWING TOO CLOSELY,SR46W & WALNUT,39.186368,-86.5344
2008,3,3,Weekday,1800,2-Car,Non-incapacitating,FAILURE TO YIELD RIGHT OF WAY,N WALNUT & SR46E,39.186368,-86.5344
2008,3,1,Weekend,1000,2-Car,Non-incapacitating,OTHER (DRIVER) - EXPLAIN IN NARRATIVE,N WALNUT & SR46E,39.186368,-86.5344
2008,4,6,Weekend,2000,2-Car,No injury/unknown,FAILURE TO YIELD RIGHT OF WAY,SR 45 46 BYP & WALNUT,39.186368,-86.5344
2008,4,7,Weekend,2300,2-Car,No injury/unknown,FAILURE TO YIELD RIGHT OF WAY,SR45 & WALNUT ST,39.186368,-86.5344
2008,4,7,Weekend,1500,3+ Cars,No injury/unknown,FOLLOWING TOO CLOSELY,SR46E & WALNUT,39.186368,-86.5344
2008,4,7,Weekend,1600,2-Car,No injury/unknown,DISREGARD SIGNAL/REG SIGN,SR46E & WALNUT ST,39.186368,-86.5344
2008,4,3,Weekday,1600,2-Car,No injury/unknown,FAILURE TO YIELD RIGHT OF WAY,N WALNUT & SR46,39.186368,-86.5344
2008,4,4,Weekday,900,2-Car,Non-incapacitating,FOLLOWING TOO CLOSELY,SR46W & WALNUT,39.186368,-86.5344
2008,5,6,Weekday,1600,2-Car,No injury/unknown,FOLLOWING TOO CLOSELY,2100 N WALNUT ST & SR 45 46,39.186368,-86.5344
2008,5,6,Weekday,1600,2-Car,No injury/unknown,OTHER (DRIVER) - EXPLAIN IN NARRATIVE,SR45 & WALNUT ST,39.186368,-86.5344
2008,6,2,Weekday,700,2-Car,No injury/unknown,FOLLOWING TOO CLOSELY,NORTH WALNUT & SR4546,39.186368,-86.5344
2008,6,2,Weekday,1800,2-Car,No injury/unknown,FOLLOWING TOO CLOSELY,45 AND 45 & WALNUT ST,39.186368,-86.5344
2008,7,7,Weekend,1900,2-Car,No injury/unknown,FAILURE TO YIELD RIGHT OF WAY,SR46W & WALNUT,39.186368,-86.5344
2008,7,2,Weekday,1600,2-Car,No injury/unknown,FAILURE TO YIELD RIGHT OF WAY,45 AND 46 BYP & WALNUT,39.186368,-86.5344
2008,8,3,Weekday,1100,2-Car,Non-incapacitating,FAILURE TO YIELD RIGHT OF WAY,N WALNUT & SR4546E,39.186368,-86.5344
2008,8,1,Weekend,300,2-Car,No injury/unknown,DISREGARD SIGNAL/REG SIGN,SR46W & WALNUT ST,39.186368,-86.5344
2008,10,3,Weekday,2100,2-Car,No injury/unknown,UNSAFE BACKING,SR46W & WALNUT,39.186368,-86.5344
2008,10,6,Weekday,800,2-Car,No injury/unknown,,SR4546E & WALNUT,39.186368,-86.5344
2008,11,2,Weekday,1700,2-Car,No injury/unknown,DRIVER DISTRACTED - EXPLAIN IN NARRATIVE,SR4546 & WALNUT ST,39.186368,-86.5344
2008,11,4,Weekday,800,2-Car,Non-incapacitating,FOLLOWING TOO CLOSELY,NORTH WALNUT & SR4546,39.186368,-86.5344
2008,11,4,Weekday,1100,3+ Cars,Non-incapacitating,FAILURE TO YIELD RIGHT OF WAY,SR46E & WALNUT,39.186368,-86.5344
2008,11,4,Weekday,2000,2-Car,No injury/unknown,OTHER (DRIVER) - EXPLAIN IN NARRATIVE,SR46 & WALNUT ST,39.186368,-86.5344
2008,11,2,Weekday,1100,2-Car,No injury/unknown,FAILURE TO YIELD RIGHT OF WAY,SR46E & WALNUT,39.186368,-86.5344
2008,12,2,Weekday,1600,2-Car,No injury/unknown,FAILURE TO YIELD RIGHT OF WAY,SR4546W & WALNUT,39.186368,-86.5344
2008,12,6,Weekday,900,2-Car,No injury/unknown,FOLLOWING TOO CLOSELY,SR46E & WALNUT,39.186368,-86.5344
2008,12,6,Weekday,1800,3+ Cars,No injury/unknown,FAILURE TO YIELD RIGHT OF WAY,NORTH WALNUT & SR4546,39.186368,-86.5344
2008,12,3,Weekday,1300,2-Car,No injury/unknown,SPEED TOO FAST FOR WEATHER CONDITIONS,N WALNUT & SR46W,39.186368,-86.5344
2008,12,3,Weekday,1400,2-Car,No injury/unknown,SPEED TOO FAST FOR WEATHER CONDITIONS,SR 45 46 BYP & WALNUT,39.186368,-86.5344
2008,5,5,Weekday,1400,2-Car,No injury/unknown,FAILURE TO YIELD RIGHT OF WAY,SR45W & WALNUT,39.18636644,-86.53413532
2008,3,6,Weekday,700,2-Car,No injury/unknown,FAILURE TO YIELD RIGHT OF WAY,SR46E & WALNUT,39.18636592,-86.53404709
2008,4,4,Weekday,900,2-Car,Non-incapacitating,FAILURE TO YIELD RIGHT OF WAY,SR46E & WALNUT,39.18636592,-86.53404709
2008,8,3,Weekday,1200,2-Car,No injury/unknown,FAILURE TO YIELD RIGHT OF WAY,SR46E & WALNUT,39.18636592,-86.53404709
2008,10,7,Weekend,1000,2-Car,No injury/unknown,FAILURE TO YIELD RIGHT OF WAY,NORTH WALNUT & SR45E,39.1863655,-86.53397651
2008,2,6,Weekday,1700,3+ Cars,No injury/unknown,DRIVER DISTRACTED - EXPLAIN IN NARRATIVE,SR45E & WALNUT,39.18636487,-86.53387063
2008,10,3,Weekday,1700,2-Car,No injury/unknown,FAILURE TO YIELD RIGHT OF WAY,N WALNUT & SR46E,39.18636487,-86.53387063
2008,5,6,Weekend,1900,2-Car,No injury/unknown,FAILURE TO YIELD RIGHT OF WAY,SR46W & WALNUT,39.18636425,-86.53376476
2008,7,6,Weekday,1100,Moped/Motorcycle,No injury/unknown,FAILURE TO YIELD RIGHT OF WAY,SR45 SR46 RTE & WALNUT,39.18636383,-86.53369418
2008,7,5,Weekday,1400,2-Car,No injury/unknown,FAILURE TO YIELD RIGHT OF WAY,SR46E & WALNUT,39.18636279,-86.53351772
2008,3,6,Weekday,1800,2-Car,No injury/unknown,FOLLOWING TOO CLOSELY,N COLLEGE & SR46E,39.18636261,-86.53487993
2008,3,2,Weekday,1200,2-Car,No injury/unknown,FAILURE TO YIELD RIGHT OF WAY,SR46W & WALNUT,39.18636174,-86.53334127
2008,4,3,Weekday,1600,2-Car,No injury/unknown,FAILURE TO YIELD RIGHT OF WAY,SR46E & WALNUT,39.18636174,-86.53334127
2008,8,5,Weekday,1400,2-Car,No injury/unknown,FAILURE TO YIELD RIGHT OF WAY,SR46W & WALNUT,39.18636151,-86.53452324
2008,12,3,Weekday,1300,2-Car,No injury/unknown,SPEED TOO FAST FOR WEATHER CONDITIONS,NORTH WALNUT & SR46W,39.18636059,-86.53454085
2008,2,3,Weekday,2100,1-Car,No injury/unknown,OVERCORRECTING/OVERSTEERING,SR45N,39.18636,-86.533048
2008,3,1,Weekend,1100,1-Car,Non-incapacitating,RAN OFF ROAD RIGHT,SR45W,39.18636,-86.533048
2008,8,4,Weekday,1200,3+ Cars,Non-incapacitating,FOLLOWING TOO CLOSELY,SR45E & WALNUT,39.18635861,-86.5328119
2008,3,2,Weekday,1400,2-Car,No injury/unknown,FAILURE TO YIELD RIGHT OF WAY,SR46 & WALNUT,39.18635757,-86.53263544
2008,12,6,Weekday,1500,2-Car,Non-incapacitating,CELL PHONE USAGE,SR46E & WALNUT,39.1863549,-86.53475208
2008,1,1,Weekend,1500,2-Car,No injury/unknown,DRIVER DISTRACTED - EXPLAIN IN NARRATIVE,DUNN & SR45W,39.18635203,-86.52673139
2008,4,2,Weekday,900,2-Car,No injury/unknown,FOLLOWING TOO CLOSELY,NORTH MILO SAMPSON & SR46E,39.18635203,-86.52360368
2008,8,5,Weekday,1800,2-Car,No injury/unknown,FOLLOWING TOO CLOSELY,DUNN & SR46E,39.186352,-86.52837248
2008,8,3,Weekday,1200,2-Car,No injury/unknown,FOLLOWING TOO CLOSELY,MARTHA & SR46E,39.186352,-86.53134308
2008,6,5,Weekday,900,2-Car,No injury/unknown,FOLLOWING TOO CLOSELY,FRITZ & SR45E,39.186352,-86.52996846
2008,1,5,Weekday,1600,3+ Cars,No injury/unknown,FOLLOWING TOO CLOSELY,COLLEGE & SR4546E,39.186352,-86.534704
2008,1,1,Weekday,1900,2-Car,No injury/unknown,DISREGARD SIGNAL/REG SIGN,DUNN & SR45W,39.186352,-86.528496
2008,1,7,Weekend,1100,2-Car,Non-incapacitating,FAILURE TO YIELD RIGHT OF WAY,N COLLEGE & SR46W,39.186352,-86.534704
2008,2,1,Weekend,1300,2-Car,No injury/unknown,FAILURE TO YIELD RIGHT OF WAY,DUNN & SR4546W,39.186352,-86.528496
2008,3,3,Weekday,1300,2-Car,No injury/unknown,FOLLOWING TOO CLOSELY,MARTHA & SR45E,39.186352,-86.531696
2008,3,6,Weekday,1700,Cyclist,Non-incapacitating,FAILURE TO YIELD RIGHT OF WAY,FRITZ & SR46W,39.186352,-86.52970377
2008,6,3,Weekday,900,2-Car,No injury/unknown,FAILURE TO YIELD RIGHT OF WAY,N COLLEGE & SR4546E,39.186352,-86.534704
2008,6,4,Weekday,1700,2-Car,No injury/unknown,DRIVER DISTRACTED - EXPLAIN IN NARRATIVE,DUNN & SR46W,39.186352,-86.528496
2008,6,6,Weekend,2100,1-Car,No injury/unknown,RAN OFF ROAD RIGHT,N DUNN & SR4546E,39.186352,-86.528496
2008,8,2,Weekday,1400,2-Car,Non-incapacitating,FAILURE TO YIELD RIGHT OF WAY,DUNN & SR4546E,39.186352,-86.528496
2008,9,7,Weekend,900,2-Car,No injury/unknown,DRIVER DISTRACTED - EXPLAIN IN NARRATIVE,N DUNN & SR46W,39.186352,-86.528496
2008,9,3,Weekday,1200,2-Car,No injury/unknown,DISREGARD SIGNAL/REG SIGN,N DUNN & SR4546E,39.186352,-86.528496
2008,9,3,Weekday,1900,3+ Cars,Non-incapacitating,LEFT OF CENTER,MILO SAMPSON & SR4546E,39.186352,-86.522192
2008,9,3,Weekday,1700,2-Car,No injury/unknown,FOLLOWING TOO CLOSELY,NORTH MARTHA & SR4546E,39.186352,-86.531696
2008,10,2,Weekday,1500,2-Car,No injury/unknown,FOLLOWING TOO CLOSELY,DUNN & SR4546E,39.186352,-86.528496
2008,11,7,Weekend,1800,2-Car,No injury/unknown,DRIVER ASLEEP OR FATIGUED,DUNN & SR46E,39.186352,-86.528496
2008,11,4,Weekday,100,2-Car,Non-incapacitating,FOLLOWING TOO CLOSELY,45 46 & N WALNUT ST,39.18633,-86.53454
2008,3,7,Weekend,1600,1-Car,No injury/unknown,RAN OFF ROAD RIGHT,MATLOCK & SR46E,39.18632523,-86.53450567
2008,4,7,Weekend,100,2-Car,No injury/unknown,IMPROPER LANE USAGE,COLLEGE AVE & STATE ROAD 45 46 BYBASS,39.18632523,-86.53454894
2008,2,6,Weekday,1500,2-Car,No injury/unknown,UNSAFE BACKING,E MATLOCK RD,39.18632,-86.531639
2008,3,1,Weekday,2300,2-Car,Non-incapacitating,FAILURE TO YIELD RIGHT OF WAY,45 46 & DUNN ST,39.1863033,-86.52842015
2008,10,6,Weekday,100,1-Car,Non-incapacitating,RAN OFF ROAD RIGHT,DUNN ST & SR 45 46,39.18624813,-86.52841419
2008,1,2,Weekday,1900,1-Car,No injury/unknown,ANIMAL/OBJECT IN ROADWAY,MILO B SAMPSON & SR46E,39.18624327,-86.52218811
2008,7,2,Weekday,1700,2-Car,No injury/unknown,FOLLOWING TOO CLOSELY,MILO B SAMPSON & SR45W,39.18624327,-86.52217081
2008,12,5,Weekday,1200,2-Car,No injury/unknown,FOLLOWING TOO CLOSELY,MILO B SAMPSON & SR46E,39.18624327,-86.52217946
2008,12,1,Weekend,1800,2-Car,No injury/unknown,OTHER (DRIVER) - EXPLAIN IN NARRATIVE,MILO B SAMPSON & SR46E,39.18624327,-86.52214053
2008,12,3,Weekday,1400,2-Car,Non-incapacitating,OTHER (ENVIRONMENTAL) - EXPLAIN IN NARR,OLD VERNAL & VERNAL PIKE,39.18611,-86.59628
2008,9,7,Weekend,1500,2-Car,No injury/unknown,FOLLOWING TOO CLOSELY,FEE & SR45 46 BYP,39.18607646,-86.52018827
2008,11,7,Weekend,1600,2-Car,Non-incapacitating,BRAKE FAILURE OR DEFECTIVE,FEE & SR45E,39.18607646,-86.52018827
2008,4,4,Weekday,1500,3+ Cars,Non-incapacitating,DRIVER DISTRACTED - EXPLAIN IN NARRATIVE,FEE & SR46W,39.186032,-86.51984
2008,10,3,Weekday,1400,2-Car,No injury/unknown,FOLLOWING TOO CLOSELY,FEE & SR46E,39.186032,-86.51984
2008,12,4,Weekday,600,1-Car,No injury/unknown,ROADWAY SURFACE CONDITION,FEE & HIGHWAY 46 BYP,39.186032,-86.51984
2008,6,6,Weekday,800,2-Car,Non-incapacitating,FOLLOWING TOO CLOSELY,FEE & SR46E,39.18599411,-86.51953685
2008,11,3,Weekday,1500,2-Car,No injury/unknown,FOLLOWING TOO CLOSELY,FEE & SR46W,39.18598844,-86.51949155
2008,10,6,Weekend,2200,2-Car,No injury/unknown,IMPROPER TURNING,GOURLEY & KINSER PIKE,39.18594112,-86.5378743
2008,4,3,Weekday,600,2-Car,No injury/unknown,UNSAFE BACKING,N KINSER PIKE,39.18589867,-86.53787333
2008,9,3,Weekday,1700,2-Car,No injury/unknown,FOLLOWING TOO CLOSELY,FEE & SR46W,39.18558968,-86.5181881
2008,9,6,Weekday,1500,1-Car,No injury/unknown,OTHER (DRIVER) - EXPLAIN IN NARRATIVE,45 46 BYPASS HWY & FEE,39.18558968,-86.5181881
2008,2,6,Weekday,1000,2-Car,No injury/unknown,IMPROPER TURNING,GOURLEY & KINSER PIKE,39.185392,-86.537856
2008,8,5,Weekday,800,2-Car,No injury/unknown,OTHER (DRIVER) - EXPLAIN IN NARRATIVE,GOURLEY & KINSER PIKE,39.185392,-86.537856
2008,8,5,Weekday,2200,2-Car,No injury/unknown,FOLLOWING TOO CLOSELY,NORTH DUNN ST,39.185283,-86.528343
2008,1,2,Weekday,200,2-Car,No injury/unknown,OTHER (DRIVER) - EXPLAIN IN NARRATIVE,W GOURLEY PIKE,39.185232,-86.54060206
2008,4,3,Weekday,1700,1-Car,No injury/unknown,DRIVER DISTRACTED - EXPLAIN IN NARRATIVE,702 W GOURLEY & 702 W GOURLEY PIKE,39.185152,-86.535296
2008,6,5,Weekday,2000,2-Car,No injury/unknown,UNSAFE BACKING,CASCADE DR & GOURLEY,39.185152,-86.54406855
2008,9,6,Weekday,1100,1-Car,No injury/unknown,RAN OFF ROAD RIGHT,GOURLEY & KINSER PIKE,39.18511735,-86.53785545
2008,9,5,Weekday,1400,2-Car,No injury/unknown,OTHER (DRIVER) - EXPLAIN IN NARRATIVE,GOURLEY PIKE,39.18508,-86.540075
2008,12,3,Weekday,1300,1-Car,No injury/unknown,SPEED TOO FAST FOR WEATHER CONDITIONS,SR37N & SR45S,39.18466483,-86.55597698
2008,3,7,Weekend,1100,1-Car,No injury/unknown,OTHER (DRIVER) - EXPLAIN IN NARRATIVE,S RANSOM LN,39.18464,-86.493696
2008,10,1,Weekend,1500,2-Car,No injury/unknown,OTHER (DRIVER) - EXPLAIN IN NARRATIVE,HOOSIER CT & N KINSER PIKE,39.18453,-86.53773
2008,9,2,Weekday,0,2-Car,No injury/unknown,OTHER TELEMATICS IN USE,NORTH DUNN ST,39.184455,-86.528339
2008,6,1,Weekend,1200,2-Car,No injury/unknown,OTHER (DRIVER) - EXPLAIN IN NARRATIVE,ARLINGTON RD,39.18422982,-86.55026327
2008,2,3,Weekday,1400,2-Car,No injury/unknown,FOLLOWING TOO CLOSELY,1600 W ARLINGTON RD & W 20TH,39.184048,-86.550192
2008,7,1,Weekend,1000,2-Car,No injury/unknown,FAILURE TO YIELD RIGHT OF WAY,1820 NORTH ARLINGTON RD & 20TH,39.184048,-86.550192
2008,9,7,Weekend,1800,2-Car,No injury/unknown,UNSAFE BACKING,DUNN ST,39.183976,-86.528339
2008,3,2,Weekday,900,2-Car,No injury/unknown,OTHER LIGHTS DEFECTIVE,20TH & ARLINGTON RD,39.1839111,-86.55017806
2008,1,1,Weekend,1300,2-Car,Non-incapacitating,FAILURE TO YIELD RIGHT OF WAY,FEE LN & JORDAN,39.18384,-86.5192
2008,4,3,Weekday,2000,2-Car,No injury/unknown,OTHER (DRIVER) - EXPLAIN IN NARRATIVE,NORTH JORDAN AVE,39.183746,-86.515885
2008,4,4,Weekday,1700,2-Car,Non-incapacitating,FOLLOWING TOO CLOSELY,STATE ROAD 37 ST & VERNAL,39.18372442,-86.5609886
2008,4,6,Weekday,0,2-Car,No injury/unknown,UNSAFE BACKING,E VARSITY LN,39.18367,-86.530235
2008,8,5,Weekday,1500,2-Car,No injury/unknown,FOLLOWING TOO CLOSELY,AMARYLLIS & N KINSER PIKE,39.18364,-86.53773
2008,3,1,Weekday,2100,2-Car,No injury/unknown,OTHER (DRIVER) - EXPLAIN IN NARRATIVE,AMARYLLIS ST,39.183569,-86.538105
2008,2,5,Weekday,1100,2-Car,No injury/unknown,UNSAFE BACKING,271 VARSITY LN,39.183538,-86.530953
2008,6,4,Weekday,900,1-Car,No injury/unknown,OTHER (VEHICLE) - EXPLAIN IN NARRATIVE,AMARYLLIS ST,39.18341,-86.539261
2008,12,3,Weekday,1700,2-Car,No injury/unknown,FOLLOWING TOO CLOSELY,N COLLEGE AVE,39.18335771,-86.53469029
2008,4,3,Weekday,1800,2-Car,No injury/unknown,IMPROPER TURNING,VARSITY LN,39.18331,-86.531161
2008,2,1,Weekend,200,1-Car,Non-incapacitating,ALCOHOLIC BEVERAGES,BALFOUR & ST RD 4546 BYPASS RD,39.18328346,-86.5117389
2008,4,2,Weekday,1900,2-Car,No injury/unknown,FAILURE TO YIELD RIGHT OF WAY,DUNN ST & VARSITY,39.18325061,-86.52842251
2008,12,7,Weekend,1000,2-Car,Non-incapacitating,SPEED TOO FAST FOR WEATHER CONDITIONS,BALFOUR & SR45N,39.18323799,-86.51178391
2008,12,6,Weekday,100,2-Car,No injury/unknown,OTHER (DRIVER) - EXPLAIN IN NARRATIVE,VARSITY LN,39.183226,-86.531205
2008,12,6,Weekday,1300,3+ Cars,Non-incapacitating,ALCOHOLIC BEVERAGES,VARSITY LN,39.183205,-86.531216
2008,3,4,Weekday,1600,2-Car,No injury/unknown,FOLLOWING TOO CLOSELY,DUNN ST & VARSITY,39.18319569,-86.52842121
2008,4,3,Weekday,1600,2-Car,No injury/unknown,FOLLOWING TOO CLOSELY,BROOKDALE & NORTH KINSER PIKE,39.183136,-86.537824
2008,11,6,Weekday,1300,2-Car,No injury/unknown,UNSAFE BACKING,WILLIS ST,39.183091,-86.544049
2008,9,1,Weekday,2000,2-Car,No injury/unknown,FAILURE TO YIELD RIGHT OF WAY,DUNN & VARSITY LN,39.182976,-86.528416
2008,9,3,Weekday,1300,2-Car,No injury/unknown,OTHER (DRIVER) - EXPLAIN IN NARRATIVE,VARSITY LN,39.182976,-86.528416
2008,11,3,Weekday,1800,1-Car,No injury/unknown,SPEED TOO FAST FOR WEATHER CONDITIONS,NORTH DUNN & VARSITY LN,39.182976,-86.528416
2008,12,7,Weekend,1100,2-Car,No injury/unknown,ROADWAY SURFACE CONDITION,VARSITY LANE LN,39.182976,-86.528416
2008,12,3,Weekday,1200,2-Car,No injury/unknown,OTHER (DRIVER) - EXPLAIN IN NARRATIVE,VARSITY LN,39.182976,-86.528416
2008,12,7,Weekend,1100,2-Car,No injury/unknown,ROADWAY SURFACE CONDITION,VARSITY LANE LN,39.182976,-86.528416
2008,3,2,Weekday,1100,2-Car,No injury/unknown,UNSAFE BACKING,VARSITY LN,39.18283006,-86.53046982
2008,12,1,Weekend,1200,2-Car,No injury/unknown,OTHER (DRIVER) - EXPLAIN IN NARRATIVE,VARSITY LN,39.18283006,-86.53046982
2008,9,3,Weekday,1500,2-Car,Non-incapacitating,OTHER (DRIVER) - EXPLAIN IN NARRATIVE,LONGVIEW & PETE ELLIS DR,39.1827726,-86.49492