Year,Month,Day,Weekend?,Hour,Collision Type,Injury Type,Primary Factor,Reported_Location,Latitude,Longitude
2008,12,5,Weekday,1600,Bus,No injury/unknown,OTHER (DRIVER) - EXPLAIN IN NARRATIVE,E 17TH & N WALNUT ST,39.178944,-86.533392
2008,1,2,Weekday,1800,Pedestrian,Non-incapacitating,FAILURE TO YIELD RIGHT OF WAY,17TH ST & FEE,39.178928,-86.518992
2008,2,3,Weekday,1800,2-Car,No injury/unknown,FOLLOWING TOO CLOSELY,E 17 TH ST & N FEE,39.178928,-86.518992
2008,2,1,Weekend,200,2-Car,No injury/unknown,DISREGARD SIGNAL/REG SIGN,17TH ST & FEE,39.178928,-86.518992
2008,9,6,Weekday,1700,2-Car,No injury/unknown,UNSAFE SPEED,17TH & FEE LN,39.178928,-86.518992
2008,12,2,Weekday,1300,Bus,No injury/unknown,UNSAFE SPEED,17TH & FEE LN,39.178928,-86.518992
2008,3,2,Weekday,1200,1-Car,Non-incapacitating,DRIVER DISTRACTED - EXPLAIN IN NARRATIVE,EAST 17 & NORTH JORDAN AVE,39.17885983,-86.51246693
2008,1,3,Weekday,2200,3+ Cars,No injury/unknown,SPEED TOO FAST FOR WEATHER CONDITIONS,17TH & JORDAN AVE,39.178848,-86.511088
2008,2,1,Weekday,2200,1-Car,No injury/unknown,OBSTRUCTION NOT MARKED,17TH ST,39.178848,-86.51144
2008,2,7,Weekend,2000,2-Car,No injury/unknown,FOLLOWING TOO CLOSELY,1400 N JORDAN AVE & 1700 E 17TH,39.178848,-86.511088
2008,3,3,Weekday,1700,2-Car,Non-incapacitating,FAILURE TO YIELD RIGHT OF WAY,17TH ST & N JORDAN,39.178848,-86.511088
2008,3,4,Weekday,2100,2-Car,No injury/unknown,FAILURE TO YIELD RIGHT OF WAY,17TH & N JORDAN AVE,39.178848,-86.511088
2008,5,6,Weekday,1300,3+ Cars,No injury/unknown,UNSAFE BACKING,1412 NORTH JORDAN AVE & NORTH JORDAN,39.178848,-86.511088
2008,6,7,Weekend,1100,1-Car,No injury/unknown,ANIMAL/OBJECT IN ROADWAY,JORDAN & SEVENTEENTH ST,39.178848,-86.511088
2008,9,1,Weekend,1300,2-Car,No injury/unknown,FOLLOWING TOO CLOSELY,17TH & JORDAN AVE,39.178848,-86.511088
2008,10,6,Weekday,1800,2-Car,No injury/unknown,FAILURE TO YIELD RIGHT OF WAY,17TH ST & N JORDAN,39.178848,-86.511088
2008,11,2,Weekday,1100,2-Car,No injury/unknown,SPEED TOO FAST FOR WEATHER CONDITIONS,EAST SEVENTEENTH ST & NORTH JORDAN,39.178848,-86.511088
2008,12,4,Weekday,2000,2-Car,Non-incapacitating,LEFT OF CENTER,17TH & MAPLE ST,39.17876534,-86.542096
2008,5,7,Weekend,0,3+ Cars,No injury/unknown,ALCOHOLIC BEVERAGES,17TH & WOODBURN AVE,39.1787014,-86.53603904
2008,12,6,Weekday,600,2-Car,No injury/unknown,IMPROPER TURNING,CURRY PIKE & VERNAL,39.17869919,-86.58316993
2008,9,1,Weekend,1700,2-Car,No injury/unknown,FOLLOWING TOO CLOSELY,17TH & FEE LN,39.17865335,-86.51898997
2008,12,1,Weekend,1100,2-Car,No injury/unknown,FOLLOWING TOO CLOSELY,SR37N & W VERNAL,39.17856339,-86.56000817
2008,4,1,Weekend,0,2-Car,No injury/unknown,OTHER (DRIVER) - EXPLAIN IN NARRATIVE,N WALNUT ST,39.17839758,-86.53339992
2008,8,7,Weekend,300,1-Car,Non-incapacitating,STEERING FAILURE,E BURKS & S WALNUT ST,39.17838952,-86.52672
2008,5,6,Weekday,1700,2-Car,No injury/unknown,UNSAFE BACKING,INNOVATION CT,39.178368,-86.598396
2008,10,7,Weekend,1100,2-Car,No injury/unknown,FAILURE TO YIELD RIGHT OF WAY,KENWOOD & WOODBURN AVE,39.178352,-86.536048
2008,6,6,Weekday,1300,2-Car,Non-incapacitating,FAILURE TO YIELD RIGHT OF WAY,BLOOMINFIELD & SOUTH CORY LN,39.17824483,-86.55969
2008,1,6,Weekday,1500,2-Car,No injury/unknown,OTHER (VEHICLE) - EXPLAIN IN NARRATIVE,N JORDAN AVE,39.17816921,-86.512496
2008,9,5,Weekday,1400,1-Car,No injury/unknown,IMPROPER TURNING,N INDIANA AVE,39.17809746,-86.52717624
2008,10,4,Weekday,2200,2-Car,No injury/unknown,UNSAFE BACKING,N JORDAN AVE,39.1780884,-86.512496
2008,10,1,Weekend,1400,2-Car,No injury/unknown,OTHER (DRIVER) - EXPLAIN IN NARRATIVE,FEE LN,39.178049,-86.518835
2008,4,7,Weekend,2100,2-Car,No injury/unknown,UNSAFE BACKING,S WALNUT ST,39.17785115,-86.53340784
2008,1,4,Weekday,900,2-Car,No injury/unknown,FAILURE TO YIELD RIGHT OF WAY,16TH & NORTH WALNUT ST,39.17784,-86.533408
2008,4,5,Weekday,1800,2-Car,No injury/unknown,IMPROPER TURNING,1ST ST & LINCOLN,39.177792,-86.530864
2008,9,7,Weekend,1800,2-Car,No injury/unknown,OTHER (DRIVER) - EXPLAIN IN NARRATIVE,1ST ST & GRANT,39.177776,-86.5296
2008,2,6,Weekend,2300,1-Car,No injury/unknown,SPEED TOO FAST FOR WEATHER CONDITIONS,16TH ST & WOODBURN,39.177744,-86.536048
2008,2,4,Weekday,1100,2-Car,No injury/unknown,UNSAFE BACKING,1200 NORTH WOODBURN AVE & 16TH,39.177744,-86.536048
2008,7,7,Weekend,0,2-Car,No injury/unknown,RAN OFF ROAD RIGHT,N MADISON ST,39.177744,-86.53776
2008,11,3,Weekday,1100,2-Car,No injury/unknown,FOLLOWING TOO CLOSELY,16TH & DUNN ST,39.177744,-86.52832
2008,11,6,Weekday,1300,2-Car,No injury/unknown,OTHER (DRIVER) - EXPLAIN IN NARRATIVE,1200 N GRANT & 409 E 16 ST,39.17773627,-86.52974567
2008,12,3,Weekday,1700,2-Car,No injury/unknown,ROADWAY SURFACE CONDITION,10TH & SR45E,39.17769722,-86.47680749
2008,11,3,Weekday,1200,2-Car,Non-incapacitating,OTHER TELEMATICS IN USE,10TH & SR45E,39.17753434,-86.47709162
2008,6,2,Weekday,2200,1-Car,No injury/unknown,UNSAFE SPEED,16TH & HANCOCK DR,39.17749,-86.54887
2008,4,2,Weekday,1400,2-Car,No injury/unknown,FAILURE TO YIELD RIGHT OF WAY,INDUSTRIAL & WEST VERNAL PIKE,39.1774,-86.56206
2008,1,6,Weekday,1500,2-Car,No injury/unknown,UNSAFE SPEED,SR37N & VERNAL,39.17737768,-86.5609886
2008,3,1,Weekend,1300,2-Car,No injury/unknown,IMPROPER LANE USAGE,SR37N & VERNAL PIKE,39.17737768,-86.5609886
2008,4,7,Weekend,1800,2-Car,Non-incapacitating,FOLLOWING TOO CLOSELY,SR37N & VERNAL,39.17737768,-86.5609886
2008,6,3,Weekday,700,2-Car,No injury/unknown,SPEED TOO FAST FOR WEATHER CONDITIONS,SR37N & VERNAL,39.17737768,-86.5609886
2008,8,5,Weekday,1300,3+ Cars,No injury/unknown,OTHER (DRIVER) - EXPLAIN IN NARRATIVE,10TH & SR45N,39.1773722,-86.47737644
2008,1,5,Weekday,1900,Moped/Motorcycle,Non-incapacitating,FAILURE TO YIELD RIGHT OF WAY,SR37 & VERNAL PIKE,39.17737085,-86.56096128
2008,6,5,Weekday,2000,2-Car,No injury/unknown,FAILURE TO YIELD RIGHT OF WAY,SR37S & VERNAL PIKE,39.17737085,-86.56096128
2008,1,3,Weekday,1600,2-Car,No injury/unknown,UNSAFE BACKING,N FEE LN,39.17729391,-86.5189799
2008,3,2,Weekday,2000,2-Car,No injury/unknown,UNSAFE BACKING,N FEE LN,39.17729391,-86.5189799
2008,9,1,Weekday,2000,2-Car,No injury/unknown,UNSAFE BACKING,N FEE LN,39.17729391,-86.5189799
2008,11,3,Weekday,2100,2-Car,No injury/unknown,UNSAFE BACKING,N FEE LN,39.17729391,-86.5189799
2008,5,7,Weekend,300,2-Car,No injury/unknown,OTHER (DRIVER) - EXPLAIN IN NARRATIVE,COLLEGE AVE,39.17725691,-86.5347331
2008,9,5,Weekday,1600,2-Car,No injury/unknown,FAILURE TO YIELD RIGHT OF WAY,JORDAN & LINGELBACH LN,39.177248,-86.512496
2008,2,6,Weekday,0,2-Car,No injury/unknown,ROADWAY SURFACE CONDITION,15TH ST & INDIANA,39.177152,-86.52785775
2008,11,6,Weekday,100,2-Car,No injury/unknown,LEFT OF CENTER,JORDAN AVE & LINGLEBACH,39.17715,-86.51253
2008,5,4,Weekday,1700,2-Car,No injury/unknown,ALCOHOLIC BEVERAGES,SR37S & VERNAL,39.17714982,-86.56168247
2008,6,4,Weekday,900,2-Car,Non-incapacitating,SPEED TOO FAST FOR WEATHER CONDITIONS,SR37N & VERNAL,39.17714982,-86.56168247
2008,5,2,Weekday,1900,2-Car,No injury/unknown,UNSAFE BACKING,W 1ST ST,39.17704,-86.52342171
2008,9,3,Weekday,1800,2-Car,No injury/unknown,OTHER (DRIVER) - EXPLAIN IN NARRATIVE,LEMON & WEST VERNAL PIKE,39.17704,-86.5588
2008,2,7,Weekend,1400,2-Car,No injury/unknown,UNSAFE BACKING,WALNUT ST,39.17698971,-86.53342171
2008,2,6,Weekday,1200,1-Car,No injury/unknown,FAILURE TO YIELD RIGHT OF WAY,S WALNUT ST,39.17698971,-86.53342171
2008,10,6,Weekend,2000,2-Car,No injury/unknown,UNSAFE BACKING,N COLLEGE AVE,39.1769498,-86.53473546
2008,3,5,Weekday,1300,2-Car,No injury/unknown,FAILURE TO YIELD RIGHT OF WAY,10TH STREET ALY & INDIANA AVENUE,39.17694817,-86.52697
2008,12,6,Weekday,1300,2-Car,No injury/unknown,OTHER (DRIVER) - EXPLAIN IN NARRATIVE,SR37N & VERNAL,39.17694788,-86.56192165
2008,1,5,Weekday,1800,2-Car,No injury/unknown,OTHER (DRIVER) - EXPLAIN IN NARRATIVE,E 15TH ST,39.17692833,-86.5295729
2008,1,2,Weekday,1300,2-Car,No injury/unknown,OTHER (DRIVER) - EXPLAIN IN NARRATIVE,EIGHTH & PARK ST,39.17688303,-86.52464
2008,9,1,Weekday,2300,2-Car,No injury/unknown,OTHER (DRIVER) - EXPLAIN IN NARRATIVE,EAST 15TH ST,39.176883,-86.529345
2008,4,4,Weekday,1300,2-Car,No injury/unknown,FAILURE TO YIELD RIGHT OF WAY,E 15TH ST & N WASHINGTON,39.17688,-86.53224
2008,5,3,Weekday,1700,2-Car,No injury/unknown,ROADWAY SURFACE CONDITION,1ST & S COLLEGE AVE,39.17688,-86.534736
2008,6,7,Weekend,100,2-Car,No injury/unknown,FAILURE TO YIELD RIGHT OF WAY,15TH & COLLEGE AVE,39.17688,-86.534736
2008,6,2,Weekday,1300,2-Car,No injury/unknown,FAILURE TO YIELD RIGHT OF WAY,1ST ST & S COLLEGE AVE AVE,39.17688,-86.534736
2008,8,7,Weekend,1200,2-Car,No injury/unknown,OTHER (DRIVER) - EXPLAIN IN NARRATIVE,15TH & NORTH COLLEGE AVE,39.17688,-86.534736
2008,9,2,Weekday,1000,2-Car,No injury/unknown,IMPROPER LANE USAGE,15TH & COLLEGE AVE,39.17688,-86.534736
2008,2,3,Weekday,1500,2-Car,No injury/unknown,SPEED TOO FAST FOR WEATHER CONDITIONS,15TH ST & LINCOLN,39.17687,-86.53098
2008,1,4,Weekday,2000,2-Car,No injury/unknown,FAILURE TO YIELD RIGHT OF WAY,10TH & SR45S,39.176848,-86.478192
2008,2,5,Weekday,800,2-Car,Non-incapacitating,FOLLOWING TOO CLOSELY,EAST 10TH & SR45E,39.176848,-86.478192
2008,2,3,Weekday,1500,2-Car,No injury/unknown,FAILURE TO YIELD RIGHT OF WAY,10TH ST & SR45,39.176848,-86.478192
2008,2,5,Weekday,1000,Bus,No injury/unknown,OTHER (DRIVER) - EXPLAIN IN NARRATIVE,W 15TH ST,39.176848,-86.55261061
2008,4,7,Weekend,1700,3+ Cars,Non-incapacitating,FOLLOWING TOO CLOSELY,E 10TH & SR46N,39.176848,-86.478192
2008,5,5,Weekday,1300,Cyclist,Non-incapacitating,FAILURE TO YIELD RIGHT OF WAY,1100 N WALNUT ST & E 15TH,39.176848,-86.533424
2008,6,3,Weekday,1600,2-Car,No injury/unknown,IMPROPER PASSING,E 10TH ST & SR45,39.176848,-86.478192
2008,7,3,Weekday,1700,2-Car,No injury/unknown,FOLLOWING TOO CLOSELY,10TH ST & SR46E,39.176848,-86.478192
2008,7,4,Weekday,1800,2-Car,No injury/unknown,OTHER (DRIVER) - EXPLAIN IN NARRATIVE,SR45 & TENTH ST,39.176848,-86.478192
2008,8,4,Weekday,1700,2-Car,No injury/unknown,FAILURE TO YIELD RIGHT OF WAY,15TH & WALNUT ST,39.176848,-86.533424
2008,9,4,Weekday,600,2-Car,No injury/unknown,FOLLOWING TOO CLOSELY,E 10TH & SR46E,39.176848,-86.478192
2008,9,6,Weekday,800,2-Car,No injury/unknown,UNSAFE BACKING,15TH ST & WALNUT,39.176848,-86.533424
2008,9,1,Weekend,1200,2-Car,No injury/unknown,IMPROPER TURNING,N WALNUT ST & W 15TH,39.176848,-86.533424
2008,10,6,Weekday,900,2-Car,No injury/unknown,FAILURE TO YIELD RIGHT OF WAY,10TH & 1790 EAST 10TH ST,39.176848,-86.478192
2008,11,7,Weekend,1500,2-Car,Non-incapacitating,FOLLOWING TOO CLOSELY,2700 E 10TH ST & SR45,39.176848,-86.478192
2008,12,7,Weekend,1800,2-Car,Non-incapacitating,FOLLOWING TOO CLOSELY,10TH & SR4546S,39.176848,-86.478192
2008,4,6,Weekday,0,2-Car,No injury/unknown,UNSAFE BACKING,E STATE ROAD 45 HWY,39.17679712,-86.47839795
2008,10,5,Weekday,1700,2-Car,No injury/unknown,FOLLOWING TOO CLOSELY,SR37N & VERNAL PIKE,39.17679189,-86.56255193
2008,4,7,Weekend,1000,2-Car,No injury/unknown,FOLLOWING TOO CLOSELY,E 10TH & SR45N,39.17678334,-86.47830611
2008,2,2,Weekday,800,2-Car,Non-incapacitating,OTHER (DRIVER) - EXPLAIN IN NARRATIVE,SR37N & VERNAL,39.17674594,-86.56216082
2008,4,7,Weekend,1500,2-Car,No injury/unknown,FAILURE TO YIELD RIGHT OF WAY,15TH & COLLEGE AVE,39.17674267,-86.534736
2008,2,3,Weekday,1500,2-Car,No injury/unknown,DRIVER ASLEEP OR FATIGUED,10TH ST & SR45,39.17671868,-86.47842022
2008,7,5,Weekday,1900,3+ Cars,No injury/unknown,OTHER (DRIVER) - EXPLAIN IN NARRATIVE,SR37N & VERNAL,39.17669546,-86.56222062
2008,3,1,Weekend,1500,2-Car,No injury/unknown,FAILURE TO YIELD RIGHT OF WAY,15TH & JACKSON ST,39.17664,-86.539712
2008,10,1,Weekend,1600,2-Car,No injury/unknown,IMPROPER TURNING,15TH & N JACKSON ST,39.17664,-86.539712
2008,1,3,Weekday,1400,2-Car,No injury/unknown,ROADWAY SURFACE CONDITION,SR37N & VERNAL,39.176544,-86.5624
2008,3,3,Weekday,1000,3+ Cars,No injury/unknown,JACKKNIFING,SR37N & W VERNAL,39.176544,-86.5624
2008,4,1,Weekend,1200,2-Car,No injury/unknown,FOLLOWING TOO CLOSELY,SR37S & W VERNAL,39.176544,-86.5624
2008,4,1,Weekend,1200,3+ Cars,Non-incapacitating,FOLLOWING TOO CLOSELY,SR37S & VERNAL,39.176544,-86.5624
2008,4,2,Weekday,1500,2-Car,No injury/unknown,OTHER (DRIVER) - EXPLAIN IN NARRATIVE,SR37N & VERNAL,39.176544,-86.5624
2008,4,4,Weekday,900,2-Car,Non-incapacitating,FOLLOWING TOO CLOSELY,SR37 & VERNAL,39.176544,-86.5624
2008,5,5,Weekday,900,Bus,No injury/unknown,SPEED TOO FAST FOR WEATHER CONDITIONS,SR37N & VERNAL,39.176544,-86.5624
2008,5,5,Weekday,1700,3+ Cars,No injury/unknown,SPEED TOO FAST FOR WEATHER CONDITIONS,SR37N & VERNAL,39.176544,-86.5624
2008,5,5,Weekday,1500,2-Car,Non-incapacitating,SPEED TOO FAST FOR WEATHER CONDITIONS,SR37N & VERNAL,39.176544,-86.5624
2008,6,4,Weekday,1100,3+ Cars,No injury/unknown,OTHER (DRIVER) - EXPLAIN IN NARRATIVE,SR37N & VERNAL,39.176544,-86.5624
2008,7,3,Weekday,1900,2-Car,No injury/unknown,BRAKE FAILURE OR DEFECTIVE,SR37S & WEST VERNAL,39.176544,-86.5624
2008,7,4,Weekday,800,2-Car,Non-incapacitating,OVERCORRECTING/OVERSTEERING,SR37N & VERNAL,39.176544,-86.5624
2008,8,2,Weekday,1000,2-Car,No injury/unknown,DISREGARD SIGNAL/REG SIGN,SR37N & VERNAL,39.176544,-86.5624
2008,10,3,Weekday,1300,2-Car,Non-incapacitating,DISREGARD SIGNAL/REG SIGN,SR37N & VERNAL PIKE,39.176544,-86.5624
2008,10,3,Weekday,1800,2-Car,No injury/unknown,FAILURE TO YIELD RIGHT OF WAY,SR37S & VERNAL,39.176544,-86.5624
2008,11,6,Weekday,1100,2-Car,No injury/unknown,FOLLOWING TOO CLOSELY,SR37S & VERNAL,39.176544,-86.5624
2008,11,4,Weekday,1900,2-Car,No injury/unknown,OTHER (DRIVER) - EXPLAIN IN NARRATIVE,SR37N & VERNAL,39.176544,-86.5624
2008,11,7,Weekend,1200,2-Car,No injury/unknown,FOLLOWING TOO CLOSELY,SR37S & VERNAL,39.176544,-86.5624
2008,11,4,Weekday,2000,2-Car,Non-incapacitating,FAILURE TO YIELD RIGHT OF WAY,SR37N & VERNAL,39.176544,-86.5624
2008,12,6,Weekday,1500,2-Car,No injury/unknown,DISREGARD SIGNAL/REG SIGN,SR37N & VERNAL,39.176544,-86.5624
2008,12,2,Weekday,1100,1-Car,No injury/unknown,DRIVER DISTRACTED - EXPLAIN IN NARRATIVE,SR37N & VERNAL,39.176544,-86.5624
2008,2,3,Weekday,1100,2-Car,No injury/unknown,FAILURE TO YIELD RIGHT OF WAY,LINGELBACH LN,39.176537,-86.509897
2008,9,2,Weekday,1500,2-Car,No injury/unknown,UNSAFE BACKING,E LINGELBACH LN,39.176537,-86.509897
2008,8,7,Weekend,1600,2-Car,No injury/unknown,UNSAFE BACKING,E LINGELBACH LN & N UNION,39.17653,-86.5099373
2008,11,6,Weekday,1800,2-Car,No injury/unknown,FOLLOWING TOO CLOSELY,10TH & SR45N,39.17652469,-86.47876255
2008,1,3,Weekday,1900,1-Car,No injury/unknown,INSECURE/LEAKY LOAD,OARD RD,39.176468,-86.628363
2008,8,6,Weekend,2100,2-Car,No injury/unknown,IMPROPER TURNING,14TH & INDIANA AVE,39.17646656,-86.52712915
2008,5,2,Weekday,1400,2-Car,No injury/unknown,FOLLOWING TOO CLOSELY,SR37N & VERNAL,39.17635934,-86.56266121
2008,5,4,Weekday,1200,2-Car,No injury/unknown,FOLLOWING TOO CLOSELY,14TH & MADISON ST,39.1763226,-86.53770342
2008,5,4,Weekday,1700,2-Car,No injury/unknown,OTHER (DRIVER) - EXPLAIN IN NARRATIVE,SR37N & VERNAL,39.17626701,-86.56279182
2008,12,3,Weekday,1800,2-Car,No injury/unknown,DRIVER DISTRACTED - EXPLAIN IN NARRATIVE,SR37S & VERNAL,39.17626701,-86.56279182
2008,9,5,Weekday,2300,2-Car,No injury/unknown,OTHER (DRIVER) - EXPLAIN IN NARRATIVE,JORDAN AVE,39.176259,-86.513045
2008,3,2,Weekday,1400,2-Car,No injury/unknown,UNSAFE BACKING,14TH & INDIANA AVE,39.176192,-86.52712
2008,4,6,Weekday,1600,2-Car,No injury/unknown,FAILURE TO YIELD RIGHT OF WAY,14TH & INDIANA AVE,39.176192,-86.52712
2008,9,7,Weekend,1700,Cyclist,Non-incapacitating,PEDESTRIAN ACTION,E 14TH & N INDIANA AVE,39.176192,-86.52712
2008,9,6,Weekday,1200,2-Car,No injury/unknown,FAILURE TO YIELD RIGHT OF WAY,14TH & INDIANA AVE,39.176192,-86.52712
2008,11,2,Weekday,1400,2-Car,Non-incapacitating,FAILURE TO YIELD RIGHT OF WAY,14TH & INDIANA AVE,39.176192,-86.52712
2008,10,7,Weekend,0,1-Car,No injury/unknown,ANIMAL/OBJECT IN ROADWAY,ETTER & SR45E,39.17618335,-86.4793665
2008,3,2,Weekday,1400,2-Car,No injury/unknown,OTHER (DRIVER) - EXPLAIN IN NARRATIVE,SR37N & VERNAL,39.17617467,-86.56292242
2008,3,5,Weekday,1400,2-Car,No injury/unknown,FOLLOWING TOO CLOSELY,SR37N & VERNAL,39.17617467,-86.56292242
2008,1,4,Weekday,900,2-Car,No injury/unknown,FAILURE TO YIELD RIGHT OF WAY,400 BLK E 1 4TH ST ST & DUNN,39.17617022,-86.52787137
2008,2,1,Weekday,2200,2-Car,No injury/unknown,UNSAFE BACKING,14TH ST,39.17616522,-86.52804376
2008,4,4,Weekday,800,2-Car,No injury/unknown,FAILURE TO YIELD RIGHT OF WAY,14TH ST & DUNN,39.17616,-86.528224
2008,4,1,Weekday,2100,2-Car,Non-incapacitating,FAILURE TO YIELD RIGHT OF WAY,14TH & DUNN ST,39.17616,-86.528224
2008,9,7,Weekend,1900,2-Car,No injury/unknown,NONE (VEHICLE),DUNN & EAST 14TH ST,39.17616,-86.528224
2008,1,1,Weekday,1900,2-Car,No injury/unknown,IMPROPER PASSING,N FEE LN,39.17612549,-86.51898236
2008,1,6,Weekday,1200,2-Car,No injury/unknown,OTHER (DRIVER) - EXPLAIN IN NARRATIVE,N FEE LN,39.17612549,-86.51898236
2008,3,7,Weekend,1700,2-Car,No injury/unknown,UNSAFE BACKING,N FEE LN,39.17612549,-86.51898236
2008,9,4,Weekday,1600,2-Car,No injury/unknown,UNSAFE BACKING,EAST 10TH ST,39.171609,-86.518314
2008,1,3,Weekday,1100,2-Car,No injury/unknown,OTHER (DRIVER) - EXPLAIN IN NARRATIVE,EAST 14TH ST,39.176119,-86.528231
2008,8,3,Weekday,800,2-Car,No injury/unknown,UNSAFE SPEED,SR37N & VERNAL,39.17610081,-86.5630269
2008,9,5,Weekday,0,1-Car,No injury/unknown,OTHER (DRIVER) - EXPLAIN IN NARRATIVE,N COLLEGE AVE,39.17609371,-86.534736
2008,1,1,Weekend,300,2-Car,No injury/unknown,ALCOHOLIC BEVERAGES,14TH & WALNUT ST,39.17606185,-86.53343804
2008,8,6,Weekday,1400,2-Car,No injury/unknown,OTHER (DRIVER) - EXPLAIN IN NARRATIVE,14TH & MADISON ST,39.176048,-86.537696
2008,3,1,Weekend,1800,2-Car,No injury/unknown,FAILURE TO YIELD RIGHT OF WAY,14TH ST & LINCOLN,39.17600871,-86.53019035
2008,1,3,Weekday,1600,1-Car,No injury/unknown,OTHER (ENVIRONMENTAL) - EXPLAIN IN NARR,SR37S & VERNAL,39.17599001,-86.56318363
2008,5,7,Weekend,1300,2-Car,No injury/unknown,IMPROPER TURNING,14TH & COLLEGE AVE,39.175984,-86.534736
2008,7,2,Weekday,1800,2-Car,No injury/unknown,FAILURE TO YIELD RIGHT OF WAY,14TH ST & N COLLEGE,39.175984,-86.534736
2008,8,3,Weekday,1500,Moped/Motorcycle,No injury/unknown,FAILURE TO YIELD RIGHT OF WAY,14TH & COLLEGE AVE,39.175984,-86.534736
2008,8,3,Weekday,1700,2-Car,No injury/unknown,FAILURE TO YIELD RIGHT OF WAY,14TH & COLLEGE AVE,39.175984,-86.534736
2008,8,5,Weekday,1400,2-Car,No injury/unknown,UNSAFE BACKING,COLLEGE AVE,39.175984,-86.534736
2008,2,1,Weekend,300,1-Car,Non-incapacitating,DRIVER DISTRACTED - EXPLAIN IN NARRATIVE,JONES & NORTH JORDAN AVE,39.17597466,-86.51641
2008,6,6,Weekday,1300,2-Car,No injury/unknown,FAILURE TO YIELD RIGHT OF WAY,14TH ST & WASHINGTON,39.175968,-86.532288
2008,1,4,Weekday,1700,Cyclist,Non-incapacitating,FAILURE TO YIELD RIGHT OF WAY,14TH ST & WALNUT,39.175952,-86.53344
2008,3,7,Weekend,2200,2-Car,Non-incapacitating,IMPROPER TURNING,14TH & WALNUT ST,39.175952,-86.53344
2008,7,2,Weekday,1700,2-Car,No injury/unknown,IMPROPER TURNING,14TH & WALNUT ST,39.175952,-86.53344
2008,8,2,Weekday,1600,2-Car,No injury/unknown,IMPROPER TURNING,14TH & WALNUT ST,39.175952,-86.53344
2008,8,4,Weekday,1900,2-Car,No injury/unknown,IMPROPER TURNING,14TH & WALNUT ST,39.175952,-86.53344
2008,8,1,Weekend,1400,2-Car,No injury/unknown,OTHER (DRIVER) - EXPLAIN IN NARRATIVE,14TH & WALNUT ST,39.175952,-86.53344
2008,10,7,Weekend,2300,2-Car,No injury/unknown,FAILURE TO YIELD RIGHT OF WAY,14TH & N WALNUT ST,39.175952,-86.53344
2008,3,2,Weekday,1600,3+ Cars,Non-incapacitating,SPEED TOO FAST FOR WEATHER CONDITIONS,SR37N & VERNAL,39.17580534,-86.56344483
2008,9,6,Weekday,1200,1-Car,No injury/unknown,SPEED TOO FAST FOR WEATHER CONDITIONS,SR37N & VERNAL,39.17580534,-86.56344483
2008,11,3,Weekday,1300,3+ Cars,No injury/unknown,OTHER (DRIVER) - EXPLAIN IN NARRATIVE,SR37N & VERNAL,39.17580534,-86.56344483
2008,5,7,Weekend,1700,2-Car,No injury/unknown,UNSAFE SPEED,13TH & DUNN ST,39.175552,-86.528192
2008,9,5,Weekday,1600,1-Car,No injury/unknown,SPEED TOO FAST FOR WEATHER CONDITIONS,13TH & DUNN ST,39.175552,-86.528192
2008,9,1,Weekend,200,1-Car,Non-incapacitating,UNSAFE SPEED,DUNN & THIRTEENTH ST,39.175552,-86.528192
2008,10,3,Weekday,1900,2-Car,No injury/unknown,SPEED TOO FAST FOR WEATHER CONDITIONS,E 13TH ST & N DUNN,39.175552,-86.528192
2008,12,7,Weekend,1200,Pedestrian,No injury/unknown,ROADWAY SURFACE CONDITION,500 E 13TH ST & N DUNN,39.175552,-86.528192
2008,12,7,Weekend,1000,1-Car,No injury/unknown,OTHER (DRIVER) - EXPLAIN IN NARRATIVE,13TH ST & DUNN,39.17550537,-86.5271351
2008,1,7,Weekend,1300,2-Car,No injury/unknown,FAILURE TO YIELD RIGHT OF WAY,13TH & INDIANA AVE,39.175504,-86.527104
2008,4,7,Weekend,2300,3+ Cars,No injury/unknown,FOLLOWING TOO CLOSELY,13 ST & INDIANA,39.175504,-86.527104
2008,4,1,Weekend,1200,2-Car,No injury/unknown,FAILURE TO YIELD RIGHT OF WAY,13TH & INDIANA AVE,39.175504,-86.527104
2008,4,3,Weekday,1500,2-Car,No injury/unknown,FAILURE TO YIELD RIGHT OF WAY,13TH ST & INDIANA,39.175504,-86.527104
2008,5,4,Weekday,1400,2-Car,No injury/unknown,FAILURE TO YIELD RIGHT OF WAY,13TH & INDIANA AVE,39.175504,-86.527104
2008,8,2,Weekday,2000,2-Car,No injury/unknown,FAILURE TO YIELD RIGHT OF WAY,13TH & INDIANA AVE,39.175504,-86.527104
2008,8,2,Weekday,1100,1-Car,No injury/unknown,OTHER (DRIVER) - EXPLAIN IN NARRATIVE,13TH & INDIANA AVE,39.175504,-86.527104
2008,8,1,Weekend,1600,2-Car,No injury/unknown,FAILURE TO YIELD RIGHT OF WAY,13TH & INDIANA AVE,39.175504,-86.527104